{"poster_size": 8037225, "doclen": 384, "figlen": 3656597, "section": {"1": {"xy": [106, 29, 1766, 179], "panel_size": 316114, "panel_aspectRatio": 9.865921787709498, "category": "Title", "figures": 0, "textlen": 0, "fig_size": 0, "title": "INVASION DYNAMICS OFNOVELADVANTAGEOUS DENGUE GENOTYPES", "textRatio": 0.0, "figRatio": 0.0}, "2": {"xy": [25, 284, 987, 906], "panel_size": 894222, "panel_aspectRatio": 1.0894039735099337, "category": "Introduction", "figures": 1, "textlen": 107, "fig_size": 190146, "title": "DENGUE FEVER & DENGUE VIRUS", "17": {"fig_size": 190146, "fig_aspectRatio": 0.8498942917547568, "fig_size_poster": 0.4072948328267477}, "textRatio": 0.2786458333333333, "figRatio": 0.0520008084019103}, "3": {"xy": [15, 1226, 2793, 1158], "panel_size": 3234294, "panel_aspectRatio": 2.411917098445596, "category": "Method", "figures": 6, "textlen": 0, "fig_size": 2843203, "title": "EXPORING GENOTYPE REPLACEMENT EVENTS WITHIN A MATHEMATICAL MODEL", "4": {"fig_size": 414002, "fig_aspectRatio": 0.9709035222052067, "fig_size_poster": 0.22699606158252775}, "5": {"fig_size": 478863, "fig_aspectRatio": 0.9971139971139971, "fig_size_poster": 0.24740422484783386}, "6": {"fig_size": 507780, "fig_aspectRatio": 3.3384615384615386, "fig_size_poster": 0.46616541353383456}, "7": {"fig_size": 531664, "fig_aspectRatio": 1.2279635258358663, "fig_size_poster": 0.28929466523451486}, "8": {"fig_size": 384880, "fig_aspectRatio": 0.8323529411764706, "fig_size_poster": 0.20264948084496956}, "9": {"fig_size": 526014, "fig_aspectRatio": 3.6047120418848166, "fig_size_poster": 0.49301825993555315}, "textRatio": 0.0, "figRatio": 0.777554376377818}, "10": {"xy": [45, 2403, 1059, 411], "panel_size": 435249, "panel_aspectRatio": 2.576642335766423, "category": "Result", "figures": 0, "textlen": 68, "fig_size": 0, "title": "RESULT SUMMARY", "textRatio": 0.17708333333333334, "figRatio": 0.0}, "12": {"xy": [1151, 2407, 1668, 409], "panel_size": 682212, "panel_aspectRatio": 4.078239608801956, "category": "Discussion", "figures": 0, "textlen": 104, "fig_size": 0, "title": "IMPLICATIONS", "textRatio": 0.2708333333333333, "figRatio": 0.0}, "19": {"xy": [1053, 303, 806, 892], "panel_size": 718952, "panel_aspectRatio": 0.9035874439461884, "category": "Method", "figures": 1, "textlen": 30, "fig_size": 390848, "title": "EPIDEMIOLOGICAL PATTERNS", "20": {"fig_size": 390848, "fig_aspectRatio": 1.5887096774193548, "fig_size_poster": 0.9776674937965261}, "textRatio": 0.078125, "figRatio": 0.10688845393681612}, "22": {"xy": [1930, 299, 861, 868], "panel_size": 747348, "panel_aspectRatio": 0.9919354838709677, "category": "Method", "figures": 1, "textlen": 75, "fig_size": 232400, "title": "GENOTYPE REPLACEMENT EVENT", "23": {"fig_size": 232400, "fig_aspectRatio": 2.9642857142857144, "fig_size_poster": 0.9639953542392566}, "textRatio": 0.1953125, "figRatio": 0.06355636128345563}}}