{"poster_size": 12575808, "doclen": 891, "figlen": 6590988, "section": {"1": {"xy": [1528, 25, 984, 60], "panel_size": 59040, "panel_aspectRatio": 16.4, "category": "Title", "figures": 0, "textlen": 0, "fig_size": 0, "title": "Astrocyte regulation of presynaptic plasticity", "textRatio": 0.0, "figRatio": 0.0}, "2": {"xy": [22, 189, 1404, 594], "panel_size": 833976, "panel_aspectRatio": 2.3636363636363638, "category": "Introduction", "figures": 1, "textlen": 0, "fig_size": 616528, "title": "THE ROAD MAP OF ASTROCYTE REGULATION OF PRESYNAPTIC SHORT-TERM PLASTICITY", "4": {"fig_size": 616528, "fig_aspectRatio": 3.017699115044248, "fig_size_poster": 0.9715099715099715}, "textRatio": 0.0, "figRatio": 0.09354105939807507}, "5": {"xy": [8, 795, 1380, 666], "panel_size": 919080, "panel_aspectRatio": 2.0720720720720722, "category": "Method", "figures": 3, "textlen": 43, "fig_size": 643080, "title": "MODELLING OF SYNAPTIC RELEASE", "6": {"fig_size": 274288, "fig_aspectRatio": 2.7468354430379747, "fig_size_poster": 0.6289855072463768}, "8": {"fig_size": 173420, "fig_aspectRatio": 3.2782608695652176, "fig_size_poster": 0.5463768115942029}, "9": {"fig_size": 195372, "fig_aspectRatio": 1.208955223880597, "fig_size_poster": 0.3521739130434783}, "textRatio": 0.04826038159371493, "figRatio": 0.09756959047717884}, "11": {"xy": [14, 1485, 1398, 642], "panel_size": 897516, "panel_aspectRatio": 2.177570093457944, "category": "Method", "figures": 3, "textlen": 69, "fig_size": 563608, "title": "MODELLING OF ASTROCYTIC GLUTAMATE EXOCYTOSIS", "12": {"fig_size": 271360, "fig_aspectRatio": 0.9660377358490566, "fig_size_poster": 0.36623748211731044}, "13": {"fig_size": 145080, "fig_aspectRatio": 0.4659498207885305, "fig_size_poster": 0.1859799713876967}, "14": {"fig_size": 147168, "fig_aspectRatio": 2.3174603174603177, "fig_size_poster": 0.4177396280400572}, "textRatio": 0.07744107744107744, "figRatio": 0.08551191414701408}, "16": {"xy": [20, 2159, 1380, 942], "panel_size": 1299960, "panel_aspectRatio": 1.464968152866242, "category": "Method", "figures": 4, "textlen": 76, "fig_size": 926244, "title": "MODELLING OF ASTROCYTE-PRESYNAPTIC TERMINAL INTERACTION", "17": {"fig_size": 145656, "fig_aspectRatio": 0.4359861591695502, "fig_size_poster": 0.1826086956521739}, "18": {"fig_size": 220572, "fig_aspectRatio": 5.626262626262626, "fig_size_poster": 0.8072463768115942}, "19": {"fig_size": 232128, "fig_aspectRatio": 1.3413461538461537, "fig_size_poster": 0.4043478260869565}, "20": {"fig_size": 327888, "fig_aspectRatio": 1.9130434782608696, "fig_size_poster": 0.5739130434782609}, "textRatio": 0.08529741863075196, "figRatio": 0.140531889907856}, "22": {"xy": [1430, 189, 756, 918], "panel_size": 694008, "panel_aspectRatio": 0.8235294117647058, "category": "Method", "figures": 1, "textlen": 68, "fig_size": 395280, "title": "PAIRED -PULSE PLASTICITY", "23": {"fig_size": 395280, "fig_aspectRatio": 1.3555555555555556, "fig_size_poster": 0.9682539682539683}, "textRatio": 0.07631874298540965, "figRatio": 0.059972799222210695}, "25": {"xy": [1422, 1145, 770, 1712], "panel_size": 1318240, "panel_aspectRatio": 0.4497663551401869, "category": "Method", "figures": 1, "textlen": 183, "fig_size": 683124, "title": "CONDITIONS FOR SHORT-TERM DEPRESSION VS.FACILITATION", "26": {"fig_size": 683124, "fig_aspectRatio": 0.8322295805739515, "fig_size_poster": 0.9792207792207792}, "textRatio": 0.2053872053872054, "figRatio": 0.10364515911726739}, "28": {"xy": [2202, 181, 1830, 1184], "panel_size": 2166720, "panel_aspectRatio": 1.5456081081081081, "category": "Method", "figures": 2, "textlen": 72, "fig_size": 1168804, "title": "ASTROCYTIC GLUTAMATE MEDIAES TRANSITIONS BETWEEN PAIRED-PULSE DEPRESSION AND FACILIATION AT THE SAME SYNAPSE", "29": {"fig_size": 579080, "fig_aspectRatio": 1.5064516129032257, "fig_size_poster": 0.5103825136612021}, "30": {"fig_size": 589724, "fig_aspectRatio": 1.0263852242744063, "fig_size_poster": 0.42513661202185793}, "textRatio": 0.08080808080808081, "figRatio": 0.1773336561984334}, "32": {"xy": [2198, 1399, 916, 1594], "panel_size": 1460104, "panel_aspectRatio": 0.5746549560853199, "category": "Method", "figures": 1, "textlen": 259, "fig_size": 658752, "title": "ASTROCYTE REGULATION OF PRESYNAPTIC PLASTICITY", "33": {"fig_size": 658752, "fig_aspectRatio": 1.1648936170212767, "fig_size_poster": 0.9563318777292577}, "textRatio": 0.29068462401795736, "figRatio": 0.09994738269892162}, "34": {"xy": [3120, 1399, 892, 1092], "panel_size": 974064, "panel_aspectRatio": 0.8168498168498168, "category": "Method", "figures": 1, "textlen": 0, "fig_size": 935568, "title": "ASTROCYTE REGULATION OF PRESYNAPTIC PLASTICITY", "35": {"fig_size": 935568, "fig_aspectRatio": 0.8202247191011236, "fig_size_poster": 0.9820627802690582}, "textRatio": 0.0, "figRatio": 0.14194654883304295}, "37": {"xy": [3120, 2511, 904, 590], "panel_size": 533360, "panel_aspectRatio": 1.5322033898305085, "category": "Result", "figures": 0, "textlen": 121, "fig_size": 0, "title": "CONCLUSIONS", "textRatio": 0.13580246913580246, "figRatio": 0.0}}}