{"poster_size": 9769056, "doclen": 588, "figlen": 2302926, "section": {"1": {"xy": [339, 228, 1872, 233], "panel_size": 436176, "panel_aspectRatio": 8.034334763948499, "category": "Introduction", "figures": 0, "textlen": 0, "fig_size": 0, "title": "The Correlation between Functional Connectivity and Cerebral Blood Flow and its Reliability", "textRatio": 0.0, "figRatio": 0.0}, "2": {"xy": [108, 991, 1087, 340], "panel_size": 369580, "panel_aspectRatio": 3.197058823529412, "category": "Introduction", "figures": 0, "textlen": 97, "fig_size": 0, "title": "Introducion", "textRatio": 0.1649659863945578, "figRatio": 0.0}, "4": {"xy": [131, 1348, 1052, 1884], "panel_size": 1981968, "panel_aspectRatio": 0.5583864118895966, "category": "Method", "figures": 1, "textlen": 201, "fig_size": 1057614, "title": "Methods", "5": {"fig_size": 1057614, "fig_aspectRatio": 0.9117920148560817, "fig_size_poster": 0.9334600760456274}, "textRatio": 0.34183673469387754, "figRatio": 0.45924793067601827}, "7": {"xy": [1317, 998, 1107, 778], "panel_size": 861246, "panel_aspectRatio": 1.422879177377892, "category": "Result", "figures": 0, "textlen": 184, "fig_size": 0, "title": "Results", "textRatio": 0.3129251700680272, "figRatio": 0.0}, "10": {"xy": [1312, 1817, 1146, 1656], "panel_size": 1897776, "panel_aspectRatio": 0.6920289855072463, "category": "Result", "figures": 1, "textlen": 106, "fig_size": 1245312, "title": "Conclusions", "11": {"fig_size": 1245312, "fig_aspectRatio": 0.9383680555555556, "fig_size_poster": 0.9432809773123909}, "textRatio": 0.18027210884353742, "figRatio": 0.5407520693239818}}}