{"poster_size": 484704, "doclen": 182, "figlen": 122575, "section": {"1": {"xy": [52, 0, 519, 34], "panel_size": 17646, "panel_aspectRatio": 15.264705882352942, "category": "Title", "figures": 0, "textlen": 0, "fig_size": 0, "title": "Pinhole ViewingCtrengthens the Hsllow-Face Illusion.", "textRatio": 0.0, "figRatio": 0.0}, "2": {"xy": [25, 63, 285, 721], "panel_size": 205485, "panel_aspectRatio": 0.39528432732316227, "category": "Introduction", "figures": 2, "textlen": 112, "fig_size": 49834, "title": "Introduction", "4": {"fig_size": 14344, "fig_aspectRatio": 1.8522727272727273, "fig_size_poster": 0.5719298245614035}, "6": {"fig_size": 35490, "fig_aspectRatio": 2.1, "fig_size_poster": 0.9578947368421052}, "textRatio": 0.6153846153846154, "figRatio": 0.4065592494391189}, "8": {"xy": [316, 63, 285, 195], "panel_size": 55575, "panel_aspectRatio": 1.4615384615384615, "category": "Method", "figures": 1, "textlen": 0, "fig_size": 42021, "title": "Methods", "9": {"fig_size": 42021, "fig_aspectRatio": 1.6211180124223603, "fig_size_poster": 0.9157894736842105}, "textRatio": 0.0, "figRatio": 0.34281868243932284}, "10": {"xy": [311, 263, 272, 138], "panel_size": 37536, "panel_aspectRatio": 1.9710144927536233, "category": "Result", "figures": 1, "textlen": 0, "fig_size": 30720, "title": "Results", "11": {"fig_size": 30720, "fig_aspectRatio": 2.1333333333333333, "fig_size_poster": 0.9411764705882353}, "textRatio": 0.0, "figRatio": 0.25062206812155824}, "12": {"xy": [311, 407, 266, 300], "panel_size": 79800, "panel_aspectRatio": 0.8866666666666667, "category": "Discussion", "figures": 0, "textlen": 70, "fig_size": 0, "title": "Conclusions", "textRatio": 0.38461538461538464, "figRatio": 0.0}}}