{"poster_size": 8678502, "doclen": 335, "figlen": 3791530, "section": {"1": {"xy": [264, 10, 2285, 108], "panel_size": 246780, "panel_aspectRatio": 21.15740740740741, "category": "Title", "figures": 0, "textlen": 0, "fig_size": 0, "title": "Fat Distribution and Major Depressive Disorder in Late Adolescence", "textRatio": 0.0, "figRatio": 0.0}, "2": {"xy": [0, 349, 1349, 3024], "panel_size": 4079376, "panel_aspectRatio": 0.4460978835978836, "category": "Introduction", "figures": 2, "textlen": 221, "fig_size": 1915056, "title": "Abstract", "4": {"fig_size": 919884, "fig_aspectRatio": 1.882689556509299, "fig_size_poster": 0.9755374351371386}, "5": {"fig_size": 995172, "fig_aspectRatio": 1.7139107611548556, "fig_size_poster": 0.9681245366938473}, "textRatio": 0.6597014925373135, "figRatio": 0.5050879196524886}, "6": {"xy": [1365, 331, 1168, 1841], "panel_size": 2150288, "panel_aspectRatio": 0.6344378055404671, "category": "Result", "figures": 2, "textlen": 0, "fig_size": 1876474, "title": "Results", "7": {"fig_size": 937146, "fig_aspectRatio": 1.321852731591449, "fig_size_poster": 0.9529109589041096}, "8": {"fig_size": 939328, "fig_aspectRatio": 1.3569711538461537, "fig_size_poster": 0.9666095890410958}, "textRatio": 0.0, "figRatio": 0.49491208034751144}, "9": {"xy": [1353, 2179, 1188, 503], "panel_size": 597564, "panel_aspectRatio": 2.3618290258449304, "category": "Introduction", "figures": 0, "textlen": 62, "fig_size": 0, "title": "Introduction", "textRatio": 0.18507462686567164, "figRatio": 0.0}, "11": {"xy": [1365, 2689, 1129, 351], "panel_size": 396279, "panel_aspectRatio": 3.2165242165242165, "category": "Method", "figures": 0, "textlen": 24, "fig_size": 0, "title": "Methods", "textRatio": 0.07164179104477612, "figRatio": 0.0}, "13": {"xy": [1355, 3062, 1164, 313], "panel_size": 364332, "panel_aspectRatio": 3.718849840255591, "category": "Discussion", "figures": 0, "textlen": 28, "fig_size": 0, "title": "Conclusion", "textRatio": 0.08358208955223881, "figRatio": 0.0}}}