{"poster_size": 12192768, "doclen": 818, "figlen": 2198613, "section": {"1": {"xy": [709, 71, 1852, 195], "panel_size": 361140, "panel_aspectRatio": 9.497435897435897, "category": "Title", "figures": 0, "textlen": 0, "fig_size": 0, "title": "Genetic Markers of White Matter Integrity inSchizophrenia Revealed by Parallel ICA", "textRatio": 0.0, "figRatio": 0.0}, "2": {"xy": [58, 662, 944, 1090], "panel_size": 1028960, "panel_aspectRatio": 0.8660550458715597, "category": "Introduction", "figures": 0, "textlen": 145, "fig_size": 0, "title": "introduction", "textRatio": 0.17726161369193155, "figRatio": 0.0}, "4": {"xy": [45, 1763, 981, 2266], "panel_size": 2222946, "panel_aspectRatio": 0.4329214474845543, "category": "Method", "figures": 1, "textlen": 140, "fig_size": 945516, "title": "Methods", "6": {"fig_size": 945516, "fig_aspectRatio": 0.9686234817813765, "fig_size_poster": 0.9755351681957186}, "textRatio": 0.17114914425427874, "figRatio": 0.4300511276882289}, "7": {"xy": [1011, 678, 991, 3333], "panel_size": 3303003, "panel_aspectRatio": 0.29732973297329734, "category": "Result", "figures": 3, "textlen": 277, "fig_size": 1253097, "title": "Results", "9": {"fig_size": 357765, "fig_aspectRatio": 2.340153452685422, "fig_size_poster": 0.9233097880928355}, "11": {"fig_size": 458232, "fig_aspectRatio": 1.9241803278688525, "fig_size_poster": 0.9475277497477296}, "12": {"fig_size": 437100, "fig_aspectRatio": 1.9787234042553192, "fig_size_poster": 0.9384460141271443}, "textRatio": 0.33863080684596575, "figRatio": 0.569948872311771}, "15": {"xy": [2012, 652, 1011, 1491], "panel_size": 1507401, "panel_aspectRatio": 0.6780684104627767, "category": "Discussion", "figures": 0, "textlen": 205, "fig_size": 0, "title": "Discussion", "textRatio": 0.2506112469437653, "figRatio": 0.0}, "17": {"xy": [2011, 2152, 957, 363], "panel_size": 347391, "panel_aspectRatio": 2.6363636363636362, "category": "Discussion", "figures": 0, "textlen": 51, "fig_size": 0, "title": "Conclusion", "textRatio": 0.06234718826405868, "figRatio": 0.0}}}