{"poster_size": 8040384, "doclen": 745, "figlen": 2443007, "section": {"0": {"xy": [426, 6, 2503, 128], "panel_size": 320384, "panel_aspectRatio": 19.5546875, "category": "Title", "figures": 0, "textlen": 0, "fig_size": 0, "title": "Monitoring the growth of the neural representations of new animal concepts", "textRatio": 0.0, "figRatio": 0.0}, "1": {"xy": [21, 345, 795, 590], "panel_size": 469050, "panel_aspectRatio": 1.347457627118644, "category": "Introduction", "figures": 1, "textlen": 34, "fig_size": 279258, "title": "OBJECTIVE", "3": {"fig_size": 279258, "fig_aspectRatio": 2.0846994535519126, "fig_size_poster": 0.959748427672956}, "textRatio": 0.04563758389261745, "figRatio": 0.11430912805407434}, "4": {"xy": [43, 953, 770, 578], "panel_size": 445060, "panel_aspectRatio": 1.3321799307958477, "category": "Introduction", "figures": 0, "textlen": 97, "fig_size": 0, "title": "INTRODUCTION", "textRatio": 0.13020134228187918, "figRatio": 0.0}, "6": {"xy": [21, 1540, 810, 351], "panel_size": 284310, "panel_aspectRatio": 2.3076923076923075, "category": "Introduction", "figures": 0, "textlen": 53, "fig_size": 0, "title": "HYPOTHESES", "textRatio": 0.07114093959731543, "figRatio": 0.0}, "8": {"xy": [23, 1904, 803, 439], "panel_size": 352517, "panel_aspectRatio": 1.8291571753986333, "category": "Method", "figures": 0, "textlen": 70, "fig_size": 0, "title": "MATERIALS AND METHODS", "textRatio": 0.09395973154362416, "figRatio": 0.0}, "10": {"xy": [851, 349, 789, 857], "panel_size": 676173, "panel_aspectRatio": 0.9206534422403734, "category": "Method", "figures": 1, "textlen": 80, "fig_size": 290972, "title": "Experimental paradigm", "12": {"fig_size": 290972, "fig_aspectRatio": 1.922879177377892, "fig_size_poster": 0.9480354879594424}, "textRatio": 0.10738255033557047, "figRatio": 0.11910403858850999}, "13": {"xy": [837, 1214, 796, 1134], "panel_size": 902664, "panel_aspectRatio": 0.7019400352733686, "category": "Method", "figures": 1, "textlen": 160, "fig_size": 296378, "title": "Data analysis", "15": {"fig_size": 296378, "fig_aspectRatio": 1.938618925831202, "fig_size_poster": 0.9522613065326633}, "textRatio": 0.21476510067114093, "figRatio": 0.12131688529750427}, "16": {"xy": [1662, 334, 831, 2013], "panel_size": 1672803, "panel_aspectRatio": 0.4128166915052161, "category": "Result", "figures": 5, "textlen": 70, "fig_size": 1124529, "title": "RESULTS", "18": {"fig_size": 219687, "fig_aspectRatio": 0.7030411449016101, "fig_size_poster": 0.4729241877256318}, "19": {"fig_size": 223327, "fig_aspectRatio": 0.7861163227016885, "fig_size_poster": 0.5042117930204573}, "21": {"fig_size": 184371, "fig_aspectRatio": 0.8984547461368654, "fig_size_poster": 0.4897713598074609}, "22": {"fig_size": 175560, "fig_aspectRatio": 0.9068181818181819, "fig_size_poster": 0.48014440433212996}, "25": {"fig_size": 321584, "fig_aspectRatio": 2.030150753768844, "fig_size_poster": 0.9723225030084236}, "textRatio": 0.09395973154362416, "figRatio": 0.46030527133160076}, "26": {"xy": [2522, 335, 823, 1117], "panel_size": 919291, "panel_aspectRatio": 0.7367949865711728, "category": "Result", "figures": 1, "textlen": 46, "fig_size": 451870, "title": "", "28": {"fig_size": 451870, "fig_aspectRatio": 0.8479452054794521, "fig_size_poster": 0.7521263669501823}, "textRatio": 0.06174496644295302, "figRatio": 0.18496467672831066}, "30": {"xy": [2502, 1454, 855, 900], "panel_size": 769500, "panel_aspectRatio": 0.95, "category": "Discussion", "figures": 0, "textlen": 135, "fig_size": 0, "title": "CONCLUSIONS", "textRatio": 0.18120805369127516, "figRatio": 0.0}}}