{"poster_size": 10128888, "doclen": 927, "figlen": 2079465, "section": {"0": {"xy": [482, 75, 1976, 185], "panel_size": 365560, "panel_aspectRatio": 10.68108108108108, "category": "Title", "figures": 0, "textlen": 0, "fig_size": 0, "title": "Identification of a HLA-A*0201-restricted immunogenic epitope from the universal tumor antigen DEPDC1", "textRatio": 0.0, "figRatio": 0.0}, "1": {"xy": [47, 441, 2441, 452], "panel_size": 1103332, "panel_aspectRatio": 5.400442477876106, "category": "Introduction", "figures": 0, "textlen": 176, "fig_size": 0, "title": "BACKGROUND", "textRatio": 0.18985976267529667, "figRatio": 0.0}, "3": {"xy": [47, 902, 2434, 1086], "panel_size": 2643324, "panel_aspectRatio": 2.241252302025783, "category": "Method", "figures": 1, "textlen": 345, "fig_size": 520205, "title": "MATERIALS AND METHODS", "6": {"fig_size": 520205, "fig_aspectRatio": 2.6269662921348313, "fig_size_poster": 0.4802793755135579}, "textRatio": 0.37216828478964403, "figRatio": 0.25016290247731987}, "7": {"xy": [58, 1996, 2465, 1699], "panel_size": 4188035, "panel_aspectRatio": 1.4508534432018834, "category": "Result", "figures": 7, "textlen": 328, "fig_size": 1559260, "title": "RESULTS", "10": {"fig_size": 222430, "fig_aspectRatio": 1.5649867374005304, "fig_size_poster": 0.23935091277890466}, "11": {"fig_size": 262154, "fig_aspectRatio": 3.3920863309352516, "fig_size_poster": 0.38255578093306286}, "13": {"fig_size": 235616, "fig_aspectRatio": 1.4874371859296482, "fig_size_poster": 0.24016227180527383}, "15": {"fig_size": 212040, "fig_aspectRatio": 1.636111111111111, "fig_size_poster": 0.2389452332657201}, "17": {"fig_size": 257231, "fig_aspectRatio": 1.4513064133016627, "fig_size_poster": 0.24787018255578094}, "19": {"fig_size": 153573, "fig_aspectRatio": 3.384976525821596, "fig_size_poster": 0.2924949290060852}, "21": {"fig_size": 216216, "fig_aspectRatio": 2.279220779220779, "fig_size_poster": 0.2847870182555781}, "textRatio": 0.35382955771305286, "figRatio": 0.7498370975226801}, "22": {"xy": [69, 3705, 2400, 218], "panel_size": 523200, "panel_aspectRatio": 11.009174311926605, "category": "Result", "figures": 0, "textlen": 78, "fig_size": 0, "title": "CONCLUSIONS", "textRatio": 0.08414239482200647, "figRatio": 0.0}}}