{"poster_size": 8503264, "doclen": 398, "figlen": 2241357, "section": {"1": {"xy": [57, 90, 3374, 127], "panel_size": 428498, "panel_aspectRatio": 26.566929133858267, "category": "Title", "figures": 0, "textlen": 0, "fig_size": 0, "title": "HEMATOPOIETIC DeVELOPMENT FROM HUMAN INDUCED PLURIPOTENT STEM CELLS", "textRatio": 0.0, "figRatio": 0.0}, "2": {"xy": [85, 598, 1031, 851], "panel_size": 877381, "panel_aspectRatio": 1.2115158636897767, "category": "Introduction", "figures": 0, "textlen": 238, "fig_size": 0, "title": "ABSTRACT", "textRatio": 0.5979899497487438, "figRatio": 0.0}, "4": {"xy": [85, 1508, 1014, 852], "panel_size": 863928, "panel_aspectRatio": 1.1901408450704225, "category": "Method", "figures": 1, "textlen": 0, "fig_size": 628191, "title": "SeoUENTIAL ExPRESSION OF MESODERMAL AND HEMATOPOIETIC IN DIFFERENTIATING IPS CELLS\n", "5": {"fig_size": 628191, "fig_aspectRatio": 1.4035874439461884, "fig_size_poster": 0.9260355029585798}, "textRatio": 0.0, "figRatio": 0.280272620559777}, "6": {"xy": [1192, 593, 1033, 912], "panel_size": 942096, "panel_aspectRatio": 1.1326754385964912, "category": "Method", "figures": 1, "textlen": 0, "fig_size": 715953, "title": "DAYI7 EB-DERIVED CELLS EXPRESS HEMATOPOIETIC ANTIGENS,EFFICIENTLY FORM HEMATOPOIETIC COLONIES AND GIVE RISE TODIFFERENT BLOOD LINEAGES", "7": {"fig_size": 715953, "fig_aspectRatio": 1.377253814147018, "fig_size_poster": 0.9612778315585673}, "textRatio": 0.0, "figRatio": 0.3194283641561786}, "8": {"xy": [1194, 1570, 1043, 466], "panel_size": 486038, "panel_aspectRatio": 2.2381974248927037, "category": "Method", "figures": 1, "textlen": 0, "fig_size": 313956, "title": "BMP4 ENHANCES PHOSPHORYLATION LEVEL OF SMAD1/5/8 IN IPS", "9": {"fig_size": 313956, "fig_aspectRatio": 2.990740740740741, "fig_size_poster": 0.9290508149568553}, "textRatio": 0.0, "figRatio": 0.14007407119883178}, "10": {"xy": [2318, 596, 1020, 572], "panel_size": 583440, "panel_aspectRatio": 1.7832167832167831, "category": "Method", "figures": 1, "textlen": 0, "fig_size": 367251, "title": "SUPPLEMENTATION WITH BMP4 ENHANCES FORMATION OF CD34CD45 CELLS FROM DIFFERENTIATING IPS CELLS AND UPREGULATES MESODERMAL AND HEMATOPOIETIC GENES IN EB", "11": {"fig_size": 367251, "fig_aspectRatio": 2.5567282321899736, "fig_size_poster": 0.95}, "textRatio": 0.0, "figRatio": 0.16385207711221372}, "12": {"xy": [2316, 1208, 1017, 629], "panel_size": 639693, "panel_aspectRatio": 1.616852146263911, "category": "Method", "figures": 1, "textlen": 74, "fig_size": 216006, "title": "LENTIVIRALTRANSDUCTION OF IPS CELLS RESULTS IN ROBUST GFP\nEXPRESSING CELLS", "13": {"fig_size": 216006, "fig_aspectRatio": 3.22007722007722, "fig_size_poster": 0.8200589970501475}, "textRatio": 0.18592964824120603, "figRatio": 0.09637286697299895}, "15": {"xy": [2316, 1879, 1041, 396], "panel_size": 412236, "panel_aspectRatio": 2.628787878787879, "category": "Discussion", "figures": 0, "textlen": 86, "fig_size": 0, "title": "DISCUSSION AND CONCLUSIONS", "textRatio": 0.21608040201005024, "figRatio": 0.0}}}