{"poster_size": 484704, "doclen": 395, "figlen": 154094, "section": {"1": {"xy": [140, 14, 521, 46], "panel_size": 23966, "panel_aspectRatio": 11.326086956521738, "category": "Title", "figures": 0, "textlen": 0, "fig_size": 0, "title": "Lifting without seeingThe role of vision in perceiving and acting upon the size-weight illusion", "textRatio": 0.0, "figRatio": 0.0}, "2": {"xy": [18, 101, 381, 145], "panel_size": 55245, "panel_aspectRatio": 2.627586206896552, "category": "Introduction", "figures": 0, "textlen": 145, "fig_size": 0, "title": "introduction", "textRatio": 0.3670886075949367, "figRatio": 0.0}, "4": {"xy": [19, 253, 378, 243], "panel_size": 91854, "panel_aspectRatio": 1.5555555555555556, "category": "Method", "figures": 1, "textlen": 159, "fig_size": 34780, "title": "Materials & methods", "6": {"fig_size": 34780, "fig_aspectRatio": 3.9361702127659575, "fig_size_poster": 0.9788359788359788}, "textRatio": 0.40253164556962023, "figRatio": 0.22570638701052603}, "7": {"xy": [19, 500, 385, 87], "panel_size": 33495, "panel_aspectRatio": 4.425287356321839, "category": "Discussion", "figures": 0, "textlen": 91, "fig_size": 0, "title": "Discussion\n", "textRatio": 0.23037974683544304, "figRatio": 0.0}, "9": {"xy": [409, 105, 363, 369], "panel_size": 133947, "panel_aspectRatio": 0.983739837398374, "category": "Result", "figures": 1, "textlen": 0, "fig_size": 119314, "title": "ResultS", "10": {"fig_size": 119314, "fig_aspectRatio": 1.044378698224852, "fig_size_poster": 0.9724517906336089}, "textRatio": 0.0, "figRatio": 0.774293612989474}}}