{"poster_size": 8036464, "doclen": 236, "figlen": 3355036, "section": {"1": {"xy": [37, 506, 1132, 823], "panel_size": 931636, "panel_aspectRatio": 1.3754556500607533, "category": "Introduction", "figures": 0, "textlen": 218, "fig_size": 0, "title": "Introduction", "textRatio": 0.923728813559322, "figRatio": 0.0}, "4": {"xy": [16, 1353, 1159, 1976], "panel_size": 2290184, "panel_aspectRatio": 0.5865384615384616, "category": "Method", "figures": 2, "textlen": 18, "fig_size": 1909636, "title": "Paradigm", "7": {"fig_size": 771100, "fig_aspectRatio": 1.5691868758915835, "fig_size_poster": 0.9490940465918896}, "8": {"fig_size": 1138536, "fig_aspectRatio": 1.1294820717131475, "fig_size_poster": 0.9784296807592753}, "textRatio": 0.07627118644067797, "figRatio": 0.5691849506234806}, "9": {"xy": [1218, 505, 1108, 1400], "panel_size": 1551200, "panel_aspectRatio": 0.7914285714285715, "category": "Introduction", "figures": 1, "textlen": 0, "fig_size": 1445400, "title": "Results", "12": {"fig_size": 1445400, "fig_aspectRatio": 0.8295454545454546, "fig_size_poster": 0.9882671480144405}, "textRatio": 0.0, "figRatio": 0.4308150493765194}, "13": {"xy": [1213, 1927, 1131, 634], "panel_size": 717054, "panel_aspectRatio": 1.7839116719242902, "category": "Discussion", "figures": 0, "textlen": 0, "fig_size": 0, "title": "", "textRatio": 0.0, "figRatio": 0.0}}}