{"poster_size": 8964001, "doclen": 170, "figlen": 3936737, "section": {"1": {"xy": [267, 29, 2093, 112], "panel_size": 234416, "panel_aspectRatio": 18.6875, "category": "Title", "figures": 0, "textlen": 0, "fig_size": 0, "title": "Informed kmer selection for de novo transcriptome assembly", "textRatio": 0.0, "figRatio": 0.0}, "2": {"xy": [96, 432, 1209, 604], "panel_size": 730236, "panel_aspectRatio": 2.001655629139073, "category": "Introduction", "figures": 0, "textlen": 81, "fig_size": 0, "title": "Introduction", "textRatio": 0.4764705882352941, "figRatio": 0.0}, "5": {"xy": [120, 1046, 1203, 729], "panel_size": 876987, "panel_aspectRatio": 1.6502057613168724, "category": "Method", "figures": 1, "textlen": 61, "fig_size": 167205, "title": "Method", "7": {"fig_size": 167205, "fig_aspectRatio": 3.6854460093896715, "fig_size_poster": 0.6525353283458022}, "textRatio": 0.3588235294117647, "figRatio": 0.04247299222681119}, "9": {"xy": [140, 1790, 1105, 1346], "panel_size": 1487330, "panel_aspectRatio": 0.8209509658246656, "category": "Method", "figures": 1, "textlen": 0, "fig_size": 1288700, "title": "ALGORITHM", "10": {"fig_size": 1288700, "fig_aspectRatio": 0.8587755102040816, "fig_size_poster": 0.9520361990950226}, "textRatio": 0.0, "figRatio": 0.32735232249449225}, "11": {"xy": [1340, 436, 1224, 2290], "panel_size": 2802960, "panel_aspectRatio": 0.5344978165938865, "category": "Result", "figures": 2, "textlen": 0, "fig_size": 2480832, "title": "Results", "12": {"fig_size": 1182321, "fig_aspectRatio": 1.1166180758017492, "fig_size_poster": 0.9387254901960784}, "13": {"fig_size": 1298511, "fig_aspectRatio": 1.0596205962059622, "fig_size_poster": 0.9583333333333334}, "textRatio": 0.0, "figRatio": 0.6301746852786966}, "14": {"xy": [1262, 2734, 1287, 331], "panel_size": 425997, "panel_aspectRatio": 3.88821752265861, "category": "Result", "figures": 0, "textlen": 28, "fig_size": 0, "title": "Conclusion", "textRatio": 0.16470588235294117, "figRatio": 0.0}}}