{"poster_size": 8033093, "doclen": 123, "figlen": 6531678, "section": {"1": {"xy": [103, 8, 2212, 161], "panel_size": 356132, "panel_aspectRatio": 13.73913043478261, "category": "Title", "figures": 0, "textlen": 0, "fig_size": 0, "title": "Chimeric NP non coding regions between type A and C influenza virusesrevea! their role in translation regulation", "textRatio": 0.0, "figRatio": 0.0}, "2": {"xy": [15, 268, 2366, 497], "panel_size": 1175902, "panel_aspectRatio": 4.76056338028169, "category": "Introduction", "figures": 1, "textlen": 30, "fig_size": 864198, "title": "Introduction", "3": {"fig_size": 864198, "fig_aspectRatio": 6.3468834688346885, "fig_size_poster": 0.9898562975486053}, "textRatio": 0.24390243902439024, "figRatio": 0.13230872679271696}, "5": {"xy": [0, 768, 2361, 2433], "panel_size": 5744313, "panel_aspectRatio": 0.9704069050554871, "category": "Result", "figures": 1, "textlen": 0, "fig_size": 5667480, "title": "Results", "6": {"fig_size": 5667480, "fig_aspectRatio": 0.9661436829066887, "fig_size_poster": 0.9911054637865311}, "textRatio": 0.0, "figRatio": 0.867691273207283}, "7": {"xy": [14, 3210, 2348, 161], "panel_size": 378028, "panel_aspectRatio": 14.583850931677018, "category": "Result", "figures": 0, "textlen": 93, "fig_size": 0, "title": "Conclusions", "textRatio": 0.7560975609756098, "figRatio": 0.0}}}