{"poster_size": 12192768, "doclen": 424, "figlen": 5277697, "section": {"2": {"xy": [824, 125, 2666, 106], "panel_size": 282596, "panel_aspectRatio": 25.150943396226417, "category": "Title", "figures": 0, "textlen": 0, "fig_size": 0, "title": "HDAC3 is a critical negative requlator of long-term memory formation", "textRatio": 0.0, "figRatio": 0.0}, "3": {"xy": [88, 428, 1190, 637], "panel_size": 758030, "panel_aspectRatio": 1.8681318681318682, "category": "Introduction", "figures": 0, "textlen": 160, "fig_size": 0, "title": "Introduction", "textRatio": 0.37735849056603776, "figRatio": 0.0}, "5": {"xy": [102, 1067, 1159, 317], "panel_size": 367403, "panel_aspectRatio": 3.6561514195583595, "category": "Method", "figures": 0, "textlen": 79, "fig_size": 0, "title": "Approach", "textRatio": 0.18632075471698112, "figRatio": 0.0}, "7": {"xy": [78, 1386, 1167, 1049], "panel_size": 1224183, "panel_aspectRatio": 1.1124880838894184, "category": "Method", "figures": 4, "textlen": 0, "fig_size": 799278, "title": "1 Intrahippocampal AAV2/1-Cre infusion in HDAC3flox/flox mice results in a complete, focal deletion of HDAC3 that correlates with increased histone acetylation.", "8": {"fig_size": 207366, "fig_aspectRatio": 4.52803738317757, "fig_size_poster": 0.8303341902313625}, "9": {"fig_size": 198870, "fig_aspectRatio": 4.5095238095238095, "fig_size_poster": 0.8114824335904027}, "10": {"fig_size": 194192, "fig_aspectRatio": 4.320754716981132, "fig_size_poster": 0.7849185946872322}, "11": {"fig_size": 198850, "fig_aspectRatio": 4.7317073170731705, "fig_size_poster": 0.831191088260497}, "textRatio": 0.0, "figRatio": 0.15144446526581576}, "12": {"xy": [69, 2439, 1227, 534], "panel_size": 655218, "panel_aspectRatio": 2.297752808988764, "category": "Method", "figures": 1, "textlen": 0, "fig_size": 513850, "title": "2 c-Fos and Nr4a2 expression are increased in the focal homozygous deletion of HDAC3 in HDAC3 flox/flox mice.", "14": {"fig_size": 513850, "fig_aspectRatio": 2.7790697674418605, "fig_size_poster": 0.973920130399348}, "textRatio": 0.0, "figRatio": 0.09736254279091808}, "15": {"xy": [1278, 437, 1271, 736], "panel_size": 935456, "panel_aspectRatio": 1.7269021739130435, "category": "Method", "figures": 5, "textlen": 0, "fig_size": 594609, "title": "3 Focal homozygous gene deletion of HDAC3 in the dorsal hippocampus leads to enhanced memory for object location(OLM), which persists at least 7 days, but not for object recognition(ORM).", "16": {"fig_size": 93034, "fig_aspectRatio": 1.4085603112840468, "fig_size_poster": 0.28481510621557826}, "17": {"fig_size": 93750, "fig_aspectRatio": 1.5, "fig_size_poster": 0.2950432730133753}, "18": {"fig_size": 94622, "fig_aspectRatio": 1.4782608695652173, "fig_size_poster": 0.2942564909520063}, "19": {"fig_size": 85794, "fig_aspectRatio": 1.5274261603375527, "fig_size_poster": 0.28481510621557826}, "20": {"fig_size": 227409, "fig_aspectRatio": 3.051282051282051, "fig_size_poster": 0.6553894571203777}, "textRatio": 0.0, "figRatio": 0.1126644822542863}, "21": {"xy": [1276, 1175, 1265, 721], "panel_size": 912065, "panel_aspectRatio": 1.7545076282940362, "category": "Method", "figures": 5, "textlen": 0, "fig_size": 594960, "title": "4 Loss of HDAC3/NCoR interaction enhances long-term object location memory (OLM) and object recognition memory(ORM) formation, but has no effect on short-term memory.", "22": {"fig_size": 82745, "fig_aspectRatio": 1.3562753036437247, "fig_size_poster": 0.2648221343873518}, "23": {"fig_size": 89309, "fig_aspectRatio": 1.3952569169960474, "fig_size_poster": 0.2790513833992095}, "24": {"fig_size": 88179, "fig_aspectRatio": 1.4453441295546559, "fig_size_poster": 0.28221343873517785}, "25": {"fig_size": 84227, "fig_aspectRatio": 1.3805668016194332, "fig_size_poster": 0.26956521739130435}, "26": {"fig_size": 250500, "fig_aspectRatio": 2.783333333333333, "fig_size_poster": 0.6600790513833992}, "textRatio": 0.0, "figRatio": 0.11273098853534032}, "27": {"xy": [1312, 1888, 1292, 1075], "panel_size": 1388900, "panel_aspectRatio": 1.201860465116279, "category": "Method", "figures": 1, "textlen": 0, "fig_size": 1205463, "title": "5 The HDAC inhibitor RGFP136 enhances long-term memory for ORM and OLM.", "28": {"fig_size": 1205463, "fig_aspectRatio": 1.310740354535975, "fig_size_poster": 0.9729102167182663}, "textRatio": 0.0, "figRatio": 0.22840701161889362}, "29": {"xy": [2576, 443, 1349, 667], "panel_size": 899783, "panel_aspectRatio": 2.022488755622189, "category": "Method", "figures": 1, "textlen": 0, "fig_size": 701263, "title": "6 Intrahippocampal RGFP136 infusions increase histone acetylation.", "30": {"fig_size": 701263, "fig_aspectRatio": 2.2603231597845603, "fig_size_poster": 0.933283914010378}, "textRatio": 0.0, "figRatio": 0.13287291786550082}, "31": {"xy": [2596, 1143, 1329, 816], "panel_size": 1084464, "panel_aspectRatio": 1.6286764705882353, "category": "Method", "figures": 1, "textlen": 0, "fig_size": 868274, "title": "7 Nr4a2 siRNA attenuates the long-term memory enhancement observed in HDAC3flox/flox mice.", "32": {"fig_size": 868274, "fig_aspectRatio": 1.9284649776453056, "fig_size_poster": 0.9736644093303235}, "textRatio": 0.0, "figRatio": 0.16451759166924512}, "33": {"xy": [2643, 1980, 1294, 965], "panel_size": 1248710, "panel_aspectRatio": 1.3409326424870467, "category": "Result", "figures": 0, "textlen": 185, "fig_size": 0, "title": "Conclusions", "textRatio": 0.4363207547169811, "figRatio": 0.0}}}