{"poster_size": 9331200, "doclen": 657, "figlen": 4252003, "section": {"0": {"xy": [589, 29, 2438, 154], "panel_size": 375452, "panel_aspectRatio": 15.831168831168831, "category": "Title", "figures": 0, "textlen": 0, "fig_size": 0, "title": "Transplantation of Human Neural Stem Cells Enhances Axonal Piasticity & Reduces\nImpairment of Axonal Transport in the Post-lschemic Rodent Brain", "textRatio": 0.0, "figRatio": 0.0}, "1": {"xy": [73, 338, 829, 611], "panel_size": 506519, "panel_aspectRatio": 1.3567921440261865, "category": "Introduction", "figures": 0, "textlen": 121, "fig_size": 0, "title": "Introduction", "textRatio": 0.1841704718417047, "figRatio": 0.0}, "3": {"xy": [70, 955, 836, 1012], "panel_size": 846032, "panel_aspectRatio": 0.8260869565217391, "category": "Method", "figures": 0, "textlen": 451, "fig_size": 0, "title": "Materials & Methods", "textRatio": 0.6864535768645358, "figRatio": 0.0}, "5": {"xy": [907, 326, 2693, 1471], "panel_size": 3961403, "panel_aspectRatio": 1.8307273963290278, "category": "Result", "figures": 6, "textlen": 0, "fig_size": 3235957, "title": "Results", "9": {"fig_size": 480695, "fig_aspectRatio": 1.1921259842519685, "fig_size_poster": 0.2810991459339027}, "10": {"fig_size": 519720, "fig_aspectRatio": 1.0309859154929577, "fig_size_poster": 0.27181581878945416}, "11": {"fig_size": 674130, "fig_aspectRatio": 1.4159420289855071, "fig_size_poster": 0.36279242480505014}, "12": {"fig_size": 461448, "fig_aspectRatio": 1.2320261437908497, "fig_size_poster": 0.2799851466765689}, "13": {"fig_size": 481814, "fig_aspectRatio": 1.217806041335453, "fig_size_poster": 0.2844411437059042}, "14": {"fig_size": 618150, "fig_aspectRatio": 1.5378548895899053, "fig_size_poster": 0.36204975863349426}, "textRatio": 0.0, "figRatio": 0.7610429719828514}, "6": {"xy": [912, 1807, 1622, 739], "panel_size": 1198658, "panel_aspectRatio": 2.194857916102842, "category": "Result", "figures": 2, "textlen": 0, "fig_size": 1016046, "title": "Results", "15": {"fig_size": 484056, "fig_aspectRatio": 1.0978915662650603, "fig_size_poster": 0.44944512946979037}, "16": {"fig_size": 531990, "fig_aspectRatio": 1.117391304347826, "fig_size_poster": 0.4753390875462392}, "textRatio": 0.0, "figRatio": 0.23895702801714863}, "7": {"xy": [2551, 1835, 983, 494], "panel_size": 485602, "panel_aspectRatio": 1.9898785425101215, "category": "Discussion", "figures": 0, "textlen": 68, "fig_size": 0, "title": "Summary", "textRatio": 0.1035007610350076, "figRatio": 0.0}, "8": {"xy": [2562, 2362, 1006, 173], "panel_size": 174038, "panel_aspectRatio": 5.815028901734104, "category": "Discussion", "figures": 0, "textlen": 17, "fig_size": 0, "title": "Conclusion", "textRatio": 0.0258751902587519, "figRatio": 0.0}}}