{"poster_size": 484704, "doclen": 72, "figlen": 163639, "section": {"0": {"xy": [128, 54, 539, 35], "panel_size": 18865, "panel_aspectRatio": 15.4, "category": "Title", "figures": 0, "textlen": 0, "fig_size": 0, "title": "Steric and Electrostatic Effects at the C2 Atom Substituent lnfluence Replication and Miscoding of the DNA Deamination Product Deoxyxanthosine abd Analogs by DNA Polymerases", "textRatio": 0.0, "figRatio": 0.0}, "1": {"xy": [273, 130, 260, 186], "panel_size": 48360, "panel_aspectRatio": 1.3978494623655915, "category": "Method", "figures": 1, "textlen": 0, "fig_size": 39930, "title": "3.Steady-state incorproations", "2": {"fig_size": 39930, "fig_aspectRatio": 1.4666666666666666, "fig_size_poster": 0.9307692307692308}, "textRatio": 0.0, "figRatio": 0.2440127353503749}, "3": {"xy": [262, 322, 256, 206], "panel_size": 52736, "panel_aspectRatio": 1.2427184466019416, "category": "Method", "figures": 3, "textlen": 0, "fig_size": 44321, "title": "4.Steady-state incorporation effciency & purime structures", "4": {"fig_size": 27360, "fig_aspectRatio": 2.1052631578947367, "fig_size_poster": 0.9375}, "5": {"fig_size": 3185, "fig_aspectRatio": 18.846153846153847, "fig_size_poster": 0.95703125}, "6": {"fig_size": 13776, "fig_aspectRatio": 4.392857142857143, "fig_size_poster": 0.9609375}, "textRatio": 0.0, "figRatio": 0.27084619192246345}, "7": {"xy": [18, 261, 240, 276], "panel_size": 66240, "panel_aspectRatio": 0.8695652173913043, "category": "Introduction", "figures": 3, "textlen": 0, "fig_size": 23373, "title": "2.Introduction", "8": {"fig_size": 9072, "fig_aspectRatio": 5.142857142857143, "fig_size_poster": 0.9}, "9": {"fig_size": 6867, "fig_aspectRatio": 1.7301587301587302, "fig_size_poster": 0.45416666666666666}, "10": {"fig_size": 7434, "fig_aspectRatio": 1.873015873015873, "fig_size_poster": 0.49166666666666664}, "textRatio": 0.0, "figRatio": 0.14283269880651922}, "11": {"xy": [27, 132, 232, 124], "panel_size": 28768, "panel_aspectRatio": 1.8709677419354838, "category": "Introduction", "figures": 0, "textlen": 0, "fig_size": 0, "title": "1.Abstract", "textRatio": 0.0, "figRatio": 0.0}, "12": {"xy": [536, 131, 243, 111], "panel_size": 26973, "panel_aspectRatio": 2.189189189189189, "category": "Method", "figures": 1, "textlen": 0, "fig_size": 20915, "title": "5.pKa&NMR determinations", "13": {"fig_size": 20915, "fig_aspectRatio": 2.640449438202247, "fig_size_poster": 0.9670781893004116}, "textRatio": 0.0, "figRatio": 0.1278118296982993}, "14": {"xy": [539, 244, 241, 183], "panel_size": 44103, "panel_aspectRatio": 1.3169398907103824, "category": "Method", "figures": 2, "textlen": 0, "fig_size": 35100, "title": "6.Linear activity model", "15": {"fig_size": 13440, "fig_aspectRatio": 3.28125, "fig_size_poster": 0.8713692946058091}, "16": {"fig_size": 21660, "fig_aspectRatio": 2.4, "fig_size_poster": 0.946058091286307}, "textRatio": 0.0, "figRatio": 0.21449654422234307}, "17": {"xy": [531, 427, 249, 115], "panel_size": 28635, "panel_aspectRatio": 2.1652173913043478, "category": "Result", "figures": 0, "textlen": 72, "fig_size": 0, "title": "7.Conclusions", "textRatio": 1.0, "figRatio": 0.0}}}