{"poster_size": 342360, "doclen": 118, "figlen": 180180, "section": {"1": {"xy": [131, 4, 301, 57], "panel_size": 17157, "panel_aspectRatio": 5.280701754385965, "category": "Title", "figures": 0, "textlen": 8, "fig_size": 0, "title": "On the local Hessian of back-propagation", "textRatio": 0.06779661016949153, "figRatio": 0.0}, "3": {"xy": [11, 67, 250, 153], "panel_size": 38250, "panel_aspectRatio": 1.6339869281045751, "category": "Introduction", "figures": 2, "textlen": 29, "fig_size": 13394, "title": "1.Motivation", "5": {"fig_size": 5148, "fig_aspectRatio": 7.615384615384615, "fig_size_poster": 0.792}, "7": {"fig_size": 8246, "fig_aspectRatio": 5.7105263157894735, "fig_size_poster": 0.868}, "textRatio": 0.2457627118644068, "figRatio": 0.07433677433677434}, "8": {"xy": [6, 222, 264, 400], "panel_size": 105600, "panel_aspectRatio": 0.66, "category": "Method", "figures": 7, "textlen": 32, "fig_size": 68887, "title": "2.Local Hessian", "10": {"fig_size": 4738, "fig_aspectRatio": 8.956521739130435, "fig_size_poster": 0.7803030303030303}, "12": {"fig_size": 8246, "fig_aspectRatio": 5.7105263157894735, "fig_size_poster": 0.821969696969697}, "14": {"fig_size": 9790, "fig_aspectRatio": 3.2363636363636363, "fig_size_poster": 0.6742424242424242}, "15": {"fig_size": 3782, "fig_aspectRatio": 1.0163934426229508, "fig_size_poster": 0.23484848484848486}, "16": {"fig_size": 13983, "fig_aspectRatio": 4.016949152542373, "fig_size_poster": 0.8977272727272727}, "17": {"fig_size": 19684, "fig_aspectRatio": 3.4078947368421053, "fig_size_poster": 0.9810606060606061}, "18": {"fig_size": 8664, "fig_aspectRatio": 6.0, "fig_size_poster": 0.8636363636363636}, "textRatio": 0.2711864406779661, "figRatio": 0.38232323232323234}, "19": {"xy": [279, 65, 256, 273], "panel_size": 69888, "panel_aspectRatio": 0.9377289377289377, "category": "Method", "figures": 2, "textlen": 29, "fig_size": 49483, "title": "Method", "20": {"fig_size": 15183, "fig_aspectRatio": 3.8253968253968256, "fig_size_poster": 0.94140625}, "21": {"fig_size": 34300, "fig_aspectRatio": 1.75, "fig_size_poster": 0.95703125}, "textRatio": 0.2457627118644068, "figRatio": 0.27463092463092464}, "23": {"xy": [277, 344, 258, 277], "panel_size": 71466, "panel_aspectRatio": 0.9314079422382672, "category": "Method", "figures": 4, "textlen": 20, "fig_size": 48416, "title": "5. Utilize local Hessian", "24": {"fig_size": 10388, "fig_aspectRatio": 4.326530612244898, "fig_size_poster": 0.8217054263565892}, "26": {"fig_size": 2992, "fig_aspectRatio": 11.6875, "fig_size_poster": 0.7248062015503876}, "27": {"fig_size": 18172, "fig_aspectRatio": 3.064935064935065, "fig_size_poster": 0.9147286821705426}, "28": {"fig_size": 16864, "fig_aspectRatio": 3.6470588235294117, "fig_size_poster": 0.9612403100775194}, "textRatio": 0.1694915254237288, "figRatio": 0.2687090687090687}}}