{"poster_size": 23887872, "doclen": 139, "figlen": 7832484, "section": {"1": {"xy": [142, 91, 4213, 236], "panel_size": 994268, "panel_aspectRatio": 17.85169491525424, "category": "Title", "figures": 0, "textlen": 0, "fig_size": 0, "title": "EFFICIENT FORMAL SAFETY ANALYSIS OF NEURAL NETWORKS", "textRatio": 0.0, "figRatio": 0.0}, "2": {"xy": [105, 496, 3923, 1095], "panel_size": 4295685, "panel_aspectRatio": 3.582648401826484, "category": "Introduction", "figures": 1, "textlen": 18, "fig_size": 1509260, "title": "ADVERSARIAL EXAMPLES: Existing violations of NN safety", "3": {"fig_size": 1509260, "fig_aspectRatio": 2.5323834196891193, "fig_size_poster": 0.49834310476676014}, "textRatio": 0.12949640287769784, "figRatio": 0.19269238213573114}, "5": {"xy": [101, 1638, 2000, 1708], "panel_size": 3416000, "panel_aspectRatio": 1.17096018735363, "category": "Method", "figures": 1, "textlen": 23, "fig_size": 1898938, "title": "1. SYMBOLIC LINEAR RELAXATION", "7": {"fig_size": 1898938, "fig_aspectRatio": 1.865213082259663, "fig_size_poster": 0.941}, "textRatio": 0.16546762589928057, "figRatio": 0.24244390413054148}, "8": {"xy": [2128, 1628, 1982, 1813], "panel_size": 3593366, "panel_aspectRatio": 1.0932156646442361, "category": "Method", "figures": 1, "textlen": 18, "fig_size": 2357342, "title": "2. DIRECTED CONSTRAINT RELAXATION", "10": {"fig_size": 2357342, "fig_aspectRatio": 1.4455755677368833, "fig_size_poster": 0.9313824419778002}, "textRatio": 0.12949640287769784, "figRatio": 0.30096990941826374}, "11": {"xy": [4137, 492, 2727, 1672], "panel_size": 4559544, "panel_aspectRatio": 1.630980861244019, "category": "Method", "figures": 1, "textlen": 46, "fig_size": 2066944, "title": "HOW NEURIFY SOLVES THIS PROBLEM?", "12": {"fig_size": 2066944, "fig_aspectRatio": 1.0426136363636365, "fig_size_poster": 0.5383204987165383}, "textRatio": 0.33093525179856115, "figRatio": 0.26389380431546366}, "14": {"xy": [4169, 2196, 2105, 813], "panel_size": 1711365, "panel_aspectRatio": 2.5891758917589174, "category": "Result", "figures": 0, "textlen": 34, "fig_size": 0, "title": "RESULTS", "textRatio": 0.2446043165467626, "figRatio": 0.0}}}