{"poster_size": 8036464, "doclen": 330, "figlen": 3684952, "section": {"1": {"xy": [616, 6, 2166, 103], "panel_size": 223098, "panel_aspectRatio": 21.02912621359223, "category": "Title", "figures": 0, "textlen": 0, "fig_size": 0, "title": "MODULATING EARLY VISUAL PROCESSING BY LANGUAGE", "textRatio": 0.0, "figRatio": 0.0}, "2": {"xy": [14, 242, 1664, 669], "panel_size": 1113216, "panel_aspectRatio": 2.4872944693572494, "category": "Introduction", "figures": 1, "textlen": 103, "fig_size": 431718, "title": "RETHINKING LANGUAGE-VISION TASKS", "4": {"fig_size": 431718, "fig_aspectRatio": 1.4750462107208873, "fig_size_poster": 0.4795673076923077}, "textRatio": 0.31212121212121213, "figRatio": 0.11715702131262497}, "5": {"xy": [1689, 254, 818, 528], "panel_size": 431904, "panel_aspectRatio": 1.5492424242424243, "category": "Introduction", "figures": 1, "textlen": 0, "fig_size": 279180, "title": "VQA", "6": {"fig_size": 279180, "fig_aspectRatio": 1.5602836879432624, "fig_size_poster": 0.8068459657701712}, "textRatio": 0.0, "figRatio": 0.07576218089136574}, "7": {"xy": [2526, 256, 811, 517], "panel_size": 419287, "panel_aspectRatio": 1.5686653771760155, "category": "Introduction", "figures": 1, "textlen": 0, "fig_size": 258494, "title": "GUESS WHAT?!", "8": {"fig_size": 258494, "fig_aspectRatio": 1.4584323040380047, "fig_size_poster": 0.7570900123304563}, "textRatio": 0.0, "figRatio": 0.07014853924827244}, "9": {"xy": [14, 922, 841, 1185], "panel_size": 996585, "panel_aspectRatio": 0.7097046413502109, "category": "Method", "figures": 2, "textlen": 0, "fig_size": 876414, "title": "CONDITIONAL BATCHNORM", "11": {"fig_size": 389600, "fig_aspectRatio": 1.6427104722792607, "fig_size_poster": 0.9512485136741974}, "12": {"fig_size": 486814, "fig_aspectRatio": 1.3212520593080725, "fig_size_poster": 0.9536266349583828}, "textRatio": 0.0, "figRatio": 0.23783593381949072}, "13": {"xy": [864, 922, 816, 1149], "panel_size": 937584, "panel_aspectRatio": 0.7101827676240209, "category": "Method", "figures": 1, "textlen": 105, "fig_size": 316404, "title": "MODULATING RESNET", "15": {"fig_size": 316404, "fig_aspectRatio": 1.7683215130023642, "fig_size_poster": 0.9166666666666666}, "textRatio": 0.3181818181818182, "figRatio": 0.08586380501021451}, "17": {"xy": [1685, 790, 1664, 642], "panel_size": 1068288, "panel_aspectRatio": 2.5919003115264796, "category": "Result", "figures": 1, "textlen": 55, "fig_size": 657720, "title": "VQA RESULTS", "19": {"fig_size": 657720, "fig_aspectRatio": 3.9901477832512313, "fig_size_poster": 0.9735576923076923}, "textRatio": 0.16666666666666666, "figRatio": 0.1784880779993878}, "20": {"xy": [1693, 1436, 1673, 475], "panel_size": 794675, "panel_aspectRatio": 3.522105263157895, "category": "Result", "figures": 1, "textlen": 51, "fig_size": 400272, "title": "GUESSWHAT?! RESULTS", "22": {"fig_size": 400272, "fig_aspectRatio": 6.508064516129032, "fig_size_poster": 0.9647340107591154}, "textRatio": 0.15454545454545454, "figRatio": 0.10862339590854915}, "23": {"xy": [1714, 1920, 1564, 457], "panel_size": 714748, "panel_aspectRatio": 3.422319474835886, "category": "Result", "figures": 1, "textlen": 16, "fig_size": 464750, "title": "MODULATED RESNET FEATURES DISENTANGLE ANSWER TYPES", "25": {"fig_size": 464750, "fig_aspectRatio": 4.068047337278107, "fig_size_poster": 0.879156010230179}, "textRatio": 0.048484848484848485, "figRatio": 0.12612104581009467}}}