{"poster_size": 5971968, "doclen": 236, "figlen": 2526195, "section": {"0": {"xy": [731, 45, 1997, 112], "panel_size": 223664, "panel_aspectRatio": 17.830357142857142, "category": "Title", "figures": 0, "textlen": 0, "fig_size": 0, "title": "Variance-Reduced SGD on Streaming Data", "textRatio": 0.0, "figRatio": 0.0}, "1": {"xy": [101, 264, 818, 1405], "panel_size": 1149290, "panel_aspectRatio": 0.5822064056939502, "category": "Introduction", "figures": 1, "textlen": 71, "fig_size": 730296, "title": "Problem Statement", "2": {"fig_size": 730296, "fig_aspectRatio": 0.782608695652174, "fig_size_poster": 0.9242053789731052}, "textRatio": 0.3008474576271186, "figRatio": 0.2890893220832121}, "6": {"xy": [923, 285, 1590, 612], "panel_size": 973080, "panel_aspectRatio": 2.5980392156862746, "category": "Method", "figures": 1, "textlen": 0, "fig_size": 814368, "title": "STRSAGA Algorithm", "7": {"fig_size": 814368, "fig_aspectRatio": 2.7518382352941178, "fig_size_poster": 0.9415094339622642}, "textRatio": 0.0, "figRatio": 0.3223694132875728}, "8": {"xy": [977, 925, 1500, 754], "panel_size": 1131000, "panel_aspectRatio": 1.9893899204244032, "category": "Result", "figures": 2, "textlen": 89, "fig_size": 447260, "title": "Theoretical Results", "11": {"fig_size": 161942, "fig_aspectRatio": 0.8637413394919169, "fig_size_poster": 0.24933333333333332}, "12": {"fig_size": 285318, "fig_aspectRatio": 7.277777777777778, "fig_size_poster": 0.9606666666666667}, "textRatio": 0.3771186440677966, "figRatio": 0.1770488818163285}, "13": {"xy": [2552, 262, 791, 1197], "panel_size": 946827, "panel_aspectRatio": 0.6608187134502924, "category": "Result", "figures": 2, "textlen": 76, "fig_size": 534271, "title": "Experimental Results", "16": {"fig_size": 76360, "fig_aspectRatio": 5.773913043478261, "fig_size_poster": 0.8394437420986094}, "18": {"fig_size": 457911, "fig_aspectRatio": 1.2185970636215335, "fig_size_poster": 0.9443742098609356}, "textRatio": 0.3220338983050847, "figRatio": 0.21149238281288657}}}