{"poster_size": 8036464, "doclen": 199, "figlen": 2540785, "section": {"1": {"xy": [1121, 2, 1616, 121], "panel_size": 195536, "panel_aspectRatio": 13.355371900826446, "category": "Title", "figures": 0, "textlen": 0, "fig_size": 0, "title": "Adversarial Examples Are Not Bugs,They Are Features", "textRatio": 0.0, "figRatio": 0.0}, "2": {"xy": [70, 387, 1021, 1867], "panel_size": 1906207, "panel_aspectRatio": 0.5468666309587573, "category": "Introduction", "figures": 4, "textlen": 51, "fig_size": 955796, "title": "Adversarial Example:A Challenge for ML Systems", "3": {"fig_size": 223174, "fig_aspectRatio": 3.154135338345865, "fig_size_poster": 0.821743388834476}, "4": {"fig_size": 227838, "fig_aspectRatio": 3.531496062992126, "fig_size_poster": 0.8785504407443683}, "5": {"fig_size": 279900, "fig_aspectRatio": 3.11, "fig_size_poster": 0.9138099902056807}, "6": {"fig_size": 224884, "fig_aspectRatio": 3.107806691449814, "fig_size_poster": 0.8188050930460333}, "textRatio": 0.2562814070351759, "figRatio": 0.37618137701537124}, "11": {"xy": [1155, 390, 1021, 1094], "panel_size": 1116974, "panel_aspectRatio": 0.93327239488117, "category": "Method", "figures": 2, "textlen": 32, "fig_size": 552339, "title": "The Robust Features Model", "12": {"fig_size": 224339, "fig_aspectRatio": 3.2433460076045626, "fig_size_poster": 0.8354554358472086}, "13": {"fig_size": 328000, "fig_aspectRatio": 1.951219512195122, "fig_size_poster": 0.7835455435847208}, "textRatio": 0.16080402010050251, "figRatio": 0.21738911399429703}, "16": {"xy": [1157, 1521, 1023, 732], "panel_size": 748836, "panel_aspectRatio": 1.3975409836065573, "category": "Method", "figures": 1, "textlen": 34, "fig_size": 391494, "title": "Directly Manipulating Features", "17": {"fig_size": 391494, "fig_aspectRatio": 2.1572769953051645, "fig_size_poster": 0.8983382209188661}, "textRatio": 0.1708542713567839, "figRatio": 0.15408387565260342}, "20": {"xy": [2241, 384, 1053, 1295], "panel_size": 1363635, "panel_aspectRatio": 0.8131274131274131, "category": "Result", "figures": 2, "textlen": 61, "fig_size": 397124, "title": "Implications", "21": {"fig_size": 151364, "fig_aspectRatio": 1.5158227848101267, "fig_size_poster": 0.45489078822412155}, "22": {"fig_size": 245760, "fig_aspectRatio": 4.266666666666667, "fig_size_poster": 0.9724596391263058}, "textRatio": 0.3065326633165829, "figRatio": 0.15629972626570135}, "26": {"xy": [2246, 1728, 1053, 530], "panel_size": 558090, "panel_aspectRatio": 1.9867924528301886, "category": "Discussion", "figures": 1, "textlen": 21, "fig_size": 244032, "title": "Moving Forward", "27": {"fig_size": 244032, "fig_aspectRatio": 3.967741935483871, "fig_size_poster": 0.9344729344729344}, "textRatio": 0.10552763819095477, "figRatio": 0.09604590707202695}}}