{"poster_size": 8038641, "doclen": 100, "figlen": 4686193, "section": {"1": {"xy": [977, 35, 1496, 172], "panel_size": 257312, "panel_aspectRatio": 8.69767441860465, "category": "Title", "figures": 0, "textlen": 0, "fig_size": 0, "title": "Efficient Graph Generation withGraph Recurrent Attention Networks", "textRatio": 0.0, "figRatio": 0.0}, "2": {"xy": [30, 470, 826, 337], "panel_size": 278362, "panel_aspectRatio": 2.451038575667656, "category": "Method", "figures": 1, "textlen": 0, "fig_size": 208236, "title": "Generative Model of Graphs", "3": {"fig_size": 208236, "fig_aspectRatio": 3.1042471042471043, "fig_size_poster": 0.9733656174334141}, "textRatio": 0.0, "figRatio": 0.04443606996126707}, "4": {"xy": [52, 812, 812, 799], "panel_size": 648788, "panel_aspectRatio": 1.016270337922403, "category": "Introduction", "figures": 0, "textlen": 78, "fig_size": 0, "title": "contributions", "textRatio": 0.78, "figRatio": 0.0}, "6": {"xy": [46, 1621, 829, 757], "panel_size": 627553, "panel_aspectRatio": 1.095112285336856, "category": "Method", "figures": 1, "textlen": 22, "fig_size": 373178, "title": "Generation Process", "7": {"fig_size": 373178, "fig_aspectRatio": 1.7408207343412527, "fig_size_poster": 0.9722557297949337}, "textRatio": 0.22, "figRatio": 0.07963351061298585}, "9": {"xy": [881, 466, 1667, 1045], "panel_size": 1742015, "panel_aspectRatio": 1.5952153110047846, "category": "Method", "figures": 3, "textlen": 0, "fig_size": 1482696, "title": "Graph Recurrent Attention Networks\n(GRAN)", "10": {"fig_size": 56760, "fig_aspectRatio": 18.763636363636362, "fig_size_poster": 0.6190761847630474}, "11": {"fig_size": 767676, "fig_aspectRatio": 3.318087318087318, "fig_size_poster": 0.9574085182963408}, "12": {"fig_size": 658260, "fig_aspectRatio": 3.8405797101449277, "fig_size_poster": 0.9538092381523695}, "textRatio": 0.0, "figRatio": 0.31639669983715996}, "13": {"xy": [881, 1527, 1655, 841], "panel_size": 1391855, "panel_aspectRatio": 1.9678953626634959, "category": "Result", "figures": 1, "textlen": 0, "fig_size": 1260763, "title": "Visualization", "14": {"fig_size": 1260763, "fig_aspectRatio": 2.109961190168176, "fig_size_poster": 0.9854984894259818}, "textRatio": 0.0, "figRatio": 0.26903778824303654}, "15": {"xy": [2558, 455, 794, 1919], "panel_size": 1523686, "panel_aspectRatio": 0.4137571651902032, "category": "Result", "figures": 4, "textlen": 0, "fig_size": 1361320, "title": "Experiments", "16": {"fig_size": 126682, "fig_aspectRatio": 3.365979381443299, "fig_size_poster": 0.8224181360201511}, "17": {"fig_size": 315900, "fig_aspectRatio": 1.9259259259259258, "fig_size_poster": 0.982367758186398}, "18": {"fig_size": 487620, "fig_aspectRatio": 1.2285714285714286, "fig_size_poster": 0.9748110831234257}, "19": {"fig_size": 431118, "fig_aspectRatio": 1.3895870736086176, "fig_size_poster": 0.9748110831234257}, "textRatio": 0.0, "figRatio": 0.29049593134555063}}}