{"poster_size": 8018220, "doclen": 547, "figlen": 1911255, "section": {"2": {"xy": [678, 23, 1885, 102], "panel_size": 192270, "panel_aspectRatio": 18.480392156862745, "category": "Title", "figures": 0, "textlen": 0, "fig_size": 0, "title": "Neural Guided Constraint Logic Programming for Program Synthesis", "textRatio": 0.0, "figRatio": 0.0}, "3": {"xy": [50, 293, 733, 532], "panel_size": 389956, "panel_aspectRatio": 1.3778195488721805, "category": "Introduction", "figures": 0, "textlen": 51, "fig_size": 0, "title": "Programing By Example", "textRatio": 0.09323583180987204, "figRatio": 0.0}, "7": {"xy": [43, 853, 760, 1017], "panel_size": 772920, "panel_aspectRatio": 0.7472959685349065, "category": "Introduction", "figures": 0, "textlen": 105, "fig_size": 0, "title": "Background", "textRatio": 0.19195612431444242, "figRatio": 0.0}, "9": {"xy": [33, 1885, 780, 488], "panel_size": 380640, "panel_aspectRatio": 1.598360655737705, "category": "Method", "figures": 1, "textlen": 16, "fig_size": 118810, "title": "Our Approach: Neural Guide", "11": {"fig_size": 118810, "fig_aspectRatio": 2.5, "fig_size_poster": 0.6987179487179487}, "textRatio": 0.029250457038391225, "figRatio": 0.06216334293435465}, "12": {"xy": [833, 280, 1635, 1305], "panel_size": 2133675, "panel_aspectRatio": 1.2528735632183907, "category": "Method", "figures": 1, "textlen": 98, "fig_size": 1279800, "title": "Synthesis Steps", "13": {"fig_size": 1279800, "fig_aspectRatio": 1.9506172839506173, "fig_size_poster": 0.9663608562691132}, "textRatio": 0.17915904936014626, "figRatio": 0.6696123751147806}, "15": {"xy": [835, 1600, 1608, 735], "panel_size": 1181880, "panel_aspectRatio": 2.1877551020408164, "category": "Result", "figures": 1, "textlen": 72, "fig_size": 512645, "title": "Experimental Results", "16": {"fig_size": 512645, "fig_aspectRatio": 2.179381443298969, "fig_size_poster": 0.6573383084577115}, "textRatio": 0.1316270566727605, "figRatio": 0.26822428195086473}, "19": {"xy": [2495, 270, 838, 915], "panel_size": 766770, "panel_aspectRatio": 0.9158469945355191, "category": "Method", "figures": 0, "textlen": 94, "fig_size": 0, "title": "Model Choices", "textRatio": 0.17184643510054845, "figRatio": 0.0}, "21": {"xy": [2495, 1198, 843, 540], "panel_size": 455220, "panel_aspectRatio": 1.5611111111111111, "category": "Discussion", "figures": 0, "textlen": 59, "fig_size": 0, "title": "Why use constraints?", "textRatio": 0.10786106032906764, "figRatio": 0.0}, "23": {"xy": [2478, 1758, 847, 467], "panel_size": 395549, "panel_aspectRatio": 1.8137044967880085, "category": "Discussion", "figures": 0, "textlen": 52, "fig_size": 0, "title": "Discussion & Future Work", "textRatio": 0.09506398537477148, "figRatio": 0.0}}}