{"poster_size": 8034080, "doclen": 169, "figlen": 2544446, "section": {"1": {"xy": [175, 91, 1579, 180], "panel_size": 284220, "panel_aspectRatio": 8.772222222222222, "category": "Title", "figures": 0, "textlen": 0, "fig_size": 0, "title": "Optimistic 0ptimization of a Brownian", "textRatio": 0.0, "figRatio": 0.0}, "2": {"xy": [164, 427, 912, 519], "panel_size": 473328, "panel_aspectRatio": 1.7572254335260116, "category": "Method", "figures": 1, "textlen": 0, "fig_size": 380627, "title": "Brownian", "3": {"fig_size": 380627, "fig_aspectRatio": 1.9931350114416475, "fig_size_poster": 0.9550438596491229}, "textRatio": 0.0, "figRatio": 0.14959130592671252}, "4": {"xy": [126, 952, 965, 304], "panel_size": 293360, "panel_aspectRatio": 3.174342105263158, "category": "Introduction", "figures": 0, "textlen": 23, "fig_size": 0, "title": "A la une", "textRatio": 0.13609467455621302, "figRatio": 0.0}, "7": {"xy": [88, 1278, 994, 289], "panel_size": 287266, "panel_aspectRatio": 3.4394463667820068, "category": "Method", "figures": 1, "textlen": 0, "fig_size": 182754, "title": "Setting", "8": {"fig_size": 182754, "fig_aspectRatio": 4.028169014084507, "fig_size_poster": 0.8631790744466801}, "textRatio": 0.0, "figRatio": 0.07182467224692526}, "9": {"xy": [145, 1601, 967, 487], "panel_size": 470929, "panel_aspectRatio": 1.9856262833675564, "category": "Introduction", "figures": 0, "textlen": 44, "fig_size": 0, "title": "Who cares", "textRatio": 0.2603550295857988, "figRatio": 0.0}, "11": {"xy": [117, 2108, 951, 480], "panel_size": 456480, "panel_aspectRatio": 1.98125, "category": "Introduction", "figures": 0, "textlen": 24, "fig_size": 0, "title": "Prior work", "textRatio": 0.14201183431952663, "figRatio": 0.0}, "13": {"xy": [147, 2608, 2098, 682], "panel_size": 1430836, "panel_aspectRatio": 3.0762463343108504, "category": "Result", "figures": 2, "textlen": 0, "fig_size": 981741, "title": "Experiments", "14": {"fig_size": 452205, "fig_aspectRatio": 1.3213675213675213, "fig_size_poster": 0.3684461391801716}, "15": {"fig_size": 529536, "fig_aspectRatio": 1.5160744500846024, "fig_size_poster": 0.4270734032411821}, "textRatio": 0.0, "figRatio": 0.38583683835302457}, "16": {"xy": [1094, 422, 1266, 686], "panel_size": 868476, "panel_aspectRatio": 1.845481049562682, "category": "Method", "figures": 2, "textlen": 0, "fig_size": 609909, "title": "Algorithm", "17": {"fig_size": 507423, "fig_aspectRatio": 1.9432485322896282, "fig_size_poster": 0.7843601895734598}, "18": {"fig_size": 102486, "fig_aspectRatio": 11.849462365591398, "fig_size_poster": 0.8704581358609794}, "textRatio": 0.0, "figRatio": 0.23970208053147915}, "19": {"xy": [1105, 1120, 1200, 330], "panel_size": 396000, "panel_aspectRatio": 3.6363636363636362, "category": "Method", "figures": 1, "textlen": 5, "fig_size": 100940, "title": "Guarantees", "20": {"fig_size": 100940, "fig_aspectRatio": 2.627551020408163, "fig_size_poster": 0.42916666666666664}, "textRatio": 0.029585798816568046, "figRatio": 0.03967071810523784}, "24": {"xy": [1139, 1473, 1119, 345], "panel_size": 386055, "panel_aspectRatio": 3.243478260869565, "category": "Method", "figures": 1, "textlen": 26, "fig_size": 76707, "title": "Proof", "26": {"fig_size": 76707, "fig_aspectRatio": 11.691358024691358, "fig_size_poster": 0.8462913315460232}, "textRatio": 0.15384615384615385, "figRatio": 0.030146837464815522}, "27": {"xy": [1120, 1867, 1072, 713], "panel_size": 764336, "panel_aspectRatio": 1.5035063113604488, "category": "Discussion", "figures": 1, "textlen": 47, "fig_size": 211768, "title": "Open problem", "29": {"fig_size": 211768, "fig_aspectRatio": 4.990291262135922, "fig_size_poster": 0.9589552238805971}, "textRatio": 0.2781065088757396, "figRatio": 0.0832275473718051}}}