{"poster_size": 8036464, "doclen": 371, "figlen": 2587185, "section": {"0": {"xy": [404, 2, 2590, 139], "panel_size": 360010, "panel_aspectRatio": 18.633093525179856, "category": "Title", "figures": 0, "textlen": 0, "fig_size": 0, "title": "MIME: MULTILEVEL MEDICAL EMBEDDING OF ELECTRONIC HEALTH RESORDS FOR PREDICTIVE HEALTHCARE", "textRatio": 0.0, "figRatio": 0.0}, "1": {"xy": [26, 249, 812, 610], "panel_size": 495320, "panel_aspectRatio": 1.3311475409836067, "category": "Introduction", "figures": 0, "textlen": 64, "fig_size": 0, "title": "INTRODUCTION", "textRatio": 0.1725067385444744, "figRatio": 0.0}, "3": {"xy": [29, 873, 826, 1275], "panel_size": 1053150, "panel_aspectRatio": 0.647843137254902, "category": "Method", "figures": 2, "textlen": 49, "fig_size": 488672, "title": "MEDICAL EMBEDDING", "4": {"fig_size": 321112, "fig_aspectRatio": 1.5787139689578713, "fig_size_poster": 0.8619854721549637}, "6": {"fig_size": 167560, "fig_aspectRatio": 3.0084745762711864, "fig_size_poster": 0.8595641646489104}, "textRatio": 0.1320754716981132, "figRatio": 0.18888173825992344}, "8": {"xy": [858, 251, 822, 608], "panel_size": 499776, "panel_aspectRatio": 1.3519736842105263, "category": "Method", "figures": 1, "textlen": 17, "fig_size": 244758, "title": "RELATED WORKS", "9": {"fig_size": 244758, "fig_aspectRatio": 1.8781163434903048, "fig_size_poster": 0.8248175182481752}, "textRatio": 0.04582210242587601, "figRatio": 0.09460398077447109}, "11": {"xy": [868, 873, 807, 1278], "panel_size": 1031346, "panel_aspectRatio": 0.6314553990610329, "category": "Result", "figures": 2, "textlen": 70, "fig_size": 470175, "title": "RESULTS", "13": {"fig_size": 219325, "fig_aspectRatio": 2.7385159010600706, "fig_size_poster": 0.9603469640644362}, "14": {"fig_size": 250850, "fig_aspectRatio": 2.0953757225433525, "fig_size_poster": 0.8983890954151177}, "textRatio": 0.18867924528301888, "figRatio": 0.1817322688559187}, "16": {"xy": [1687, 249, 1639, 668], "panel_size": 1094852, "panel_aspectRatio": 2.4535928143712575, "category": "Method", "figures": 2, "textlen": 47, "fig_size": 355854, "title": "MIME ARCHITECTURE", "17": {"fig_size": 168324, "fig_aspectRatio": 2.714859437751004, "fig_size_poster": 0.4124466137888957}, "19": {"fig_size": 187530, "fig_aspectRatio": 2.3087719298245615, "fig_size_poster": 0.40146430750457596}, "textRatio": 0.12668463611859837, "figRatio": 0.13754486053374615}, "21": {"xy": [1690, 939, 1663, 1210], "panel_size": 2012230, "panel_aspectRatio": 1.3743801652892562, "category": "Method", "figures": 6, "textlen": 124, "fig_size": 1027726, "title": "MIME MODEL DETAILS", "22": {"fig_size": 492507, "fig_aspectRatio": 1.2448330683624802, "fig_size_poster": 0.47083583884546}, "24": {"fig_size": 98154, "fig_aspectRatio": 6.487804878048781, "fig_size_poster": 0.4798556825015033}, "25": {"fig_size": 109802, "fig_aspectRatio": 4.62987012987013, "fig_size_poster": 0.428743235117258}, "26": {"fig_size": 121032, "fig_aspectRatio": 4.5, "fig_size_poster": 0.44377630787733013}, "27": {"fig_size": 59171, "fig_aspectRatio": 9.481012658227849, "fig_size_poster": 0.45039085989176186}, "28": {"fig_size": 147060, "fig_aspectRatio": 4.073684210526316, "fig_size_poster": 0.465423932651834}, "textRatio": 0.33423180592991913, "figRatio": 0.39723715157594064}}}