{"poster_size": 484704, "doclen": 0, "figlen": 99100, "section": {"0": {"xy": [144, 22, 521, 52], "panel_size": 27092, "panel_aspectRatio": 10.01923076923077, "category": "Title", "figures": 0, "textlen": 0, "fig_size": 0, "title": "Revisiting Perceptron:\nEfficient and Label-Optimal Learning of Halfspaces", "textRatio": 0, "figRatio": 0.0}, "1": {"xy": [405, 367, 370, 139], "panel_size": 51430, "panel_aspectRatio": 2.661870503597122, "category": "Result", "figures": 2, "textlen": 0, "fig_size": 31065, "title": "PERFORMANCE GUARANTEES", "2": {"fig_size": 16020, "fig_aspectRatio": 1.9777777777777779, "fig_size_poster": 0.4810810810810811}, "3": {"fig_size": 15045, "fig_aspectRatio": 2.0823529411764707, "fig_size_poster": 0.4783783783783784}, "textRatio": 0, "figRatio": 0.3134712411705348}, "4": {"xy": [408, 513, 360, 82], "panel_size": 29520, "panel_aspectRatio": 4.390243902439025, "category": "Discussion", "figures": 0, "textlen": 0, "fig_size": 0, "title": "OPEN PROBLEMS", "textRatio": 0, "figRatio": 0.0}, "5": {"xy": [404, 108, 378, 251], "panel_size": 94878, "panel_aspectRatio": 1.5059760956175299, "category": "Method", "figures": 5, "textlen": 0, "fig_size": 59755, "title": "ALGORITHM", "6": {"fig_size": 14935, "fig_aspectRatio": 1.4077669902912622, "fig_size_poster": 0.3835978835978836}, "7": {"fig_size": 7738, "fig_aspectRatio": 1.452054794520548, "fig_size_poster": 0.2804232804232804}, "8": {"fig_size": 7476, "fig_aspectRatio": 4.238095238095238, "fig_size_poster": 0.4708994708994709}, "9": {"fig_size": 3776, "fig_aspectRatio": 14.75, "fig_size_poster": 0.6243386243386243}, "10": {"fig_size": 25830, "fig_aspectRatio": 2.342857142857143, "fig_size_poster": 0.6507936507936508}, "textRatio": 0, "figRatio": 0.6029767911200807}, "11": {"xy": [18, 370, 375, 133], "panel_size": 49875, "panel_aspectRatio": 2.819548872180451, "category": "Method", "figures": 0, "textlen": 0, "fig_size": 0, "title": "RELATED WORK", "textRatio": 0, "figRatio": 0.0}, "12": {"xy": [20, 203, 368, 163], "panel_size": 59984, "panel_aspectRatio": 2.2576687116564416, "category": "Method", "figures": 1, "textlen": 0, "fig_size": 8280, "title": "SETTING", "13": {"fig_size": 8280, "fig_aspectRatio": 0.9782608695652174, "fig_size_poster": 0.24456521739130435}, "textRatio": 0, "figRatio": 0.08355196770938446}, "14": {"xy": [16, 116, 369, 82], "panel_size": 30258, "panel_aspectRatio": 4.5, "category": "Introduction", "figures": 0, "textlen": 0, "fig_size": 0, "title": "ABSTRACT", "textRatio": 0, "figRatio": 0.0}}}