{"poster_size": 6531840, "doclen": 449, "figlen": 818551, "section": {"1": {"xy": [755, 59, 991, 109], "panel_size": 108019, "panel_aspectRatio": 9.091743119266056, "category": "Title", "figures": 0, "textlen": 0, "fig_size": 0, "title": "LANDMARK ORDINAL EMBEDDING", "textRatio": 0.0, "figRatio": 0.0}, "2": {"xy": [112, 354, 885, 358], "panel_size": 316830, "panel_aspectRatio": 2.4720670391061454, "category": "Introduction", "figures": 1, "textlen": 17, "fig_size": 44280, "title": "Motivation", "5": {"fig_size": 44280, "fig_aspectRatio": 5.466666666666667, "fig_size_poster": 0.5559322033898305}, "textRatio": 0.0378619153674833, "figRatio": 0.054095590867276444}, "6": {"xy": [81, 729, 924, 523], "panel_size": 483252, "panel_aspectRatio": 1.7667304015296368, "category": "Method", "figures": 2, "textlen": 65, "fig_size": 22144, "title": "Problem Statement", "9": {"fig_size": 10244, "fig_aspectRatio": 3.7884615384615383, "fig_size_poster": 0.2132034632034632}, "11": {"fig_size": 11900, "fig_aspectRatio": 2.573529411764706, "fig_size_poster": 0.1893939393939394}, "textRatio": 0.1447661469933185, "figRatio": 0.027052682117546738}, "12": {"xy": [76, 1257, 947, 744], "panel_size": 704568, "panel_aspectRatio": 1.2728494623655915, "category": "Method", "figures": 2, "textlen": 64, "fig_size": 87600, "title": "Primary Related Work", "14": {"fig_size": 26600, "fig_aspectRatio": 4.605263157894737, "fig_size_poster": 0.36958817317845827}, "16": {"fig_size": 61000, "fig_aspectRatio": 6.1, "fig_size_poster": 0.6441393875395988}, "textRatio": 0.14253897550111358, "figRatio": 0.10701837759650895}, "18": {"xy": [1054, 346, 930, 213], "panel_size": 198090, "panel_aspectRatio": 4.366197183098592, "category": "Method", "figures": 0, "textlen": 27, "fig_size": 0, "title": "Landmark Multidimensional Scaling [DsTo4]", "textRatio": 0.060133630289532294, "figRatio": 0.0}, "20": {"xy": [1084, 577, 906, 435], "panel_size": 394110, "panel_aspectRatio": 2.0827586206896553, "category": "Method", "figures": 0, "textlen": 57, "fig_size": 0, "title": "Our Contributions", "textRatio": 0.12694877505567928, "figRatio": 0.0}, "22": {"xy": [1071, 1030, 917, 978], "panel_size": 896826, "panel_aspectRatio": 0.9376278118609407, "category": "Method", "figures": 1, "textlen": 120, "fig_size": 146730, "title": "Landmark Ordinal Embedding", "25": {"fig_size": 146730, "fig_aspectRatio": 0.9079601990049752, "fig_size_poster": 0.3980370774263904}, "textRatio": 0.267260579064588, "figRatio": 0.1792557824741525}, "27": {"xy": [2026, 311, 922, 401], "panel_size": 369722, "panel_aspectRatio": 2.2992518703241895, "category": "Method", "figures": 0, "textlen": 63, "fig_size": 0, "title": "Theoretical Analysis ", "textRatio": 0.1403118040089087, "figRatio": 0.0}, "29": {"xy": [2008, 722, 986, 970], "panel_size": 956420, "panel_aspectRatio": 1.0164948453608247, "category": "Result", "figures": 4, "textlen": 36, "fig_size": 517797, "title": "Experimental Results", "31": {"fig_size": 129421, "fig_aspectRatio": 1.1812688821752266, "fig_size_poster": 0.39655172413793105}, "33": {"fig_size": 123250, "fig_aspectRatio": 0.6823529411764706, "fig_size_poster": 0.29411764705882354}, "34": {"fig_size": 125528, "fig_aspectRatio": 0.6425339366515838, "fig_size_poster": 0.2880324543610548}, "35": {"fig_size": 139598, "fig_aspectRatio": 0.7017937219730942, "fig_size_poster": 0.3174442190669371}, "textRatio": 0.0801781737193764, "figRatio": 0.6325775669445154}}}