{"poster_size": 8018220, "doclen": 355, "figlen": 2838602, "section": {"3": {"xy": [892, 7, 1577, 73], "panel_size": 115121, "panel_aspectRatio": 21.602739726027398, "category": "Title", "figures": 0, "textlen": 0, "fig_size": 0, "title": "Scaling Gaussian Process Regression with Derivatives", "textRatio": 0.0, "figRatio": 0.0}, "4": {"xy": [22, 237, 1092, 560], "panel_size": 611520, "panel_aspectRatio": 1.95, "category": "Introduction", "figures": 2, "textlen": 17, "fig_size": 271000, "title": "Gaussian Processes (GPs)", "6": {"fig_size": 139872, "fig_aspectRatio": 1.7588652482269505, "fig_size_poster": 0.4542124542124542}, "7": {"fig_size": 131128, "fig_aspectRatio": 1.4966216216216217, "fig_size_poster": 0.4056776556776557}, "textRatio": 0.04788732394366197, "figRatio": 0.09546953042377902}, "8": {"xy": [18, 808, 1089, 647], "panel_size": 704583, "panel_aspectRatio": 1.6831530139103554, "category": "Introduction", "figures": 3, "textlen": 22, "fig_size": 417726, "title": "GP Regression with Derivatives", "10": {"fig_size": 79600, "fig_aspectRatio": 12.4375, "fig_size_poster": 0.9136822773186409}, "12": {"fig_size": 12236, "fig_aspectRatio": 5.782608695652174, "fig_size_poster": 0.24426078971533516}, "14": {"fig_size": 325890, "fig_aspectRatio": 2.5859154929577466, "fig_size_poster": 0.8429752066115702}, "textRatio": 0.061971830985915494, "figRatio": 0.1471590592834078}, "15": {"xy": [30, 1477, 1068, 598], "panel_size": 638664, "panel_aspectRatio": 1.785953177257525, "category": "Introduction", "figures": 1, "textlen": 33, "fig_size": 285480, "title": "Kernel Learning with Derivatives", "17": {"fig_size": 285480, "fig_aspectRatio": 2.9326923076923075, "fig_size_poster": 0.8567415730337079}, "textRatio": 0.09295774647887324, "figRatio": 0.1005706330087839}, "19": {"xy": [32, 2082, 1070, 235], "panel_size": 251450, "panel_aspectRatio": 4.553191489361702, "category": "Introduction", "figures": 0, "textlen": 25, "fig_size": 0, "title": "Main Ideas", "textRatio": 0.07042253521126761, "figRatio": 0.0}, "21": {"xy": [1142, 240, 1095, 488], "panel_size": 534360, "panel_aspectRatio": 2.2438524590163933, "category": "Method", "figures": 2, "textlen": 0, "fig_size": 402070, "title": "SKI and SKIP: Structured Kernel Interpolation (with Product Kernels)", "22": {"fig_size": 193488, "fig_aspectRatio": 1.1127098321342925, "fig_size_poster": 0.4237442922374429}, "51": {"fig_size": 208582, "fig_aspectRatio": 1.19377990430622, "fig_size_poster": 0.4557077625570776}, "textRatio": 0.0, "figRatio": 0.14164366825641636}, "23": {"xy": [1147, 743, 1071, 380], "panel_size": 406980, "panel_aspectRatio": 2.818421052631579, "category": "Method", "figures": 1, "textlen": 39, "fig_size": 114000, "title": "D-SKI: Structured Kernel Interpolation with Derivatives", "25": {"fig_size": 114000, "fig_aspectRatio": 4.934210526315789, "fig_size_poster": 0.7002801120448179}, "textRatio": 0.10985915492957747, "figRatio": 0.04016061427420963}, "27": {"xy": [1150, 1142, 1068, 410], "panel_size": 437880, "panel_aspectRatio": 2.604878048780488, "category": "Method", "figures": 2, "textlen": 42, "fig_size": 57925, "title": "D-SKIP: Structure Kernel Interpolation for Products with Derivatives", "29": {"fig_size": 39061, "fig_aspectRatio": 13.90566037735849, "fig_size_poster": 0.6900749063670412}, "31": {"fig_size": 18864, "fig_aspectRatio": 8.1875, "fig_size_poster": 0.36797752808988765}, "textRatio": 0.11830985915492957, "figRatio": 0.020406171770470112}, "33": {"xy": [1152, 1563, 1068, 429], "panel_size": 458172, "panel_aspectRatio": 2.4895104895104896, "category": "Method", "figures": 1, "textlen": 0, "fig_size": 365568, "title": "D-SKI and D-SKIP Accurately Approximate the True Spectrum", "34": {"fig_size": 365568, "fig_aspectRatio": 2.8683473389355743, "fig_size_poster": 0.9588014981273408}, "textRatio": 0.0, "figRatio": 0.12878452139468655}, "35": {"xy": [1155, 2007, 1065, 313], "panel_size": 333345, "panel_aspectRatio": 3.402555910543131, "category": "Method", "figures": 1, "textlen": 27, "fig_size": 18955, "title": "Preconditioning", "37": {"fig_size": 18955, "fig_aspectRatio": 2.623529411764706, "fig_size_poster": 0.20938967136150236}, "textRatio": 0.07605633802816901, "figRatio": 0.006677582838312662}, "39": {"xy": [2262, 242, 1083, 363], "panel_size": 393129, "panel_aspectRatio": 2.9834710743801653, "category": "Method", "figures": 1, "textlen": 45, "fig_size": 26100, "title": "Dimensionality Reduction via Active Subspace Learning", "41": {"fig_size": 26100, "fig_aspectRatio": 7.25, "fig_size_poster": 0.40166204986149584}, "textRatio": 0.1267605633802817, "figRatio": 0.009194666952253258}, "43": {"xy": [2270, 612, 1060, 651], "panel_size": 690060, "panel_aspectRatio": 1.6282642089093702, "category": "Result", "figures": 1, "textlen": 13, "fig_size": 502378, "title": "Recover Implicit Surface with D-SKI", "45": {"fig_size": 502378, "fig_aspectRatio": 2.198744769874477, "fig_size_poster": 0.9915094339622641}, "textRatio": 0.036619718309859155, "figRatio": 0.17698078138463935}, "46": {"xy": [2272, 1272, 1066, 786], "panel_size": 837876, "panel_aspectRatio": 1.356234096692112, "category": "Result", "figures": 1, "textlen": 60, "fig_size": 377400, "title": "Bayesian Optimization with Derivatives and Active Subspace Learning", "47": {"fig_size": 377400, "fig_aspectRatio": 2.7567567567567566, "fig_size_poster": 0.9568480300187617}, "textRatio": 0.16901408450704225, "figRatio": 0.13295277041304135}, "49": {"xy": [2270, 2070, 1062, 248], "panel_size": 263376, "panel_aspectRatio": 4.282258064516129, "category": "Discussion", "figures": 0, "textlen": 32, "fig_size": 0, "title": "Discussion", "textRatio": 0.09014084507042254, "figRatio": 0.0}}}