{"poster_size": 8018220, "doclen": 322, "figlen": 1438446, "section": {"1": {"xy": [389, 12, 2569, 98], "panel_size": 251762, "panel_aspectRatio": 26.214285714285715, "category": "Title", "figures": 0, "textlen": 0, "fig_size": 0, "title": "Context-Dependent Upper-Confidence Bounds for Directed Exploration", "textRatio": 0.0, "figRatio": 0.0}, "2": {"xy": [27, 144, 2050, 243], "panel_size": 498150, "panel_aspectRatio": 8.436213991769547, "category": "Introduction", "figures": 0, "textlen": 40, "fig_size": 0, "title": "Overview", "textRatio": 0.12422360248447205, "figRatio": 0.0}, "4": {"xy": [19, 400, 934, 1340], "panel_size": 1251560, "panel_aspectRatio": 0.6970149253731344, "category": "Method", "figures": 0, "textlen": 56, "fig_size": 0, "title": "Motivation for Directed Exploration", "textRatio": 0.17391304347826086, "figRatio": 0.0}, "6": {"xy": [963, 399, 1113, 875], "panel_size": 973875, "panel_aspectRatio": 1.272, "category": "Method", "figures": 3, "textlen": 54, "fig_size": 345649, "title": "Confidence Interval Bounds for Policy Evaluation", "7": {"fig_size": 28487, "fig_aspectRatio": 7.655737704918033, "fig_size_poster": 0.4195867026055705}, "10": {"fig_size": 159654, "fig_aspectRatio": 5.096045197740113, "fig_size_poster": 0.8104222821203954}, "12": {"fig_size": 157508, "fig_aspectRatio": 5.514792899408284, "fig_size_poster": 0.8373764600179695}, "textRatio": 0.16770186335403728, "figRatio": 0.24029334434521699}, "13": {"xy": [963, 1284, 1101, 448], "panel_size": 493248, "panel_aspectRatio": 2.4575892857142856, "category": "Method", "figures": 0, "textlen": 42, "fig_size": 0, "title": "Control with Confidence Interval Bounds", "textRatio": 0.13043478260869565, "figRatio": 0.0}, "17": {"xy": [13, 1757, 2089, 482], "panel_size": 1006898, "panel_aspectRatio": 4.33402489626556, "category": "Result", "figures": 3, "textlen": 34, "fig_size": 461207, "title": "Results: Comparing State-of-the-Art Exploration Methods", "18": {"fig_size": 148326, "fig_aspectRatio": 1.1836158192090396, "fig_size_poster": 0.20057443752991863}, "19": {"fig_size": 160400, "fig_aspectRatio": 0.9975062344139651, "fig_size_poster": 0.19147917663954045}, "20": {"fig_size": 152481, "fig_aspectRatio": 1.1078167115902966, "fig_size_poster": 0.19674485399712782}, "textRatio": 0.10559006211180125, "figRatio": 0.320628650641039}, "22": {"xy": [2109, 165, 1200, 510], "panel_size": 612000, "panel_aspectRatio": 2.3529411764705883, "category": "Result", "figures": 2, "textlen": 14, "fig_size": 222817, "title": "Results: Advantage of Contextual Variance", "24": {"fig_size": 109824, "fig_aspectRatio": 1.1282051282051282, "fig_size_poster": 0.29333333333333333}, "25": {"fig_size": 112993, "fig_aspectRatio": 1.1533546325878594, "fig_size_poster": 0.30083333333333334}, "textRatio": 0.043478260869565216, "figRatio": 0.1549011919807904}, "26": {"xy": [2111, 697, 1193, 733], "panel_size": 874469, "panel_aspectRatio": 1.6275579809004093, "category": "Method", "figures": 3, "textlen": 36, "fig_size": 408773, "title": "UCLS-Linear: An Effective Linear Complexity Variant", "27": {"fig_size": 141645, "fig_aspectRatio": 1.123943661971831, "fig_size_poster": 0.3344509639564124}, "28": {"fig_size": 137592, "fig_aspectRatio": 1.1168091168091168, "fig_size_poster": 0.32858340318524726}, "29": {"fig_size": 129536, "fig_aspectRatio": 1.0454545454545454, "fig_size_poster": 0.30846605196982396}, "textRatio": 0.11180124223602485, "figRatio": 0.2841768130329536}, "31": {"xy": [2106, 1460, 1197, 395], "panel_size": 472815, "panel_aspectRatio": 3.030379746835443, "category": "Discussion", "figures": 0, "textlen": 46, "fig_size": 0, "title": "Conclusion & Future Work", "textRatio": 0.14285714285714285, "figRatio": 0.0}}}