{"poster_size": 13311232, "doclen": 114, "figlen": 8290729, "section": {"1": {"xy": [472, 30, 2038, 117], "panel_size": 238446, "panel_aspectRatio": 17.418803418803417, "category": "Title", "figures": 0, "textlen": 0, "fig_size": 0, "title": "Input Similarity from the Neural Network Perspective", "textRatio": 0.0, "figRatio": 0.0}, "2": {"xy": [22, 315, 1647, 365], "panel_size": 601155, "panel_aspectRatio": 4.512328767123288, "category": "Introduction", "figures": 0, "textlen": 58, "fig_size": 0, "title": "Introduction", "textRatio": 0.5087719298245614, "figRatio": 0.0}, "4": {"xy": [31, 700, 1712, 1806], "panel_size": 3091872, "panel_aspectRatio": 0.9479512735326688, "category": "Method", "figures": 3, "textlen": 0, "fig_size": 2729655, "title": "I - Building the similarity measure", "5": {"fig_size": 579855, "fig_aspectRatio": 2.681720430107527, "fig_size_poster": 0.7283878504672897}, "6": {"fig_size": 129480, "fig_aspectRatio": 1.330128205128205, "fig_size_poster": 0.24240654205607476}, "7": {"fig_size": 2020320, "fig_aspectRatio": 1.3573770491803279, "fig_size_poster": 0.9672897196261683}, "textRatio": 0.0, "figRatio": 0.32924185557144614}, "8": {"xy": [1755, 312, 1711, 1476], "panel_size": 2525436, "panel_aspectRatio": 1.1592140921409213, "category": "Method", "figures": 2, "textlen": 0, "fig_size": 2213533, "title": "II - Estimating density", "10": {"fig_size": 401869, "fig_aspectRatio": 6.587044534412955, "fig_size_poster": 0.950905902980713}, "11": {"fig_size": 1811664, "fig_aspectRatio": 1.5137111517367459, "fig_size_poster": 0.9678550555230859}, "textRatio": 0.0, "figRatio": 0.2669889463278802}, "12": {"xy": [1758, 1809, 1717, 579], "panel_size": 994143, "panel_aspectRatio": 2.9654576856649397, "category": "Method", "figures": 1, "textlen": 0, "fig_size": 766080, "title": "III - Futher possible uses of similarity", "13": {"fig_size": 766080, "fig_aspectRatio": 3.6842105263157894, "fig_size_poster": 0.9784507862550961}, "textRatio": 0.0, "figRatio": 0.09240200710938688}, "14": {"xy": [3478, 303, 1721, 1724], "panel_size": 2967004, "panel_aspectRatio": 0.9982598607888631, "category": "Result", "figures": 3, "textlen": 0, "fig_size": 2581461, "title": "IV - Analysis of self-denoising phenommena", "15": {"fig_size": 1042290, "fig_aspectRatio": 2.659744408945687, "fig_size_poster": 0.9674607786170831}, "16": {"fig_size": 793440, "fig_aspectRatio": 3.44375, "fig_size_poster": 0.9604880883207437}, "17": {"fig_size": 745731, "fig_aspectRatio": 3.834467120181406, "fig_size_poster": 0.9825682742591516}, "textRatio": 0.0, "figRatio": 0.3113671909912868}, "18": {"xy": [3490, 2038, 1700, 347], "panel_size": 589900, "panel_aspectRatio": 4.899135446685879, "category": "Discussion", "figures": 0, "textlen": 56, "fig_size": 0, "title": "Discussion", "textRatio": 0.49122807017543857, "figRatio": 0.0}}}