{"poster_size": 8388608, "doclen": 177, "figlen": 3680862, "section": {"0": {"xy": [970, 67, 2157, 179], "panel_size": 386103, "panel_aspectRatio": 12.050279329608939, "category": "Title", "figures": 0, "textlen": 0, "fig_size": 0, "title": "3D-Aware Scene Manipulation via Inverse Graphics", "textRatio": 0.0, "figRatio": 0.0}, "1": {"xy": [38, 386, 1000, 1597], "panel_size": 1597000, "panel_aspectRatio": 0.6261740763932373, "category": "Introduction", "figures": 2, "textlen": 54, "fig_size": 897784, "title": "Motivation & Contributions", "3": {"fig_size": 462580, "fig_aspectRatio": 1.813861386138614, "fig_size_poster": 0.916}, "5": {"fig_size": 435204, "fig_aspectRatio": 1.9617834394904459, "fig_size_poster": 0.924}, "textRatio": 0.3050847457627119, "figRatio": 0.24390591116972057}, "8": {"xy": [1070, 429, 965, 1535], "panel_size": 1481275, "panel_aspectRatio": 0.6286644951140065, "category": "Method", "figures": 5, "textlen": 54, "fig_size": 889916, "title": "3D Scene De-rendering Networks (3D-SDN)", "9": {"fig_size": 360960, "fig_aspectRatio": 2.4479166666666665, "fig_size_poster": 0.9740932642487047}, "10": {"fig_size": 385155, "fig_aspectRatio": 2.348148148148148, "fig_size_poster": 0.9854922279792746}, "12": {"fig_size": 108647, "fig_aspectRatio": 7.6722689075630255, "fig_size_poster": 0.9461139896373058}, "14": {"fig_size": 18018, "fig_aspectRatio": 4.5396825396825395, "fig_size_poster": 0.29637305699481864}, "16": {"fig_size": 17136, "fig_aspectRatio": 5.464285714285714, "fig_size_poster": 0.3170984455958549}, "textRatio": 0.3050847457627119, "figRatio": 0.24176836838762225}, "19": {"xy": [2038, 429, 986, 889], "panel_size": 876554, "panel_aspectRatio": 1.109111361079865, "category": "Method", "figures": 1, "textlen": 35, "fig_size": 494252, "title": "3D Scene De-rendering Networks (3D-SDN)", "21": {"fig_size": 494252, "fig_aspectRatio": 1.8491295938104448, "fig_size_poster": 0.9695740365111561}, "textRatio": 0.1977401129943503, "figRatio": 0.13427615596564066}, "22": {"xy": [2057, 1378, 975, 608], "panel_size": 592800, "panel_aspectRatio": 1.6036184210526316, "category": "Method", "figures": 1, "textlen": 16, "fig_size": 338430, "title": "Virtual KITTI Editing Benchmark", "24": {"fig_size": 338430, "fig_aspectRatio": 2.236503856041131, "fig_size_poster": 0.8923076923076924}, "textRatio": 0.0903954802259887, "figRatio": 0.09194313723252868}, "27": {"xy": [3057, 408, 948, 1483], "panel_size": 1405884, "panel_aspectRatio": 0.6392447741065408, "category": "Result", "figures": 2, "textlen": 18, "fig_size": 1060480, "title": "Results", "29": {"fig_size": 190112, "fig_aspectRatio": 4.394230769230769, "fig_size_poster": 0.9641350210970464}, "30": {"fig_size": 870368, "fig_aspectRatio": 0.9766949152542372, "fig_size_poster": 0.9725738396624473}, "textRatio": 0.1016949152542373, "figRatio": 0.2881064272444878}}}