{"poster_size": 5603904, "doclen": 552, "figlen": 2293590, "section": {"0": {"xy": [786, 7, 1765, 129], "panel_size": 227685, "panel_aspectRatio": 13.682170542635658, "category": "Title", "figures": 0, "textlen": 0, "fig_size": 0, "title": "Dialog-based Interactive Image Retrieval", "textRatio": 0.0, "figRatio": 0.0}, "1": {"xy": [22, 203, 993, 795], "panel_size": 789435, "panel_aspectRatio": 1.2490566037735849, "category": "Introduction", "figures": 1, "textlen": 54, "fig_size": 441816, "title": "MOTIVATION", "2": {"fig_size": 441816, "fig_aspectRatio": 1.8252032520325203, "fig_size_poster": 0.904330312185297}, "textRatio": 0.09782608695652174, "figRatio": 0.19263076661478293}, "9": {"xy": [41, 1004, 974, 452], "panel_size": 440248, "panel_aspectRatio": 2.1548672566371683, "category": "Introduction", "figures": 0, "textlen": 72, "fig_size": 0, "title": "CONTRIBUTIONS", "textRatio": 0.13043478260869565, "figRatio": 0.0}, "11": {"xy": [1035, 200, 1243, 1389], "panel_size": 1726527, "panel_aspectRatio": 0.8948884089272858, "category": "Method", "figures": 3, "textlen": 213, "fig_size": 1079792, "title": "APPROACH", "13": {"fig_size": 500492, "fig_aspectRatio": 2.81042654028436, "fig_size_poster": 0.9541432019308126}, "21": {"fig_size": 348648, "fig_aspectRatio": 1.0222602739726028, "fig_size_poster": 0.48028962188254226}, "24": {"fig_size": 230652, "fig_aspectRatio": 1.1543624161073827, "fig_size_poster": 0.415124698310539}, "textRatio": 0.3858695652173913, "figRatio": 0.4707868450769318}, "26": {"xy": [2291, 201, 1051, 633], "panel_size": 665283, "panel_aspectRatio": 1.660347551342812, "category": "Result", "figures": 1, "textlen": 100, "fig_size": 175582, "title": "RESULTS AND EVALUATION", "30": {"fig_size": 175582, "fig_aspectRatio": 1.45821325648415, "fig_size_poster": 0.4814462416745956}, "textRatio": 0.18115942028985507, "figRatio": 0.07655335086044149}, "32": {"xy": [2294, 839, 1054, 745], "panel_size": 785230, "panel_aspectRatio": 1.414765100671141, "category": "Discussion", "figures": 1, "textlen": 113, "fig_size": 596400, "title": "USER DIALOGS", "34": {"fig_size": 596400, "fig_aspectRatio": 1.6566666666666667, "fig_size_poster": 0.9430740037950665}, "textRatio": 0.20471014492753623, "figRatio": 0.2600290374478438}}}