{"poster_size": 3359232, "doclen": 294, "figlen": 1437922, "section": {"1": {"xy": [284, 1, 2018, 89], "panel_size": 179602, "panel_aspectRatio": 22.674157303370787, "category": "Title", "figures": 0, "textlen": 0, "fig_size": 0, "title": "Learning to play with Intrinsically-Motivated Self-Aware Agents", "textRatio": 0.0, "figRatio": 0.0}, "2": {"xy": [44, 245, 653, 478], "panel_size": 312134, "panel_aspectRatio": 1.3661087866108788, "category": "Introduction", "figures": 1, "textlen": 20, "fig_size": 185850, "title": "Introduction", "3": {"fig_size": 185850, "fig_aspectRatio": 2.135593220338983, "fig_size_poster": 0.9647779479326187}, "textRatio": 0.06802721088435375, "figRatio": 0.12924901350699133}, "6": {"xy": [724, 248, 1838, 483], "panel_size": 887754, "panel_aspectRatio": 3.8053830227743273, "category": "Method", "figures": 1, "textlen": 88, "fig_size": 477240, "title": "Approach: Self-Model Vs World-Model", "7": {"fig_size": 477240, "fig_aspectRatio": 2.8390243902439023, "fig_size_poster": 0.6332970620239391}, "textRatio": 0.29931972789115646, "figRatio": 0.3318956104712217}, "10": {"xy": [42, 740, 847, 552], "panel_size": 467544, "panel_aspectRatio": 1.5344202898550725, "category": "Method", "figures": 3, "textlen": 43, "fig_size": 336626, "title": "Emergent Behaviors", "11": {"fig_size": 166600, "fig_aspectRatio": 4.165, "fig_size_poster": 0.9834710743801653}, "13": {"fig_size": 34398, "fig_aspectRatio": 19.5, "fig_size_poster": 0.9669421487603306}, "26": {"fig_size": 135628, "fig_aspectRatio": 5.0426829268292686, "fig_size_poster": 0.9763872491145218}, "textRatio": 0.14625850340136054, "figRatio": 0.23410588335111363}, "15": {"xy": [899, 737, 508, 436], "panel_size": 221488, "panel_aspectRatio": 1.165137614678899, "category": "Result", "figures": 1, "textlen": 64, "fig_size": 94736, "title": "Planning", "16": {"fig_size": 94736, "fig_aspectRatio": 2.5968586387434556, "fig_size_poster": 0.9763779527559056}, "textRatio": 0.21768707482993196, "figRatio": 0.06588396310787373}, "20": {"xy": [1418, 737, 667, 546], "panel_size": 364182, "panel_aspectRatio": 1.2216117216117217, "category": "Result", "figures": 2, "textlen": 52, "fig_size": 236610, "title": "Task Transfers", "21": {"fig_size": 108570, "fig_aspectRatio": 3.987878787878788, "fig_size_poster": 0.9865067466266867}, "27": {"fig_size": 128040, "fig_aspectRatio": 3.402061855670103, "fig_size_poster": 0.9895052473763118}, "textRatio": 0.17687074829931973, "figRatio": 0.16454995472633424}, "23": {"xy": [2108, 740, 442, 548], "panel_size": 242216, "panel_aspectRatio": 0.8065693430656934, "category": "Discussion", "figures": 1, "textlen": 27, "fig_size": 106860, "title": "Future Work", "24": {"fig_size": 106860, "fig_aspectRatio": 1.5807692307692307, "fig_size_poster": 0.9298642533936652}, "textRatio": 0.09183673469387756, "figRatio": 0.0743155748364654}}}