{"poster_size": 8957952, "doclen": 573, "figlen": 2426931, "section": {"0": {"xy": [962, 56, 1666, 78], "panel_size": 129948, "panel_aspectRatio": 21.358974358974358, "category": "Title", "figures": 0, "textlen": 0, "fig_size": 0, "title": "Communication-efficient Distributed SGD with Sketching\n", "textRatio": 0.0, "figRatio": 0.0}, "1": {"xy": [78, 268, 1076, 1452], "panel_size": 1562352, "panel_aspectRatio": 0.7410468319559229, "category": "Introduction", "figures": 5, "textlen": 210, "fig_size": 372680, "title": "1.Introduction", "5": {"fig_size": 23800, "fig_aspectRatio": 4.857142857142857, "fig_size_poster": 0.3159851301115242}, "6": {"fig_size": 103680, "fig_aspectRatio": 2.2222222222222223, "fig_size_poster": 0.44609665427509293}, "7": {"fig_size": 147552, "fig_aspectRatio": 1.2183908045977012, "fig_size_poster": 0.3940520446096654}, "9": {"fig_size": 42032, "fig_aspectRatio": 1.9189189189189189, "fig_size_poster": 0.26394052044609667}, "10": {"fig_size": 55616, "fig_aspectRatio": 2.2278481012658227, "fig_size_poster": 0.3271375464684015}, "textRatio": 0.36649214659685864, "figRatio": 0.15356019598414622}, "13": {"xy": [80, 1748, 1064, 708], "panel_size": 753312, "panel_aspectRatio": 1.502824858757062, "category": "Introduction", "figures": 0, "textlen": 107, "fig_size": 0, "title": "2.Our Contribution", "textRatio": 0.18673647469458987, "figRatio": 0.0}, "15": {"xy": [1186, 274, 1082, 1450], "panel_size": 1568900, "panel_aspectRatio": 0.7462068965517241, "category": "Method", "figures": 6, "textlen": 2, "fig_size": 853572, "title": "3.Sketching", "17": {"fig_size": 106080, "fig_aspectRatio": 10.196078431372548, "fig_size_poster": 0.9611829944547134}, "18": {"fig_size": 185148, "fig_aspectRatio": 2.3956834532374103, "fig_size_poster": 0.6155268022181146}, "19": {"fig_size": 99820, "fig_aspectRatio": 1.038709677419355, "fig_size_poster": 0.2975970425138632}, "20": {"fig_size": 121520, "fig_aspectRatio": 1.55, "fig_size_poster": 0.4011090573012939}, "21": {"fig_size": 131328, "fig_aspectRatio": 1.5833333333333333, "fig_size_poster": 0.4214417744916821}, "22": {"fig_size": 209676, "fig_aspectRatio": 1.7514450867052023, "fig_size_poster": 0.5600739371534196}, "textRatio": 0.0034904013961605585, "figRatio": 0.3517083922039811}, "23": {"xy": [1188, 1738, 1086, 734], "panel_size": 797124, "panel_aspectRatio": 1.4795640326975477, "category": "Method", "figures": 1, "textlen": 0, "fig_size": 391400, "title": "4. Algorithm", "24": {"fig_size": 391400, "fig_aspectRatio": 2.710526315789474, "fig_size_poster": 0.9484346224677717}, "textRatio": 0.0, "figRatio": 0.16127364148383289}, "25": {"xy": [2302, 282, 1092, 2166], "panel_size": 2365272, "panel_aspectRatio": 0.5041551246537396, "category": "Result", "figures": 8, "textlen": 254, "fig_size": 809279, "title": "5. Results", "31": {"fig_size": 25740, "fig_aspectRatio": 13.295454545454545, "fig_size_poster": 0.5357142857142857}, "34": {"fig_size": 108941, "fig_aspectRatio": 2.8071065989847717, "fig_size_poster": 0.5064102564102564}, "35": {"fig_size": 249488, "fig_aspectRatio": 0.9860834990059643, "fig_size_poster": 0.4542124542124542}, "37": {"fig_size": 135811, "fig_aspectRatio": 1.195845697329377, "fig_size_poster": 0.36904761904761907}, "38": {"fig_size": 139680, "fig_aspectRatio": 1.6840277777777777, "fig_size_poster": 0.4441391941391941}, "43": {"fig_size": 28294, "fig_aspectRatio": 3.8255813953488373, "fig_size_poster": 0.30128205128205127}, "45": {"fig_size": 24975, "fig_aspectRatio": 18.243243243243242, "fig_size_poster": 0.6181318681318682}, "46": {"fig_size": 96350, "fig_aspectRatio": 2.292682926829268, "fig_size_poster": 0.43040293040293043}, "textRatio": 0.4432809773123909, "figRatio": 0.3334577703280398}}}