{"poster_size": 484704, "doclen": 221, "figlen": 184382, "section": {"1": {"xy": [181, 35, 439, 26], "panel_size": 11414, "panel_aspectRatio": 16.884615384615383, "category": "Title", "figures": 0, "textlen": 0, "fig_size": 0, "title": "On Exact Computation with an Infinitaly Wide Neural Net", "textRatio": 0.0, "figRatio": 0.0}, "2": {"xy": [18, 98, 361, 342], "panel_size": 123462, "panel_aspectRatio": 1.0555555555555556, "category": "Introduction", "figures": 4, "textlen": 103, "fig_size": 61742, "title": "What happens when width(# of channels) is large?", "3": {"fig_size": 18360, "fig_aspectRatio": 3.5416666666666665, "fig_size_poster": 0.7063711911357341}, "4": {"fig_size": 5751, "fig_aspectRatio": 0.8765432098765432, "fig_size_poster": 0.19667590027700832}, "5": {"fig_size": 10955, "fig_aspectRatio": 8.942857142857143, "fig_size_poster": 0.8670360110803325}, "6": {"fig_size": 26676, "fig_aspectRatio": 4.384615384615385, "fig_size_poster": 0.9473684210526315}, "textRatio": 0.4660633484162896, "figRatio": 0.33485915111019515}, "9": {"xy": [17, 441, 362, 146], "panel_size": 52852, "panel_aspectRatio": 2.4794520547945207, "category": "Method", "figures": 0, "textlen": 84, "fig_size": 0, "title": "In what sense does an ultra wide NN converge to NTK?", "textRatio": 0.38009049773755654, "figRatio": 0.0}, "12": {"xy": [383, 97, 393, 485], "panel_size": 190605, "panel_aspectRatio": 0.8103092783505155, "category": "Result", "figures": 4, "textlen": 34, "fig_size": 122640, "title": "Convolutional Neural Tangent Kernel(CNTK)", "13": {"fig_size": 27972, "fig_aspectRatio": 5.108108108108108, "fig_size_poster": 0.9618320610687023}, "14": {"fig_size": 31008, "fig_aspectRatio": 1.3421052631578947, "fig_size_poster": 0.5190839694656488}, "15": {"fig_size": 24940, "fig_aspectRatio": 1.186206896551724, "fig_size_poster": 0.43765903307888043}, "16": {"fig_size": 38720, "fig_aspectRatio": 2.644628099173554, "fig_size_poster": 0.8142493638676844}, "textRatio": 0.15384615384615385, "figRatio": 0.6651408488898048}}}