{"poster_size": 5971968, "doclen": 40, "figlen": 2384583, "section": {"1": {"xy": [987, 14, 1478, 100], "panel_size": 147800, "panel_aspectRatio": 14.78, "category": "Title", "figures": 0, "textlen": 0, "fig_size": 0, "title": "Polynomial Cost of Adaptation for X-Armed Bandits", "textRatio": 0.0, "figRatio": 0.0}, "2": {"xy": [51, 196, 1091, 277], "panel_size": 302207, "panel_aspectRatio": 3.9386281588447654, "category": "Introduction", "figures": 0, "textlen": 0, "fig_size": 0, "title": "Introduction\nX-armed bandits are a generalization of the K-armed bandit problem , in which the action set iscontinuous. [Locatelli and Carpentier \"18] recently uncovered obstacles to designingalgorithms that adapt to the regularity of the mean-payoff function.\nWe revisit the lower bound and provide an algorithm that isas adaptive as possible.", "textRatio": 0.0, "figRatio": 0.0}, "3": {"xy": [53, 484, 1093, 359], "panel_size": 392387, "panel_aspectRatio": 3.0445682451253484, "category": "Method", "figures": 1, "textlen": 0, "fig_size": 299520, "title": "X-Armed Bandits", "4": {"fig_size": 299520, "fig_aspectRatio": 3.076923076923077, "fig_size_poster": 0.8783165599268069}, "textRatio": 0.0, "figRatio": 0.12560686711261465}, "5": {"xy": [51, 859, 1098, 532], "panel_size": 584136, "panel_aspectRatio": 2.06390977443609, "category": "Method", "figures": 2, "textlen": 0, "fig_size": 399417, "title": "Known smoothness? Discretize", "6": {"fig_size": 306150, "fig_aspectRatio": 2.8984615384615386, "fig_size_poster": 0.8579234972677595}, "7": {"fig_size": 93267, "fig_aspectRatio": 5.604651162790698, "fig_size_poster": 0.6584699453551912}, "textRatio": 0.0, "figRatio": 0.16749972636725163}, "8": {"xy": [58, 1396, 1093, 307], "panel_size": 335551, "panel_aspectRatio": 3.560260586319218, "category": "Method", "figures": 1, "textlen": 22, "fig_size": 79968, "title": "Unknown smoothness?", "10": {"fig_size": 79968, "fig_aspectRatio": 7.686274509803922, "fig_size_poster": 0.717291857273559}, "textRatio": 0.55, "figRatio": 0.033535423174617954}, "11": {"xy": [1190, 198, 1079, 302], "panel_size": 325858, "panel_aspectRatio": 3.5728476821192054, "category": "Method", "figures": 1, "textlen": 0, "fig_size": 208624, "title": "A closer look at the lower bound", "12": {"fig_size": 208624, "fig_aspectRatio": 3.7457627118644066, "fig_size_poster": 0.8192771084337349}, "textRatio": 0.0, "figRatio": 0.08748867202357813}, "13": {"xy": [1185, 518, 1102, 432], "panel_size": 476064, "panel_aspectRatio": 2.550925925925926, "category": "Method", "figures": 2, "textlen": 18, "fig_size": 252208, "title": "Minimal solutions to ", "14": {"fig_size": 56500, "fig_aspectRatio": 3.616, "fig_size_poster": 0.4101633393829401}, "15": {"fig_size": 195708, "fig_aspectRatio": 1.6253602305475505, "fig_size_poster": 0.5117967332123412}, "textRatio": 0.45, "figRatio": 0.10576608153291372}, "17": {"xy": [1187, 964, 1093, 507], "panel_size": 554151, "panel_aspectRatio": 2.155818540433925, "category": "Method", "figures": 0, "textlen": 0, "fig_size": 0, "title": "Matching the lower bound(s): 3 ingredients\nUsual methods zoom in on promising regions,in a way that crucially depends on the regularity\neg.- Bubeck, Munos, Stoltz, Szepeswari '11\"X-Armed Bandits\n\"Kleinberg, Slivkins, Upfal 11  Bandits in metric spaces\n\"Bull '15 \"Adaptive-treed bandits\", and many more isee full paper)\nWe do the opposite and zoom out\nDiscretize: Split the time budget into epochs; use a new discretization in each epoch.\nZoom Out: At each new epoch, reset the algorithm and start over a new regime of length double the previous one and with half fewer discrete arms.\nMemorize past actions: Allow the discrete algorithm to pick an action uniformly amongthe actions played in each of the past epochs,", "textRatio": 0.0, "figRatio": 0.0}, "18": {"xy": [1169, 1491, 1134, 214], "panel_size": 242676, "panel_aspectRatio": 5.299065420560748, "category": "Method", "figures": 1, "textlen": 0, "fig_size": 99189, "title": "Algorithm:MeDZO ", "19": {"fig_size": 99189, "fig_aspectRatio": 8.663551401869158, "fig_size_poster": 0.8174603174603174}, "textRatio": 0.0, "figRatio": 0.0415959519966384}, "20": {"xy": [2330, 189, 1055, 511], "panel_size": 539105, "panel_aspectRatio": 2.064579256360078, "category": "Method", "figures": 1, "textlen": 0, "fig_size": 397053, "title": "", "21": {"fig_size": 397053, "fig_aspectRatio": 1.7898089171974523, "fig_size_poster": 0.7990521327014218}, "textRatio": 0.0, "figRatio": 0.16650835806512082}, "22": {"xy": [2310, 718, 1111, 719], "panel_size": 798809, "panel_aspectRatio": 1.545201668984701, "category": "Method", "figures": 2, "textlen": 0, "fig_size": 648604, "title": "Regret analysis", "23": {"fig_size": 274296, "fig_aspectRatio": 3.9356060606060606, "fig_size_poster": 0.9351935193519352}, "24": {"fig_size": 374308, "fig_aspectRatio": 2.856353591160221, "fig_size_poster": 0.9306930693069307}, "textRatio": 0.0, "figRatio": 0.2719989197272647}}}