{"poster_size": 8018220, "doclen": 266, "figlen": 2817219, "section": {"0": {"xy": [1015, 1, 1411, 84], "panel_size": 118524, "panel_aspectRatio": 16.797619047619047, "category": "Title", "figures": 0, "textlen": 0, "fig_size": 0, "title": "On gradient regularizers for MMD GANs", "textRatio": 0.0, "figRatio": 0.0}, "1": {"xy": [15, 301, 1107, 303], "panel_size": 335421, "panel_aspectRatio": 3.6534653465346536, "category": "Introduction", "figures": 0, "textlen": 47, "fig_size": 0, "title": "Overview", "textRatio": 0.17669172932330826, "figRatio": 0.0}, "3": {"xy": [10, 618, 1117, 1309], "panel_size": 1462153, "panel_aspectRatio": 0.8533231474407945, "category": "Method", "figures": 6, "textlen": 74, "fig_size": 738116, "title": "Integral Probability Metrics", "5": {"fig_size": 45448, "fig_aspectRatio": 7.868421052631579, "fig_size_poster": 0.5353625783348255}, "7": {"fig_size": 26128, "fig_aspectRatio": 12.347826086956522, "fig_size_poster": 0.5085049239033125}, "9": {"fig_size": 218500, "fig_aspectRatio": 1.1441647597254005, "fig_size_poster": 0.4476275738585497}, "11": {"fig_size": 23400, "fig_aspectRatio": 9.36, "fig_size_poster": 0.41897940913160253}, "13": {"fig_size": 101500, "fig_aspectRatio": 3.3142857142857145, "fig_size_poster": 0.5192479856759177}, "15": {"fig_size": 323140, "fig_aspectRatio": 3.543046357615894, "fig_size_poster": 0.9579230080572964}, "textRatio": 0.2781954887218045, "figRatio": 0.26200164062502773}, "16": {"xy": [13, 1958, 1107, 327], "panel_size": 361989, "panel_aspectRatio": 3.385321100917431, "category": "Method", "figures": 3, "textlen": 12, "fig_size": 171863, "title": "Maximum Mean Discrepancy for GANs", "18": {"fig_size": 21632, "fig_aspectRatio": 8.0, "fig_size_poster": 0.3757904245709124}, "19": {"fig_size": 37557, "fig_aspectRatio": 3.2803738317757007, "fig_size_poster": 0.3170731707317073}, "21": {"fig_size": 112674, "fig_aspectRatio": 2.5308056872037916, "fig_size_poster": 0.4823848238482385}, "textRatio": 0.045112781954887216, "figRatio": 0.06100448704910765}, "22": {"xy": [1138, 301, 1097, 523], "panel_size": 573731, "panel_aspectRatio": 2.0975143403441683, "category": "Method", "figures": 2, "textlen": 7, "fig_size": 340595, "title": "Continuity under weak topology", "24": {"fig_size": 182052, "fig_aspectRatio": 1.2030848329048842, "fig_size_poster": 0.4266180492251595}, "25": {"fig_size": 158543, "fig_aspectRatio": 1.5579937304075235, "fig_size_poster": 0.45305378304466726}, "textRatio": 0.02631578947368421, "figRatio": 0.12089759440071929}, "26": {"xy": [1135, 845, 1098, 1020], "panel_size": 1119960, "panel_aspectRatio": 1.076470588235294, "category": "Method", "figures": 9, "textlen": 21, "fig_size": 665700, "title": "Gradient Constrained MMD", "28": {"fig_size": 19796, "fig_aspectRatio": 8.244897959183673, "fig_size_poster": 0.3679417122040073}, "29": {"fig_size": 60444, "fig_aspectRatio": 12.695652173913043, "fig_size_poster": 0.7978142076502732}, "30": {"fig_size": 65688, "fig_aspectRatio": 9.30952380952381, "fig_size_poster": 0.7122040072859745}, "32": {"fig_size": 12751, "fig_aspectRatio": 7.585365853658536, "fig_size_poster": 0.28324225865209474}, "34": {"fig_size": 21056, "fig_aspectRatio": 9.53191489361702, "fig_size_poster": 0.4080145719489982}, "35": {"fig_size": 27871, "fig_aspectRatio": 12.617021276595745, "fig_size_poster": 0.5400728597449909}, "36": {"fig_size": 154364, "fig_aspectRatio": 7.047297297297297, "fig_size_poster": 0.9499089253187614}, "37": {"fig_size": 147126, "fig_aspectRatio": 1.28023598820059, "fig_size_poster": 0.39526411657559196}, "38": {"fig_size": 156604, "fig_aspectRatio": 1.446808510638298, "fig_size_poster": 0.4335154826958106}, "textRatio": 0.07894736842105263, "figRatio": 0.23629685871066466}, "39": {"xy": [1135, 1894, 1100, 409], "panel_size": 449900, "panel_aspectRatio": 2.6894865525672373, "category": "Method", "figures": 1, "textlen": 53, "fig_size": 142556, "title": "Theory: Continuity under weak topology", "41": {"fig_size": 142556, "fig_aspectRatio": 1.4458598726114649, "fig_size_poster": 0.4127272727272727}, "textRatio": 0.19924812030075187, "figRatio": 0.0506016749141618}, "43": {"xy": [2247, 291, 1121, 1201], "panel_size": 1346321, "panel_aspectRatio": 0.9333888426311407, "category": "Result", "figures": 4, "textlen": 52, "fig_size": 442486, "title": "Experimental Comparison", "45": {"fig_size": 112871, "fig_aspectRatio": 1.0302114803625377, "fig_size_poster": 0.30419268510258696}, "47": {"fig_size": 108237, "fig_aspectRatio": 0.9879154078549849, "fig_size_poster": 0.29170383586083853}, "49": {"fig_size": 110514, "fig_aspectRatio": 1.039877300613497, "fig_size_poster": 0.3024085637823372}, "51": {"fig_size": 110864, "fig_aspectRatio": 1.0304878048780488, "fig_size_poster": 0.3015165031222123}, "textRatio": 0.19548872180451127, "figRatio": 0.15706482172667444}, "56": {"xy": [2251, 1515, 1102, 411], "panel_size": 452922, "panel_aspectRatio": 2.681265206812652, "category": "Result", "figures": 2, "textlen": 0, "fig_size": 315903, "title": "Faster training and better complexity control", "57": {"fig_size": 177552, "fig_aspectRatio": 1.691358024691358, "fig_size_poster": 0.49727767695099817}, "58": {"fig_size": 138351, "fig_aspectRatio": 1.3426791277258567, "fig_size_poster": 0.3911070780399274}, "textRatio": 0.0, "figRatio": 0.11213292257364443}}}