{"poster_size": 8957952, "doclen": 290, "figlen": 2400685, "section": {"2": {"xy": [74, 67, 3360, 170], "panel_size": 571200, "panel_aspectRatio": 19.764705882352942, "category": "Title", "figures": 0, "textlen": 0, "fig_size": 0, "title": "Unsupervised Learning of Object Structure and Dynamics from Videos", "textRatio": 0.0, "figRatio": 0.0}, "3": {"xy": [67, 487, 1077, 974], "panel_size": 1048998, "panel_aspectRatio": 1.1057494866529773, "category": "Introduction", "figures": 1, "textlen": 74, "fig_size": 174240, "title": "1 Introduction", "4": {"fig_size": 174240, "fig_aspectRatio": 3.6, "fig_size_poster": 0.7353760445682451}, "textRatio": 0.25517241379310346, "figRatio": 0.07257928466250257}, "7": {"xy": [1178, 482, 2198, 982], "panel_size": 2158436, "panel_aspectRatio": 2.2382892057026478, "category": "Method", "figures": 1, "textlen": 84, "fig_size": 1059744, "title": "2 Structured image representation\n3 Latent dynamics model", "8": {"fig_size": 1059744, "fig_aspectRatio": 4.2730923694779115, "fig_size_poster": 0.9681528662420382}, "textRatio": 0.2896551724137931, "figRatio": 0.4414340073770611}, "11": {"xy": [77, 1544, 1060, 980], "panel_size": 1038800, "panel_aspectRatio": 1.0816326530612246, "category": "Method", "figures": 2, "textlen": 17, "fig_size": 556720, "title": "Video prediction", "12": {"fig_size": 146880, "fig_aspectRatio": 2.0148148148148146, "fig_size_poster": 0.5132075471698113}, "13": {"fig_size": 409840, "fig_aspectRatio": 2.1559633027522938, "fig_size_poster": 0.8867924528301887}, "textRatio": 0.05862068965517241, "figRatio": 0.23190047840512187}, "15": {"xy": [1185, 1552, 1078, 970], "panel_size": 1045660, "panel_aspectRatio": 1.111340206185567, "category": "Method", "figures": 1, "textlen": 48, "fig_size": 299880, "title": "5 Metrics and ablations", "16": {"fig_size": 299880, "fig_aspectRatio": 0.43217286914765907, "fig_size_poster": 0.3339517625231911}, "textRatio": 0.16551724137931034, "figRatio": 0.12491434736335671}, "18": {"xy": [2305, 1547, 1068, 960], "panel_size": 1025280, "panel_aspectRatio": 1.1125, "category": "Result", "figures": 2, "textlen": 67, "fig_size": 310101, "title": "6 Using the learned representions", "19": {"fig_size": 119405, "fig_aspectRatio": 4.281437125748503, "fig_size_poster": 0.6694756554307116}, "20": {"fig_size": 190696, "fig_aspectRatio": 4.913705583756345, "fig_size_poster": 0.9063670411985019}, "textRatio": 0.23103448275862068, "figRatio": 0.12917188219195772}}}