{"poster_size": 8036464, "doclen": 383, "figlen": 1983197, "section": {"0": {"xy": [255, 6, 2915, 124], "panel_size": 361460, "panel_aspectRatio": 23.508064516129032, "category": "Title", "figures": 0, "textlen": 0, "fig_size": 0, "title": "Sequential Test for the Lowest Mean: From Thompson to Murphy Sampling", "textRatio": 0.0, "figRatio": 0.0}, "1": {"xy": [54, 245, 1077, 303], "panel_size": 326331, "panel_aspectRatio": 3.5544554455445545, "category": "Introduction", "figures": 0, "textlen": 22, "fig_size": 0, "title": "Motivating Questions", "textRatio": 0.057441253263707574, "figRatio": 0.0}, "3": {"xy": [4, 573, 1113, 443], "panel_size": 493059, "panel_aspectRatio": 2.5124153498871333, "category": "Method", "figures": 1, "textlen": 26, "fig_size": 211548, "title": "Stylised to Minimum Threshold Identification", "5": {"fig_size": 211548, "fig_aspectRatio": 2.5328719723183393, "fig_size_poster": 0.6576819407008087}, "textRatio": 0.06788511749347259, "figRatio": 0.10667018959790682}, "7": {"xy": [35, 1039, 1080, 584], "panel_size": 630720, "panel_aspectRatio": 1.8493150684931507, "category": "Method", "figures": 3, "textlen": 29, "fig_size": 254508, "title": "Lower Bound", "9": {"fig_size": 29172, "fig_aspectRatio": 4.794871794871795, "fig_size_poster": 0.34629629629629627}, "11": {"fig_size": 117480, "fig_aspectRatio": 2.4272727272727272, "fig_size_poster": 0.49444444444444446}, "12": {"fig_size": 107856, "fig_aspectRatio": 2.3551401869158877, "fig_size_poster": 0.4666666666666667}, "textRatio": 0.07571801566579635, "figRatio": 0.12833218283408052}, "13": {"xy": [45, 1659, 1070, 384], "panel_size": 410880, "panel_aspectRatio": 2.7864583333333335, "category": "Method", "figures": 2, "textlen": 0, "fig_size": 171666, "title": "Dichotomous Oracle Behaviour! Sampling Rule", "14": {"fig_size": 90882, "fig_aspectRatio": 1.0303030303030303, "fig_size_poster": 0.28598130841121494}, "15": {"fig_size": 80784, "fig_aspectRatio": 0.9158249158249159, "fig_size_poster": 0.2542056074766355}, "textRatio": 0.0, "figRatio": 0.08656023582125225}, "16": {"xy": [45, 2080, 1065, 270], "panel_size": 287550, "panel_aspectRatio": 3.9444444444444446, "category": "Method", "figures": 1, "textlen": 13, "fig_size": 119724, "title": "Real Algorithms Must Sample Every Arm", "18": {"fig_size": 119724, "fig_aspectRatio": 6.871212121212121, "fig_size_poster": 0.8516431924882629}, "textRatio": 0.033942558746736295, "figRatio": 0.06036919176461037}, "19": {"xy": [1156, 252, 1072, 409], "panel_size": 438448, "panel_aspectRatio": 2.6210268948655258, "category": "Method", "figures": 0, "textlen": 52, "fig_size": 0, "title": "Sampling Rules", "textRatio": 0.13577023498694518, "figRatio": 0.0}, "21": {"xy": [1154, 675, 1068, 277], "panel_size": 295836, "panel_aspectRatio": 3.8555956678700363, "category": "Method", "figures": 0, "textlen": 31, "fig_size": 0, "title": "Intuition for Murphy Sampling", "textRatio": 0.08093994778067885, "figRatio": 0.0}, "23": {"xy": [1145, 979, 1077, 503], "panel_size": 541731, "panel_aspectRatio": 2.1411530815109345, "category": "Result", "figures": 1, "textlen": 32, "fig_size": 137488, "title": "Main Result 1 : Murphy Sampling Rule", "25": {"fig_size": 137488, "fig_aspectRatio": 3.1778846153846154, "fig_size_poster": 0.6137418755803157}, "textRatio": 0.0835509138381201, "figRatio": 0.06932644613722187}, "27": {"xy": [1153, 1511, 1060, 850], "panel_size": 901000, "panel_aspectRatio": 1.2470588235294118, "category": "Result", "figures": 4, "textlen": 37, "fig_size": 446510, "title": "Numerical Results", "29": {"fig_size": 108080, "fig_aspectRatio": 1.3785714285714286, "fig_size_poster": 0.3641509433962264}, "31": {"fig_size": 126380, "fig_aspectRatio": 1.5669014084507042, "fig_size_poster": 0.419811320754717}, "33": {"fig_size": 102304, "fig_aspectRatio": 1.3237410071942446, "fig_size_poster": 0.3471698113207547}, "34": {"fig_size": 109746, "fig_aspectRatio": 1.4725274725274726, "fig_size_poster": 0.37924528301886795}, "textRatio": 0.09660574412532637, "figRatio": 0.2251465688986016}, "36": {"xy": [2260, 252, 1060, 200], "panel_size": 212000, "panel_aspectRatio": 5.3, "category": "Result", "figures": 0, "textlen": 18, "fig_size": 0, "title": "(Non-Asymptotic) Adaptivity", "textRatio": 0.04699738903394256, "figRatio": 0.0}, "38": {"xy": [2249, 484, 1084, 366], "panel_size": 396744, "panel_aspectRatio": 2.9617486338797816, "category": "Result", "figures": 0, "textlen": 47, "fig_size": 0, "title": "Confidence Interval for Minimum", "textRatio": 0.1227154046997389, "figRatio": 0.0}, "40": {"xy": [2247, 877, 1079, 491], "panel_size": 529789, "panel_aspectRatio": 2.1975560081466394, "category": "Result", "figures": 2, "textlen": 30, "fig_size": 205982, "title": "Main Result 2: Deviation Inequalities", "42": {"fig_size": 94760, "fig_aspectRatio": 8.932038834951456, "fig_size_poster": 0.8526413345690455}, "43": {"fig_size": 111222, "fig_aspectRatio": 9.027027027027026, "fig_size_poster": 0.9286376274328082}, "textRatio": 0.0783289817232376, "figRatio": 0.10386361012042676}, "45": {"xy": [2253, 1407, 1073, 772], "panel_size": 828356, "panel_aspectRatio": 1.3898963730569949, "category": "Result", "figures": 5, "textlen": 36, "fig_size": 435771, "title": "Numerical Results", "46": {"fig_size": 76506, "fig_aspectRatio": 1.2642276422764227, "fig_size_poster": 0.2898415657036347}, "47": {"fig_size": 79950, "fig_aspectRatio": 1.3211382113821137, "fig_size_poster": 0.30288909599254427}, "48": {"fig_size": 83525, "fig_aspectRatio": 1.264591439688716, "fig_size_poster": 0.30288909599254427}, "50": {"fig_size": 97740, "fig_aspectRatio": 1.3407407407407408, "fig_size_poster": 0.33737185461323393}, "51": {"fig_size": 98050, "fig_aspectRatio": 1.3962264150943395, "fig_size_poster": 0.3448275862068966}, "textRatio": 0.09399477806788512, "figRatio": 0.2197315748258998}, "53": {"xy": [2249, 2216, 1075, 138], "panel_size": 148350, "panel_aspectRatio": 7.7898550724637685, "category": "Discussion", "figures": 0, "textlen": 10, "fig_size": 0, "title": "What's Next", "textRatio": 0.02610966057441253, "figRatio": 0.0}}}