{"poster_size": 11612160, "doclen": 385, "figlen": 1123984, "section": {"1": {"xy": [971, 52, 2191, 112], "panel_size": 245392, "panel_aspectRatio": 19.5625, "category": "Title", "figures": 0, "textlen": 0, "fig_size": 0, "title": "Improving Online Algorithms via ML Predictions", "textRatio": 0.0, "figRatio": 0.0}, "2": {"xy": [71, 473, 1297, 257], "panel_size": 333329, "panel_aspectRatio": 5.046692607003891, "category": "Introduction", "figures": 0, "textlen": 14, "fig_size": 0, "title": "Main Question", "textRatio": 0.03636363636363636, "figRatio": 0.0}, "3": {"xy": [104, 746, 1216, 657], "panel_size": 798912, "panel_aspectRatio": 1.8508371385083713, "category": "Introduction", "figures": 0, "textlen": 45, "fig_size": 0, "title": "Tackling Uncertainty", "textRatio": 0.11688311688311688, "figRatio": 0.0}, "8": {"xy": [78, 1426, 1268, 529], "panel_size": 670772, "panel_aspectRatio": 2.3969754253308126, "category": "Introduction", "figures": 0, "textlen": 58, "fig_size": 0, "title": "Introduction", "textRatio": 0.15064935064935064, "figRatio": 0.0}, "11": {"xy": [1392, 463, 1260, 814], "panel_size": 1025640, "panel_aspectRatio": 1.547911547911548, "category": "Method", "figures": 0, "textlen": 55, "fig_size": 0, "title": "Ski Rental", "textRatio": 0.14285714285714285, "figRatio": 0.0}, "13": {"xy": [73, 1974, 1279, 456], "panel_size": 583224, "panel_aspectRatio": 2.8048245614035086, "category": "Method", "figures": 1, "textlen": 26, "fig_size": 88550, "title": "Comptetive Ratio", "14": {"fig_size": 88550, "fig_aspectRatio": 7.318181818181818, "fig_size_poster": 0.6293979671618452}, "textRatio": 0.06753246753246753, "figRatio": 0.07878226024569744}, "17": {"xy": [1378, 1288, 1326, 393], "panel_size": 521118, "panel_aspectRatio": 3.3740458015267176, "category": "Method", "figures": 0, "textlen": 19, "fig_size": 0, "title": "Naive Algorithm", "textRatio": 0.04935064935064935, "figRatio": 0.0}, "20": {"xy": [1366, 1691, 1307, 376], "panel_size": 491432, "panel_aspectRatio": 3.476063829787234, "category": "Method", "figures": 0, "textlen": 25, "fig_size": 0, "title": "Consistent and Robust Algorithms", "textRatio": 0.06493506493506493, "figRatio": 0.0}, "23": {"xy": [1401, 2091, 1281, 730], "panel_size": 935130, "panel_aspectRatio": 1.7547945205479452, "category": "Method", "figures": 1, "textlen": 38, "fig_size": 223004, "title": "Main Theorem: Ski Rental", "25": {"fig_size": 223004, "fig_aspectRatio": 1.4365482233502538, "fig_size_poster": 0.4418423106947697}, "textRatio": 0.0987012987012987, "figRatio": 0.19840495950120288}, "28": {"xy": [2689, 459, 1312, 380], "panel_size": 498560, "panel_aspectRatio": 3.4526315789473685, "category": "Method", "figures": 0, "textlen": 47, "fig_size": 0, "title": "Non-Clairvoyant Scheduling", "textRatio": 0.12207792207792208, "figRatio": 0.0}, "30": {"xy": [2707, 845, 1324, 740], "panel_size": 979760, "panel_aspectRatio": 1.7891891891891891, "category": "Method", "figures": 2, "textlen": 14, "fig_size": 484310, "title": "Best Algorithms without Predictions", "33": {"fig_size": 238610, "fig_aspectRatio": 4.798206278026906, "fig_size_poster": 0.8081570996978852}, "35": {"fig_size": 245700, "fig_aspectRatio": 4.8533333333333335, "fig_size_poster": 0.824773413897281}, "textRatio": 0.03636363636363636, "figRatio": 0.4308869165397372}, "36": {"xy": [2712, 1615, 1300, 862], "panel_size": 1120600, "panel_aspectRatio": 1.5081206496519721, "category": "Method", "figures": 1, "textlen": 36, "fig_size": 328120, "title": "Using Predictions", "40": {"fig_size": 328120, "fig_aspectRatio": 4.8538461538461535, "fig_size_poster": 0.9707692307692307}, "textRatio": 0.09350649350649351, "figRatio": 0.2919258637133625}, "41": {"xy": [2711, 2505, 1255, 237], "panel_size": 297435, "panel_aspectRatio": 5.29535864978903, "category": "Method", "figures": 0, "textlen": 8, "fig_size": 0, "title": "Main Theorem: Scheduling", "textRatio": 0.02077922077922078, "figRatio": 0.0}}}