{"poster_size": 8036464, "doclen": 556, "figlen": 1486877, "section": {"1": {"xy": [728, 52, 2473, 79], "panel_size": 195367, "panel_aspectRatio": 31.303797468354432, "category": "Introduction", "figures": 0, "textlen": 0, "fig_size": 0, "title": "Relating Leverage Scores and Density using Regularized Christoffel Functions", "textRatio": 0.0, "figRatio": 0.0}, "2": {"xy": [42, 269, 797, 798], "panel_size": 636006, "panel_aspectRatio": 0.9987468671679198, "category": "Introduction", "figures": 2, "textlen": 115, "fig_size": 47814, "title": "Statistical Leverage scores", "4": {"fig_size": 28116, "fig_aspectRatio": 6.454545454545454, "fig_size_poster": 0.534504391468005}, "6": {"fig_size": 19698, "fig_aspectRatio": 11.166666666666666, "fig_size_poster": 0.588456712672522}, "textRatio": 0.2068345323741007, "figRatio": 0.03215733379425467}, "8": {"xy": [868, 271, 802, 803], "panel_size": 644006, "panel_aspectRatio": 0.9987546699875467, "category": "Method", "figures": 2, "textlen": 97, "fig_size": 54029, "title": "Main question", "11": {"fig_size": 28208, "fig_aspectRatio": 16.78048780487805, "fig_size_poster": 0.85785536159601}, "13": {"fig_size": 25821, "fig_aspectRatio": 7.947368421052632, "fig_size_poster": 0.5648379052369077}, "textRatio": 0.17446043165467626, "figRatio": 0.03633723569602597}, "15": {"xy": [1699, 274, 1640, 1105], "panel_size": 1812200, "panel_aspectRatio": 1.4841628959276019, "category": "Method", "figures": 6, "textlen": 159, "fig_size": 558105, "title": "Proof using regularized Christoffel function", "16": {"fig_size": 174196, "fig_aspectRatio": 3.803738317757009, "fig_size_poster": 0.49634146341463414}, "19": {"fig_size": 104636, "fig_aspectRatio": 4.777027027027027, "fig_size_poster": 0.43109756097560975}, "22": {"fig_size": 78936, "fig_aspectRatio": 3.86013986013986, "fig_size_poster": 0.33658536585365856}, "24": {"fig_size": 64637, "fig_aspectRatio": 5.440366972477064, "fig_size_poster": 0.3615853658536585}, "26": {"fig_size": 64300, "fig_aspectRatio": 6.43, "fig_size_poster": 0.39207317073170733}, "28": {"fig_size": 71400, "fig_aspectRatio": 5.042016806722689, "fig_size_poster": 0.36585365853658536}, "textRatio": 0.28597122302158273, "figRatio": 0.37535384567788727}, "30": {"xy": [42, 1112, 1626, 948], "panel_size": 1541448, "panel_aspectRatio": 1.7151898734177216, "category": "Result", "figures": 2, "textlen": 159, "fig_size": 270572, "title": "Main result", "32": {"fig_size": 88064, "fig_aspectRatio": 11.906976744186046, "fig_size_poster": 0.6297662976629766}, "35": {"fig_size": 182508, "fig_aspectRatio": 10.164179104477611, "fig_size_poster": 0.8376383763837638}, "textRatio": 0.28597122302158273, "figRatio": 0.18197335758102384}, "38": {"xy": [1699, 1407, 1629, 641], "panel_size": 1044189, "panel_aspectRatio": 2.5413416536661466, "category": "Result", "figures": 2, "textlen": 26, "fig_size": 556357, "title": "Numerical simulations", "40": {"fig_size": 321860, "fig_aspectRatio": 2.1714285714285713, "fig_size_poster": 0.5131982811540823}, "41": {"fig_size": 234497, "fig_aspectRatio": 1.323040380047506, "fig_size_poster": 0.3419275629220381}, "textRatio": 0.046762589928057555, "figRatio": 0.37417822725080824}}}