{"poster_size": 484704, "doclen": 140, "figlen": 166805, "section": {"1": {"xy": [166, 40, 481, 21], "panel_size": 10101, "panel_aspectRatio": 22.904761904761905, "category": "Title", "figures": 0, "textlen": 0, "fig_size": 0, "title": "On Exact Computation with an Infinitely Wide Neural Net", "textRatio": 0.0, "figRatio": 0.0}, "2": {"xy": [18, 99, 362, 124], "panel_size": 44888, "panel_aspectRatio": 2.9193548387096775, "category": "Introduction", "figures": 0, "textlen": 95, "fig_size": 0, "title": "What happens when width (# of channels) is large?", "textRatio": 0.6785714285714286, "figRatio": 0.0}, "5": {"xy": [19, 221, 352, 218], "panel_size": 76736, "panel_aspectRatio": 1.614678899082569, "category": "Method", "figures": 6, "textlen": 0, "fig_size": 59054, "title": "Fuily connected (FC) networks and Neural Tangent kernel", "6": {"fig_size": 19240, "fig_aspectRatio": 3.5135135135135136, "fig_size_poster": 0.7386363636363636}, "7": {"fig_size": 6000, "fig_aspectRatio": 15.0, "fig_size_poster": 0.8522727272727273}, "8": {"fig_size": 6132, "fig_aspectRatio": 0.8690476190476191, "fig_size_poster": 0.20738636363636365}, "9": {"fig_size": 7924, "fig_aspectRatio": 10.107142857142858, "fig_size_poster": 0.8039772727272727}, "10": {"fig_size": 9900, "fig_aspectRatio": 2.75, "fig_size_poster": 0.46875}, "11": {"fig_size": 9858, "fig_aspectRatio": 2.564516129032258, "fig_size_poster": 0.45170454545454547}, "textRatio": 0.0, "figRatio": 0.35403015497137375}, "12": {"xy": [383, 99, 385, 377], "panel_size": 145145, "panel_aspectRatio": 1.0212201591511936, "category": "Method", "figures": 4, "textlen": 45, "fig_size": 107751, "title": "Convolutional Neural Tangent Kernel (CNTK)", "13": {"fig_size": 26928, "fig_aspectRatio": 5.194444444444445, "fig_size_poster": 0.9714285714285714}, "14": {"fig_size": 31512, "fig_aspectRatio": 1.294871794871795, "fig_size_poster": 0.5246753246753246}, "15": {"fig_size": 25137, "fig_aspectRatio": 1.163265306122449, "fig_size_poster": 0.44415584415584414}, "16": {"fig_size": 24174, "fig_aspectRatio": 3.8734177215189876, "fig_size_poster": 0.7948051948051948}, "textRatio": 0.32142857142857145, "figRatio": 0.6459698450286262}}}