{"poster_size": 15754176, "doclen": 282, "figlen": 6391531, "section": {"1": {"xy": [35, 441, 1700, 533], "panel_size": 906100, "panel_aspectRatio": 3.189493433395872, "category": "Introduction", "figures": 0, "textlen": 0, "fig_size": 0, "title": "Gradient-Based Meta-Learning\n(GBML)", "textRatio": 0.0, "figRatio": 0.0}, "3": {"xy": [43, 1003, 1692, 1951], "panel_size": 3301092, "panel_aspectRatio": 0.867247565351102, "category": "Method", "figures": 3, "textlen": 34, "fig_size": 2252046, "title": "Average Regret-Upper-Bound Analysis", "4": {"fig_size": 640749, "fig_aspectRatio": 3.7931873479318736, "fig_size_poster": 0.9213947990543735}, "5": {"fig_size": 680596, "fig_aspectRatio": 3.580275229357798, "fig_size_poster": 0.9225768321513003}, "9": {"fig_size": 930701, "fig_aspectRatio": 2.7954939341421143, "fig_size_poster": 0.9533096926713948}, "textRatio": 0.12056737588652482, "figRatio": 0.35234844358886785}, "10": {"xy": [1799, 449, 1597, 454], "panel_size": 725038, "panel_aspectRatio": 3.5176211453744495, "category": "Method", "figures": 0, "textlen": 26, "fig_size": 0, "title": "Generic GBML Training:", "textRatio": 0.09219858156028368, "figRatio": 0.0}, "12": {"xy": [1763, 926, 1672, 882], "panel_size": 1474704, "panel_aspectRatio": 1.8956916099773242, "category": "Method", "figures": 2, "textlen": 0, "fig_size": 1256545, "title": "Average Regret Guarantees", "13": {"fig_size": 541516, "fig_aspectRatio": 4.942598187311178, "fig_size_poster": 0.9784688995215312}, "14": {"fig_size": 715029, "fig_aspectRatio": 3.8491879350348026, "fig_size_poster": 0.9922248803827751}, "textRatio": 0.0, "figRatio": 0.1965953071337681}, "15": {"xy": [1753, 1846, 1690, 923], "panel_size": 1559870, "panel_aspectRatio": 1.8309859154929577, "category": "Method", "figures": 1, "textlen": 48, "fig_size": 681420, "title": "Statistical Guarantees", "16": {"fig_size": 681420, "fig_aspectRatio": 4.053658536585366, "fig_size_poster": 0.9834319526627219}, "textRatio": 0.1702127659574468, "figRatio": 0.10661295392293334}, "20": {"xy": [3455, 454, 1713, 1728], "panel_size": 2960064, "panel_aspectRatio": 0.9913194444444444, "category": "Result", "figures": 2, "textlen": 73, "fig_size": 1517928, "title": "Application to Few-Shot Meta-Learning", "21": {"fig_size": 382464, "fig_aspectRatio": 6.168674698795181, "fig_size_poster": 0.8966725043782837}, "23": {"fig_size": 1135464, "fig_aspectRatio": 2.1542699724517904, "fig_size_poster": 0.9130180969060129}, "textRatio": 0.25886524822695034, "figRatio": 0.23749051674786525}, "25": {"xy": [3471, 2182, 1687, 821], "panel_size": 1385027, "panel_aspectRatio": 2.0548112058465287, "category": "Result", "figures": 1, "textlen": 37, "fig_size": 683592, "title": "Application to Federated Learning", "26": {"fig_size": 683592, "fig_aspectRatio": 1.289835164835165, "fig_size_poster": 0.5566093657379965}, "textRatio": 0.13120567375886524, "figRatio": 0.10695277860656546}}}