{"poster_size": 4340952, "doclen": 629, "figlen": 923041, "section": {"1": {"xy": [535, 13, 1460, 94], "panel_size": 137240, "panel_aspectRatio": 15.53191489361702, "category": "Title", "figures": 0, "textlen": 0, "fig_size": 0, "title": "Riemannian approach to batch normalization", "textRatio": 0.0, "figRatio": 0.0}, "2": {"xy": [17, 269, 581, 1100], "panel_size": 639100, "panel_aspectRatio": 0.5281818181818182, "category": "Introduction", "figures": 4, "textlen": 122, "fig_size": 120679, "title": "Overview", "4": {"fig_size": 79132, "fig_aspectRatio": 3.712328767123288, "fig_size_poster": 0.9328743545611016}, "6": {"fig_size": 7840, "fig_aspectRatio": 7.65625, "fig_size_poster": 0.42168674698795183}, "8": {"fig_size": 17451, "fig_aspectRatio": 4.396825396825397, "fig_size_poster": 0.47676419965576594}, "10": {"fig_size": 16256, "fig_aspectRatio": 3.96875, "fig_size_poster": 0.43717728055077454}, "textRatio": 0.19395866454689983, "figRatio": 0.13074067132445905}, "12": {"xy": [622, 271, 659, 1119], "panel_size": 737421, "panel_aspectRatio": 0.5889186773905273, "category": "Method", "figures": 8, "textlen": 92, "fig_size": 282359, "title": "Operators on a Grassmann manifold G(1,n)", "14": {"fig_size": 57297, "fig_aspectRatio": 1.2629107981220657, "fig_size_poster": 0.40819423368740515}, "16": {"fig_size": 50007, "fig_aspectRatio": 0.890295358649789, "fig_size_poster": 0.3201820940819423}, "18": {"fig_size": 72300, "fig_aspectRatio": 1.2448132780082988, "fig_size_poster": 0.4552352048558422}, "20": {"fig_size": 50907, "fig_aspectRatio": 1.1220657276995305, "fig_size_poster": 0.3626707132018209}, "21": {"fig_size": 7830, "fig_aspectRatio": 3.8666666666666667, "fig_size_poster": 0.26403641881638845}, "23": {"fig_size": 17416, "fig_aspectRatio": 5.553571428571429, "fig_size_poster": 0.47192716236722304}, "24": {"fig_size": 13948, "fig_aspectRatio": 7.204545454545454, "fig_size_poster": 0.48103186646433993}, "25": {"fig_size": 12654, "fig_aspectRatio": 8.763157894736842, "fig_size_poster": 0.5053110773899848}, "textRatio": 0.14626391096979333, "figRatio": 0.30590082130696256}, "26": {"xy": [219, 1432, 1037, 247], "panel_size": 256139, "panel_aspectRatio": 4.198380566801619, "category": "Method", "figures": 2, "textlen": 64, "fig_size": 14696, "title": "Space of scale invariant vectors", "29": {"fig_size": 8246, "fig_aspectRatio": 8.580645161290322, "fig_size_poster": 0.25650916104146576}, "31": {"fig_size": 6450, "fig_aspectRatio": 7.166666666666667, "fig_size_poster": 0.2073288331726133}, "textRatio": 0.10174880763116058, "figRatio": 0.015921286270057344}, "33": {"xy": [1303, 266, 1236, 735], "panel_size": 908460, "panel_aspectRatio": 1.6816326530612244, "category": "Method", "figures": 4, "textlen": 294, "fig_size": 61168, "title": "Proposed algorithms", "35": {"fig_size": 9706, "fig_aspectRatio": 4.586956521739131, "fig_size_poster": 0.17071197411003236}, "38": {"fig_size": 32472, "fig_aspectRatio": 1.2073170731707317, "fig_size_poster": 0.16019417475728157}, "40": {"fig_size": 11070, "fig_aspectRatio": 12.3, "fig_size_poster": 0.29854368932038833}, "44": {"fig_size": 7920, "fig_aspectRatio": 6.111111111111111, "fig_size_poster": 0.1779935275080906}, "textRatio": 0.46740858505564387, "figRatio": 0.06626791225958543}, "46": {"xy": [1306, 1020, 1213, 670], "panel_size": 812710, "panel_aspectRatio": 1.81044776119403, "category": "Result", "figures": 5, "textlen": 57, "fig_size": 444139, "title": "Experiments", "48": {"fig_size": 96499, "fig_aspectRatio": 3.378698224852071, "fig_size_poster": 0.47073371805441055}, "51": {"fig_size": 84130, "fig_aspectRatio": 2.625698324022346, "fig_size_poster": 0.38746908491343773}, "52": {"fig_size": 87957, "fig_aspectRatio": 1.2911877394636015, "fig_size_poster": 0.27782357790601814}, "53": {"fig_size": 88368, "fig_aspectRatio": 1.2775665399239544, "fig_size_poster": 0.27699917559769166}, "54": {"fig_size": 87185, "fig_aspectRatio": 1.241509433962264, "fig_size_poster": 0.27122835943940643}, "textRatio": 0.09062003179650238, "figRatio": 0.48116930883893566}}}