{"poster_size": 8036464, "doclen": 226, "figlen": 3651596, "section": {"0": {"xy": [24, 27, 3318, 113], "panel_size": 374934, "panel_aspectRatio": 29.36283185840708, "category": "Title", "figures": 0, "textlen": 0, "fig_size": 0, "title": "RenderNet: A deep convolutional network for differentiable rendering from 3D shapes", "textRatio": 0.0, "figRatio": 0.0}, "1": {"xy": [24, 361, 826, 456], "panel_size": 376656, "panel_aspectRatio": 1.8114035087719298, "category": "Introduction", "figures": 0, "textlen": 61, "fig_size": 0, "title": "ADVANTAGES", "textRatio": 0.26991150442477874, "figRatio": 0.0}, "5": {"xy": [19, 827, 826, 565], "panel_size": 466690, "panel_aspectRatio": 1.4619469026548673, "category": "Introduction", "figures": 1, "textlen": 48, "fig_size": 195003, "title": "CURRENT APPROACHES", "7": {"fig_size": 195003, "fig_aspectRatio": 0.9175704989154013, "fig_size_poster": 0.5121065375302664}, "textRatio": 0.21238938053097345, "figRatio": 0.05340212882257511}, "9": {"xy": [19, 1399, 828, 972], "panel_size": 804816, "panel_aspectRatio": 0.8518518518518519, "category": "Method", "figures": 3, "textlen": 31, "fig_size": 537840, "title": "METHOD", "10": {"fig_size": 319056, "fig_aspectRatio": 2.0869565217391304, "fig_size_poster": 0.9855072463768116}, "12": {"fig_size": 116886, "fig_aspectRatio": 4.509316770186335, "fig_size_poster": 0.8768115942028986}, "13": {"fig_size": 101898, "fig_aspectRatio": 4.352941176470588, "fig_size_poster": 0.8043478260869565}, "textRatio": 0.13716814159292035, "figRatio": 0.14728902101984995}, "14": {"xy": [858, 363, 1661, 1100], "panel_size": 1827100, "panel_aspectRatio": 1.51, "category": "Result", "figures": 3, "textlen": 0, "fig_size": 1490344, "title": "RENDERING RESULTS", "15": {"fig_size": 924710, "fig_aspectRatio": 0.8565928777670837, "fig_size_poster": 0.5358217940999398}, "16": {"fig_size": 296944, "fig_aspectRatio": 1.0335820895522387, "fig_size_poster": 0.33353401565322094}, "17": {"fig_size": 268690, "fig_aspectRatio": 1.1422680412371133, "fig_size_poster": 0.33353401565322094}, "textRatio": 0.0, "figRatio": 0.4081349634515976}, "18": {"xy": [855, 1474, 1662, 907], "panel_size": 1507434, "panel_aspectRatio": 1.8324145534729879, "category": "Result", "figures": 4, "textlen": 57, "fig_size": 1026723, "title": "INVERSE RENDERING RESULTS", "19": {"fig_size": 403088, "fig_aspectRatio": 1.6926229508196722, "fig_size_poster": 0.4969915764139591}, "20": {"fig_size": 469800, "fig_aspectRatio": 1.396551724137931, "fig_size_poster": 0.48736462093862815}, "22": {"fig_size": 83271, "fig_aspectRatio": 5.504065040650406, "fig_size_poster": 0.4073405535499398}, "23": {"fig_size": 70564, "fig_aspectRatio": 5.067796610169491, "fig_size_poster": 0.35980746089049337}, "textRatio": 0.252212389380531, "figRatio": 0.28117102768214225}, "26": {"xy": [2522, 363, 836, 844], "panel_size": 705584, "panel_aspectRatio": 0.990521327014218, "category": "Result", "figures": 2, "textlen": 0, "fig_size": 401686, "title": "COMPARISON", "27": {"fig_size": 80008, "fig_aspectRatio": 1.0656934306569343, "fig_size_poster": 0.3492822966507177}, "28": {"fig_size": 321678, "fig_aspectRatio": 0.8341384863123994, "fig_size_poster": 0.6196172248803827}, "textRatio": 0.0, "figRatio": 0.11000285902383505}, "29": {"xy": [2527, 1212, 828, 256], "panel_size": 211968, "panel_aspectRatio": 3.234375, "category": "Discussion", "figures": 0, "textlen": 29, "fig_size": 0, "title": "DISCUSSION", "textRatio": 0.12831858407079647, "figRatio": 0.0}}}