{"poster_size": 5065720, "doclen": 177, "figlen": 1847812, "section": {"0": {"xy": [447, 11, 1629, 94], "panel_size": 153126, "panel_aspectRatio": 17.329787234042552, "category": "Title", "figures": 0, "textlen": 0, "fig_size": 0, "title": "Neural Networks with Cheap Differential Operators", "textRatio": 0.0, "figRatio": 0.0}, "1": {"xy": [44, 243, 820, 596], "panel_size": 488720, "panel_aspectRatio": 1.3758389261744965, "category": "Introduction", "figures": 2, "textlen": 14, "fig_size": 265602, "title": "Overview", "2": {"fig_size": 199200, "fig_aspectRatio": 3.21285140562249, "fig_size_poster": 0.975609756097561}, "4": {"fig_size": 66402, "fig_aspectRatio": 1.4101382488479262, "fig_size_poster": 0.37317073170731707}, "textRatio": 0.07909604519774012, "figRatio": 0.1437386487369927}, "5": {"xy": [32, 847, 832, 466], "panel_size": 387712, "panel_aspectRatio": 1.7854077253218885, "category": "Introduction", "figures": 1, "textlen": 43, "fig_size": 37332, "title": "Reverse-mode Automatic Differentiation", "7": {"fig_size": 37332, "fig_aspectRatio": 3.588235294117647, "fig_size_poster": 0.43990384615384615}, "textRatio": 0.24293785310734464, "figRatio": 0.020203354020863595}, "9": {"xy": [34, 1315, 821, 647], "panel_size": 531187, "panel_aspectRatio": 1.268933539412674, "category": "Method", "figures": 0, "textlen": 78, "fig_size": 0, "title": "Forward: Network Structure", "textRatio": 0.4406779661016949, "figRatio": 0.0}, "11": {"xy": [871, 246, 813, 926], "panel_size": 752838, "panel_aspectRatio": 0.8779697624190065, "category": "Method", "figures": 6, "textlen": 0, "fig_size": 503826, "title": "Backward: Modified Computation Graph", "12": {"fig_size": 69657, "fig_aspectRatio": 1.4792626728110598, "fig_size_poster": 0.3948339483394834}, "13": {"fig_size": 73988, "fig_aspectRatio": 1.6462264150943395, "fig_size_poster": 0.42927429274292744}, "14": {"fig_size": 90576, "fig_aspectRatio": 4.897058823529412, "fig_size_poster": 0.8191881918819188}, "15": {"fig_size": 81081, "fig_aspectRatio": 5.923076923076923, "fig_size_poster": 0.8523985239852399}, "16": {"fig_size": 84864, "fig_aspectRatio": 5.1796875, "fig_size_poster": 0.8154981549815498}, "17": {"fig_size": 103660, "fig_aspectRatio": 5.140845070422535, "fig_size_poster": 0.897908979089791}, "textRatio": 0.0, "figRatio": 0.2726608551086366}, "18": {"xy": [867, 1177, 817, 770], "panel_size": 629090, "panel_aspectRatio": 1.061038961038961, "category": "Result", "figures": 3, "textlen": 13, "fig_size": 348270, "title": "App I: Linear Multistep ODE Solvers", "20": {"fig_size": 84392, "fig_aspectRatio": 4.4963503649635035, "fig_size_poster": 0.7539779681762546}, "21": {"fig_size": 59148, "fig_aspectRatio": 6.838709677419355, "fig_size_poster": 0.7784577723378213}, "22": {"fig_size": 204730, "fig_aspectRatio": 2.352542372881356, "fig_size_poster": 0.8494492044063647}, "textRatio": 0.07344632768361582, "figRatio": 0.18847696627146052}, "23": {"xy": [1695, 242, 817, 688], "panel_size": 562096, "panel_aspectRatio": 1.1875, "category": "Result", "figures": 2, "textlen": 15, "fig_size": 330980, "title": "App Il: Continuous Normalizing Flows", "24": {"fig_size": 49077, "fig_aspectRatio": 12.365079365079366, "fig_size_poster": 0.9534883720930233}, "26": {"fig_size": 281903, "fig_aspectRatio": 1.7531172069825436, "fig_size_poster": 0.8604651162790697}, "textRatio": 0.0847457627118644, "figRatio": 0.17911995376152987}, "28": {"xy": [1684, 940, 839, 765], "panel_size": 641835, "panel_aspectRatio": 1.096732026143791, "category": "Result", "figures": 3, "textlen": 14, "fig_size": 361802, "title": "App III: Stochastic Differential Eqs", "29": {"fig_size": 41067, "fig_aspectRatio": 6.2592592592592595, "fig_size_poster": 0.6042908224076281}, "30": {"fig_size": 254760, "fig_aspectRatio": 2.3393939393939394, "fig_size_poster": 0.9201430274135876}, "34": {"fig_size": 65975, "fig_aspectRatio": 7.967032967032967, "fig_size_poster": 0.8641239570917759}, "textRatio": 0.07909604519774012, "figRatio": 0.19580022210051673}}}