{"poster_size": 8036464, "doclen": 619, "figlen": 2643350, "section": {"1": {"xy": [14, 30, 2369, 314], "panel_size": 743866, "panel_aspectRatio": 7.544585987261146, "category": "Title", "figures": 0, "textlen": 10, "fig_size": 0, "title": "VEEGAN: Reducing Mode Collapse in GANs using Implicit Variational Learning", "textRatio": 0.01615508885298869, "figRatio": 0.0}, "3": {"xy": [35, 365, 1134, 679], "panel_size": 769986, "panel_aspectRatio": 1.6701030927835052, "category": "Introduction", "figures": 1, "textlen": 132, "fig_size": 83790, "title": "SETUP", "4": {"fig_size": 83790, "fig_aspectRatio": 10.344444444444445, "fig_size_poster": 0.8209876543209876}, "textRatio": 0.21324717285945072, "figRatio": 0.031698412998657007}, "7": {"xy": [44, 1050, 1113, 463], "panel_size": 515319, "panel_aspectRatio": 2.4038876889848813, "category": "Introduction", "figures": 0, "textlen": 95, "fig_size": 0, "title": "MODE COLLAPSING", "textRatio": 0.15347334410339256, "figRatio": 0.0}, "9": {"xy": [46, 1527, 1110, 585], "panel_size": 649350, "panel_aspectRatio": 1.8974358974358974, "category": "Method", "figures": 2, "textlen": 90, "fig_size": 198616, "title": "RECONSTRUCTION CAN HELP BUT...", "10": {"fig_size": 98600, "fig_aspectRatio": 1.1724137931034482, "fig_size_poster": 0.3063063063063063}, "11": {"fig_size": 100016, "fig_aspectRatio": 1.413533834586466, "fig_size_poster": 0.3387387387387387}, "textRatio": 0.14539579967689822, "figRatio": 0.07513798778065713}, "13": {"xy": [29, 2118, 1134, 1155], "panel_size": 1309770, "panel_aspectRatio": 0.9818181818181818, "category": "Result", "figures": 3, "textlen": 64, "fig_size": 776014, "title": "RESULTS", "15": {"fig_size": 262912, "fig_aspectRatio": 4.01171875, "fig_size_poster": 0.9056437389770723}, "16": {"fig_size": 204876, "fig_aspectRatio": 3.2261904761904763, "fig_size_poster": 0.716931216931217}, "18": {"fig_size": 308226, "fig_aspectRatio": 3.875886524822695, "fig_size_poster": 0.9638447971781305}, "textRatio": 0.10339256865912763, "figRatio": 0.29357217167609284}, "19": {"xy": [1316, 400, 783, 637], "panel_size": 498771, "panel_aspectRatio": 1.2291993720565149, "category": "Result", "figures": 1, "textlen": 0, "fig_size": 409117, "title": "RESULTS", "20": {"fig_size": 409117, "fig_aspectRatio": 1.1402337228714525, "fig_size_poster": 0.8722860791826309}, "textRatio": 0.0, "figRatio": 0.15477216410993624}, "21": {"xy": [1175, 1051, 1180, 2249], "panel_size": 2653820, "panel_aspectRatio": 0.5246776345042241, "category": "Method", "figures": 7, "textlen": 228, "fig_size": 1175813, "title": "SOLUTION: VEEGAN TRAINING", "22": {"fig_size": 138915, "fig_aspectRatio": 6.428571428571429, "fig_size_poster": 0.8008474576271186}, "23": {"fig_size": 29240, "fig_aspectRatio": 6.323529411764706, "fig_size_poster": 0.3644067796610169}, "24": {"fig_size": 61903, "fig_aspectRatio": 5.834951456310679, "fig_size_poster": 0.5093220338983051}, "25": {"fig_size": 39054, "fig_aspectRatio": 18.456521739130434, "fig_size_poster": 0.7194915254237289}, "31": {"fig_size": 402477, "fig_aspectRatio": 2.1075514874141876, "fig_size_poster": 0.7805084745762711}, "33": {"fig_size": 330336, "fig_aspectRatio": 1.342741935483871, "fig_size_poster": 0.5644067796610169}, "35": {"fig_size": 173888, "fig_aspectRatio": 1.0048076923076923, "fig_size_poster": 0.35423728813559324}, "textRatio": 0.3683360258481422, "figRatio": 0.4448192634346568}}}