{"poster_size": 5971968, "doclen": 198, "figlen": 2682495, "section": {"1": {"xy": [88, 46, 3217, 159], "panel_size": 511503, "panel_aspectRatio": 20.232704402515722, "category": "Title", "figures": 0, "textlen": 0, "fig_size": 0, "title": "A Graph Theoretic Additive Approximation of Optimal Transport", "textRatio": 0.0, "figRatio": 0.0}, "3": {"xy": [39, 272, 763, 661], "panel_size": 504343, "panel_aspectRatio": 1.1543116490166414, "category": "Introduction", "figures": 1, "textlen": 9, "fig_size": 346920, "title": "Optimal Transport", "6": {"fig_size": 346920, "fig_aspectRatio": 1.4448979591836735, "fig_size_poster": 0.927916120576671}, "textRatio": 0.045454545454545456, "figRatio": 0.12932736128119532}, "7": {"xy": [13, 944, 806, 357], "panel_size": 287742, "panel_aspectRatio": 2.257703081232493, "category": "Introduction", "figures": 1, "textlen": 66, "fig_size": 72297, "title": "Residual Graph", "8": {"fig_size": 72297, "fig_aspectRatio": 0.9422382671480144, "fig_size_poster": 0.3238213399503722}, "textRatio": 0.3333333333333333, "figRatio": 0.02695140158695543}, "10": {"xy": [74, 1311, 731, 386], "panel_size": 282166, "panel_aspectRatio": 1.8937823834196892, "category": "Introduction", "figures": 1, "textlen": 0, "fig_size": 180576, "title": "Dual Feasibility", "11": {"fig_size": 180576, "fig_aspectRatio": 2.1770833333333335, "fig_size_poster": 0.8577291381668947}, "textRatio": 0.0, "figRatio": 0.06731643488617872}, "12": {"xy": [825, 276, 900, 376], "panel_size": 338400, "panel_aspectRatio": 2.393617021276596, "category": "Introduction", "figures": 1, "textlen": 58, "fig_size": 62445, "title": "Previous Results", "14": {"fig_size": 62445, "fig_aspectRatio": 1.9060773480662982, "fig_size_poster": 0.38333333333333336}, "textRatio": 0.29292929292929293, "figRatio": 0.023278701358250435}, "14": {"xy": [1751, 270, 854, 374], "panel_size": 319396, "panel_aspectRatio": 2.283422459893048, "category": "Introduction", "figures": 2, "textlen": 36, "fig_size": 97604, "title": "Our Result", "15": {"fig_size": 55614, "fig_aspectRatio": 11.681159420289855, "fig_size_poster": 0.9437939110070258}, "16": {"fig_size": 41990, "fig_aspectRatio": 1.1631578947368422, "fig_size_poster": 0.25878220140515223}, "textRatio": 0.18181818181818182, "figRatio": 0.03638552914357716}, "19": {"xy": [853, 656, 1756, 402], "panel_size": 705912, "panel_aspectRatio": 4.3681592039801, "category": "Method", "figures": 1, "textlen": 0, "fig_size": 469560, "title": "Algorithm Workflow", "20": {"fig_size": 469560, "fig_aspectRatio": 6.3003663003663, "fig_size_poster": 0.979498861047836}, "textRatio": 0.0, "figRatio": 0.1750459926299956}, "21": {"xy": [843, 1072, 1764, 616], "panel_size": 1086624, "panel_aspectRatio": 2.8636363636363638, "category": "Method", "figures": 3, "textlen": 0, "fig_size": 830192, "title": "A Scale of the Gabow-Tarjan Algorithm", "22": {"fig_size": 308416, "fig_aspectRatio": 1.2950819672131149, "fig_size_poster": 0.35827664399092973}, "23": {"fig_size": 260680, "fig_aspectRatio": 1.0857142857142856, "fig_size_poster": 0.30158730158730157}, "24": {"fig_size": 261096, "fig_aspectRatio": 1.0197628458498025, "fig_size_poster": 0.2925170068027211}, "textRatio": 0.0, "figRatio": 0.3094850130195956}, "25": {"xy": [2629, 276, 788, 1153], "panel_size": 908564, "panel_aspectRatio": 0.6834345186470078, "category": "Result", "figures": 6, "textlen": 29, "fig_size": 622901, "title": "Experimental Results", "27": {"fig_size": 111690, "fig_aspectRatio": 4.771241830065359, "fig_size_poster": 0.9263959390862944}, "28": {"fig_size": 139430, "fig_aspectRatio": 0.9554973821989529, "fig_size_poster": 0.4631979695431472}, "29": {"fig_size": 130176, "fig_aspectRatio": 0.8828125, "fig_size_poster": 0.4302030456852792}, "30": {"fig_size": 81317, "fig_aspectRatio": 0.667621776504298, "fig_size_poster": 0.2956852791878173}, "31": {"fig_size": 82015, "fig_aspectRatio": 0.673352435530086, "fig_size_poster": 0.2982233502538071}, "32": {"fig_size": 78273, "fig_aspectRatio": 0.6353276353276354, "fig_size_poster": 0.282994923857868}, "textRatio": 0.14646464646464646, "figRatio": 0.2322095660942518}}}