{"poster_size": 6220800, "doclen": 156, "figlen": 2172849, "section": {"0": {"xy": [780, 5, 1288, 158], "panel_size": 203504, "panel_aspectRatio": 8.151898734177216, "category": "Title", "figures": 0, "textlen": 0, "fig_size": 0, "title": "Streaming Weak Submodularity:Interpreting Neural Networks on the Fly", "textRatio": 0.0, "figRatio": 0.0}, "1": {"xy": [59, 270, 828, 707], "panel_size": 585396, "panel_aspectRatio": 1.1711456859971712, "category": "Introduction", "figures": 2, "textlen": 0, "fig_size": 429545, "title": "BACKGROUND", "2": {"fig_size": 209085, "fig_aspectRatio": 3.0228136882129277, "fig_size_poster": 0.9601449275362319}, "3": {"fig_size": 220460, "fig_aspectRatio": 2.4172185430463577, "fig_size_poster": 0.8816425120772947}, "textRatio": 0.0, "figRatio": 0.1976874601042226}, "5": {"xy": [59, 1024, 819, 777], "panel_size": 636363, "panel_aspectRatio": 1.054054054054054, "category": "Method", "figures": 1, "textlen": 30, "fig_size": 202279, "title": "PROOF TECHNIQUES", "6": {"fig_size": 202279, "fig_aspectRatio": 3.0154440154440154, "fig_size_poster": 0.9536019536019537}, "textRatio": 0.19230769230769232, "figRatio": 0.09309390574310503}, "8": {"xy": [975, 273, 903, 495], "panel_size": 446985, "panel_aspectRatio": 1.8242424242424242, "category": "Result", "figures": 0, "textlen": 73, "fig_size": 0, "title": "SUMMARY", "textRatio": 0.46794871794871795, "figRatio": 0.0}, "10": {"xy": [982, 810, 909, 1274], "panel_size": 1158066, "panel_aspectRatio": 0.7135007849293563, "category": "Result", "figures": 3, "textlen": 0, "fig_size": 897657, "title": "EXPERIMENTAL RESULTS", "11": {"fig_size": 320166, "fig_aspectRatio": 2.4297520661157024, "fig_size_poster": 0.9702970297029703}, "12": {"fig_size": 312987, "fig_aspectRatio": 2.401662049861496, "fig_size_poster": 0.9537953795379538}, "13": {"fig_size": 264504, "fig_aspectRatio": 2.7702265372168284, "fig_size_poster": 0.9416941694169417}, "textRatio": 0.0, "figRatio": 0.41312442788247133}, "14": {"xy": [1980, 270, 835, 726], "panel_size": 606210, "panel_aspectRatio": 1.1501377410468319, "category": "Method", "figures": 2, "textlen": 0, "fig_size": 449876, "title": "STREANMING GREEDY ALGORITHMES", "15": {"fig_size": 205110, "fig_aspectRatio": 2.920754716981132, "fig_size_poster": 0.9269461077844311}, "16": {"fig_size": 244766, "fig_aspectRatio": 2.498402555910543, "fig_size_poster": 0.9365269461077844}, "textRatio": 0.0, "figRatio": 0.20704429990303053}, "17": {"xy": [1957, 1017, 869, 793], "panel_size": 689117, "panel_aspectRatio": 1.0958385876418664, "category": "Result", "figures": 1, "textlen": 35, "fig_size": 193492, "title": "MAIN RESULTS", "19": {"fig_size": 193492, "fig_aspectRatio": 3.25, "fig_size_poster": 0.9125431530494822}, "textRatio": 0.22435897435897437, "figRatio": 0.08904990636717047}, "20": {"xy": [59, 1826, 823, 291], "panel_size": 239493, "panel_aspectRatio": 2.8281786941580758, "category": "Discussion", "figures": 0, "textlen": 18, "fig_size": 0, "title": "FUTURE WORK", "textRatio": 0.11538461538461539, "figRatio": 0.0}}}