{"poster_size": 23887872, "doclen": 362, "figlen": 6446700, "section": {"1": {"xy": [2207, 126, 2634, 274], "panel_size": 721716, "panel_aspectRatio": 9.613138686131387, "category": "Title", "figures": 0, "textlen": 0, "fig_size": 0, "title": "Middle-Out Decoding ", "textRatio": 0.0, "figRatio": 0.0}, "2": {"xy": [115, 704, 2300, 1118], "panel_size": 2571400, "panel_aspectRatio": 2.0572450805008944, "category": "Introduction", "figures": 0, "textlen": 98, "fig_size": 0, "title": "Overview", "textRatio": 0.27071823204419887, "figRatio": 0.0}, "4": {"xy": [126, 1870, 2281, 1478], "panel_size": 3371318, "panel_aspectRatio": 1.5433017591339648, "category": "Method", "figures": 1, "textlen": 60, "fig_size": 1917132, "title": "Middle-Out Decoder", "5": {"fig_size": 1917132, "fig_aspectRatio": 1.2922824302134648, "fig_size_poster": 0.6900482244629549}, "textRatio": 0.16574585635359115, "figRatio": 0.29738191632928473}, "7": {"xy": [2493, 707, 2426, 874], "panel_size": 2120324, "panel_aspectRatio": 2.7757437070938216, "category": "Method", "figures": 3, "textlen": 46, "fig_size": 710382, "title": "Synthetic De-Noising ", "9": {"fig_size": 147974, "fig_aspectRatio": 1.5700325732899023, "fig_size_poster": 0.19868095630667765}, "10": {"fig_size": 160776, "fig_aspectRatio": 1.5799373040752351, "fig_size_poster": 0.20774938169826876}, "12": {"fig_size": 401632, "fig_aspectRatio": 4.233766233766234, "fig_size_poster": 0.5375103050288541}, "textRatio": 0.1270718232044199, "figRatio": 0.11019312206245055}, "13": {"xy": [2481, 1607, 2445, 1756], "panel_size": 4293420, "panel_aspectRatio": 1.392369020501139, "category": "Method", "figures": 1, "textlen": 78, "fig_size": 2020378, "title": "Video Captioning ", "15": {"fig_size": 2020378, "fig_aspectRatio": 2.6939953810623556, "fig_size_poster": 0.9541922290388548}, "textRatio": 0.2154696132596685, "figRatio": 0.31339724199978286}, "16": {"xy": [4963, 681, 1844, 1945], "panel_size": 3586580, "panel_aspectRatio": 0.9480719794344473, "category": "Result", "figures": 3, "textlen": 80, "fig_size": 1798808, "title": "Properties of the Middle-Out Decoder", "17": {"fig_size": 353100, "fig_aspectRatio": 3.242424242424242, "fig_size_poster": 0.5802603036876356}, "20": {"fig_size": 714692, "fig_aspectRatio": 4.314496314496314, "fig_size_poster": 0.9522776572668112}, "22": {"fig_size": 731016, "fig_aspectRatio": 3.972027972027972, "fig_size_poster": 0.9240780911062907}, "textRatio": 0.22099447513812154, "figRatio": 0.2790277196084819}}}