{"poster_size": 6220800, "doclen": 798, "figlen": 1308404, "section": {"1": {"xy": [653, 60, 1528, 95], "panel_size": 145160, "panel_aspectRatio": 16.08421052631579, "category": "Title", "figures": 0, "textlen": 0, "fig_size": 0, "title": "Model-Powered Conditional Independence Test", "textRatio": 0.0, "figRatio": 0.0}, "2": {"xy": [42, 288, 816, 467], "panel_size": 381072, "panel_aspectRatio": 1.7473233404710922, "category": "Introduction", "figures": 1, "textlen": 27, "fig_size": 108936, "title": "Conditional Independence Testing", "4": {"fig_size": 108936, "fig_aspectRatio": 4.65359477124183, "fig_size_poster": 0.8725490196078431}, "textRatio": 0.03383458646616541, "figRatio": 0.08325868768362066}, "6": {"xy": [50, 766, 803, 538], "panel_size": 432014, "panel_aspectRatio": 1.4925650557620818, "category": "Method", "figures": 1, "textlen": 19, "fig_size": 205436, "title": "Warm-up (Model-Powered Independence Test)", "7": {"fig_size": 205436, "fig_aspectRatio": 2.018808777429467, "fig_size_poster": 0.8019925280199253}, "textRatio": 0.023809523809523808, "figRatio": 0.15701266581270004}, "9": {"xy": [55, 1333, 800, 802], "panel_size": 641600, "panel_aspectRatio": 0.9975062344139651, "category": "Discussion", "figures": 0, "textlen": 173, "fig_size": 0, "title": "Discussion and Prior Work", "textRatio": 0.21679197994987467, "figRatio": 0.0}, "11": {"xy": [890, 291, 889, 597], "panel_size": 530733, "panel_aspectRatio": 1.4891122278056952, "category": "Method", "figures": 1, "textlen": 18, "fig_size": 287145, "title": "Model-Powered CI Test", "12": {"fig_size": 287145, "fig_aspectRatio": 1.7506172839506173, "fig_size_poster": 0.7975253093363329}, "textRatio": 0.022556390977443608, "figRatio": 0.21946203160491715}, "14": {"xy": [895, 922, 878, 1039], "panel_size": 912242, "panel_aspectRatio": 0.8450433108758422, "category": "Method", "figures": 2, "textlen": 123, "fig_size": 358184, "title": "Nearest-Neighbor Bootstrap", "15": {"fig_size": 265200, "fig_aspectRatio": 2.5107692307692306, "fig_size_poster": 0.929384965831435}, "16": {"fig_size": 92984, "fig_aspectRatio": 1.6694915254237288, "fig_size_poster": 0.44874715261959}, "textRatio": 0.15413533834586465, "figRatio": 0.27375642385685156}, "19": {"xy": [1822, 293, 985, 854], "panel_size": 841190, "panel_aspectRatio": 1.1533957845433256, "category": "Method", "figures": 2, "textlen": 133, "fig_size": 205851, "title": "Classification Guarantees", "21": {"fig_size": 81515, "fig_aspectRatio": 5.756302521008403, "fig_size_poster": 0.6954314720812182}, "24": {"fig_size": 124336, "fig_aspectRatio": 5.381578947368421, "fig_size_poster": 0.8304568527918782}, "textRatio": 0.16666666666666666, "figRatio": 0.15732984613315154}, "25": {"xy": [1819, 1157, 988, 339], "panel_size": 334932, "panel_aspectRatio": 2.9144542772861355, "category": "Method", "figures": 0, "textlen": 106, "fig_size": 0, "title": "Bias- Correction and Choice of Threshold", "textRatio": 0.13283208020050125, "figRatio": 0.0}, "27": {"xy": [1822, 1522, 974, 616], "panel_size": 599984, "panel_aspectRatio": 1.5811688311688312, "category": "Result", "figures": 3, "textlen": 199, "fig_size": 142852, "title": "Empirical Results", "28": {"fig_size": 60882, "fig_aspectRatio": 1.269406392694064, "fig_size_poster": 0.28542094455852157}, "30": {"fig_size": 51250, "fig_aspectRatio": 1.2195121951219512, "fig_size_poster": 0.25667351129363447}, "31": {"fig_size": 30720, "fig_aspectRatio": 3.3333333333333335, "fig_size_poster": 0.32854209445585214}, "textRatio": 0.24937343358395989, "figRatio": 0.10918034490875907}}}