{"poster_size": 8957952, "doclen": 215, "figlen": 3056910, "section": {"0": {"xy": [705, 50, 2023, 193], "panel_size": 390439, "panel_aspectRatio": 10.481865284974093, "category": "Title", "figures": 0, "textlen": 0, "fig_size": 0, "title": "PRECISION AND RECALL FOR TIME SERIES", "textRatio": 0.0, "figRatio": 0.0}, "2": {"xy": [5, 531, 1155, 2042], "panel_size": 2358510, "panel_aspectRatio": 0.5656219392752204, "category": "Introduction", "figures": 7, "textlen": 77, "fig_size": 878538, "title": "PROBLEM", "3": {"fig_size": 124960, "fig_aspectRatio": 0.9915492957746479, "fig_size_poster": 0.3047619047619048}, "7": {"fig_size": 145424, "fig_aspectRatio": 1.6375838926174497, "fig_size_poster": 0.4225108225108225}, "8": {"fig_size": 153592, "fig_aspectRatio": 1.8013698630136987, "fig_size_poster": 0.45541125541125543}, "9": {"fig_size": 204334, "fig_aspectRatio": 1.4376657824933687, "fig_size_poster": 0.4692640692640693}, "10": {"fig_size": 196020, "fig_aspectRatio": 1.487603305785124, "fig_size_poster": 0.4675324675324675}, "11": {"fig_size": 33408, "fig_aspectRatio": 4.413793103448276, "fig_size_poster": 0.33246753246753247}, "12": {"fig_size": 20800, "fig_aspectRatio": 2.08, "fig_size_poster": 0.1800865800865801}, "textRatio": 0.3581395348837209, "figRatio": 0.28739413329146096}, "16": {"xy": [1186, 538, 1084, 2039], "panel_size": 2210276, "panel_aspectRatio": 0.5316331535066209, "category": "Method", "figures": 4, "textlen": 55, "fig_size": 1225161, "title": "SOLUTION", "17": {"fig_size": 206062, "fig_aspectRatio": 5.309644670050761, "fig_size_poster": 0.9649446494464945}, "18": {"fig_size": 706335, "fig_aspectRatio": 1.307482993197279, "fig_size_poster": 0.8865313653136532}, "19": {"fig_size": 159650, "fig_aspectRatio": 1.6612903225806452, "fig_size_poster": 0.47509225092250923}, "20": {"fig_size": 153114, "fig_aspectRatio": 1.6788079470198676, "fig_size_poster": 0.4677121771217712}, "textRatio": 0.2558139534883721, "figRatio": 0.4007841251459807}, "26": {"xy": [2318, 544, 1123, 2026], "panel_size": 2275198, "panel_aspectRatio": 0.554294175715696, "category": "Result", "figures": 3, "textlen": 83, "fig_size": 953211, "title": "RESULTS", "27": {"fig_size": 481780, "fig_aspectRatio": 2.4660633484162897, "fig_size_poster": 0.9706144256455922}, "28": {"fig_size": 261690, "fig_aspectRatio": 1.7205128205128206, "fig_size_poster": 0.597506678539626}, "29": {"fig_size": 209741, "fig_aspectRatio": 1.6094182825484764, "fig_size_poster": 0.5173642030276047}, "textRatio": 0.386046511627907, "figRatio": 0.31182174156255826}}}