{"poster_size": 12192768, "doclen": 281, "figlen": 2259769, "section": {"1": {"xy": [941, 69, 2218, 234], "panel_size": 519012, "panel_aspectRatio": 9.478632478632479, "category": "Title", "figures": 0, "textlen": 0, "fig_size": 0, "title": "Differentially Private Algorithms for Learning Mixtures of Separated Gaussians\n", "textRatio": 0.0, "figRatio": 0.0}, "2": {"xy": [38, 421, 1300, 1223], "panel_size": 1589900, "panel_aspectRatio": 1.062959934587081, "category": "Introduction", "figures": 1, "textlen": 58, "fig_size": 324044, "title": "1  Private Distribution Learning", "3": {"fig_size": 324044, "fig_aspectRatio": 4.017605633802817, "fig_size_poster": 0.8776923076923077}, "textRatio": 0.20640569395017794, "figRatio": 0.14339695783064552}, "5": {"xy": [1364, 428, 1285, 1200], "panel_size": 1542000, "panel_aspectRatio": 1.0708333333333333, "category": "Method", "figures": 1, "textlen": 40, "fig_size": 60500, "title": "2  Learning Gaussian Mixtures", "8": {"fig_size": 60500, "fig_aspectRatio": 6.05, "fig_size_poster": 0.4708171206225681}, "textRatio": 0.1423487544483986, "figRatio": 0.02677264800074698}, "9": {"xy": [2690, 423, 1289, 1241], "panel_size": 1599649, "panel_aspectRatio": 1.0386784850926671, "category": "Method", "figures": 1, "textlen": 25, "fig_size": 357900, "title": "3  Case: Beginner", "11": {"fig_size": 357900, "fig_aspectRatio": 3.9766666666666666, "fig_size_poster": 0.9255236617532971}, "textRatio": 0.08896797153024912, "figRatio": 0.15837902015648503}, "13": {"xy": [46, 1692, 1290, 1216], "panel_size": 1568640, "panel_aspectRatio": 1.0608552631578947, "category": "Method", "figures": 1, "textlen": 45, "fig_size": 444512, "title": "4 - Case: Intermediate", "15": {"fig_size": 444512, "fig_aspectRatio": 1.9373695198329854, "fig_size_poster": 0.7193798449612403}, "textRatio": 0.1601423487544484, "figRatio": 0.1967068315389759}, "17": {"xy": [1362, 1679, 1292, 1218], "panel_size": 1573656, "panel_aspectRatio": 1.0607553366174056, "category": "Method", "figures": 1, "textlen": 69, "fig_size": 383425, "title": "5 - Case: Pro", "19": {"fig_size": 383425, "fig_aspectRatio": 3.913738019169329, "fig_size_poster": 0.9481424148606811}, "textRatio": 0.24555160142348753, "figRatio": 0.16967442247415554}, "22": {"xy": [2687, 1685, 1305, 1212], "panel_size": 1581660, "panel_aspectRatio": 1.0767326732673268, "category": "Result", "figures": 1, "textlen": 44, "fig_size": 689388, "title": "6 - Case: Pro (Clustering)", "23": {"fig_size": 689388, "fig_aspectRatio": 2.1519434628975267, "fig_size_poster": 0.9333333333333333}, "textRatio": 0.15658362989323843, "figRatio": 0.30507011999899103}}}