{"poster_size": 8018220, "doclen": 321, "figlen": 2635787, "section": {"1": {"xy": [553, 24, 1933, 83], "panel_size": 160439, "panel_aspectRatio": 23.289156626506024, "category": "Title", "figures": 0, "textlen": 0, "fig_size": 0, "title": "Scalable Log Determinants for Gaussian Process Kernel Learning", "textRatio": 0.0, "figRatio": 0.0}, "2": {"xy": [47, 265, 1051, 518], "panel_size": 544418, "panel_aspectRatio": 2.028957528957529, "category": "Method", "figures": 3, "textlen": 12, "fig_size": 308946, "title": "Gaussian Processes (GPs)", "4": {"fig_size": 30537, "fig_aspectRatio": 20.076923076923077, "fig_size_poster": 0.7450047573739296}, "5": {"fig_size": 160950, "fig_aspectRatio": 1.9137931034482758, "fig_size_poster": 0.5280685061845861}, "6": {"fig_size": 117459, "fig_aspectRatio": 1.5089605734767024, "fig_size_poster": 0.4005708848715509}, "textRatio": 0.037383177570093455, "figRatio": 0.11721205089789122}, "7": {"xy": [55, 808, 1033, 593], "panel_size": 612569, "panel_aspectRatio": 1.7419898819561552, "category": "Method", "figures": 1, "textlen": 39, "fig_size": 164346, "title": "GP Regression", "8": {"fig_size": 164346, "fig_aspectRatio": 1.901360544217687, "fig_size_poster": 0.5411423039690223}, "textRatio": 0.12149532710280374, "figRatio": 0.06235177576943812}, "9": {"xy": [51, 1438, 1055, 551], "panel_size": 581305, "panel_aspectRatio": 1.91470054446461, "category": "Method", "figures": 1, "textlen": 16, "fig_size": 347620, "title": "kernel learning", "11": {"fig_size": 347620, "fig_aspectRatio": 2.6236263736263736, "fig_size_poster": 0.9052132701421801}, "textRatio": 0.04984423676012461, "figRatio": 0.13188470843812494}, "11": {"xy": [49, 2022, 1045, 294], "panel_size": 307230, "panel_aspectRatio": 3.554421768707483, "category": "Method", "figures": 1, "textlen": 0, "fig_size": 223560, "title": "scaled eigenvalue method", "12": {"fig_size": 223560, "fig_aspectRatio": 4.791666666666667, "fig_size_poster": 0.9904306220095693}, "textRatio": 0.0, "figRatio": 0.08481717225253786}, "13": {"xy": [1167, 261, 1027, 563], "panel_size": 578201, "panel_aspectRatio": 1.8241563055062167, "category": "Method", "figures": 2, "textlen": 31, "fig_size": 261619, "title": "stochastic trace estimation", "14": {"fig_size": 139826, "fig_aspectRatio": 6.132450331125828, "fig_size_poster": 0.9016553067185978}, "15": {"fig_size": 121793, "fig_aspectRatio": 7.551181102362205, "fig_size_poster": 0.9337877312560857}, "textRatio": 0.09657320872274143, "figRatio": 0.09925650289647836}, "17": {"xy": [1151, 861, 1010, 439], "panel_size": 443390, "panel_aspectRatio": 2.3006833712984056, "category": "Method", "figures": 2, "textlen": 0, "fig_size": 332608, "title": "Lanczos", "18": {"fig_size": 209583, "fig_aspectRatio": 4.36986301369863, "fig_size_poster": 0.9475247524752475}, "19": {"fig_size": 123025, "fig_aspectRatio": 6.954887218045113, "fig_size_poster": 0.9158415841584159}, "textRatio": 0.0, "figRatio": 0.12618925580860668}, "20": {"xy": [1165, 1358, 1035, 260], "panel_size": 269100, "panel_aspectRatio": 3.980769230769231, "category": "Method", "figures": 0, "textlen": 29, "fig_size": 0, "title": "Chebyshev", "textRatio": 0.09034267912772585, "figRatio": 0.0}, "22": {"xy": [1161, 1644, 1023, 368], "panel_size": 376464, "panel_aspectRatio": 2.779891304347826, "category": "Method", "figures": 1, "textlen": 39, "fig_size": 73428, "title": "Fast MVMs", "24": {"fig_size": 73428, "fig_aspectRatio": 9.701149425287356, "fig_size_poster": 0.8250244379276638}, "textRatio": 0.12149532710280374, "figRatio": 0.02785809323742776}, "25": {"xy": [1155, 2059, 1078, 244], "panel_size": 263032, "panel_aspectRatio": 4.418032786885246, "category": "Method", "figures": 1, "textlen": 0, "fig_size": 168960, "title": "Diagonal correction", "26": {"fig_size": 168960, "fig_aspectRatio": 6.206060606060606, "fig_size_poster": 0.9499072356215214}, "textRatio": 0.0, "figRatio": 0.06410229658162818}, "27": {"xy": [2272, 261, 1051, 679], "panel_size": 713629, "panel_aspectRatio": 1.5478645066273933, "category": "Result", "figures": 1, "textlen": 55, "fig_size": 334100, "title": "Log det accuracy", "28": {"fig_size": 334100, "fig_aspectRatio": 3.163076923076923, "fig_size_poster": 0.978116079923882}, "textRatio": 0.17133956386292834, "figRatio": 0.1267553106529473}, "30": {"xy": [2278, 975, 1010, 376], "panel_size": 379760, "panel_aspectRatio": 2.6861702127659575, "category": "Result", "figures": 1, "textlen": 30, "fig_size": 115230, "title": "Daily precipitation", "31": {"fig_size": 115230, "fig_aspectRatio": 4.131736526946108, "fig_size_poster": 0.6831683168316832}, "textRatio": 0.09345794392523364, "figRatio": 0.04371749310547476}, "33": {"xy": [2265, 1387, 1072, 478], "panel_size": 512416, "panel_aspectRatio": 2.2426778242677825, "category": "Result", "figures": 1, "textlen": 31, "fig_size": 305370, "title": "Hickory Data Set", "34": {"fig_size": 305370, "fig_aspectRatio": 3.6310344827586207, "fig_size_poster": 0.9822761194029851}, "textRatio": 0.09657320872274143, "figRatio": 0.11585534035944482}, "36": {"xy": [2280, 1907, 1057, 315], "panel_size": 332955, "panel_aspectRatio": 3.3555555555555556, "category": "Discussion", "figures": 0, "textlen": 39, "fig_size": 0, "title": "Discussion", "textRatio": 0.12149532710280374, "figRatio": 0.0}}}