{"poster_size": 10093254, "doclen": 444, "figlen": 3204468, "section": {"1": {"xy": [1339, 26, 1216, 96], "panel_size": 116736, "panel_aspectRatio": 12.666666666666666, "category": "Title", "figures": 0, "textlen": 0, "fig_size": 0, "title": "Deep Hyperspherical Learning", "textRatio": 0.0, "figRatio": 0.0}, "2": {"xy": [63, 394, 884, 2136], "panel_size": 1888224, "panel_aspectRatio": 0.41385767790262173, "category": "Introduction", "figures": 4, "textlen": 133, "fig_size": 603880, "title": "Introduction", "3": {"fig_size": 200448, "fig_aspectRatio": 3.7241379310344827, "fig_size_poster": 0.9773755656108597}, "4": {"fig_size": 14812, "fig_aspectRatio": 7.0, "fig_size_poster": 0.36425339366515835}, "5": {"fig_size": 17248, "fig_aspectRatio": 8.909090909090908, "fig_size_poster": 0.4434389140271493}, "6": {"fig_size": 371372, "fig_aspectRatio": 1.801762114537445, "fig_size_poster": 0.9253393665158371}, "textRatio": 0.29954954954954954, "figRatio": 0.1884493775565866}, "12": {"xy": [1023, 400, 878, 800], "panel_size": 702400, "panel_aspectRatio": 1.0975, "category": "Method", "figures": 4, "textlen": 33, "fig_size": 287816, "title": "Hyperspherical Convolutional Operator", "13": {"fig_size": 91408, "fig_aspectRatio": 1.6982758620689655, "fig_size_poster": 0.44874715261959}, "14": {"fig_size": 60760, "fig_aspectRatio": 3.1, "fig_size_poster": 0.49430523917995445}, "15": {"fig_size": 36288, "fig_aspectRatio": 3.9375, "fig_size_poster": 0.4305239179954442}, "16": {"fig_size": 99360, "fig_aspectRatio": 5.217391304347826, "fig_size_poster": 0.8200455580865603}, "textRatio": 0.07432432432432433, "figRatio": 0.08981709288406063}, "18": {"xy": [1017, 1206, 880, 1332], "panel_size": 1172160, "panel_aspectRatio": 0.6606606606606606, "category": "Method", "figures": 3, "textlen": 103, "fig_size": 340948, "title": "Theoretical Insights", "20": {"fig_size": 73152, "fig_aspectRatio": 7.9375, "fig_size_poster": 0.865909090909091}, "22": {"fig_size": 138744, "fig_aspectRatio": 5.158536585365853, "fig_size_poster": 0.9613636363636363}, "23": {"fig_size": 129052, "fig_aspectRatio": 5.441558441558442, "fig_size_poster": 0.9522727272727273}, "textRatio": 0.23198198198198197, "figRatio": 0.1063976922222347}, "25": {"xy": [1975, 400, 884, 818], "panel_size": 723112, "panel_aspectRatio": 1.080684596577017, "category": "Method", "figures": 2, "textlen": 65, "fig_size": 192500, "title": "Learnable SphereConv Operator", "27": {"fig_size": 89600, "fig_aspectRatio": 5.46875, "fig_size_poster": 0.7918552036199095}, "30": {"fig_size": 102900, "fig_aspectRatio": 1.1904761904761905, "fig_size_poster": 0.39592760180995473}, "textRatio": 0.1463963963963964, "figRatio": 0.06007237394787528}, "31": {"xy": [1979, 1230, 868, 1294], "panel_size": 1123192, "panel_aspectRatio": 0.6707882534775889, "category": "Method", "figures": 4, "textlen": 63, "fig_size": 633292, "title": "SphereNorm: a New Normalization Method", "33": {"fig_size": 157320, "fig_aspectRatio": 1.0894736842105264, "fig_size_poster": 0.4769585253456221}, "34": {"fig_size": 163200, "fig_aspectRatio": 1.02, "fig_size_poster": 0.4700460829493088}, "35": {"fig_size": 161460, "fig_aspectRatio": 1.0615384615384615, "fig_size_poster": 0.4769585253456221}, "36": {"fig_size": 151312, "fig_aspectRatio": 1.0155440414507773, "fig_size_poster": 0.45161290322580644}, "textRatio": 0.14189189189189189, "figRatio": 0.19762781216726147}, "37": {"xy": [2937, 1906, 872, 640], "panel_size": 558080, "panel_aspectRatio": 1.3625, "category": "Method", "figures": 2, "textlen": 19, "fig_size": 294312, "title": "Experiments on Imagenet02013", "39": {"fig_size": 151032, "fig_aspectRatio": 1.0913978494623655, "fig_size_poster": 0.46559633027522934}, "40": {"fig_size": 143280, "fig_aspectRatio": 1.1055555555555556, "fig_size_poster": 0.45642201834862384}, "textRatio": 0.04279279279279279, "figRatio": 0.0918442624485562}, "42": {"xy": [2947, 398, 850, 1496], "panel_size": 1271600, "panel_aspectRatio": 0.5681818181818182, "category": "Method", "figures": 5, "textlen": 28, "fig_size": 851720, "title": "Experiments on CIFAR-19 and CIFAR100", "44": {"fig_size": 152800, "fig_aspectRatio": 0.955, "fig_size_poster": 0.44941176470588234}, "45": {"fig_size": 156492, "fig_aspectRatio": 0.9130434782608695, "fig_size_poster": 0.4447058823529412}, "46": {"fig_size": 162408, "fig_aspectRatio": 0.995049504950495, "fig_size_poster": 0.47294117647058825}, "47": {"fig_size": 148980, "fig_aspectRatio": 0.9794871794871794, "fig_size_poster": 0.44941176470588234}, "49": {"fig_size": 231040, "fig_aspectRatio": 2.5, "fig_size_poster": 0.8941176470588236}, "textRatio": 0.06306306306306306, "figRatio": 0.2657913887734251}}}