{"poster_size": 8957952, "doclen": 230, "figlen": 3336500, "section": {"1": {"xy": [862, 101, 1743, 120], "panel_size": 209160, "panel_aspectRatio": 14.525, "category": "Title", "figures": 0, "textlen": 0, "fig_size": 0, "title": "CoLA: Decentralized Linear Learning", "textRatio": 0.0, "figRatio": 0.0}, "2": {"xy": [50, 389, 1018, 471], "panel_size": 479478, "panel_aspectRatio": 2.1613588110403397, "category": "Introduction", "figures": 0, "textlen": 29, "fig_size": 0, "title": "Overview", "textRatio": 0.12608695652173912, "figRatio": 0.0}, "4": {"xy": [11, 893, 1074, 1661], "panel_size": 1783914, "panel_aspectRatio": 0.6465984346779049, "category": "Method", "figures": 3, "textlen": 79, "fig_size": 568902, "title": "Setup", "6": {"fig_size": 70970, "fig_aspectRatio": 8.03191489361702, "fig_size_poster": 0.7029795158286778}, "8": {"fig_size": 8896, "fig_aspectRatio": 2.171875, "fig_size_poster": 0.12942271880819367}, "13": {"fig_size": 489036, "fig_aspectRatio": 2.0285132382892055, "fig_size_poster": 0.9273743016759777}, "textRatio": 0.34347826086956523, "figRatio": 0.17050861681402668}, "15": {"xy": [1091, 381, 1279, 2153], "panel_size": 2753687, "panel_aspectRatio": 0.5940548072457037, "category": "Method", "figures": 4, "textlen": 30, "fig_size": 1909037, "title": "Algorithm and Theory", "17": {"fig_size": 1028700, "fig_aspectRatio": 1.27, "fig_size_poster": 0.893666927286943}, "18": {"fig_size": 145912, "fig_aspectRatio": 9.80327868852459, "fig_size_poster": 0.9351055512118843}, "19": {"fig_size": 400725, "fig_aspectRatio": 3.793846153846154, "fig_size_poster": 0.9640344018764659}, "21": {"fig_size": 333700, "fig_aspectRatio": 4.137323943661972, "fig_size_poster": 0.9186864738076622}, "textRatio": 0.13043478260869565, "figRatio": 0.5721675408362056}, "23": {"xy": [2393, 383, 1034, 503], "panel_size": 520102, "panel_aspectRatio": 2.055666003976143, "category": "Method", "figures": 2, "textlen": 45, "fig_size": 178834, "title": "Local Certificates", "25": {"fig_size": 16638, "fig_aspectRatio": 4.779661016949152, "fig_size_poster": 0.2727272727272727}, "27": {"fig_size": 162196, "fig_aspectRatio": 5.482558139534884, "fig_size_poster": 0.9119922630560928}, "textRatio": 0.1956521739130435, "figRatio": 0.05359928068335082}, "28": {"xy": [2389, 899, 1042, 1249], "panel_size": 1301458, "panel_aspectRatio": 0.8342674139311449, "category": "Result", "figures": 3, "textlen": 47, "fig_size": 679727, "title": "Experiments", "30": {"fig_size": 358608, "fig_aspectRatio": 2.5913978494623655, "fig_size_poster": 0.9251439539347409}, "33": {"fig_size": 159755, "fig_aspectRatio": 1.2395543175487465, "fig_size_poster": 0.42706333973128596}, "36": {"fig_size": 161364, "fig_aspectRatio": 1.4041297935103245, "fig_size_poster": 0.45681381957773515}, "textRatio": 0.20434782608695654, "figRatio": 0.2037245616664169}}}