{"poster_size": 4478976, "doclen": 157, "figlen": 1119608, "section": {"0": {"xy": [33, 20, 1930, 119], "panel_size": 229670, "panel_aspectRatio": 16.218487394957982, "category": "Title", "figures": 0, "textlen": 0, "fig_size": 0, "title": "Inferring Generative Model Structure with Static Analysis", "textRatio": 0.0, "figRatio": 0.0}, "1": {"xy": [42, 211, 807, 1507], "panel_size": 1216149, "panel_aspectRatio": 0.53550099535501, "category": "Introduction", "figures": 1, "textlen": 64, "fig_size": 274560, "title": "Summary", "2": {"fig_size": 274560, "fig_aspectRatio": 2.215909090909091, "fig_size_poster": 0.966542750929368}, "textRatio": 0.40764331210191085, "figRatio": 0.24522868718337132}, "5": {"xy": [861, 213, 835, 1502], "panel_size": 1254170, "panel_aspectRatio": 0.5559254327563249, "category": "Method", "figures": 1, "textlen": 59, "fig_size": 318548, "title": "Theoretical Results", "6": {"fig_size": 318548, "fig_aspectRatio": 2.115979381443299, "fig_size_poster": 0.9832335329341317}, "textRatio": 0.37579617834394907, "figRatio": 0.2845174382462433}, "9": {"xy": [1724, 215, 837, 1498], "panel_size": 1253826, "panel_aspectRatio": 0.5587449933244326, "category": "Result", "figures": 2, "textlen": 34, "fig_size": 526500, "title": "Expeimental Results", "10": {"fig_size": 224580, "fig_aspectRatio": 2.7649122807017545, "fig_size_poster": 0.9414575866188769}, "11": {"fig_size": 301920, "fig_aspectRatio": 2.2054054054054055, "fig_size_poster": 0.974910394265233}, "textRatio": 0.21656050955414013, "figRatio": 0.47025387457038537}}}