{"poster_size": 11365515, "doclen": 787, "figlen": 2644580, "section": {"1": {"xy": [1063, 12, 1929, 189], "panel_size": 364581, "panel_aspectRatio": 10.206349206349206, "category": "Title", "figures": 0, "textlen": 0, "fig_size": 0, "title": "SCALABLE COORDINATED EXPLORATION IN CONCURRENT REINFORCEMENT LEARNING", "textRatio": 0.0, "figRatio": 0.0}, "2": {"xy": [18, 298, 992, 2532], "panel_size": 2511744, "panel_aspectRatio": 0.39178515007898895, "category": "Introduction", "figures": 1, "textlen": 262, "fig_size": 259380, "title": "Motivation", "3": {"fig_size": 259380, "fig_aspectRatio": 1.654040404040404, "fig_size_poster": 0.6602822580645161}, "textRatio": 0.33290978398983484, "figRatio": 0.09807984632720508}, "87": {"xy": [1026, 308, 981, 1667], "panel_size": 1635327, "panel_aspectRatio": 0.5884823035392921, "category": "Method", "figures": 2, "textlen": 121, "fig_size": 691552, "title": "GENERALIZED SEED SAMPLING", "88": {"fig_size": 451000, "fig_aspectRatio": 1.804, "fig_size_poster": 0.9194699286442406}, "89": {"fig_size": 240552, "fig_aspectRatio": 3.642023346303502, "fig_size_poster": 0.9541284403669725}, "textRatio": 0.15374841168996187, "figRatio": 0.26149785599225583}, "92": {"xy": [1032, 2006, 962, 407], "panel_size": 391534, "panel_aspectRatio": 2.3636363636363638, "category": "Method", "figures": 1, "textlen": 15, "fig_size": 196469, "title": "SEED LEAST SQUARES VALUE ITERATION\n", "93": {"fig_size": 196469, "fig_aspectRatio": 4.02262443438914, "fig_size_poster": 0.9241164241164241}, "textRatio": 0.01905972045743329, "figRatio": 0.07429119179605079}, "95": {"xy": [1023, 2445, 971, 342], "panel_size": 332082, "panel_aspectRatio": 2.8391812865497075, "category": "Method", "figures": 1, "textlen": 18, "fig_size": 154652, "title": "SEED TEMPORAL DIFFERENCING\n", "97": {"fig_size": 154652, "fig_aspectRatio": 5.75, "fig_size_poster": 0.9711637487126673}, "textRatio": 0.022871664548919948, "figRatio": 0.05847885108410409}, "98": {"xy": [2018, 312, 963, 1881], "panel_size": 1811403, "panel_aspectRatio": 0.5119617224880383, "category": "Method", "figures": 3, "textlen": 126, "fig_size": 774457, "title": "SANITY CHECKS\n", "99": {"fig_size": 201885, "fig_aspectRatio": 4.367441860465116, "fig_size_poster": 0.9750778816199377}, "100": {"fig_size": 288990, "fig_aspectRatio": 2.4707602339181287, "fig_size_poster": 0.877466251298027}, "101": {"fig_size": 283582, "fig_aspectRatio": 2.4822485207100593, "fig_size_poster": 0.8712357217030114}, "textRatio": 0.16010165184243966, "figRatio": 0.2928468792776169}, "106": {"xy": [2021, 2223, 958, 262], "panel_size": 250996, "panel_aspectRatio": 3.6564885496183206, "category": "Method", "figures": 0, "textlen": 38, "fig_size": 0, "title": "SEEED BOOTSTRAP\n", "textRatio": 0.048284625158831, "figRatio": 0.0}, "108": {"xy": [2021, 2528, 958, 266], "panel_size": 254828, "panel_aspectRatio": 3.601503759398496, "category": "Method", "figures": 0, "textlen": 35, "fig_size": 0, "title": "SEED POLICY GRADIENT\n", "textRatio": 0.044472681067344345, "figRatio": 0.0}, "110": {"xy": [3013, 315, 951, 404], "panel_size": 384204, "panel_aspectRatio": 2.353960396039604, "category": "Result", "figures": 0, "textlen": 72, "fig_size": 0, "title": "SEED ENSEMBLE", "textRatio": 0.09148665819567979, "figRatio": 0.0}, "112": {"xy": [3015, 745, 955, 1745], "panel_size": 1666475, "panel_aspectRatio": 0.5472779369627507, "category": "Discussion", "figures": 3, "textlen": 100, "fig_size": 568070, "title": "CARTPOLE: SWING-UP & CENTER\n", "114": {"fig_size": 85374, "fig_aspectRatio": 3.253086419753086, "fig_size_poster": 0.5518324607329843}, "115": {"fig_size": 170471, "fig_aspectRatio": 1.4489795918367347, "fig_size_poster": 0.5204188481675392}, "116": {"fig_size": 312225, "fig_aspectRatio": 1.0589318600368325, "fig_size_poster": 0.6020942408376964}, "textRatio": 0.12706480304955528, "figRatio": 0.21480537552276732}}}