{"poster_size": 16064790, "doclen": 174, "figlen": 4398682, "section": {"1": {"xy": [1026, 51, 2724, 330], "panel_size": 898920, "panel_aspectRatio": 8.254545454545454, "category": "Title", "figures": 0, "textlen": 0, "fig_size": 0, "title": "Learning Hierarchical Information Flow with Recurrent Neural Modules", "textRatio": 0.0, "figRatio": 0.0}, "2": {"xy": [31, 637, 1533, 1298], "panel_size": 1989834, "panel_aspectRatio": 1.1810477657935285, "category": "Introduction", "figures": 0, "textlen": 45, "fig_size": 0, "title": "1. Contribution", "textRatio": 0.25862068965517243, "figRatio": 0.0}, "4": {"xy": [18, 1997, 1554, 1324], "panel_size": 2057496, "panel_aspectRatio": 1.1737160120845922, "category": "Introduction", "figures": 1, "textlen": 40, "fig_size": 632620, "title": "2.Motivation", "6": {"fig_size": 632620, "fig_aspectRatio": 2.8638297872340424, "fig_size_poster": 0.8661518661518661}, "textRatio": 0.22988505747126436, "figRatio": 0.1438203534604229}, "8": {"xy": [1613, 645, 1543, 1292], "panel_size": 1993556, "panel_aspectRatio": 1.1942724458204335, "category": "Method", "figures": 2, "textlen": 26, "fig_size": 938580, "title": "3.Method:ThalNet", "10": {"fig_size": 673980, "fig_aspectRatio": 2.9497907949790796, "fig_size_poster": 0.9138042773817239}, "12": {"fig_size": 264600, "fig_aspectRatio": 2.0416666666666665, "fig_size_poster": 0.4763447828904731}, "textRatio": 0.14942528735632185, "figRatio": 0.2133775526396316}, "13": {"xy": [1631, 1997, 1503, 1284], "panel_size": 1929852, "panel_aspectRatio": 1.1705607476635513, "category": "Result", "figures": 1, "textlen": 9, "fig_size": 1240372, "title": "4.Findings", "15": {"fig_size": 1240372, "fig_aspectRatio": 1.6463133640552996, "fig_size_poster": 0.9507651363938789}, "textRatio": 0.05172413793103448, "figRatio": 0.281987195255306}, "16": {"xy": [3188, 643, 1500, 1305], "panel_size": 1957500, "panel_aspectRatio": 1.1494252873563218, "category": "Result", "figures": 1, "textlen": 0, "fig_size": 1587110, "title": "5. Performance", "17": {"fig_size": 1587110, "fig_aspectRatio": 1.2974683544303798, "fig_size_poster": 0.9566666666666667}, "textRatio": 0.0, "figRatio": 0.36081489864463945}, "18": {"xy": [3186, 1997, 1540, 1316], "panel_size": 2026640, "panel_aspectRatio": 1.1702127659574468, "category": "Result", "figures": 0, "textlen": 54, "fig_size": 0, "title": "6.Conclusion", "textRatio": 0.3103448275862069, "figRatio": 0.0}}}