{"poster_size": 8957952, "doclen": 455, "figlen": 330695, "section": {"1": {"xy": [80, 491, 768, 593], "panel_size": 455424, "panel_aspectRatio": 1.2951096121416525, "category": "Introduction", "figures": 0, "textlen": 0, "fig_size": 0, "title": "Traditional Clustering Problems", "textRatio": 0.0, "figRatio": 0.0}, "9": {"xy": [83, 1119, 770, 610], "panel_size": 469700, "panel_aspectRatio": 1.2622950819672132, "category": "Method", "figures": 0, "textlen": 45, "fig_size": 0, "title": "The Motivational Question ", "textRatio": 0.0989010989010989, "figRatio": 0.0}, "12": {"xy": [75, 1759, 783, 695], "panel_size": 544185, "panel_aspectRatio": 1.1266187050359713, "category": "Method", "figures": 1, "textlen": 48, "fig_size": 68210, "title": "Stochastic Clustering", "15": {"fig_size": 68210, "fig_aspectRatio": 7.557894736842106, "fig_size_poster": 0.9169859514687101}, "textRatio": 0.1054945054945055, "figRatio": 0.20626256822752081}, "16": {"xy": [915, 464, 788, 238], "panel_size": 187544, "panel_aspectRatio": 3.310924369747899, "category": "Method", "figures": 0, "textlen": 32, "fig_size": 0, "title": "", "textRatio": 0.07032967032967033, "figRatio": 0.0}, "19": {"xy": [918, 712, 767, 867], "panel_size": 664989, "panel_aspectRatio": 0.8846597462514417, "category": "Method", "figures": 1, "textlen": 34, "fig_size": 105105, "title": "Problem 1: Chance k-Coverage ", "23": {"fig_size": 105105, "fig_aspectRatio": 5.13986013986014, "fig_size_poster": 0.9582790091264668}, "textRatio": 0.07472527472527472, "figRatio": 0.3178306294319539}, "24": {"xy": [923, 1614, 777, 800], "panel_size": 621600, "panel_aspectRatio": 0.97125, "category": "Method", "figures": 0, "textlen": 40, "fig_size": 0, "title": "Tool 1: Greedy Clustering", "textRatio": 0.08791208791208792, "figRatio": 0.0}, "26": {"xy": [1725, 480, 823, 444], "panel_size": 365412, "panel_aspectRatio": 1.8536036036036037, "category": "Method", "figures": 0, "textlen": 25, "fig_size": 0, "title": "Tool 2: Dependent Rounding", "textRatio": 0.054945054945054944, "figRatio": 0.0}, "28": {"xy": [1740, 929, 845, 1550], "panel_size": 1309750, "panel_aspectRatio": 0.5451612903225806, "category": "Method", "figures": 0, "textlen": 58, "fig_size": 0, "title": "LP Relaxation for CkC\n\u2022We can find a feasible solution y to LP:", "textRatio": 0.12747252747252746, "figRatio": 0.0}, "32": {"xy": [2605, 459, 785, 653], "panel_size": 512605, "panel_aspectRatio": 1.2021439509954057, "category": "Method", "figures": 1, "textlen": 24, "fig_size": 157380, "title": "", "33": {"fig_size": 157380, "fig_aspectRatio": 2.364341085271318, "fig_size_poster": 0.7770700636942676}, "textRatio": 0.05274725274725275, "figRatio": 0.47590680234052524}, "35": {"xy": [2590, 1127, 840, 995], "panel_size": 835800, "panel_aspectRatio": 0.8442211055276382, "category": "Result", "figures": 0, "textlen": 60, "fig_size": 0, "title": "(9, 1)-Approx. for CkC\n\n", "textRatio": 0.13186813186813187, "figRatio": 0.0}}}