{"poster_size": 23887872, "doclen": 851, "figlen": 11076248, "section": {"1": {"xy": [1862, 0, 3168, 155], "panel_size": 491040, "panel_aspectRatio": 20.438709677419354, "category": "Title", "figures": 0, "textlen": 0, "fig_size": 0, "title": "WITH FRIENDS LIKE THESE, WHO NEEDS ADVERSARIES?", "textRatio": 0.0, "figRatio": 0.0}, "2": {"xy": [35, 272, 2329, 1052], "panel_size": 2450108, "panel_aspectRatio": 2.213878326996198, "category": "Introduction", "figures": 2, "textlen": 148, "fig_size": 1109099, "title": "Synopsis", "3": {"fig_size": 766464, "fig_aspectRatio": 3.0781563126252505, "fig_size_poster": 0.6595105195362817}, "4": {"fig_size": 342635, "fig_aspectRatio": 1.40973630831643, "fig_size_poster": 0.29841133533705455}, "textRatio": 0.17391304347826086, "figRatio": 0.1001330956114381}, "9": {"xy": [27, 1333, 2338, 595], "panel_size": 1391110, "panel_aspectRatio": 3.929411764705882, "category": "Method", "figures": 2, "textlen": 36, "fig_size": 713704, "title": "Analysis", "11": {"fig_size": 379440, "fig_aspectRatio": 2.9277777777777776, "fig_size_poster": 0.4508126603934987}, "12": {"fig_size": 334264, "fig_aspectRatio": 3.088145896656535, "fig_size_poster": 0.4345594525235244}, "textRatio": 0.04230317273795535, "figRatio": 0.06443553809918305}, "13": {"xy": [35, 1949, 2312, 437], "panel_size": 1010344, "panel_aspectRatio": 5.290617848970252, "category": "Introduction", "figures": 0, "textlen": 135, "fig_size": 0, "title": "Existing Hypothesis", "textRatio": 0.15863689776733256, "figRatio": 0.0}, "15": {"xy": [16, 2533, 2332, 923], "panel_size": 2152436, "panel_aspectRatio": 2.526543878656555, "category": "Introduction", "figures": 1, "textlen": 61, "fig_size": 1369824, "title": "I - Class identity as a function of the component in specific image-space directions", "17": {"fig_size": 1369824, "fig_aspectRatio": 3.705592105263158, "fig_size_poster": 0.9661234991423671}, "textRatio": 0.07168037602820211, "figRatio": 0.1236722038004205}, "18": {"xy": [2378, 279, 2244, 1475], "panel_size": 3309900, "panel_aspectRatio": 1.5213559322033898, "category": "Introduction", "figures": 1, "textlen": 53, "fig_size": 2669672, "title": "I - Class identity as a function of the component in specific image-space directions", "20": {"fig_size": 2669672, "fig_aspectRatio": 1.770358306188925, "fig_size_poster": 0.9688057040998217}, "textRatio": 0.06227967097532315, "figRatio": 0.24102674479661343}, "21": {"xy": [2380, 1760, 2236, 963], "panel_size": 2153268, "panel_aspectRatio": 2.3219106957424716, "category": "Introduction", "figures": 1, "textlen": 117, "fig_size": 1052676, "title": "II - Network classification performance versus effective data dimensionality", "23": {"fig_size": 1052676, "fig_aspectRatio": 4.45679012345679, "fig_size_poster": 0.9686940966010733}, "textRatio": 0.13748531139835488, "figRatio": 0.09503904210162141}, "24": {"xy": [2379, 2739, 2259, 707], "panel_size": 1597113, "panel_aspectRatio": 3.195190947666195, "category": "Introduction", "figures": 1, "textlen": 33, "fig_size": 960960, "title": "III - Link between classification and adversarial directions", "26": {"fig_size": 960960, "fig_aspectRatio": 4.963636363636364, "fig_size_poster": 0.9667994687915007}, "textRatio": 0.038777908343125736, "figRatio": 0.0867586207892781}, "27": {"xy": [4651, 272, 2245, 776], "panel_size": 1742120, "panel_aspectRatio": 2.893041237113402, "category": "Introduction", "figures": 1, "textlen": 60, "fig_size": 1043040, "title": "III - Link between classification and adversarial directions", "29": {"fig_size": 1043040, "fig_aspectRatio": 4.527083333333334, "fig_size_poster": 0.9679287305122495}, "textRatio": 0.07050528789659224, "figRatio": 0.09416907241513552}, "30": {"xy": [4647, 1060, 2241, 1408], "panel_size": 3155328, "panel_aspectRatio": 1.5916193181818181, "category": "Introduction", "figures": 2, "textlen": 90, "fig_size": 2157273, "title": "IV - On image compression and robustness to adversarial attack", "32": {"fig_size": 819000, "fig_aspectRatio": 5.824, "fig_size_poster": 0.9745649263721553}, "33": {"fig_size": 1338273, "fig_aspectRatio": 3.5153970826580228, "fig_size_poster": 0.9678714859437751}, "textRatio": 0.10575793184488837, "figRatio": 0.19476568238630987}, "34": {"xy": [4639, 2483, 2249, 459], "panel_size": 1032291, "panel_aspectRatio": 4.8997821350762525, "category": "Result", "figures": 0, "textlen": 118, "fig_size": 0, "title": "Conclusion", "textRatio": 0.13866039952996476, "figRatio": 0.0}}}