{"poster_size": 8036464, "doclen": 356, "figlen": 2131616, "section": {"1": {"xy": [535, 37, 2331, 96], "panel_size": 223776, "panel_aspectRatio": 24.28125, "category": "Title", "figures": 0, "textlen": 0, "fig_size": 0, "title": "Objective and efficient inference for couplings in neuronal networks", "textRatio": 0.0, "figRatio": 0.0}, "2": {"xy": [51, 354, 1071, 1092], "panel_size": 1169532, "panel_aspectRatio": 0.9807692307692307, "category": "Introduction", "figures": 0, "textlen": 103, "fig_size": 0, "title": "Overview", "textRatio": 0.2893258426966292, "figRatio": 0.0}, "4": {"xy": [58, 1470, 1082, 876], "panel_size": 947832, "panel_aspectRatio": 1.235159817351598, "category": "Method", "figures": 5, "textlen": 42, "fig_size": 291818, "title": "Kintetic Ising Model", "6": {"fig_size": 93288, "fig_aspectRatio": 11.021739130434783, "fig_size_poster": 0.9371534195933456}, "7": {"fig_size": 34238, "fig_aspectRatio": 3.047169811320755, "fig_size_poster": 0.29852125693160814}, "8": {"fig_size": 41160, "fig_aspectRatio": 1.4583333333333333, "fig_size_poster": 0.22643253234750463}, "11": {"fig_size": 28080, "fig_aspectRatio": 3.466666666666667, "fig_size_poster": 0.28835489833641403}, "12": {"fig_size": 95052, "fig_aspectRatio": 3.0, "fig_size_poster": 0.49353049907578556}, "textRatio": 0.11797752808988764, "figRatio": 0.13689989191298996}, "14": {"xy": [1154, 343, 1063, 630], "panel_size": 669690, "panel_aspectRatio": 1.6873015873015873, "category": "Method", "figures": 1, "textlen": 5, "fig_size": 471744, "title": "Inference Procedure", "16": {"fig_size": 471744, "fig_aspectRatio": 2.1538461538461537, "fig_size_poster": 0.9482596425211665}, "textRatio": 0.014044943820224719, "figRatio": 0.22130815306321588}, "17": {"xy": [1158, 980, 1057, 631], "panel_size": 666967, "panel_aspectRatio": 1.6751188589540411, "category": "Method", "figures": 2, "textlen": 61, "fig_size": 163248, "title": "Coarse-graining of Signals", "19": {"fig_size": 80080, "fig_aspectRatio": 6.618181818181818, "fig_size_poster": 0.6887417218543046}, "21": {"fig_size": 83168, "fig_aspectRatio": 9.826086956521738, "fig_size_poster": 0.8552507095553453}, "textRatio": 0.17134831460674158, "figRatio": 0.07658415024094396}, "23": {"xy": [1162, 1621, 1051, 729], "panel_size": 766179, "panel_aspectRatio": 1.4417009602194788, "category": "Method", "figures": 3, "textlen": 66, "fig_size": 250154, "title": "Screening of Relevant Couplings", "25": {"fig_size": 77517, "fig_aspectRatio": 11.814814814814815, "fig_size_poster": 0.9105613701236918}, "27": {"fig_size": 70585, "fig_aspectRatio": 7.821052631578947, "fig_size_poster": 0.7069457659372027}, "29": {"fig_size": 102052, "fig_aspectRatio": 6.637096774193548, "fig_size_poster": 0.7830637488106565}, "textRatio": 0.1853932584269663, "figRatio": 0.11735415759686547}, "31": {"xy": [2235, 330, 1077, 1480], "panel_size": 1593960, "panel_aspectRatio": 0.7277027027027027, "category": "Result", "figures": 16, "textlen": 39, "fig_size": 954652, "title": "Performance", "33": {"fig_size": 55704, "fig_aspectRatio": 1.2511848341232228, "fig_size_poster": 0.24512534818941503}, "34": {"fig_size": 52560, "fig_aspectRatio": 1.095890410958904, "fig_size_poster": 0.22284122562674094}, "35": {"fig_size": 57240, "fig_aspectRatio": 1.2268518518518519, "fig_size_poster": 0.24605385329619314}, "36": {"fig_size": 54834, "fig_aspectRatio": 1.1126126126126126, "fig_size_poster": 0.22934076137418755}, "38": {"fig_size": 55590, "fig_aspectRatio": 1.1697247706422018, "fig_size_poster": 0.23676880222841226}, "39": {"fig_size": 55880, "fig_aspectRatio": 1.1545454545454545, "fig_size_poster": 0.23584029712163418}, "40": {"fig_size": 57681, "fig_aspectRatio": 1.1809954751131222, "fig_size_poster": 0.24233983286908078}, "41": {"fig_size": 56563, "fig_aspectRatio": 1.0786026200873362, "fig_size_poster": 0.22934076137418755}, "43": {"fig_size": 57456, "fig_aspectRatio": 1.2314814814814814, "fig_size_poster": 0.24698235840297122}, "44": {"fig_size": 53297, "fig_aspectRatio": 1.0717488789237668, "fig_size_poster": 0.22191272051996286}, "45": {"fig_size": 56283, "fig_aspectRatio": 1.17351598173516, "fig_size_poster": 0.23862581244196843}, "46": {"fig_size": 54864, "fig_aspectRatio": 1.1759259259259258, "fig_size_poster": 0.23584029712163418}, "48": {"fig_size": 47722, "fig_aspectRatio": 0.9596412556053812, "fig_size_poster": 0.19870009285051068}, "49": {"fig_size": 95658, "fig_aspectRatio": 0.9283489096573209, "fig_size_poster": 0.27669452181987003}, "50": {"fig_size": 48204, "fig_aspectRatio": 0.8803418803418803, "fig_size_poster": 0.19127205199628597}, "51": {"fig_size": 95116, "fig_aspectRatio": 0.9525316455696202, "fig_size_poster": 0.27948003714020425}, "textRatio": 0.10955056179775281, "figRatio": 0.4478536471859847}, "52": {"xy": [2244, 1823, 1085, 534], "panel_size": 579390, "panel_aspectRatio": 2.0318352059925093, "category": "Discussion", "figures": 0, "textlen": 40, "fig_size": 0, "title": "Conclusion & Open code", "textRatio": 0.11235955056179775, "figRatio": 0.0}}}