{"poster_size": 23887872, "doclen": 175, "figlen": 10168096, "section": {"1": {"xy": [942, 94, 5007, 173], "panel_size": 866211, "panel_aspectRatio": 28.942196531791907, "category": "Title", "figures": 0, "textlen": 0, "fig_size": 0, "title": "How to Start Training: The Effect of Intialization and Architecture", "textRatio": 0.0, "figRatio": 0.0}, "2": {"xy": [16, 608, 6853, 693], "panel_size": 4749129, "panel_aspectRatio": 9.88888888888889, "category": "Introduction", "figures": 0, "textlen": 105, "fig_size": 0, "title": "Motivation", "textRatio": 0.6, "figRatio": 0.0}, "3": {"xy": [29, 1381, 6840, 1240], "panel_size": 8481600, "panel_aspectRatio": 5.516129032258065, "category": "Method", "figures": 3, "textlen": 0, "fig_size": 7707776, "title": "", "5": {"fig_size": 2515968, "fig_aspectRatio": 1.8958333333333333, "fig_size_poster": 0.3192982456140351}, "6": {"fig_size": 2592464, "fig_aspectRatio": 1.8873720136518772, "fig_size_poster": 0.32339181286549706}, "7": {"fig_size": 2599344, "fig_aspectRatio": 1.8417508417508417, "fig_size_poster": 0.3198830409356725}, "textRatio": 0.0, "figRatio": 0.7580353293281259}, "4": {"xy": [22, 2675, 6847, 720], "panel_size": 4929840, "panel_aspectRatio": 9.509722222222223, "category": "Method", "figures": 2, "textlen": 70, "fig_size": 2460320, "title": "", "8": {"fig_size": 1257440, "fig_aspectRatio": 3.7379310344827585, "fig_size_poster": 0.31663502263765153}, "9": {"fig_size": 1202880, "fig_aspectRatio": 3.835714285714286, "fig_size_poster": 0.31371403534394626}, "textRatio": 0.4, "figRatio": 0.24196467067187408}}}