{"poster_size": 12441600, "doclen": 226, "figlen": 4093974, "section": {"1": {"xy": [797, 44, 2718, 114], "panel_size": 309852, "panel_aspectRatio": 23.842105263157894, "category": "Title", "figures": 0, "textlen": 0, "fig_size": 0, "title": "Robust Hypothesis Testing Using Wasserstein Uncertainty Sets", "textRatio": 0.0, "figRatio": 0.0}, "2": {"xy": [96, 417, 1330, 316], "panel_size": 420280, "panel_aspectRatio": 4.208860759493671, "category": "Introduction", "figures": 0, "textlen": 25, "fig_size": 0, "title": "Overview", "textRatio": 0.11061946902654868, "figRatio": 0.0}, "4": {"xy": [99, 749, 1327, 1107], "panel_size": 1468989, "panel_aspectRatio": 1.19873532068654, "category": "Introduction", "figures": 4, "textlen": 37, "fig_size": 586707, "title": "Introduction", "6": {"fig_size": 171710, "fig_aspectRatio": 1.1584415584415584, "fig_size_poster": 0.3360964581763376}, "7": {"fig_size": 161504, "fig_aspectRatio": 1.0510204081632653, "fig_size_poster": 0.31047475508666167}, "9": {"fig_size": 122148, "fig_aspectRatio": 9.077586206896552, "fig_size_poster": 0.7935192162773173}, "11": {"fig_size": 131345, "fig_aspectRatio": 11.055045871559633, "fig_size_poster": 0.9080633006782216}, "textRatio": 0.16371681415929204, "figRatio": 0.14330989889041795}, "13": {"xy": [91, 1863, 1360, 887], "panel_size": 1206320, "panel_aspectRatio": 1.5332581736189403, "category": "Method", "figures": 4, "textlen": 27, "fig_size": 519640, "title": "Problem Setup", "14": {"fig_size": 145290, "fig_aspectRatio": 5.209580838323354, "fig_size_poster": 0.6397058823529411}, "15": {"fig_size": 97614, "fig_aspectRatio": 4.169934640522876, "fig_size_poster": 0.46911764705882353}, "16": {"fig_size": 104608, "fig_aspectRatio": 2.0848214285714284, "fig_size_poster": 0.34338235294117647}, "18": {"fig_size": 172128, "fig_aspectRatio": 9.878787878787879, "fig_size_poster": 0.9588235294117647}, "textRatio": 0.11946902654867257, "figRatio": 0.12692801664104364}, "20": {"xy": [1449, 413, 1376, 904], "panel_size": 1243904, "panel_aspectRatio": 1.5221238938053097, "category": "Method", "figures": 5, "textlen": 36, "fig_size": 641698, "title": "Detector-based Test", "21": {"fig_size": 144892, "fig_aspectRatio": 6.614864864864865, "fig_size_poster": 0.7114825581395349}, "22": {"fig_size": 143514, "fig_aspectRatio": 7.992537313432836, "fig_size_poster": 0.778343023255814}, "24": {"fig_size": 139750, "fig_aspectRatio": 1.323076923076923, "fig_size_poster": 0.3125}, "25": {"fig_size": 105434, "fig_aspectRatio": 1.861344537815126, "fig_size_poster": 0.32194767441860467}, "26": {"fig_size": 108108, "fig_aspectRatio": 1.2255892255892256, "fig_size_poster": 0.26453488372093026}, "textRatio": 0.1592920353982301, "figRatio": 0.15674207994481645}, "27": {"xy": [1466, 1324, 1354, 1449], "panel_size": 1961946, "panel_aspectRatio": 0.9344375431331953, "category": "Method", "figures": 3, "textlen": 62, "fig_size": 1017029, "title": "Convex Exact Reformulation", "28": {"fig_size": 757593, "fig_aspectRatio": 2.1256281407035176, "fig_size_poster": 0.9372230428360414}, "31": {"fig_size": 97760, "fig_aspectRatio": 11.063829787234043, "fig_size_poster": 0.7680945347119645}, "32": {"fig_size": 161676, "fig_aspectRatio": 6.160493827160494, "fig_size_poster": 0.7370753323485968}, "textRatio": 0.2743362831858407, "figRatio": 0.24842097189674384}, "33": {"xy": [2877, 411, 1339, 695], "panel_size": 930605, "panel_aspectRatio": 1.9266187050359713, "category": "Method", "figures": 2, "textlen": 36, "fig_size": 393885, "title": "Least Favorable Distributions and Optimal Detector", "35": {"fig_size": 295885, "fig_aspectRatio": 3.4, "fig_size_poster": 0.7490664675130695}, "36": {"fig_size": 98000, "fig_aspectRatio": 1.568, "fig_size_poster": 0.292755787901419}, "textRatio": 0.1592920353982301, "figRatio": 0.09621091877965028}, "37": {"xy": [2883, 1113, 1372, 1236], "panel_size": 1695792, "panel_aspectRatio": 1.110032362459547, "category": "Result", "figures": 5, "textlen": 3, "fig_size": 935015, "title": "Numerical Example", "39": {"fig_size": 367125, "fig_aspectRatio": 2.6106666666666665, "fig_size_poster": 0.7135568513119533}, "40": {"fig_size": 87314, "fig_aspectRatio": 3.9328859060402683, "fig_size_poster": 0.4271137026239067}, "41": {"fig_size": 84384, "fig_aspectRatio": 4.069444444444445, "fig_size_poster": 0.4271137026239067}, "42": {"fig_size": 100377, "fig_aspectRatio": 3.4327485380116958, "fig_size_poster": 0.42784256559766765}, "43": {"fig_size": 295815, "fig_aspectRatio": 1.2785862785862785, "fig_size_poster": 0.44825072886297374}, "textRatio": 0.01327433628318584, "figRatio": 0.2283881138473278}}}