{"poster_size": 10093254, "doclen": 338, "figlen": 3758303, "section": {"0": {"xy": [926, 34, 2026, 78], "panel_size": 158028, "panel_aspectRatio": 25.974358974358974, "category": "Title", "figures": 0, "textlen": 0, "fig_size": 0, "title": "Learning towards Minimum Hyperspherical Energy", "textRatio": 0.0, "figRatio": 0.0}, "1": {"xy": [71, 404, 878, 2152], "panel_size": 1889456, "panel_aspectRatio": 0.4079925650557621, "category": "Introduction", "figures": 3, "textlen": 0, "fig_size": 1637905, "title": "Introduction", "2": {"fig_size": 651024, "fig_aspectRatio": 1.0378787878787878, "fig_size_poster": 0.9362186788154897}, "3": {"fig_size": 414001, "fig_aspectRatio": 1.676056338028169, "fig_size_poster": 0.94874715261959}, "4": {"fig_size": 572880, "fig_aspectRatio": 1.2316715542521994, "fig_size_poster": 0.9567198177676538}, "textRatio": 0.0, "figRatio": 0.4358097258257251}, "5": {"xy": [1037, 401, 855, 2125], "panel_size": 1816875, "panel_aspectRatio": 0.4023529411764706, "category": "Method", "figures": 3, "textlen": 136, "fig_size": 576193, "title": "Minimum hyperspherical Energy(MHE)", "8": {"fig_size": 295944, "fig_aspectRatio": 2.361581920903955, "fig_size_poster": 0.9777777777777777}, "11": {"fig_size": 82712, "fig_aspectRatio": 8.612244897959183, "fig_size_poster": 0.9871345029239766}, "13": {"fig_size": 197537, "fig_aspectRatio": 3.135458167330677, "fig_size_poster": 0.92046783625731}, "textRatio": 0.40236686390532544, "figRatio": 0.15331201342733675}, "15": {"xy": [1985, 404, 886, 2141], "panel_size": 1896926, "panel_aspectRatio": 0.4138253152732368, "category": "Method", "figures": 6, "textlen": 88, "fig_size": 676230, "title": "Theoretical Properties", "18": {"fig_size": 54264, "fig_aspectRatio": 7.690476190476191, "fig_size_poster": 0.7291196388261851}, "20": {"fig_size": 96728, "fig_aspectRatio": 7.575221238938053, "fig_size_poster": 0.9661399548532731}, "22": {"fig_size": 149388, "fig_aspectRatio": 3.3554502369668247, "fig_size_poster": 0.7990970654627539}, "24": {"fig_size": 107421, "fig_aspectRatio": 3.2076502732240435, "fig_size_poster": 0.662528216704289}, "26": {"fig_size": 115709, "fig_aspectRatio": 4.694267515923567, "fig_size_poster": 0.8318284424379232}, "28": {"fig_size": 152720, "fig_aspectRatio": 4.510869565217392, "fig_size_poster": 0.9367945823927766}, "textRatio": 0.2603550295857988, "figRatio": 0.17992961184875195}, "30": {"xy": [2945, 400, 877, 2137], "panel_size": 1874149, "panel_aspectRatio": 0.41038839494618623, "category": "Result", "figures": 3, "textlen": 114, "fig_size": 867975, "title": "Class-imbalance Learning", "33": {"fig_size": 237726, "fig_aspectRatio": 3.0106761565836297, "fig_size_poster": 0.9646522234891676}, "35": {"fig_size": 375001, "fig_aspectRatio": 1.7194860813704498, "fig_size_poster": 0.9156214367160775}, "36": {"fig_size": 255248, "fig_aspectRatio": 2.8172757475083055, "fig_size_poster": 0.9669327251995439}, "textRatio": 0.33727810650887574, "figRatio": 0.23094864889818623}}}