{"poster_size": 8018220, "doclen": 224, "figlen": 2468753, "section": {"0": {"xy": [1251, 9, 1465, 83], "panel_size": 121595, "panel_aspectRatio": 17.650602409638555, "category": "Title", "figures": 0, "textlen": 0, "fig_size": 0, "title": "How Does Batch Normalization Help Optimization?", "textRatio": 0.0, "figRatio": 0.0}, "1": {"xy": [66, 327, 1001, 684], "panel_size": 684684, "panel_aspectRatio": 1.463450292397661, "category": "Introduction", "figures": 2, "textlen": 14, "fig_size": 376079, "title": "Batch Normalization (BatchNorm)", "2": {"fig_size": 184415, "fig_aspectRatio": 1.2441558441558442, "fig_size_poster": 0.4785214785214785}, "3": {"fig_size": 191664, "fig_aspectRatio": 1.2222222222222223, "fig_size_poster": 0.4835164835164835}, "textRatio": 0.0625, "figRatio": 0.15233561235166093}, "5": {"xy": [76, 1119, 978, 531], "panel_size": 519318, "panel_aspectRatio": 1.8418079096045197, "category": "Introduction", "figures": 0, "textlen": 49, "fig_size": 0, "title": "Why does BatchNorm work?", "textRatio": 0.21875, "figRatio": 0.0}, "7": {"xy": [74, 1779, 1005, 540], "panel_size": 542700, "panel_aspectRatio": 1.8611111111111112, "category": "Title", "figures": 1, "textlen": 9, "fig_size": 403760, "title": "A closer look at activation distributions", "8": {"fig_size": 403760, "fig_aspectRatio": 2.378640776699029, "fig_size_poster": 0.9751243781094527}, "textRatio": 0.04017857142857143, "figRatio": 0.16354815568831713}, "10": {"xy": [1145, 327, 1033, 973], "panel_size": 1005109, "panel_aspectRatio": 1.0616649537512848, "category": "Introduction", "figures": 3, "textlen": 32, "fig_size": 511782, "title": "What if we introduce additional (artificial) ICS?", "11": {"fig_size": 104346, "fig_aspectRatio": 3.0161290322580645, "fig_size_poster": 0.5430784123910939}, "13": {"fig_size": 213408, "fig_aspectRatio": 1.1435185185185186, "fig_size_poster": 0.4782187802516941}, "14": {"fig_size": 194028, "fig_aspectRatio": 0.9842342342342343, "fig_size_poster": 0.4230396902226525}, "textRatio": 0.14285714285714285, "figRatio": 0.20730384935228433}, "16": {"xy": [1121, 1370, 1042, 971], "panel_size": 1011782, "panel_aspectRatio": 1.0731204943357364, "category": "Method", "figures": 2, "textlen": 43, "fig_size": 531168, "title": "An optimization-based notion of ICS", "18": {"fig_size": 283104, "fig_aspectRatio": 3.4131944444444446, "fig_size_poster": 0.9433781190019194}, "20": {"fig_size": 248064, "fig_aspectRatio": 3.78515625, "fig_size_poster": 0.9299424184261037}, "textRatio": 0.19196428571428573, "figRatio": 0.21515639677197354}, "22": {"xy": [2218, 304, 1092, 917], "panel_size": 1001364, "panel_aspectRatio": 1.1908396946564885, "category": "Method", "figures": 3, "textlen": 24, "fig_size": 512833, "title": "Roots of BatchNorm's success", "24": {"fig_size": 120018, "fig_aspectRatio": 4.355421686746988, "fig_size_poster": 0.6620879120879121}, "26": {"fig_size": 192365, "fig_aspectRatio": 1.2329113924050632, "fig_size_poster": 0.445970695970696}, "27": {"fig_size": 200450, "fig_aspectRatio": 1.1255924170616114, "fig_size_poster": 0.434981684981685}, "textRatio": 0.10714285714285714, "figRatio": 0.20772957035393982}, "29": {"xy": [2224, 1252, 1096, 500], "panel_size": 548000, "panel_aspectRatio": 2.192, "category": "Result", "figures": 2, "textlen": 26, "fig_size": 133131, "title": "lmpact of adding a BatchNorm layer", "30": {"fig_size": 61824, "fig_aspectRatio": 2.3850931677018634, "fig_size_poster": 0.35036496350364965}, "31": {"fig_size": 71307, "fig_aspectRatio": 2.43859649122807, "fig_size_poster": 0.38047445255474455}, "textRatio": 0.11607142857142858, "figRatio": 0.053926415481824225}, "33": {"xy": [2216, 1761, 1102, 343], "panel_size": 377986, "panel_aspectRatio": 3.2128279883381925, "category": "Discussion", "figures": 0, "textlen": 27, "fig_size": 0, "title": "Future directions", "textRatio": 0.12053571428571429, "figRatio": 0.0}}}