{"poster_size": 8957952, "doclen": 510, "figlen": 2568056, "section": {"2": {"xy": [27, 21, 2086, 114], "panel_size": 237804, "panel_aspectRatio": 18.29824561403509, "category": "Title", "figures": 0, "textlen": 0, "fig_size": 0, "title": "LATENT GAUSSIAN ACTIVITY PROPAGATION", "textRatio": 0.0, "figRatio": 0.0}, "3": {"xy": [36, 446, 822, 605], "panel_size": 497310, "panel_aspectRatio": 1.3586776859504133, "category": "Introduction", "figures": 0, "textlen": 63, "fig_size": 0, "title": "MOTIVATTON", "textRatio": 0.12352941176470589, "figRatio": 0.0}, "5": {"xy": [40, 1082, 1667, 1461], "panel_size": 2435487, "panel_aspectRatio": 1.1409993155373033, "category": "Method", "figures": 1, "textlen": 201, "fig_size": 875872, "title": "Model", "7": {"fig_size": 875872, "fig_aspectRatio": 2.981549815498155, "fig_size_poster": 0.9694061187762447}, "textRatio": 0.3941176470588235, "figRatio": 0.3410642135529755}, "9": {"xy": [895, 449, 826, 620], "panel_size": 512120, "panel_aspectRatio": 1.332258064516129, "category": "Introduction", "figures": 0, "textlen": 79, "fig_size": 0, "title": "prior work", "textRatio": 0.15490196078431373, "figRatio": 0.0}, "12": {"xy": [1746, 446, 822, 694], "panel_size": 570468, "panel_aspectRatio": 1.1844380403458212, "category": "Result", "figures": 1, "textlen": 49, "fig_size": 223224, "title": "TWO sources", "13": {"fig_size": 223224, "fig_aspectRatio": 2.767605633802817, "fig_size_poster": 0.9562043795620438}, "textRatio": 0.09607843137254903, "figRatio": 0.08692333812035252}, "16": {"xy": [1745, 1167, 832, 1386], "panel_size": 1153152, "panel_aspectRatio": 0.6002886002886003, "category": "Result", "figures": 1, "textlen": 31, "fig_size": 842372, "title": "five sources", "17": {"fig_size": 842372, "fig_aspectRatio": 0.7371375116931712, "fig_size_poster": 0.9471153846153846}, "textRatio": 0.060784313725490195, "figRatio": 0.32801932668134964}, "19": {"xy": [2582, 444, 843, 1214], "panel_size": 1023402, "panel_aspectRatio": 0.6943986820428336, "category": "Result", "figures": 1, "textlen": 34, "fig_size": 626588, "title": "METRICS", "20": {"fig_size": 626588, "fig_aspectRatio": 1.0678851174934725, "fig_size_poster": 0.970344009489917}, "textRatio": 0.06666666666666667, "figRatio": 0.24399312164532239}, "22": {"xy": [2587, 1679, 845, 434], "panel_size": 366730, "panel_aspectRatio": 1.9470046082949308, "category": "Discussion", "figures": 0, "textlen": 53, "fig_size": 0, "title": "CONCLUSIONS", "textRatio": 0.10392156862745099, "figRatio": 0.0}}}