{"poster_size": 8323658, "doclen": 618, "figlen": 1435951, "section": {"0": {"xy": [532, 81, 2385, 196], "panel_size": 467460, "panel_aspectRatio": 12.168367346938776, "category": "Title", "figures": 0, "textlen": 0, "fig_size": 0, "title": "Predict Responsibly: Improving Fairness and Accuracy by Learning to Defer", "textRatio": 0.0, "figRatio": 0.0}, "1": {"xy": [29, 464, 1092, 502], "panel_size": 548184, "panel_aspectRatio": 2.1752988047808763, "category": "Introduction", "figures": 1, "textlen": 25, "fig_size": 208598, "title": "Motivation", "4": {"fig_size": 208598, "fig_aspectRatio": 4.084070796460177, "fig_size_poster": 0.8452380952380952}, "textRatio": 0.040453074433656956, "figRatio": 0.14526818812062528}, "5": {"xy": [29, 994, 1088, 253], "panel_size": 275264, "panel_aspectRatio": 4.300395256916996, "category": "Introduction", "figures": 0, "textlen": 30, "fig_size": 0, "title": "Main Idea", "textRatio": 0.04854368932038835, "figRatio": 0.0}, "9": {"xy": [43, 1262, 1076, 1150], "panel_size": 1237400, "panel_aspectRatio": 0.9356521739130435, "category": "Method", "figures": 1, "textlen": 141, "fig_size": 215385, "title": "A Joint Decision-Making Framework", "10": {"fig_size": 215385, "fig_aspectRatio": 3.4738955823293174, "fig_size_poster": 0.8039033457249071}, "textRatio": 0.22815533980582525, "figRatio": 0.1499946725201626}, "12": {"xy": [1147, 458, 1072, 1221], "panel_size": 1308912, "panel_aspectRatio": 0.877968877968878, "category": "Method", "figures": 4, "textlen": 137, "fig_size": 469208, "title": "Model", "14": {"fig_size": 108108, "fig_aspectRatio": 7.897435897435898, "fig_size_poster": 0.8619402985074627}, "16": {"fig_size": 179916, "fig_aspectRatio": 5.090425531914893, "fig_size_poster": 0.8927238805970149}, "18": {"fig_size": 71984, "fig_aspectRatio": 9.295454545454545, "fig_size_poster": 0.7630597014925373}, "20": {"fig_size": 109200, "fig_aspectRatio": 9.904761904761905, "fig_size_poster": 0.9701492537313433}, "textRatio": 0.22168284789644013, "figRatio": 0.3267576679148522}, "21": {"xy": [1153, 1683, 1072, 702], "panel_size": 752544, "panel_aspectRatio": 1.5270655270655271, "category": "Method", "figures": 0, "textlen": 113, "fig_size": 0, "title": "Learning Adaptively within Decision Systems", "textRatio": 0.18284789644012944, "figRatio": 0.0}, "23": {"xy": [2262, 460, 1104, 1533], "panel_size": 1692432, "panel_aspectRatio": 0.7201565557729941, "category": "Result", "figures": 4, "textlen": 124, "fig_size": 542760, "title": "Experiments - Three types of DMs", "26": {"fig_size": 123216, "fig_aspectRatio": 1.3509933774834437, "fig_size_poster": 0.3695652173913043}, "28": {"fig_size": 118992, "fig_aspectRatio": 1.3581081081081081, "fig_size_poster": 0.3641304347826087}, "30": {"fig_size": 113960, "fig_aspectRatio": 1.3006756756756757, "fig_size_poster": 0.348731884057971}, "32": {"fig_size": 186592, "fig_aspectRatio": 2.5220588235294117, "fig_size_poster": 0.6213768115942029}, "textRatio": 0.20064724919093851, "figRatio": 0.3779794714443599}, "33": {"xy": [2278, 1999, 1075, 412], "panel_size": 442900, "panel_aspectRatio": 2.6092233009708736, "category": "Discussion", "figures": 0, "textlen": 48, "fig_size": 0, "title": "Takeaways", "textRatio": 0.07766990291262135, "figRatio": 0.0}}}