{"poster_size": 8018220, "doclen": 141, "figlen": 4641238, "section": {"1": {"xy": [294, 8, 3067, 110], "panel_size": 337370, "panel_aspectRatio": 27.881818181818183, "category": "Title", "figures": 0, "textlen": 0, "fig_size": 0, "title": "Divide and Couple: Using Monte Carlo Variational Objectives for Posterior Approximation", "textRatio": 0.0, "figRatio": 0.0}, "2": {"xy": [14, 183, 1113, 394], "panel_size": 438522, "panel_aspectRatio": 2.8248730964467006, "category": "Introduction", "figures": 0, "textlen": 49, "fig_size": 0, "title": "", "textRatio": 0.3475177304964539, "figRatio": 0.0}, "4": {"xy": [25, 583, 1110, 1420], "panel_size": 1576200, "panel_aspectRatio": 0.7816901408450704, "category": "Introduction", "figures": 6, "textlen": 0, "fig_size": 1207112, "title": "The problem", "5": {"fig_size": 212073, "fig_aspectRatio": 4.26457399103139, "fig_size_poster": 0.8567567567567568}, "6": {"fig_size": 55703, "fig_aspectRatio": 19.830188679245282, "fig_size_poster": 0.9468468468468468}, "7": {"fig_size": 214368, "fig_aspectRatio": 3.9827586206896552, "fig_size_poster": 0.8324324324324325}, "8": {"fig_size": 113091, "fig_aspectRatio": 5.093959731543624, "fig_size_poster": 0.6837837837837838}, "9": {"fig_size": 243110, "fig_aspectRatio": 4.595652173913043, "fig_size_poster": 0.9522522522522523}, "10": {"fig_size": 368767, "fig_aspectRatio": 2.5672823218997363, "fig_size_poster": 0.8765765765765766}, "textRatio": 0.0, "figRatio": 0.26008405515942085}, "11": {"xy": [1135, 205, 1102, 2143], "panel_size": 2361586, "panel_aspectRatio": 0.5142323845076995, "category": "Method", "figures": 3, "textlen": 92, "fig_size": 1390975, "title": "Main Framework", "12": {"fig_size": 630720, "fig_aspectRatio": 1.8493150684931507, "fig_size_poster": 0.9800362976406534}, "14": {"fig_size": 384665, "fig_aspectRatio": 0.7440890125173852, "fig_size_poster": 0.48548094373865697}, "15": {"fig_size": 375590, "fig_aspectRatio": 0.7450704225352113, "fig_size_poster": 0.48003629764065336}, "textRatio": 0.6524822695035462, "figRatio": 0.2996991319988331}, "17": {"xy": [2249, 201, 1118, 658], "panel_size": 735644, "panel_aspectRatio": 1.6990881458966565, "category": "Method", "figures": 1, "textlen": 0, "fig_size": 625600, "title": "3. Transforming Couplings", "18": {"fig_size": 625600, "fig_aspectRatio": 1.8921739130434783, "fig_size_poster": 0.9731663685152058}, "textRatio": 0.0, "figRatio": 0.1347916224076421}, "19": {"xy": [2253, 871, 1108, 642], "panel_size": 711336, "panel_aspectRatio": 1.7258566978193146, "category": "Result", "figures": 1, "textlen": 0, "fig_size": 590472, "title": "4. Example lmplementation", "20": {"fig_size": 590472, "fig_aspectRatio": 1.910071942446043, "fig_size_poster": 0.9584837545126353}, "textRatio": 0.0, "figRatio": 0.12722295215199048}, "21": {"xy": [2241, 1518, 1110, 838], "panel_size": 930180, "panel_aspectRatio": 1.324582338902148, "category": "Result", "figures": 1, "textlen": 0, "fig_size": 827079, "title": "5. Example Results", "22": {"fig_size": 827079, "fig_aspectRatio": 1.3559539052496798, "fig_size_poster": 0.9540540540540541}, "textRatio": 0.0, "figRatio": 0.1782022382821135}}}