{"poster_size": 8957952, "doclen": 471, "figlen": 1367883, "section": {"1": {"xy": [351, 18, 2817, 117], "panel_size": 329589, "panel_aspectRatio": 24.076923076923077, "category": "Title", "figures": 0, "textlen": 0, "fig_size": 0, "title": "Meta-Surrogate Benchmarking for Hyperparameter Optimization", "textRatio": 0.0, "figRatio": 0.0}, "2": {"xy": [46, 415, 1547, 747], "panel_size": 1155609, "panel_aspectRatio": 2.07095046854083, "category": "Introduction", "figures": 0, "textlen": 73, "fig_size": 0, "title": "In a nutshell", "textRatio": 0.15498938428874734, "figRatio": 0.0}, "4": {"xy": [57, 1168, 1533, 714], "panel_size": 1094562, "panel_aspectRatio": 2.1470588235294117, "category": "Method", "figures": 2, "textlen": 94, "fig_size": 75663, "title": "Approach", "6": {"fig_size": 33150, "fig_aspectRatio": 5.8933333333333335, "fig_size_poster": 0.2883235485975212}, "9": {"fig_size": 42513, "fig_aspectRatio": 3.4504504504504503, "fig_size_poster": 0.24983692106979777}, "textRatio": 0.19957537154989385, "figRatio": 0.05531394132392902}, "10": {"xy": [1624, 410, 1805, 872], "panel_size": 1573960, "panel_aspectRatio": 2.069954128440367, "category": "Method", "figures": 3, "textlen": 89, "fig_size": 540574, "title": "Evaluationg the Meta-Model", "11": {"fig_size": 89154, "fig_aspectRatio": 1.6282051282051282, "fig_size_poster": 0.2110803324099723}, "14": {"fig_size": 304966, "fig_aspectRatio": 3.946043165467626, "fig_size_poster": 0.6077562326869806}, "15": {"fig_size": 146454, "fig_aspectRatio": 2.7445887445887447, "fig_size_poster": 0.3512465373961219}, "textRatio": 0.18895966029723993, "figRatio": 0.39519023191310954}, "17": {"xy": [37, 1904, 1548, 625], "panel_size": 967500, "panel_aspectRatio": 2.4768, "category": "Method", "figures": 0, "textlen": 93, "fig_size": 0, "title": "Meta-Model", "textRatio": 0.19745222929936307, "figRatio": 0.0}, "20": {"xy": [1599, 1312, 1816, 1234], "panel_size": 2240944, "panel_aspectRatio": 1.4716369529983793, "category": "Result", "figures": 2, "textlen": 122, "fig_size": 751646, "title": "Automated Benchmarking", "22": {"fig_size": 143000, "fig_aspectRatio": 1.7482517482517483, "fig_size_poster": 0.2753303964757709}, "24": {"fig_size": 608646, "fig_aspectRatio": 4.670360110803324, "fig_size_poster": 0.9284140969162996}, "textRatio": 0.25902335456475584, "figRatio": 0.5494958267629615}}}