{"poster_size": 8034080, "doclen": 147, "figlen": 4053443, "section": {"1": {"xy": [279, 55, 2842, 120], "panel_size": 341040, "panel_aspectRatio": 23.683333333333334, "category": "Title", "figures": 0, "textlen": 0, "fig_size": 0, "title": "Adversarial Scene Editing:Automatic Object Removal from Weak Supervision", "textRatio": 0.0, "figRatio": 0.0}, "2": {"xy": [71, 387, 933, 935], "panel_size": 872355, "panel_aspectRatio": 0.9978609625668449, "category": "Introduction", "figures": 1, "textlen": 83, "fig_size": 233996, "title": "Summary", "5": {"fig_size": 233996, "fig_aspectRatio": 3.116788321167883, "fig_size_poster": 0.9153269024651661}, "textRatio": 0.564625850340136, "figRatio": 0.05772771443930506}, "7": {"xy": [1044, 348, 1400, 984], "panel_size": 1377600, "panel_aspectRatio": 1.4227642276422765, "category": "Method", "figures": 1, "textlen": 0, "fig_size": 1148060, "title": "Qualitative results of removal", "8": {"fig_size": 1148060, "fig_aspectRatio": 1.6348448687350836, "fig_size_poster": 0.9785714285714285}, "textRatio": 0.0, "figRatio": 0.28323082377129766}, "9": {"xy": [2462, 352, 908, 956], "panel_size": 868048, "panel_aspectRatio": 0.9497907949790795, "category": "Method", "figures": 1, "textlen": 0, "fig_size": 698860, "title": "Effects of adversarial shape prior", "10": {"fig_size": 698860, "fig_aspectRatio": 1.0144578313253012, "fig_size_poster": 0.9273127753303965}, "textRatio": 0.0, "figRatio": 0.17241145367037355}, "11": {"xy": [48, 1348, 1864, 992], "panel_size": 1849088, "panel_aspectRatio": 1.8790322580645162, "category": "Method", "figures": 4, "textlen": 64, "fig_size": 907288, "title": "Model", "13": {"fig_size": 292032, "fig_aspectRatio": 1.6875, "fig_size_poster": 0.37660944206008584}, "15": {"fig_size": 182608, "fig_aspectRatio": 4.475247524752476, "fig_size_poster": 0.48497854077253216}, "18": {"fig_size": 320040, "fig_aspectRatio": 1.8142857142857143, "fig_size_poster": 0.40879828326180256}, "20": {"fig_size": 112608, "fig_aspectRatio": 5.430555555555555, "fig_size_poster": 0.41952789699570814}, "textRatio": 0.43537414965986393, "figRatio": 0.2238314440341211}, "22": {"xy": [1941, 1342, 1428, 913], "panel_size": 1303764, "panel_aspectRatio": 1.5640744797371304, "category": "Result", "figures": 3, "textlen": 0, "fig_size": 1065239, "title": "Quantitative results and ablations", "24": {"fig_size": 498775, "fig_aspectRatio": 3.9577464788732395, "fig_size_poster": 0.9838935574229691}, "25": {"fig_size": 312420, "fig_aspectRatio": 1.8585365853658538, "fig_size_poster": 0.5336134453781513}, "26": {"fig_size": 254044, "fig_aspectRatio": 1.4265402843601895, "fig_size_poster": 0.4215686274509804}, "textRatio": 0.0, "figRatio": 0.26279856408490265}}}