{"poster_size": 8034080, "doclen": 588, "figlen": 702134, "section": {"1": {"xy": [529, 60, 2312, 246], "panel_size": 568752, "panel_aspectRatio": 9.398373983739837, "category": "Title", "figures": 0, "textlen": 0, "fig_size": 0, "title": "Necessary and Sufficient Conditions for using Adaptive,Mirror, and Stochastic Gradient Methods", "textRatio": 0.0, "figRatio": 0.0}, "2": {"xy": [64, 555, 1032, 690], "panel_size": 712080, "panel_aspectRatio": 1.4956521739130435, "category": "Introduction", "figures": 1, "textlen": 81, "fig_size": 47640, "title": "Introduction", "4": {"fig_size": 47640, "fig_aspectRatio": 13.233333333333333, "fig_size_poster": 0.7693798449612403}, "textRatio": 0.1377551020408163, "figRatio": 0.06785029638217206}, "6": {"xy": [53, 1275, 1054, 375], "panel_size": 395250, "panel_aspectRatio": 2.8106666666666666, "category": "Introduction", "figures": 0, "textlen": 54, "fig_size": 0, "title": "Notation and Definitions", "textRatio": 0.09183673469387756, "figRatio": 0.0}, "8": {"xy": [65, 1682, 1043, 616], "panel_size": 642488, "panel_aspectRatio": 1.6931818181818181, "category": "Result", "figures": 0, "textlen": 86, "fig_size": 0, "title": "Summary of Results", "textRatio": 0.14625850340136054, "figRatio": 0.0}, "10": {"xy": [1155, 558, 1057, 929], "panel_size": 981953, "panel_aspectRatio": 1.1377825618945103, "category": "Method", "figures": 2, "textlen": 100, "fig_size": 140844, "title": "Background: Algorithms and Regret Bounds", "12": {"fig_size": 83129, "fig_aspectRatio": 8.835051546391753, "fig_size_poster": 0.8107852412488175}, "14": {"fig_size": 57715, "fig_aspectRatio": 6.134020618556701, "fig_size_poster": 0.5629139072847682}, "textRatio": 0.17006802721088435, "figRatio": 0.20059418857369107}, "15": {"xy": [1160, 1515, 1068, 807], "panel_size": 861876, "panel_aspectRatio": 1.3234200743494424, "category": "Method", "figures": 2, "textlen": 110, "fig_size": 148102, "title": "Background: Minimax rates", "17": {"fig_size": 79200, "fig_aspectRatio": 9.777777777777779, "fig_size_poster": 0.8239700374531835}, "19": {"fig_size": 68902, "fig_aspectRatio": 7.797872340425532, "fig_size_poster": 0.6863295880149812}, "textRatio": 0.1870748299319728, "figRatio": 0.21093124674207486}, "21": {"xy": [2260, 565, 1067, 685], "panel_size": 730895, "panel_aspectRatio": 1.5576642335766424, "category": "Method", "figures": 2, "textlen": 52, "fig_size": 237094, "title": "Quadratically Convex Constraint Sets", "23": {"fig_size": 117260, "fig_aspectRatio": 5.734265734265734, "fig_size_poster": 0.7685098406747891}, "24": {"fig_size": 119834, "fig_aspectRatio": 5.86013986013986, "fig_size_poster": 0.7853795688847235}, "textRatio": 0.08843537414965986, "figRatio": 0.33767628401416255}, "26": {"xy": [2250, 1277, 1085, 720], "panel_size": 781200, "panel_aspectRatio": 1.5069444444444444, "category": "Result", "figures": 2, "textlen": 105, "fig_size": 128454, "title": "Beyond Quadratic Convexity", "28": {"fig_size": 65664, "fig_aspectRatio": 12.666666666666666, "fig_size_poster": 0.840552995391705}, "29": {"fig_size": 62790, "fig_aspectRatio": 13.18840579710145, "fig_size_poster": 0.8387096774193549}, "textRatio": 0.17857142857142858, "figRatio": 0.18294798428789946}}}