{"poster_size": 5971968, "doclen": 190, "figlen": 2560856, "section": {"1": {"xy": [780, 74, 1855, 70], "panel_size": 129850, "panel_aspectRatio": 26.5, "category": "Title", "figures": 0, "textlen": 0, "fig_size": 0, "title": "Emergence of Object Segmentation in Perturbed Generative Models", "textRatio": 0.0, "figRatio": 0.0}, "2": {"xy": [39, 272, 1104, 1423], "panel_size": 1570992, "panel_aspectRatio": 0.7758257203092059, "category": "Introduction", "figures": 4, "textlen": 101, "fig_size": 647732, "title": "Learning through perturbations", "4": {"fig_size": 69309, "fig_aspectRatio": 3.0397350993377485, "fig_size_poster": 0.4157608695652174}, "7": {"fig_size": 108300, "fig_aspectRatio": 3.0, "fig_size_poster": 0.5163043478260869}, "9": {"fig_size": 408285, "fig_aspectRatio": 2.7260981912144704, "fig_size_poster": 0.9556159420289855}, "11": {"fig_size": 61838, "fig_aspectRatio": 6.438775510204081, "fig_size_poster": 0.5715579710144928}, "textRatio": 0.531578947368421, "figRatio": 0.25293573711290285}, "12": {"xy": [1160, 276, 1140, 645], "panel_size": 735300, "panel_aspectRatio": 1.7674418604651163, "category": "Method", "figures": 1, "textlen": 35, "fig_size": 361584, "title": "Generating layered scenes", "14": {"fig_size": 361584, "fig_aspectRatio": 2.6129032258064515, "fig_size_poster": 0.8526315789473684}, "textRatio": 0.18421052631578946, "figRatio": 0.14119653740780427}, "15": {"xy": [1174, 944, 1110, 757], "panel_size": 840270, "panel_aspectRatio": 1.4663143989431968, "category": "Result", "figures": 1, "textlen": 24, "fig_size": 515025, "title": "Generator results", "17": {"fig_size": 515025, "fig_aspectRatio": 1.7339449541284404, "fig_size_poster": 0.8513513513513513}, "textRatio": 0.12631578947368421, "figRatio": 0.20111439299984069}, "18": {"xy": [2319, 274, 1106, 880], "panel_size": 973280, "panel_aspectRatio": 1.2568181818181818, "category": "Result", "figures": 2, "textlen": 13, "fig_size": 697650, "title": "Learning to segment", "20": {"fig_size": 41907, "fig_aspectRatio": 11.262295081967213, "fig_size_poster": 0.6211573236889693}, "21": {"fig_size": 655743, "fig_aspectRatio": 1.5959438377535102, "fig_size_poster": 0.9249547920433996}, "textRatio": 0.06842105263157895, "figRatio": 0.27242843799104677}, "22": {"xy": [2327, 1174, 1082, 512], "panel_size": 553984, "panel_aspectRatio": 2.11328125, "category": "Result", "figures": 2, "textlen": 17, "fig_size": 338865, "title": "Ablation study", "23": {"fig_size": 248865, "fig_aspectRatio": 4.506382978723404, "fig_size_poster": 0.9787430683918669}, "25": {"fig_size": 90000, "fig_aspectRatio": 9.0, "fig_size_poster": 0.8317929759704251}, "textRatio": 0.08947368421052632, "figRatio": 0.13232489448840543}}}