{"poster_size": 8036464, "doclen": 369, "figlen": 2781458, "section": {"2": {"xy": [592, 7, 2107, 55], "panel_size": 115885, "panel_aspectRatio": 38.30909090909091, "category": "Title", "figures": 0, "textlen": 0, "fig_size": 0, "title": "Searching for Efficient Multi-Scale Architectures for Dense Image Prediction", "textRatio": 0.0, "figRatio": 0.0}, "3": {"xy": [42, 257, 1088, 805], "panel_size": 875840, "panel_aspectRatio": 1.351552795031056, "category": "Introduction", "figures": 1, "textlen": 46, "fig_size": 388677, "title": "MOTIVATION", "4": {"fig_size": 388677, "fig_aspectRatio": 2.5165394402035624, "fig_size_poster": 0.9090073529411765}, "textRatio": 0.12466124661246612, "figRatio": 0.13973858314596158}, "6": {"xy": [42, 1083, 1076, 546], "panel_size": 587496, "panel_aspectRatio": 1.9706959706959708, "category": "Introduction", "figures": 0, "textlen": 56, "fig_size": 0, "title": "OVERVIEW", "textRatio": 0.15176151761517614, "figRatio": 0.0}, "8": {"xy": [37, 1658, 1087, 716], "panel_size": 778292, "panel_aspectRatio": 1.5181564245810055, "category": "Method", "figures": 2, "textlen": 40, "fig_size": 271492, "title": "METHODS-PROXY TASK", "10": {"fig_size": 108486, "fig_aspectRatio": 1.2551020408163265, "fig_size_poster": 0.33946642134314625}, "11": {"fig_size": 163006, "fig_aspectRatio": 1.8355704697986577, "fig_size_poster": 0.5032198712051518}, "textRatio": 0.10840108401084012, "figRatio": 0.09760780137611282}, "12": {"xy": [1149, 256, 1069, 2102], "panel_size": 2247038, "panel_aspectRatio": 0.5085632730732635, "category": "Method", "figures": 3, "textlen": 188, "fig_size": 564829, "title": "METHODS-SEARCH SPACE", "14": {"fig_size": 222870, "fig_aspectRatio": 3.4274509803921567, "fig_size_poster": 0.8175865294667914}, "16": {"fig_size": 144824, "fig_aspectRatio": 0.8171021377672208, "fig_size_poster": 0.32179607109448083}, "17": {"fig_size": 197135, "fig_aspectRatio": 0.9955056179775281, "fig_size_poster": 0.41440598690364827}, "textRatio": 0.5094850948509485, "figRatio": 0.2030693974167505}, "18": {"xy": [2255, 260, 1078, 1690], "panel_size": 1821820, "panel_aspectRatio": 0.6378698224852071, "category": "Result", "figures": 6, "textlen": 0, "fig_size": 1556460, "title": "EXPERIMENTAL RESULTS\n", "19": {"fig_size": 444096, "fig_aspectRatio": 2.3796296296296298, "fig_size_poster": 0.9536178107606679}, "20": {"fig_size": 418836, "fig_aspectRatio": 2.397129186602871, "fig_size_poster": 0.9294990723562152}, "21": {"fig_size": 430732, "fig_aspectRatio": 2.4534606205250595, "fig_size_poster": 0.9536178107606679}, "22": {"fig_size": 85212, "fig_aspectRatio": 1.231939163498099, "fig_size_poster": 0.300556586270872}, "23": {"fig_size": 88976, "fig_aspectRatio": 1.2388059701492538, "fig_size_poster": 0.3079777365491651}, "24": {"fig_size": 88608, "fig_aspectRatio": 1.0985915492957747, "fig_size_poster": 0.2894248608534323}, "textRatio": 0.0, "figRatio": 0.5595842180611751}, "25": {"xy": [2255, 1985, 1080, 385], "panel_size": 415800, "panel_aspectRatio": 2.8051948051948052, "category": "Discussion", "figures": 0, "textlen": 39, "fig_size": 0, "title": "CONCLUSIONS/FUTURE DIRECTIONS", "textRatio": 0.10569105691056911, "figRatio": 0.0}}}