{"poster_size": 24634368, "doclen": 461, "figlen": 6719802, "section": {"1": {"xy": [1410, 10, 4624, 165], "panel_size": 762960, "panel_aspectRatio": 28.024242424242424, "category": "Title", "figures": 0, "textlen": 0, "fig_size": 0, "title": "NAT: Neural Architecure Transformer for Accurate and Compact Architecture", "textRatio": 0.0, "figRatio": 0.0}, "2": {"xy": [38, 376, 1735, 890], "panel_size": 1544150, "panel_aspectRatio": 1.949438202247191, "category": "Introduction", "figures": 0, "textlen": 53, "fig_size": 0, "title": "BACKGROUND AND MOTIVATION", "textRatio": 0.11496746203904555, "figRatio": 0.0}, "4": {"xy": [36, 1309, 1733, 816], "panel_size": 1414128, "panel_aspectRatio": 2.1237745098039214, "category": "Introduction", "figures": 0, "textlen": 53, "fig_size": 0, "title": "CONTRIBUTIONS", "textRatio": 0.11496746203904555, "figRatio": 0.0}, "6": {"xy": [38, 2166, 1724, 1254], "panel_size": 2161896, "panel_aspectRatio": 1.3748006379585327, "category": "Method", "figures": 1, "textlen": 62, "fig_size": 185592, "title": "PROBLEM DEFINITION", "9": {"fig_size": 185592, "fig_aspectRatio": 1.1203931203931203, "fig_size_poster": 0.26450116009280744}, "textRatio": 0.13449023861171366, "figRatio": 0.027618670907267804}, "10": {"xy": [1808, 371, 1738, 1244], "panel_size": 2162072, "panel_aspectRatio": 1.3971061093247588, "category": "Method", "figures": 2, "textlen": 76, "fig_size": 229762, "title": "OPTIMIZATION FOR ARBITRARY ARCHITECTURE", "12": {"fig_size": 99110, "fig_aspectRatio": 8.190909090909091, "fig_size_poster": 0.5184119677790564}, "17": {"fig_size": 130652, "fig_aspectRatio": 16.49438202247191, "fig_size_poster": 0.8446490218642118}, "textRatio": 0.1648590021691974, "figRatio": 0.03419178124593552}, "19": {"xy": [1806, 1654, 1742, 538], "panel_size": 937196, "panel_aspectRatio": 3.2379182156133828, "category": "Method", "figures": 0, "textlen": 35, "fig_size": 0, "title": "MARKOV DECISION PROCESS", "textRatio": 0.07592190889370933, "figRatio": 0.0}, "21": {"xy": [1808, 2232, 1744, 1195], "panel_size": 2084080, "panel_aspectRatio": 1.4594142259414227, "category": "Method", "figures": 1, "textlen": 64, "fig_size": 149524, "title": "POLICY LEARNING BY GCN", "23": {"fig_size": 149524, "fig_aspectRatio": 11.112068965517242, "fig_size_poster": 0.739105504587156}, "textRatio": 0.13882863340563992, "figRatio": 0.02225125085530794}, "26": {"xy": [3583, 374, 1736, 1279], "panel_size": 2220344, "panel_aspectRatio": 1.3573103987490227, "category": "Method", "figures": 0, "textlen": 106, "fig_size": 0, "title": "TRAINING AND INTERFERENCE METHOD", "textRatio": 0.2299349240780911, "figRatio": 0.0}, "28": {"xy": [3589, 1689, 1734, 1728], "panel_size": 2996352, "panel_aspectRatio": 1.0034722222222223, "category": "Result", "figures": 2, "textlen": 0, "fig_size": 2451692, "title": "RESULTS ON DIFFERENT ARCHITECTURES", "29": {"fig_size": 1218216, "fig_aspectRatio": 2.0440414507772022, "fig_size_poster": 0.9100346020761245}, "30": {"fig_size": 1233476, "fig_aspectRatio": 1.9177057356608478, "fig_size_poster": 0.8869665513264129}, "textRatio": 0.0, "figRatio": 0.36484586897054405}, "31": {"xy": [5366, 377, 1734, 2566], "panel_size": 4449444, "panel_aspectRatio": 0.6757599376461418, "category": "Result", "figures": 2, "textlen": 12, "fig_size": 3703232, "title": "VISUALIZATION OF ARCHITECTURES", "34": {"fig_size": 1632424, "fig_aspectRatio": 1.7207392197125257, "fig_size_poster": 0.9665513264129181}, "36": {"fig_size": 2070808, "fig_aspectRatio": 1.3210862619808306, "fig_size_poster": 0.9538638985005767}, "textRatio": 0.026030368763557483, "figRatio": 0.5510924280209447}}}