{"poster_size": 10077696, "doclen": 89, "figlen": 6020099, "section": {"1": {"xy": [812, 74, 2178, 119], "panel_size": 259182, "panel_aspectRatio": 18.30252100840336, "category": "Title", "figures": 0, "textlen": 0, "fig_size": 0, "title": "MarrNet: 3D Shape Reconstruction via 2.5D Sketches", "textRatio": 0.0, "figRatio": 0.0}, "2": {"xy": [120, 399, 1392, 1002], "panel_size": 1394784, "panel_aspectRatio": 1.3892215568862276, "category": "Introduction", "figures": 2, "textlen": 57, "fig_size": 511924, "title": "Single-Image 3D Shape Reconstruction", "4": {"fig_size": 342774, "fig_aspectRatio": 1.9712230215827338, "fig_size_poster": 0.5905172413793104}, "5": {"fig_size": 169150, "fig_aspectRatio": 1.0678391959798994, "fig_size_poster": 0.305316091954023}, "textRatio": 0.6404494382022472, "figRatio": 0.08503581087287768}, "7": {"xy": [106, 1415, 1428, 1159], "panel_size": 1655052, "panel_aspectRatio": 1.2320966350301985, "category": "Method", "figures": 1, "textlen": 0, "fig_size": 1420375, "title": "2.5D Sketches as an Intermediate Representation", "8": {"fig_size": 1420375, "fig_aspectRatio": 1.3310745401742499, "fig_size_poster": 0.9628851540616247}, "textRatio": 0.0, "figRatio": 0.23593881097304215}, "9": {"xy": [1553, 399, 2320, 991], "panel_size": 2299120, "panel_aspectRatio": 2.341069626639758, "category": "Method", "figures": 1, "textlen": 32, "fig_size": 1633886, "title": "MarrNet", "11": {"fig_size": 1633886, "fig_aspectRatio": 3.134349030470914, "fig_size_poster": 0.9754310344827586}, "textRatio": 0.3595505617977528, "figRatio": 0.2714051712438616}, "13": {"xy": [1576, 1393, 2280, 1181], "panel_size": 2692680, "panel_aspectRatio": 1.9305673158340388, "category": "Result", "figures": 3, "textlen": 0, "fig_size": 2453914, "title": "Results", "14": {"fig_size": 1494080, "fig_aspectRatio": 1.1910714285714286, "fig_size_poster": 0.5850877192982457}, "15": {"fig_size": 586160, "fig_aspectRatio": 1.2676470588235293, "fig_size_poster": 0.3780701754385965}, "16": {"fig_size": 373674, "fig_aspectRatio": 1.9838709677419355, "fig_size_poster": 0.37763157894736843}, "textRatio": 0.0, "figRatio": 0.4076202069102186}}}