{"poster_size": 8957952, "doclen": 254, "figlen": 2619393, "section": {"1": {"xy": [577, 51, 2292, 164], "panel_size": 375888, "panel_aspectRatio": 13.975609756097562, "category": "Title", "figures": 0, "textlen": 0, "fig_size": 0, "title": "Learning with Bandit Feedback in Potential Games", "textRatio": 0.0, "figRatio": 0.0}, "2": {"xy": [44, 485, 833, 349], "panel_size": 290717, "panel_aspectRatio": 2.3868194842406876, "category": "Introduction", "figures": 0, "textlen": 28, "fig_size": 0, "title": "Obiectives", "textRatio": 0.11023622047244094, "figRatio": 0.0}, "4": {"xy": [60, 846, 817, 1028], "panel_size": 839876, "panel_aspectRatio": 0.7947470817120622, "category": "Introduction", "figures": 0, "textlen": 151, "fig_size": 0, "title": "Introduction", "textRatio": 0.594488188976378, "figRatio": 0.0}, "6": {"xy": [22, 1896, 833, 589], "panel_size": 490637, "panel_aspectRatio": 1.4142614601018675, "category": "Method", "figures": 0, "textlen": 51, "fig_size": 0, "title": "Method\n", "textRatio": 0.20078740157480315, "figRatio": 0.0}, "8": {"xy": [883, 487, 811, 775], "panel_size": 628525, "panel_aspectRatio": 1.0464516129032257, "category": "Method", "figures": 1, "textlen": 0, "fig_size": 455625, "title": "Setup", "9": {"fig_size": 455625, "fig_aspectRatio": 1.0, "fig_size_poster": 0.8323057953144266}, "textRatio": 0.0, "figRatio": 0.17394297075696544}, "10": {"xy": [1749, 485, 786, 761], "panel_size": 598146, "panel_aspectRatio": 1.0328515111695138, "category": "Method", "figures": 1, "textlen": 0, "fig_size": 483977, "title": "Algorithm", "11": {"fig_size": 483977, "fig_aspectRatio": 1.2155309033280508, "fig_size_poster": 0.9758269720101781}, "textRatio": 0.0, "figRatio": 0.18476685247307295}, "12": {"xy": [2577, 499, 820, 449], "panel_size": 368180, "panel_aspectRatio": 1.8262806236080178, "category": "Result", "figures": 1, "textlen": 0, "fig_size": 249550, "title": "Results", "13": {"fig_size": 249550, "fig_aspectRatio": 2.406832298136646, "fig_size_poster": 0.9451219512195121}, "textRatio": 0.0, "figRatio": 0.09527016373640763}, "14": {"xy": [2560, 951, 850, 489], "panel_size": 415650, "panel_aspectRatio": 1.738241308793456, "category": "Result", "figures": 1, "textlen": 0, "fig_size": 328716, "title": "Convergence rate", "15": {"fig_size": 328716, "fig_aspectRatio": 1.9178743961352658, "fig_size_poster": 0.9341176470588235}, "textRatio": 0.0, "figRatio": 0.12549319632449196}, "16": {"xy": [905, 1262, 1639, 237], "panel_size": 388443, "panel_aspectRatio": 6.915611814345992, "category": "Result", "figures": 0, "textlen": 15, "fig_size": 0, "title": "Main Result", "textRatio": 0.05905511811023622, "figRatio": 0.0}, "19": {"xy": [913, 1521, 1606, 991], "panel_size": 1591546, "panel_aspectRatio": 1.6205852674066599, "category": "Result", "figures": 2, "textlen": 9, "fig_size": 1101525, "title": "Experiment", "20": {"fig_size": 833875, "fig_aspectRatio": 1.0891428571428572, "fig_size_poster": 0.5933997509339975}, "21": {"fig_size": 267650, "fig_aspectRatio": 0.9528301886792453, "fig_size_poster": 0.31444582814445826}, "textRatio": 0.03543307086614173, "figRatio": 0.420526816709062}}}