{"poster_size": 8957952, "doclen": 410, "figlen": 1901313, "section": {"1": {"xy": [72, 37, 1834, 142], "panel_size": 260428, "panel_aspectRatio": 12.915492957746478, "category": "Title", "figures": 0, "textlen": 0, "fig_size": 0, "title": "Bandit Learning with Positive Externalities", "textRatio": 0.0, "figRatio": 0.0}, "2": {"xy": [95, 415, 1008, 704], "panel_size": 709632, "panel_aspectRatio": 1.4318181818181819, "category": "Introduction", "figures": 1, "textlen": 34, "fig_size": 216040, "title": "Positive externalities in online platforms", "3": {"fig_size": 216040, "fig_aspectRatio": 4.463636363636364, "fig_size_poster": 0.9742063492063492}, "textRatio": 0.08292682926829269, "figRatio": 0.11362674109944022}, "5": {"xy": [110, 1144, 1007, 891], "panel_size": 897237, "panel_aspectRatio": 1.1301907968574636, "category": "Method", "figures": 1, "textlen": 64, "fig_size": 131040, "title": "What could go wrong?", "7": {"fig_size": 131040, "fig_aspectRatio": 1.1607142857142858, "fig_size_poster": 0.3872889771598808}, "textRatio": 0.15609756097560976, "figRatio": 0.06892079315714983}, "9": {"xy": [103, 2054, 1025, 463], "panel_size": 474575, "panel_aspectRatio": 2.2138228941684663, "category": "Result", "figures": 0, "textlen": 54, "fig_size": 0, "title": "Main insights from our results", "textRatio": 0.13170731707317074, "figRatio": 0.0}, "11": {"xy": [1208, 421, 1062, 1134], "panel_size": 1204308, "panel_aspectRatio": 0.9365079365079365, "category": "Method", "figures": 1, "textlen": 115, "fig_size": 35370, "title": "Model", "14": {"fig_size": 35370, "fig_aspectRatio": 4.366666666666666, "fig_size_poster": 0.3700564971751412}, "textRatio": 0.2804878048780488, "figRatio": 0.01860293386728014}, "16": {"xy": [1208, 1568, 1062, 838], "panel_size": 889956, "panel_aspectRatio": 1.2673031026252983, "category": "Method", "figures": 2, "textlen": 49, "fig_size": 365049, "title": "The baseline oracle", "18": {"fig_size": 309978, "fig_aspectRatio": 3.310457516339869, "fig_size_poster": 0.9538606403013182}, "20": {"fig_size": 55071, "fig_aspectRatio": 7.275862068965517, "fig_size_poster": 0.596045197740113}, "textRatio": 0.11951219512195121, "figRatio": 0.19199837165159025}, "22": {"xy": [2332, 421, 1076, 2149], "panel_size": 2312324, "panel_aspectRatio": 0.5006979990693345, "category": "Result", "figures": 3, "textlen": 94, "fig_size": 1153814, "title": "Main Results", "24": {"fig_size": 345102, "fig_aspectRatio": 3.0029498525073746, "fig_size_poster": 0.9460966542750929}, "26": {"fig_size": 503880, "fig_aspectRatio": 2.064777327935223, "fig_size_poster": 0.9479553903345725}, "27": {"fig_size": 304832, "fig_aspectRatio": 1.625866050808314, "fig_size_poster": 0.654275092936803}, "textRatio": 0.22926829268292684, "figRatio": 0.6068511602245396}}}