{"poster_size": 7962624, "doclen": 515, "figlen": 2699474, "section": {"1": {"xy": [906, 37, 1651, 89], "panel_size": 146939, "panel_aspectRatio": 18.55056179775281, "category": "Title", "figures": 0, "textlen": 0, "fig_size": 0, "title": "Completing State Representations using Spectral Learning", "textRatio": 0.0, "figRatio": 0.0}, "2": {"xy": [87, 252, 1590, 383], "panel_size": 608970, "panel_aspectRatio": 4.151436031331593, "category": "Introduction", "figures": 1, "textlen": 71, "fig_size": 110744, "title": "State Representation Discovery", "5": {"fig_size": 110744, "fig_aspectRatio": 1.7165354330708662, "fig_size_poster": 0.2742138364779874}, "textRatio": 0.1378640776699029, "figRatio": 0.04102428843545076}, "6": {"xy": [87, 669, 1604, 749], "panel_size": 1201396, "panel_aspectRatio": 2.1415220293724966, "category": "Introduction", "figures": 4, "textlen": 64, "fig_size": 763854, "title": "Background: Predictive State Representations (PSRs)", "7": {"fig_size": 256522, "fig_aspectRatio": 1.0179282868525896, "fig_size_poster": 0.3185785536159601}, "9": {"fig_size": 242514, "fig_aspectRatio": 1.0267489711934157, "fig_size_poster": 0.3110972568578554}, "11": {"fig_size": 10570, "fig_aspectRatio": 8.628571428571428, "fig_size_poster": 0.1882793017456359}, "12": {"fig_size": 254248, "fig_aspectRatio": 1.0676229508196722, "fig_size_poster": 0.3248129675810474}, "textRatio": 0.12427184466019417, "figRatio": 0.2829640144709673}, "14": {"xy": [81, 1451, 1604, 779], "panel_size": 1249516, "panel_aspectRatio": 2.0590500641848526, "category": "Method", "figures": 4, "textlen": 78, "fig_size": 712109, "title": "PSR-f: Incorporating a given representation", "16": {"fig_size": 265224, "fig_aspectRatio": 0.9961240310077519, "fig_size_poster": 0.3204488778054863}, "17": {"fig_size": 203310, "fig_aspectRatio": 1.2395061728395063, "fig_size_poster": 0.31296758104738154}, "19": {"fig_size": 207000, "fig_aspectRatio": 1.2077294685990339, "fig_size_poster": 0.3117206982543641}, "21": {"fig_size": 36575, "fig_aspectRatio": 6.1688311688311686, "fig_size_poster": 0.2961346633416459}, "textRatio": 0.15145631067961166, "figRatio": 0.26379546533880305}, "22": {"xy": [1772, 247, 1604, 734], "panel_size": 1177336, "panel_aspectRatio": 2.1852861035422344, "category": "Method", "figures": 1, "textlen": 86, "fig_size": 523849, "title": "Theoretical Properties", "24": {"fig_size": 523849, "fig_aspectRatio": 4.300859598853868, "fig_size_poster": 0.935785536159601}, "textRatio": 0.1669902912621359, "figRatio": 0.19405595312271948}, "26": {"xy": [1774, 1016, 1602, 489], "panel_size": 783378, "panel_aspectRatio": 3.276073619631902, "category": "Method", "figures": 0, "textlen": 135, "fig_size": 0, "title": "Special Learning of PSR-f", "textRatio": 0.2621359223300971, "figRatio": 0.0}, "28": {"xy": [1774, 1533, 1599, 693], "panel_size": 1108107, "panel_aspectRatio": 2.3073593073593073, "category": "Result", "figures": 3, "textlen": 81, "fig_size": 588918, "title": "Experiments", "29": {"fig_size": 175560, "fig_aspectRatio": 1.1027568922305764, "fig_size_poster": 0.27517198248905567}, "31": {"fig_size": 223146, "fig_aspectRatio": 1.3019323671497585, "fig_size_poster": 0.33708567854909316}, "33": {"fig_size": 190212, "fig_aspectRatio": 1.2315521628498727, "fig_size_poster": 0.30268918073796125}, "textRatio": 0.15728155339805824, "figRatio": 0.21816027863205942}}}