{"poster_size": 5971968, "doclen": 397, "figlen": 1824664, "section": {"1": {"xy": [1108, 1, 1220, 131], "panel_size": 159820, "panel_aspectRatio": 9.312977099236642, "category": "Title", "figures": 0, "textlen": 0, "fig_size": 0, "title": "Cooperative neural networks (CoNN): Exploiting prior independence structure for improved classification", "textRatio": 0.0, "figRatio": 0.0}, "2": {"xy": [232, 263, 487, 465], "panel_size": 226455, "panel_aspectRatio": 1.0473118279569893, "category": "Introduction", "figures": 0, "textlen": 99, "fig_size": 0, "title": "Abstract", "textRatio": 0.24937027707808565, "figRatio": 0.0}, "4": {"xy": [231, 755, 490, 911], "panel_size": 446390, "panel_aspectRatio": 0.5378704720087816, "category": "Method", "figures": 0, "textlen": 139, "fig_size": 0, "title": "Our Approach Overview", "textRatio": 0.3501259445843829, "figRatio": 0.0}, "6": {"xy": [735, 260, 566, 590], "panel_size": 333940, "panel_aspectRatio": 0.9593220338983051, "category": "Method", "figures": 2, "textlen": 0, "fig_size": 271032, "title": "Step 1: LDA Graphical Model", "7": {"fig_size": 213156, "fig_aspectRatio": 1.4607329842931938, "fig_size_poster": 0.9858657243816255}, "8": {"fig_size": 57876, "fig_aspectRatio": 5.150943396226415, "fig_size_poster": 0.9646643109540636}, "textRatio": 0.0, "figRatio": 0.14853803220757356}, "9": {"xy": [737, 888, 504, 762], "panel_size": 384048, "panel_aspectRatio": 0.6614173228346457, "category": "Method", "figures": 5, "textlen": 13, "fig_size": 200185, "title": "Approximate Model", "11": {"fig_size": 36036, "fig_aspectRatio": 1.0879120879120878, "fig_size_poster": 0.39285714285714285}, "12": {"fig_size": 29904, "fig_aspectRatio": 2.3839285714285716, "fig_size_poster": 0.5297619047619048}, "14": {"fig_size": 25783, "fig_aspectRatio": 7.406779661016949, "fig_size_poster": 0.8670634920634921}, "16": {"fig_size": 52782, "fig_aspectRatio": 4.06140350877193, "fig_size_poster": 0.9186507936507936}, "17": {"fig_size": 55680, "fig_aspectRatio": 3.8666666666666667, "fig_size_poster": 0.9206349206349206}, "textRatio": 0.0327455919395466, "figRatio": 0.10971060973417572}, "20": {"xy": [1306, 272, 514, 962], "panel_size": 494468, "panel_aspectRatio": 0.5343035343035343, "category": "Method", "figures": 3, "textlen": 23, "fig_size": 254458, "title": "Step 2: Parameterization", "22": {"fig_size": 31050, "fig_aspectRatio": 5.52, "fig_size_poster": 0.8054474708171206}, "24": {"fig_size": 25840, "fig_aspectRatio": 2.863157894736842, "fig_size_poster": 0.5291828793774319}, "26": {"fig_size": 197568, "fig_aspectRatio": 1.2857142857142858, "fig_size_poster": 0.980544747081712}, "textRatio": 0.05793450881612091, "figRatio": 0.13945471604635154}, "27": {"xy": [1247, 1246, 650, 409], "panel_size": 265850, "panel_aspectRatio": 1.5892420537897312, "category": "Method", "figures": 1, "textlen": 0, "fig_size": 196420, "title": "Neural Network Architecture", "28": {"fig_size": 196420, "fig_aspectRatio": 2.1114754098360655, "fig_size_poster": 0.9907692307692307}, "textRatio": 0.0, "figRatio": 0.10764721614499985}, "29": {"xy": [1844, 272, 631, 561], "panel_size": 353991, "panel_aspectRatio": 1.124777183600713, "category": "Method", "figures": 1, "textlen": 13, "fig_size": 246024, "title": "Step 3: Training", "31": {"fig_size": 246024, "fig_aspectRatio": 1.4779411764705883, "fig_size_poster": 0.9556259904912837}, "textRatio": 0.0327455919395466, "figRatio": 0.13483249518815518}, "32": {"xy": [1904, 860, 569, 819], "panel_size": 466011, "panel_aspectRatio": 0.6947496947496947, "category": "Method", "figures": 2, "textlen": 0, "fig_size": 390404, "title": "Experiments", "33": {"fig_size": 199598, "fig_aspectRatio": 1.4501347708894878, "fig_size_poster": 0.945518453427065}, "34": {"fig_size": 190806, "fig_aspectRatio": 1.5225988700564972, "fig_size_poster": 0.9472759226713533}, "textRatio": 0.0, "figRatio": 0.21395939197572814}, "35": {"xy": [2521, 270, 512, 613], "panel_size": 313856, "panel_aspectRatio": 0.835236541598695, "category": "Result", "figures": 2, "textlen": 0, "fig_size": 266141, "title": "Visualization of Embeddings", "36": {"fig_size": 123284, "fig_aspectRatio": 1.837837837837838, "fig_size_poster": 0.9296875}, "37": {"fig_size": 142857, "fig_aspectRatio": 1.6195286195286196, "fig_size_poster": 0.939453125}, "textRatio": 0.0, "figRatio": 0.14585753870301602}, "38": {"xy": [2510, 892, 567, 493], "panel_size": 279531, "panel_aspectRatio": 1.1501014198782962, "category": "Discussion", "figures": 0, "textlen": 110, "fig_size": 0, "title": "Conclusions", "textRatio": 0.2770780856423174, "figRatio": 0.0}}}