{"poster_size": 8018220, "doclen": 444, "figlen": 1730502, "section": {"0": {"xy": [1233, 45, 1540, 135], "panel_size": 207900, "panel_aspectRatio": 11.407407407407407, "category": "Title", "figures": 0, "textlen": 0, "fig_size": 0, "title": "On the Global Convergence of Gradient Descent for Over-parameterized Models using Optimal Transport", "textRatio": 0.0, "figRatio": 0.0}, "1": {"xy": [1125, 315, 1095, 758], "panel_size": 830010, "panel_aspectRatio": 1.4445910290237467, "category": "Introduction", "figures": 0, "textlen": 77, "fig_size": 0, "title": "", "textRatio": 0.17342342342342343, "figRatio": 0.0}, "3": {"xy": [40, 340, 1060, 2025], "panel_size": 2146500, "panel_aspectRatio": 0.5234567901234568, "category": "Method", "figures": 5, "textlen": 174, "fig_size": 471123, "title": "A classical non-convex problem", "6": {"fig_size": 159424, "fig_aspectRatio": 4.51063829787234, "fig_size_poster": 0.8}, "8": {"fig_size": 85025, "fig_aspectRatio": 9.421052631578947, "fig_size_poster": 0.8443396226415094}, "10": {"fig_size": 88920, "fig_aspectRatio": 6.495726495726496, "fig_size_poster": 0.7169811320754716}, "12": {"fig_size": 61250, "fig_aspectRatio": 0.98, "fig_size_poster": 0.23113207547169812}, "15": {"fig_size": 76504, "fig_aspectRatio": 0.8972602739726028, "fig_size_poster": 0.24716981132075472}, "textRatio": 0.3918918918918919, "figRatio": 0.27224643484954075}, "16": {"xy": [2263, 348, 1057, 1042], "panel_size": 1101394, "panel_aspectRatio": 1.0143953934740884, "category": "Method", "figures": 4, "textlen": 54, "fig_size": 521460, "title": "Many-particle limit of gradient fkows", "18": {"fig_size": 63325, "fig_aspectRatio": 8.764705882352942, "fig_size_poster": 0.7048249763481551}, "20": {"fig_size": 38845, "fig_aspectRatio": 5.376470588235295, "fig_size_poster": 0.4323557237464522}, "21": {"fig_size": 217600, "fig_aspectRatio": 1.204705882352941, "fig_size_poster": 0.48438978240302744}, "22": {"fig_size": 201690, "fig_aspectRatio": 1.2296296296296296, "fig_size_poster": 0.47114474929044464}, "textRatio": 0.12162162162162163, "figRatio": 0.3013345260508222}, "23": {"xy": [1123, 1108, 1102, 1245], "panel_size": 1371990, "panel_aspectRatio": 0.885140562248996, "category": "Result", "figures": 3, "textlen": 95, "fig_size": 469025, "title": "Global convergence result", "25": {"fig_size": 94380, "fig_aspectRatio": 4.615384615384615, "fig_size_poster": 0.5989110707803993}, "27": {"fig_size": 181125, "fig_aspectRatio": 1.288, "fig_size_poster": 0.4382940108892922}, "28": {"fig_size": 193520, "fig_aspectRatio": 1.1512195121951219, "fig_size_poster": 0.4283121597096189}, "textRatio": 0.21396396396396397, "figRatio": 0.2710340698826121}, "31": {"xy": [2255, 1423, 1075, 672], "panel_size": 722400, "panel_aspectRatio": 1.599702380952381, "category": "Result", "figures": 2, "textlen": 44, "fig_size": 268894, "title": "Experimental results", "34": {"fig_size": 123975, "fig_aspectRatio": 1.5263157894736843, "fig_size_poster": 0.4046511627906977}, "35": {"fig_size": 144919, "fig_aspectRatio": 1.4792332268370607, "fig_size_poster": 0.4306976744186046}, "textRatio": 0.0990990990990991, "figRatio": 0.15538496921702488}}}