{"poster_size": 8034080, "doclen": 244, "figlen": 3542867, "section": {"1": {"xy": [643, 141, 1085, 92], "panel_size": 99820, "panel_aspectRatio": 11.793478260869565, "category": "Title", "figures": 0, "textlen": 0, "fig_size": 0, "title": "Learning to Solve SMT Formulas", "textRatio": 0.0, "figRatio": 0.0}, "3": {"xy": [0, 425, 1135, 432], "panel_size": 490320, "panel_aspectRatio": 2.627314814814815, "category": "Introduction", "figures": 3, "textlen": 37, "fig_size": 71467, "title": "SMT Solvers and Formulas", "7": {"fig_size": 576, "fig_aspectRatio": 1.0, "fig_size_poster": 0.021145374449339206}, "9": {"fig_size": 5814, "fig_aspectRatio": 71.77777777777777, "fig_size_poster": 0.5691629955947136}, "11": {"fig_size": 65077, "fig_aspectRatio": 18.694915254237287, "fig_size_poster": 0.9718061674008811}, "textRatio": 0.15163934426229508, "figRatio": 0.020172080972839228}, "19": {"xy": [0, 1346, 1113, 1368], "panel_size": 1522584, "panel_aspectRatio": 0.8135964912280702, "category": "Method", "figures": 3, "textlen": 44, "fig_size": 975140, "title": "Learning", "23": {"fig_size": 268260, "fig_aspectRatio": 3.8783269961977185, "fig_size_poster": 0.9164420485175202}, "25": {"fig_size": 376536, "fig_aspectRatio": 3.1091954022988504, "fig_size_poster": 0.97214734950584}, "27": {"fig_size": 330344, "fig_aspectRatio": 2.7435158501440924, "fig_size_poster": 0.8553459119496856}, "textRatio": 0.18032786885245902, "figRatio": 0.27524036324253776}, "30": {"xy": [1333, 420, 1050, 426], "panel_size": 447300, "panel_aspectRatio": 2.464788732394366, "category": "Introduction", "figures": 1, "textlen": 38, "fig_size": 84224, "title": "Our Work ", "34": {"fig_size": 84224, "fig_aspectRatio": 6.714285714285714, "fig_size_poster": 0.7161904761904762}, "textRatio": 0.1557377049180328, "figRatio": 0.02377283708363876}, "36": {"xy": [1325, 852, 1052, 473], "panel_size": 497596, "panel_aspectRatio": 2.2241014799154333, "category": "Introduction", "figures": 1, "textlen": 22, "fig_size": 334951, "title": "Our Approach", "37": {"fig_size": 334951, "fig_aspectRatio": 3.210526315789474, "fig_size_poster": 0.9857414448669202}, "textRatio": 0.09016393442622951, "figRatio": 0.09454235792650416}, "41": {"xy": [1325, 1336, 1058, 1379], "panel_size": 1458982, "panel_aspectRatio": 0.7672226250906454, "category": "Discussion", "figures": 3, "textlen": 69, "fig_size": 880346, "title": "Synthesis", "47": {"fig_size": 230514, "fig_aspectRatio": 2.414239482200647, "fig_size_poster": 0.7051039697542533}, "52": {"fig_size": 383202, "fig_aspectRatio": 2.860655737704918, "fig_size_poster": 0.9896030245746692}, "54": {"fig_size": 266630, "fig_aspectRatio": 3.10580204778157, "fig_size_poster": 0.8601134215500945}, "textRatio": 0.2827868852459016, "figRatio": 0.2484840667177176}, "42": {"xy": [11, 873, 1107, 431], "panel_size": 477117, "panel_aspectRatio": 2.5684454756380513, "category": "Method", "figures": 1, "textlen": 34, "fig_size": 296752, "title": "How are Formulas Solved?", "44": {"fig_size": 296752, "fig_aspectRatio": 4.011029411764706, "fig_size_poster": 0.985546522131888}, "textRatio": 0.13934426229508196, "figRatio": 0.08376041211820821}, "55": {"xy": [3, 2720, 2380, 519], "panel_size": 1235220, "panel_aspectRatio": 4.585741811175337, "category": "Result", "figures": 4, "textlen": 0, "fig_size": 899987, "title": "Evaluation: Learning\nEvaluation: Synthesis", "56": {"fig_size": 261970, "fig_aspectRatio": 1.7135549872122762, "fig_size_poster": 0.2815126050420168}, "57": {"fig_size": 104877, "fig_aspectRatio": 0.7002583979328165, "fig_size_poster": 0.11386554621848739}, "58": {"fig_size": 246537, "fig_aspectRatio": 1.5642317380352644, "fig_size_poster": 0.2609243697478992}, "59": {"fig_size": 286603, "fig_aspectRatio": 1.8746803069053708, "fig_size_poster": 0.30798319327731094}, "textRatio": 0.0, "figRatio": 0.2540278819385543}}}