{"poster_size": 8957952, "doclen": 327, "figlen": 1315844, "section": {"1": {"xy": [449, 68, 2587, 127], "panel_size": 328549, "panel_aspectRatio": 20.37007874015748, "category": "Title", "figures": 0, "textlen": 0, "fig_size": 0, "title": "Efficiently Estimating Erdos-Renyi Graphs with Differential Privacy", "textRatio": 0.0, "figRatio": 0.0}, "2": {"xy": [60, 333, 1081, 1038], "panel_size": 1122078, "panel_aspectRatio": 1.0414258188824663, "category": "Introduction", "figures": 1, "textlen": 53, "fig_size": 329085, "title": "1 - DP FOR GRAPHS", "4": {"fig_size": 329085, "fig_aspectRatio": 2.611267605633803, "fig_size_poster": 0.8575393154486587}, "textRatio": 0.1620795107033639, "figRatio": 0.2500942360948562}, "6": {"xy": [1201, 339, 1156, 975], "panel_size": 1127100, "panel_aspectRatio": 1.1856410256410257, "category": "Introduction", "figures": 0, "textlen": 53, "fig_size": 0, "title": "2 - COUNTING EDGES IN NICE GRAPHS", "textRatio": 0.1620795107033639, "figRatio": 0.0}, "14": {"xy": [2362, 342, 997, 977], "panel_size": 974069, "panel_aspectRatio": 1.0204708290685773, "category": "Result", "figures": 0, "textlen": 69, "fig_size": 0, "title": "3 - RESULTS: NEW EFFICIENT ESTIMATORS", "textRatio": 0.21100917431192662, "figRatio": 0.0}, "19": {"xy": [57, 1430, 1077, 1056], "panel_size": 1137312, "panel_aspectRatio": 1.0198863636363635, "category": "Introduction", "figures": 4, "textlen": 82, "fig_size": 292524, "title": "4 - LIPSCHITZ EXTENSIONS", "20": {"fig_size": 211408, "fig_aspectRatio": 1.6132596685082874, "fig_size_poster": 0.542246982358403}, "22": {"fig_size": 6355, "fig_aspectRatio": 3.7804878048780486, "fig_size_poster": 0.14391829155060354}, "24": {"fig_size": 22597, "fig_aspectRatio": 6.491525423728813, "fig_size_poster": 0.3556174558960074}, "26": {"fig_size": 52164, "fig_aspectRatio": 3.2857142857142856, "fig_size_poster": 0.38440111420612816}, "textRatio": 0.25076452599388377, "figRatio": 0.22230902751389983}, "30": {"xy": [1188, 1437, 2211, 838], "panel_size": 1852818, "panel_aspectRatio": 2.6384248210023866, "category": "Method", "figures": 6, "textlen": 70, "fig_size": 694235, "title": "5 - OUR ESTIMATOR", "33": {"fig_size": 117530, "fig_aspectRatio": 4.53416149068323, "fig_size_poster": 0.3301673450927182}, "34": {"fig_size": 253080, "fig_aspectRatio": 1.9527777777777777, "fig_size_poster": 0.3179556761646314}, "35": {"fig_size": 150384, "fig_aspectRatio": 2.5892116182572615, "fig_size_poster": 0.28222523744911804}, "37": {"fig_size": 121220, "fig_aspectRatio": 0.8394736842105263, "fig_size_poster": 0.14427860696517414}, "40": {"fig_size": 30965, "fig_aspectRatio": 10.236363636363636, "fig_size_poster": 0.25463591135232927}, "42": {"fig_size": 21056, "fig_aspectRatio": 5.140625, "fig_size_poster": 0.14880144730890998}, "textRatio": 0.21406727828746178, "figRatio": 0.5275967363912439}}}