{"poster_size": 8036464, "doclen": 279, "figlen": 2993232, "section": {"9": {"xy": [40, 465, 2289, 758], "panel_size": 1735062, "panel_aspectRatio": 3.019788918205805, "category": "Method", "figures": 5, "textlen": 33, "fig_size": 871209, "title": "1. Convolutional SparseCoding (CSC)", "11": {"fig_size": 217260, "fig_aspectRatio": 5.220588235294118, "fig_size_poster": 0.46526867627785057}, "12": {"fig_size": 200200, "fig_aspectRatio": 2.1103896103896105, "fig_size_poster": 0.2839667977282656}, "13": {"fig_size": 106260, "fig_aspectRatio": 1.12012987012987, "fig_size_poster": 0.15072083879423329}, "18": {"fig_size": 161633, "fig_aspectRatio": 4.933701657458563, "fig_size_poster": 0.39012669287898644}, "20": {"fig_size": 185856, "fig_aspectRatio": 5.041666666666667, "fig_size_poster": 0.4228920926168633}, "textRatio": 0.11827956989247312, "figRatio": 0.2910596305264677}, "22": {"xy": [59, 1227, 1118, 944], "panel_size": 1055392, "panel_aspectRatio": 1.1843220338983051, "category": "Method", "figures": 2, "textlen": 81, "fig_size": 295671, "title": "2. Z-step: solving for the activations", "25": {"fig_size": 250983, "fig_aspectRatio": 4.468354430379747, "fig_size_poster": 0.947227191413238}, "27": {"fig_size": 44688, "fig_aspectRatio": 6.333333333333333, "fig_size_poster": 0.47584973166368516}, "textRatio": 0.2903225806451613, "figRatio": 0.09877984733558909}, "30": {"xy": [57, 2183, 1122, 1127], "panel_size": 1264494, "panel_aspectRatio": 0.9955634427684117, "category": "Method", "figures": 3, "textlen": 85, "fig_size": 426940, "title": "3.D-step: solving for the atoms", "33": {"fig_size": 291500, "fig_aspectRatio": 3.8545454545454545, "fig_size_poster": 0.9447415329768271}, "35": {"fig_size": 48500, "fig_aspectRatio": 4.85, "fig_size_poster": 0.4322638146167558}, "37": {"fig_size": 86940, "fig_aspectRatio": 6.573913043478261, "fig_size_poster": 0.6737967914438503}, "textRatio": 0.3046594982078853, "figRatio": 0.14263511815990207}, "39": {"xy": [1217, 1229, 1091, 850], "panel_size": 927350, "panel_aspectRatio": 1.2835294117647058, "category": "Method", "figures": 1, "textlen": 8, "fig_size": 717544, "title": "4. Multivariate speed benchmark", "40": {"fig_size": 717544, "fig_aspectRatio": 1.472779369627507, "fig_size_poster": 0.9422548120989918}, "textRatio": 0.02867383512544803, "figRatio": 0.23972214649582793}, "42": {"xy": [1227, 2094, 1099, 687], "panel_size": 755013, "panel_aspectRatio": 1.5997088791848617, "category": "Method", "figures": 2, "textlen": 27, "fig_size": 396726, "title": "5. Simulated Signals", "43": {"fig_size": 303630, "fig_aspectRatio": 3.610344827586207, "fig_size_poster": 0.9526842584167425}, "45": {"fig_size": 93096, "fig_aspectRatio": 7.981481481481482, "fig_size_poster": 0.7843494085532302}, "textRatio": 0.0967741935483871, "figRatio": 0.1325410125242547}, "47": {"xy": [1219, 2796, 1097, 506], "panel_size": 555082, "panel_aspectRatio": 2.1679841897233203, "category": "Result", "figures": 1, "textlen": 20, "fig_size": 285142, "title": "6. Experimental Signals", "48": {"fig_size": 285142, "fig_aspectRatio": 3.486013986013986, "fig_size_poster": 0.9088422971741112}, "textRatio": 0.07168458781362007, "figRatio": 0.09526224495795849}, "50": {"xy": [519, 10, 1360, 367], "panel_size": 499120, "panel_aspectRatio": 3.7057220708446867, "category": "Title", "figures": 0, "textlen": 25, "fig_size": 0, "title": "Multivariate Convolutional Sparse Coding for Electromagnetic Brain Signals", "textRatio": 0.08960573476702509, "figRatio": 0.0}}}