{"poster_size": 8034080, "doclen": 228, "figlen": 3643200, "section": {"1": {"xy": [31, 17, 3270, 413], "panel_size": 1350510, "panel_aspectRatio": 7.9176755447941884, "category": "Title", "figures": 0, "textlen": 18, "fig_size": 0, "title": "Deliberative Explanations: visualizing network insecurities", "textRatio": 0.07894736842105263, "figRatio": 0.0}, "5": {"xy": [28, 468, 820, 924], "panel_size": 757680, "panel_aspectRatio": 0.8874458874458875, "category": "Introduction", "figures": 1, "textlen": 48, "fig_size": 478536, "title": "Motivation", "7": {"fig_size": 478536, "fig_aspectRatio": 1.213375796178344, "fig_size_poster": 0.9292682926829269}, "textRatio": 0.21052631578947367, "figRatio": 0.13135046113306983}, "8": {"xy": [28, 1400, 824, 864], "panel_size": 711936, "panel_aspectRatio": 0.9537037037037037, "category": "Method", "figures": 2, "textlen": 29, "fig_size": 340400, "title": "Explantion generation", "10": {"fig_size": 309320, "fig_aspectRatio": 1.770334928229665, "fig_size_poster": 0.8980582524271845}, "12": {"fig_size": 31080, "fig_aspectRatio": 8.633333333333333, "fig_size_poster": 0.6286407766990292}, "textRatio": 0.12719298245614036, "figRatio": 0.09343434343434344}, "14": {"xy": [866, 464, 810, 468], "panel_size": 379080, "panel_aspectRatio": 1.7307692307692308, "category": "Method", "figures": 2, "textlen": 4, "fig_size": 210840, "title": "Explanation generation", "16": {"fig_size": 36456, "fig_aspectRatio": 9.483870967741936, "fig_size_poster": 0.725925925925926}, "18": {"fig_size": 174384, "fig_aspectRatio": 2.746031746031746, "fig_size_poster": 0.854320987654321}, "textRatio": 0.017543859649122806, "figRatio": 0.05787220026350461}, "19": {"xy": [862, 948, 834, 1318], "panel_size": 1099212, "panel_aspectRatio": 0.6327769347496206, "category": "Discussion", "figures": 3, "textlen": 113, "fig_size": 542932, "title": "Evaluation", "21": {"fig_size": 333312, "fig_aspectRatio": 1.7695852534562213, "fig_size_poster": 0.920863309352518}, "25": {"fig_size": 10764, "fig_aspectRatio": 5.086956521739131, "fig_size_poster": 0.2805755395683453}, "27": {"fig_size": 198856, "fig_aspectRatio": 2.7686567164179103, "fig_size_poster": 0.8896882494004796}, "textRatio": 0.4956140350877193, "figRatio": 0.14902613087395697}, "30": {"xy": [1700, 472, 810, 1392], "panel_size": 1127520, "panel_aspectRatio": 0.5818965517241379, "category": "Result", "figures": 3, "textlen": 12, "fig_size": 863632, "title": "Result", "32": {"fig_size": 248832, "fig_aspectRatio": 2.3703703703703702, "fig_size_poster": 0.9481481481481482}, "33": {"fig_size": 203320, "fig_aspectRatio": 3.0076923076923077, "fig_size_poster": 0.9654320987654321}, "36": {"fig_size": 411480, "fig_aspectRatio": 1.4111111111111112, "fig_size_poster": 0.9407407407407408}, "textRatio": 0.05263157894736842, "figRatio": 0.23705314009661835}, "37": {"xy": [2518, 504, 786, 1724], "panel_size": 1355064, "panel_aspectRatio": 0.45591647331786544, "category": "Result", "figures": 3, "textlen": 4, "fig_size": 1206860, "title": "Result", "38": {"fig_size": 412560, "fig_aspectRatio": 1.4148148148148147, "fig_size_poster": 0.9720101781170484}, "41": {"fig_size": 387684, "fig_aspectRatio": 1.3595505617977528, "fig_size_poster": 0.9236641221374046}, "42": {"fig_size": 406616, "fig_aspectRatio": 1.354014598540146, "fig_size_poster": 0.9440203562340967}, "textRatio": 0.017543859649122806, "figRatio": 0.3312637241985068}}}