{"poster_size": 5603904, "doclen": 158, "figlen": 3056374, "section": {"0": {"xy": [504, 4, 1120, 164], "panel_size": 183680, "panel_aspectRatio": 6.829268292682927, "category": "Title", "figures": 0, "textlen": 0, "fig_size": 0, "title": "Unsupervised Learning of Object Landmarksthrough Conditional lmage Generation", "textRatio": 0.0, "figRatio": 0.0}, "1": {"xy": [22, 183, 1091, 650], "panel_size": 709150, "panel_aspectRatio": 1.6784615384615384, "category": "Introduction", "figures": 1, "textlen": 57, "fig_size": 306878, "title": "1.OVERVIEW", "3": {"fig_size": 306878, "fig_aspectRatio": 3.7517482517482517, "fig_size_poster": 0.9835013748854262}, "textRatio": 0.36075949367088606, "figRatio": 0.10040590582173517}, "7": {"xy": [1140, 199, 2221, 640], "panel_size": 1421440, "panel_aspectRatio": 3.4703125, "category": "Method", "figures": 4, "textlen": 36, "fig_size": 1010529, "title": "2.METHOD", "9": {"fig_size": 84084, "fig_aspectRatio": 3.4551282051282053, "fig_size_poster": 0.24268347591175146}, "12": {"fig_size": 107118, "fig_aspectRatio": 2.7323232323232323, "fig_size_poster": 0.2435839711841513}, "13": {"fig_size": 638124, "fig_aspectRatio": 2.636178861788618, "fig_size_poster": 0.5839711841512832}, "14": {"fig_size": 181203, "fig_aspectRatio": 0.5757575757575758, "fig_size_poster": 0.1454299864925709}, "textRatio": 0.22784810126582278, "figRatio": 0.33063002106417605}, "16": {"xy": [11, 842, 2300, 813], "panel_size": 1869900, "panel_aspectRatio": 2.8290282902829027, "category": "Result", "figures": 8, "textlen": 37, "fig_size": 1103449, "title": "3.RESULTS", "18": {"fig_size": 103194, "fig_aspectRatio": 6.5, "fig_size_poster": 0.3560869565217391}, "24": {"fig_size": 163350, "fig_aspectRatio": 1.8518518518518519, "fig_size_poster": 0.2391304347826087}, "25": {"fig_size": 119685, "fig_aspectRatio": 1.3036303630363035, "fig_size_poster": 0.17173913043478262}, "29": {"fig_size": 134904, "fig_aspectRatio": 1.9356060606060606, "fig_size_poster": 0.22217391304347825}, "30": {"fig_size": 61857, "fig_aspectRatio": 0.9080459770114943, "fig_size_poster": 0.10304347826086957}, "34": {"fig_size": 265912, "fig_aspectRatio": 2.247093023255814, "fig_size_poster": 0.33608695652173914}, "35": {"fig_size": 111744, "fig_aspectRatio": 1.3472222222222223, "fig_size_poster": 0.16869565217391305}, "37": {"fig_size": 142803, "fig_aspectRatio": 1.048780487804878, "fig_size_poster": 0.16826086956521738}, "textRatio": 0.23417721518987342, "figRatio": 0.36103205955815615}, "38": {"xy": [2331, 841, 1035, 814], "panel_size": 842490, "panel_aspectRatio": 1.2714987714987716, "category": "Discussion", "figures": 3, "textlen": 28, "fig_size": 635518, "title": "4\uff0cDISENTANGLING STYLE & GEOMETRY", "39": {"fig_size": 289224, "fig_aspectRatio": 2.3475783475783474, "fig_size_poster": 0.7961352657004831}, "40": {"fig_size": 336004, "fig_aspectRatio": 3.0119760479041915, "fig_size_poster": 0.9719806763285024}, "41": {"fig_size": 10290, "fig_aspectRatio": 2.1, "fig_size_poster": 0.14202898550724638}, "textRatio": 0.17721518987341772, "figRatio": 0.2079320135559326}}}