{"poster_size": 8030710, "doclen": 265, "figlen": 2923688, "section": {"1": {"xy": [532, 42, 2328, 136], "panel_size": 316608, "panel_aspectRatio": 17.11764705882353, "category": "Title", "figures": 0, "textlen": 0, "fig_size": 0, "title": "SySCD: A System-Aware Parallel Coordinate Descent Algorithm", "textRatio": 0.0, "figRatio": 0.0}, "2": {"xy": [24, 291, 934, 553], "panel_size": 516502, "panel_aspectRatio": 1.6889692585895117, "category": "Introduction", "figures": 0, "textlen": 41, "fig_size": 0, "title": "Contributions", "textRatio": 0.15471698113207547, "figRatio": 0.0}, "4": {"xy": [24, 862, 941, 770], "panel_size": 724570, "panel_aspectRatio": 1.222077922077922, "category": "Method", "figures": 2, "textlen": 16, "fig_size": 540068, "title": "Baseline\n", "5": {"fig_size": 484298, "fig_aspectRatio": 1.7705544933078394, "fig_size_poster": 0.9840595111583422}, "6": {"fig_size": 55770, "fig_aspectRatio": 4.609090909090909, "fig_size_poster": 0.538788522848034}, "textRatio": 0.06037735849056604, "figRatio": 0.18472148874982555}, "8": {"xy": [29, 1657, 1149, 528], "panel_size": 606672, "panel_aspectRatio": 2.1761363636363638, "category": "Method", "figures": 2, "textlen": 14, "fig_size": 375561, "title": "", "9": {"fig_size": 143872, "fig_aspectRatio": 2.1953125, "fig_size_poster": 0.48912097476066146}, "10": {"fig_size": 231689, "fig_aspectRatio": 1.18058690744921, "fig_size_poster": 0.45517841601392517}, "textRatio": 0.052830188679245285, "figRatio": 0.1284545409770126}, "12": {"xy": [1009, 267, 1154, 493], "panel_size": 568922, "panel_aspectRatio": 2.340770791075051, "category": "Method", "figures": 1, "textlen": 25, "fig_size": 217334, "title": "Data Parallelism", "13": {"fig_size": 217334, "fig_aspectRatio": 1.9023668639053255, "fig_size_poster": 0.5571923743500866}, "textRatio": 0.09433962264150944, "figRatio": 0.07433556521762924}, "16": {"xy": [1004, 793, 1166, 510], "panel_size": 594660, "panel_aspectRatio": 2.2862745098039214, "category": "Method", "figures": 1, "textlen": 25, "fig_size": 218673, "title": "Dynamic Partitioning", "18": {"fig_size": 218673, "fig_aspectRatio": 1.774928774928775, "fig_size_poster": 0.5343053173241853}, "textRatio": 0.09433962264150944, "figRatio": 0.07479354842240349}, "22": {"xy": [1201, 1306, 954, 892], "panel_size": 850968, "panel_aspectRatio": 1.0695067264573992, "category": "Method", "figures": 1, "textlen": 63, "fig_size": 356352, "title": "Convergence Analysis", "23": {"fig_size": 356352, "fig_aspectRatio": 2.4166666666666665, "fig_size_poster": 0.9727463312368972}, "textRatio": 0.23773584905660378, "figRatio": 0.12188441447924676}, "29": {"xy": [2196, 283, 1151, 495], "panel_size": 569745, "panel_aspectRatio": 2.3252525252525253, "category": "Method", "figures": 1, "textlen": 33, "fig_size": 229684, "title": "Buckets", "30": {"fig_size": 229684, "fig_aspectRatio": 1.7335164835164836, "fig_size_poster": 0.5482189400521286}, "textRatio": 0.12452830188679245, "figRatio": 0.07855968215486742}, "33": {"xy": [2194, 814, 1153, 474], "panel_size": 546522, "panel_aspectRatio": 2.432489451476793, "category": "Method", "figures": 1, "textlen": 16, "fig_size": 206976, "title": "NUMA - awareness", "34": {"fig_size": 206976, "fig_aspectRatio": 1.8333333333333333, "fig_size_poster": 0.5342584562012143}, "textRatio": 0.06037735849056604, "figRatio": 0.07079277953051077}, "36": {"xy": [2163, 1316, 1192, 898], "panel_size": 1070416, "panel_aspectRatio": 1.3273942093541202, "category": "Result", "figures": 3, "textlen": 32, "fig_size": 779040, "title": "Performance Results", "37": {"fig_size": 255824, "fig_aspectRatio": 1.1483050847457628, "fig_size_poster": 0.4546979865771812}, "38": {"fig_size": 296416, "fig_aspectRatio": 1.3305084745762712, "fig_size_poster": 0.5268456375838926}, "39": {"fig_size": 226800, "fig_aspectRatio": 2.1604938271604937, "fig_size_poster": 0.587248322147651}, "textRatio": 0.12075471698113208, "figRatio": 0.26645798046850416}}}