{"poster_size": 5971968, "doclen": 74, "figlen": 3425621, "section": {"1": {"xy": [603, 22, 2418, 100], "panel_size": 241800, "panel_aspectRatio": 24.18, "category": "Title", "figures": 0, "textlen": 0, "fig_size": 0, "title": "Visual Object Networks: lmage Generation with Disentangled 3D Representations", "textRatio": 0.0, "figRatio": 0.0}, "2": {"xy": [15, 240, 2325, 878], "panel_size": 2041350, "panel_aspectRatio": 2.6480637813211847, "category": "Introduction", "figures": 6, "textlen": 68, "fig_size": 1119380, "title": "Motivation", "3": {"fig_size": 20500, "fig_aspectRatio": 2.05, "fig_size_poster": 0.08817204301075268}, "4": {"fig_size": 53560, "fig_aspectRatio": 3.169230769230769, "fig_size_poster": 0.17720430107526883}, "5": {"fig_size": 80088, "fig_aspectRatio": 2.265957446808511, "fig_size_poster": 0.1832258064516129}, "6": {"fig_size": 195702, "fig_aspectRatio": 1.71301775147929, "fig_size_poster": 0.24903225806451612}, "7": {"fig_size": 339360, "fig_aspectRatio": 3.6963696369636962, "fig_size_poster": 0.4817204301075269}, "8": {"fig_size": 430170, "fig_aspectRatio": 2.8282051282051284, "fig_size_poster": 0.47440860215053765}, "textRatio": 0.918918918918919, "figRatio": 0.32676702997792223}, "15": {"xy": [12, 1134, 2328, 593], "panel_size": 1380504, "panel_aspectRatio": 3.9258010118043845, "category": "Method", "figures": 2, "textlen": 0, "fig_size": 1062988, "title": "Image Generation(2D GANS vs. VON)", "16": {"fig_size": 556308, "fig_aspectRatio": 2.6405228758169934, "fig_size_poster": 0.520618556701031}, "17": {"fig_size": 506680, "fig_aspectRatio": 2.217573221757322, "fig_size_poster": 0.45532646048109965}, "textRatio": 0.0, "figRatio": 0.31030519721825617}, "20": {"xy": [2365, 222, 1085, 1505], "panel_size": 1632925, "panel_aspectRatio": 0.7209302325581395, "category": "Result", "figures": 6, "textlen": 6, "fig_size": 1243253, "title": "Shape Generation", "21": {"fig_size": 143154, "fig_aspectRatio": 1.6228956228956228, "fig_size_poster": 0.44423963133640554}, "22": {"fig_size": 143704, "fig_aspectRatio": 1.7816901408450705, "fig_size_poster": 0.4663594470046083}, "23": {"fig_size": 175450, "fig_aspectRatio": 2.32, "fig_size_poster": 0.5880184331797235}, "24": {"fig_size": 114552, "fig_aspectRatio": 1.3074324324324325, "fig_size_poster": 0.3566820276497696}, "25": {"fig_size": 344175, "fig_aspectRatio": 3.2584615384615385, "fig_size_poster": 0.976036866359447}, "26": {"fig_size": 322218, "fig_aspectRatio": 3.4411764705882355, "fig_size_poster": 0.9705069124423963}, "textRatio": 0.08108108108108109, "figRatio": 0.36292777280382155}}}