{"poster_size": 8957952, "doclen": 163, "figlen": 2899802, "section": {"1": {"xy": [612, 54, 2237, 453], "panel_size": 1013361, "panel_aspectRatio": 4.938189845474613, "category": "Title", "figures": 0, "textlen": 22, "fig_size": 0, "title": "Stochastic Proximal Langevin Algorithm: Potential Splitting and Nonasymptotic Rates", "textRatio": 0.13496932515337423, "figRatio": 0.0}, "3": {"xy": [40, 557, 844, 569], "panel_size": 480236, "panel_aspectRatio": 1.4833040421792618, "category": "Introduction", "figures": 0, "textlen": 43, "fig_size": 0, "title": "Goal", "textRatio": 0.26380368098159507, "figRatio": 0.0}, "5": {"xy": [13, 1135, 902, 617], "panel_size": 556534, "panel_aspectRatio": 1.4619124797406806, "category": "Method", "figures": 2, "textlen": 12, "fig_size": 198459, "title": "Background", "7": {"fig_size": 145351, "fig_aspectRatio": 3.9842931937172774, "fig_size_poster": 0.843680709534368}, "9": {"fig_size": 53108, "fig_aspectRatio": 10.535211267605634, "fig_size_poster": 0.8292682926829268}, "textRatio": 0.0736196319018405, "figRatio": 0.06843881064983058}, "10": {"xy": [40, 1765, 894, 426], "panel_size": 380844, "panel_aspectRatio": 2.0985915492957745, "category": "Method", "figures": 1, "textlen": 6, "fig_size": 218652, "title": "Langevin algorithm", "12": {"fig_size": 218652, "fig_aspectRatio": 3.0902255639097747, "fig_size_poster": 0.9194630872483222}, "textRatio": 0.03680981595092025, "figRatio": 0.07540238954245841}, "13": {"xy": [47, 2207, 815, 323], "panel_size": 263245, "panel_aspectRatio": 2.523219814241486, "category": "Method", "figures": 0, "textlen": 28, "fig_size": 0, "title": "Another look at Langevin algorithm", "textRatio": 0.17177914110429449, "figRatio": 0.0}, "16": {"xy": [919, 552, 1617, 396], "panel_size": 640332, "panel_aspectRatio": 4.083333333333333, "category": "Method", "figures": 1, "textlen": 0, "fig_size": 459774, "title": "Mathematical Problem", "17": {"fig_size": 459774, "fig_aspectRatio": 5.581881533101045, "fig_size_poster": 0.9907235621521335}, "textRatio": 0.0, "figRatio": 0.15855358400332162}, "18": {"xy": [921, 976, 1626, 550], "panel_size": 894300, "panel_aspectRatio": 2.9563636363636365, "category": "Method", "figures": 2, "textlen": 7, "fig_size": 505062, "title": "Stochastic Proximal Langevin Algorithm", "21": {"fig_size": 417600, "fig_aspectRatio": 6.130268199233717, "fig_size_poster": 0.984009840098401}, "23": {"fig_size": 87462, "fig_aspectRatio": 6.849557522123894, "fig_size_poster": 0.47601476014760147}, "textRatio": 0.04294478527607362, "figRatio": 0.17417120203379402}, "24": {"xy": [949, 1539, 1526, 694], "panel_size": 1059044, "panel_aspectRatio": 2.1988472622478388, "category": "Result", "figures": 1, "textlen": 5, "fig_size": 709427, "title": "Result", "26": {"fig_size": 709427, "fig_aspectRatio": 2.918864097363083, "fig_size_poster": 0.9429882044560943}, "textRatio": 0.03067484662576687, "figRatio": 0.24464670346458137}, "27": {"xy": [921, 2265, 1641, 298], "panel_size": 489018, "panel_aspectRatio": 5.506711409395973, "category": "Method", "figures": 2, "textlen": 17, "fig_size": 124986, "title": "Approach", "29": {"fig_size": 99678, "fig_aspectRatio": 18.2027027027027, "fig_size_poster": 0.8208409506398537}, "31": {"fig_size": 25308, "fig_aspectRatio": 7.7894736842105265, "fig_size_poster": 0.27056672760511885}, "textRatio": 0.10429447852760736, "figRatio": 0.0431015634860587}, "32": {"xy": [2562, 541, 854, 1226], "panel_size": 1047004, "panel_aspectRatio": 0.6965742251223491, "category": "Method", "figures": 2, "textlen": 23, "fig_size": 683442, "title": "Bayesian Trend Filtering on Graphs", "33": {"fig_size": 290520, "fig_aspectRatio": 2.2416666666666667, "fig_size_poster": 0.9449648711943794}, "35": {"fig_size": 392922, "fig_aspectRatio": 1.5843373493975903, "fig_size_poster": 0.9238875878220141}, "textRatio": 0.1411042944785276, "figRatio": 0.2356857468199553}}}