{"poster_size": 500990, "doclen": 295, "figlen": 123133, "section": {"1": {"xy": [31, 31, 458, 48], "panel_size": 21984, "panel_aspectRatio": 9.541666666666666, "category": "Title", "figures": 0, "textlen": 13, "fig_size": 0, "title": "Evidential Deep Learning to Quantify Classification Uncertainty", "textRatio": 0.04406779661016949, "figRatio": 0.0}, "4": {"xy": [28, 99, 200, 185], "panel_size": 37000, "panel_aspectRatio": 1.0810810810810811, "category": "Introduction", "figures": 1, "textlen": 11, "fig_size": 14560, "title": "1 Motivation", "5": {"fig_size": 14560, "fig_aspectRatio": 0.56875, "fig_size_poster": 0.455}, "textRatio": 0.03728813559322034, "figRatio": 0.11824612410970252}, "7": {"xy": [229, 116, 193, 172], "panel_size": 33196, "panel_aspectRatio": 1.122093023255814, "category": "Method", "figures": 1, "textlen": 10, "fig_size": 13363, "title": "Our Method", "8": {"fig_size": 13363, "fig_aspectRatio": 0.515527950310559, "fig_size_poster": 0.43005181347150256}, "textRatio": 0.03389830508474576, "figRatio": 0.10852492832952985}, "10": {"xy": [30, 287, 195, 253], "panel_size": 49335, "panel_aspectRatio": 0.7707509881422925, "category": "Method", "figures": 3, "textlen": 55, "fig_size": 17833, "title": "2 The Subjective Logic Interpretation", "12": {"fig_size": 2728, "fig_aspectRatio": 2.838709677419355, "fig_size_poster": 0.4512820512820513}, "14": {"fig_size": 13950, "fig_aspectRatio": 2.48, "fig_size_poster": 0.9538461538461539}, "16": {"fig_size": 1155, "fig_aspectRatio": 5.133333333333334, "fig_size_poster": 0.39487179487179486}, "textRatio": 0.1864406779661017, "figRatio": 0.14482713813518716}, "18": {"xy": [228, 291, 195, 248], "panel_size": 48360, "panel_aspectRatio": 0.7862903225806451, "category": "Method", "figures": 2, "textlen": 37, "fig_size": 26183, "title": "3 The Loss Design", "20": {"fig_size": 14276, "fig_aspectRatio": 1.930232558139535, "fig_size_poster": 0.8512820512820513}, "22": {"fig_size": 11907, "fig_aspectRatio": 3.0, "fig_size_poster": 0.9692307692307692}, "textRatio": 0.12542372881355932, "figRatio": 0.2126399909041443}, "23": {"xy": [425, 99, 389, 147], "panel_size": 57183, "panel_aspectRatio": 2.6462585034013606, "category": "Method", "figures": 1, "textlen": 116, "fig_size": 11868, "title": "4 Theoretical Propertics", "25": {"fig_size": 11868, "fig_aspectRatio": 2.4927536231884058, "fig_size_poster": 0.442159383033419}, "textRatio": 0.39322033898305087, "figRatio": 0.09638358522898005}, "28": {"xy": [427, 246, 398, 164], "panel_size": 65272, "panel_aspectRatio": 2.426829268292683, "category": "Result", "figures": 4, "textlen": 9, "fig_size": 39326, "title": "Experiments", "32": {"fig_size": 7236, "fig_aspectRatio": 1.6119402985074627, "fig_size_poster": 0.271356783919598}, "33": {"fig_size": 7906, "fig_aspectRatio": 1.7611940298507462, "fig_size_poster": 0.2964824120603015}, "35": {"fig_size": 11776, "fig_aspectRatio": 2.875, "fig_size_poster": 0.4623115577889447}, "36": {"fig_size": 12408, "fig_aspectRatio": 2.8484848484848486, "fig_size_poster": 0.4723618090452261}, "textRatio": 0.030508474576271188, "figRatio": 0.3193782332924561}, "37": {"xy": [427, 411, 201, 133], "panel_size": 26733, "panel_aspectRatio": 1.5112781954887218, "category": "Discussion", "figures": 0, "textlen": 44, "fig_size": 0, "title": "Take Homes", "textRatio": 0.14915254237288136, "figRatio": 0.0}}}