{"poster_size": 8036464, "doclen": 1095, "figlen": 834440, "section": {"1": {"xy": [71, 102, 1689, 88], "panel_size": 148632, "panel_aspectRatio": 19.193181818181817, "category": "Title", "figures": 0, "textlen": 0, "fig_size": 0, "title": "NONSTOCHASTIC MULTIARMED BANDITS WITH UNRESTRICTED DELAYS", "textRatio": 0.0, "figRatio": 0.0}, "2": {"xy": [15, 423, 1439, 681], "panel_size": 979959, "panel_aspectRatio": 2.113069016152717, "category": "Introduction", "figures": 0, "textlen": 190, "fig_size": 0, "title": "Abstract", "textRatio": 0.1735159817351598, "figRatio": 0.0}, "4": {"xy": [1488, 425, 886, 701], "panel_size": 621086, "panel_aspectRatio": 1.2639087018544937, "category": "Method", "figures": 1, "textlen": 119, "fig_size": 66126, "title": "Setting", "6": {"fig_size": 66126, "fig_aspectRatio": 6.233009708737864, "fig_size_poster": 0.7246049661399548}, "textRatio": 0.108675799086758, "figRatio": 0.07924596136330953}, "8": {"xy": [11, 1128, 768, 942], "panel_size": 723456, "panel_aspectRatio": 0.8152866242038217, "category": "Method", "figures": 3, "textlen": 132, "fig_size": 42565, "title": "Part 1: Delayed Exp3", "11": {"fig_size": 9333, "fig_aspectRatio": 2.5081967213114753, "fig_size_poster": 0.19921875}, "15": {"fig_size": 9600, "fig_aspectRatio": 4.166666666666667, "fig_size_poster": 0.2604166666666667}, "17": {"fig_size": 23632, "fig_aspectRatio": 7.535714285714286, "fig_size_poster": 0.5494791666666666}, "textRatio": 0.12054794520547946, "figRatio": 0.05101025837687551}, "19": {"xy": [21, 2102, 754, 1131], "panel_size": 852774, "panel_aspectRatio": 0.6666666666666666, "category": "Method", "figures": 3, "textlen": 133, "fig_size": 113836, "title": "Regret Bounds for Delayed Exp3", "21": {"fig_size": 61974, "fig_aspectRatio": 6.3232323232323235, "fig_size_poster": 0.830238726790451}, "24": {"fig_size": 31025, "fig_aspectRatio": 5.821917808219178, "fig_size_poster": 0.5636604774535809}, "26": {"fig_size": 20837, "fig_aspectRatio": 4.641791044776119, "fig_size_poster": 0.4124668435013263}, "textRatio": 0.12146118721461187, "figRatio": 0.13642203154211208}, "27": {"xy": [792, 1142, 783, 1216], "panel_size": 952128, "panel_aspectRatio": 0.6439144736842105, "category": "Method", "figures": 1, "textlen": 150, "fig_size": 251256, "title": "Part 2: Skipping Large Delays", "29": {"fig_size": 251256, "fig_aspectRatio": 1.92797783933518, "fig_size_poster": 0.8888888888888888}, "textRatio": 0.136986301369863, "figRatio": 0.3011073294664685}, "31": {"xy": [795, 2381, 788, 929], "panel_size": 732052, "panel_aspectRatio": 0.8482238966630786, "category": "Method", "figures": 4, "textlen": 83, "fig_size": 139746, "title": "Regret Bound for Skipper", "33": {"fig_size": 68056, "fig_aspectRatio": 7.702127659574468, "fig_size_poster": 0.9187817258883249}, "35": {"fig_size": 9600, "fig_aspectRatio": 1.7066666666666668, "fig_size_poster": 0.16243654822335024}, "36": {"fig_size": 29596, "fig_aspectRatio": 3.0816326530612246, "fig_size_poster": 0.383248730964467}, "38": {"fig_size": 32494, "fig_aspectRatio": 5.48051948051948, "fig_size_poster": 0.5355329949238579}, "textRatio": 0.07579908675799087, "figRatio": 0.16747279612674368}, "39": {"xy": [1594, 1150, 782, 1922], "panel_size": 1503004, "panel_aspectRatio": 0.4068678459937565, "category": "Result", "figures": 6, "textlen": 288, "fig_size": 220911, "title": "Part 3: Doubling Trick", "41": {"fig_size": 19578, "fig_aspectRatio": 3.217948717948718, "fig_size_poster": 0.3209718670076726}, "43": {"fig_size": 46350, "fig_aspectRatio": 8.24, "fig_size_poster": 0.7902813299232737}, "45": {"fig_size": 64246, "fig_aspectRatio": 7.758241758241758, "fig_size_poster": 0.9028132992327366}, "47": {"fig_size": 29972, "fig_aspectRatio": 8.610169491525424, "fig_size_poster": 0.649616368286445}, "50": {"fig_size": 38500, "fig_aspectRatio": 6.4935064935064934, "fig_size_poster": 0.639386189258312}, "52": {"fig_size": 22265, "fig_aspectRatio": 5.983606557377049, "fig_size_poster": 0.46675191815856776}, "textRatio": 0.26301369863013696, "figRatio": 0.2647416231244907}}}