{"poster_size": 11572470, "doclen": 512, "figlen": 495483, "section": {"0": {"xy": [1057, 68, 1977, 280], "panel_size": 553560, "panel_aspectRatio": 7.060714285714286, "category": "Title", "figures": 0, "textlen": 0, "fig_size": 0, "title": "Best-Arm ldentification in Pav-Per-Reward Multi-Armed Bandits", "textRatio": 0.0, "figRatio": 0.0}, "1": {"xy": [45, 527, 1335, 437], "panel_size": 583395, "panel_aspectRatio": 3.054919908466819, "category": "Introduction", "figures": 0, "textlen": 52, "fig_size": 0, "title": "In short", "textRatio": 0.1015625, "figRatio": 0.0}, "3": {"xy": [61, 1232, 1314, 323], "panel_size": 424422, "panel_aspectRatio": 4.068111455108359, "category": "Introduction", "figures": 0, "textlen": 40, "fig_size": 0, "title": "Motivation", "textRatio": 0.078125, "figRatio": 0.0}, "5": {"xy": [64, 1568, 1311, 768], "panel_size": 1006848, "panel_aspectRatio": 1.70703125, "category": "Method", "figures": 0, "textlen": 79, "fig_size": 0, "title": "The setting", "textRatio": 0.154296875, "figRatio": 0.0}, "8": {"xy": [59, 2350, 1321, 377], "panel_size": 498017, "panel_aspectRatio": 3.503978779840849, "category": "Result", "figures": 0, "textlen": 21, "fig_size": 0, "title": "Main Result", "textRatio": 0.041015625, "figRatio": 0.0}, "10": {"xy": [1418, 527, 1321, 1182], "panel_size": 1561422, "panel_aspectRatio": 1.1175972927241962, "category": "Discussion", "figures": 1, "textlen": 110, "fig_size": 29784, "title": "Challenges", "13": {"fig_size": 29784, "fig_aspectRatio": 6.4411764705882355, "fig_size_poster": 0.3315669947009841}, "textRatio": 0.21484375, "figRatio": 0.06011104316394306}, "15": {"xy": [1416, 1727, 1323, 553], "panel_size": 731619, "panel_aspectRatio": 2.392405063291139, "category": "Method", "figures": 0, "textlen": 52, "fig_size": 0, "title": "Approach", "textRatio": 0.1015625, "figRatio": 0.0}, "17": {"xy": [1414, 2298, 1334, 411], "panel_size": 548274, "panel_aspectRatio": 3.2457420924574207, "category": "Result", "figures": 0, "textlen": 25, "fig_size": 0, "title": "Analysis (I)", "textRatio": 0.048828125, "figRatio": 0.0}, "19": {"xy": [2782, 530, 1248, 377], "panel_size": 470496, "panel_aspectRatio": 3.310344827586207, "category": "Result", "figures": 1, "textlen": 22, "fig_size": 83811, "title": "Analysis (II)", "21": {"fig_size": 83811, "fig_aspectRatio": 10.12087912087912, "fig_size_poster": 0.7379807692307693}, "textRatio": 0.04296875, "figRatio": 0.16915010202166372}, "22": {"xy": [2780, 1007, 1250, 1704], "panel_size": 2130000, "panel_aspectRatio": 0.7335680751173709, "category": "Method", "figures": 1, "textlen": 111, "fig_size": 381888, "title": "The Algorithm: MAB-PPR", "25": {"fig_size": 381888, "fig_aspectRatio": 2.206730769230769, "fig_size_poster": 0.7344}, "textRatio": 0.216796875, "figRatio": 0.7707388548143932}}}