{"poster_size": 8036464, "doclen": 242, "figlen": 3572449, "section": {"1": {"xy": [183, 8, 2158, 150], "panel_size": 323700, "panel_aspectRatio": 14.386666666666667, "category": "Title", "figures": 0, "textlen": 0, "fig_size": 0, "title": "Near Optimal Exploration-Exploitation in Non-Communicating Markov Decision Processes", "textRatio": 0.0, "figRatio": 0.0}, "2": {"xy": [31, 260, 824, 360], "panel_size": 296640, "panel_aspectRatio": 2.2888888888888888, "category": "Introduction", "figures": 0, "textlen": 32, "fig_size": 0, "title": "Motivations", "textRatio": 0.1322314049586777, "figRatio": 0.0}, "4": {"xy": [33, 630, 826, 1278], "panel_size": 1055628, "panel_aspectRatio": 0.6463223787167449, "category": "Method", "figures": 6, "textlen": 24, "fig_size": 709277, "title": "Online Learning in MDPs", "5": {"fig_size": 209040, "fig_aspectRatio": 2.91044776119403, "fig_size_poster": 0.9443099273607748}, "7": {"fig_size": 166112, "fig_aspectRatio": 3.086206896551724, "fig_size_poster": 0.8668280871670703}, "15": {"fig_size": 124740, "fig_aspectRatio": 3.1818181818181817, "fig_size_poster": 0.7627118644067796}, "59": {"fig_size": 65859, "fig_aspectRatio": 8.701149425287356, "fig_size_poster": 0.9164648910411622}, "60": {"fig_size": 64902, "fig_aspectRatio": 8.574712643678161, "fig_size_poster": 0.9031476997578692}, "61": {"fig_size": 78624, "fig_aspectRatio": 6.7407407407407405, "fig_size_poster": 0.8813559322033898}, "textRatio": 0.09917355371900827, "figRatio": 0.19854083291322003}, "19": {"xy": [867, 260, 824, 1068], "panel_size": 880032, "panel_aspectRatio": 0.7715355805243446, "category": "Method", "figures": 4, "textlen": 35, "fig_size": 529898, "title": "Prior Knowledge & Misspecified states", "22": {"fig_size": 362496, "fig_aspectRatio": 1.6271186440677967, "fig_size_poster": 0.9320388349514563}, "23": {"fig_size": 61500, "fig_aspectRatio": 9.146341463414634, "fig_size_poster": 0.9101941747572816}, "25": {"fig_size": 13152, "fig_aspectRatio": 5.708333333333333, "fig_size_poster": 0.3325242718446602}, "63": {"fig_size": 92750, "fig_aspectRatio": 5.936, "fig_size_poster": 0.9004854368932039}, "textRatio": 0.1446280991735537, "figRatio": 0.1483290594211422}, "27": {"xy": [865, 1336, 1646, 526], "panel_size": 865796, "panel_aspectRatio": 3.129277566539924, "category": "Method", "figures": 3, "textlen": 9, "fig_size": 670872, "title": "Numerical Experiments", "28": {"fig_size": 264880, "fig_aspectRatio": 1.3681818181818182, "fig_size_poster": 0.36573511543134873}, "29": {"fig_size": 301032, "fig_aspectRatio": 1.527027027027027, "fig_size_poster": 0.41190765492102066}, "30": {"fig_size": 104960, "fig_aspectRatio": 0.975609756097561, "fig_size_poster": 0.19441069258809235}, "textRatio": 0.0371900826446281, "figRatio": 0.1877905044970551}, "32": {"xy": [859, 1884, 2476, 486], "panel_size": 1203336, "panel_aspectRatio": 5.094650205761317, "category": "Method", "figures": 2, "textlen": 51, "fig_size": 430368, "title": "Exploration-Exploitation Dilemma with infinite diameter", "33": {"fig_size": 228000, "fig_aspectRatio": 1.5789473684210527, "fig_size_poster": 0.24232633279483037}, "34": {"fig_size": 202368, "fig_aspectRatio": 1.4623655913978495, "fig_size_poster": 0.2197092084006462}, "textRatio": 0.21074380165289255, "figRatio": 0.12046861970597761}, "39": {"xy": [2519, 1330, 816, 526], "panel_size": 429216, "panel_aspectRatio": 1.5513307984790874, "category": "Method", "figures": 1, "textlen": 16, "fig_size": 186880, "title": "Regret of TUCRL", "40": {"fig_size": 186880, "fig_aspectRatio": 2.8515625, "fig_size_poster": 0.8946078431372549}, "textRatio": 0.06611570247933884, "figRatio": 0.052311453571485554}, "42": {"xy": [1693, 266, 1666, 1048], "panel_size": 1745968, "panel_aspectRatio": 1.5896946564885497, "category": "Method", "figures": 7, "textlen": 75, "fig_size": 1045154, "title": "Truncated Upper-Confidence for Reinforcement Learning (TUCRL)", "43": {"fig_size": 152478, "fig_aspectRatio": 2.2906976744186047, "fig_size_poster": 0.3547418967587035}, "45": {"fig_size": 387168, "fig_aspectRatio": 2.036697247706422, "fig_size_poster": 0.5330132052821128}, "46": {"fig_size": 137760, "fig_aspectRatio": 0.8195121951219512, "fig_size_poster": 0.20168067226890757}, "47": {"fig_size": 73856, "fig_aspectRatio": 4.5078125, "fig_size_poster": 0.34633853541416565}, "48": {"fig_size": 108560, "fig_aspectRatio": 3.2065217391304346, "fig_size_poster": 0.35414165666266506}, "51": {"fig_size": 117600, "fig_aspectRatio": 3.061224489795918, "fig_size_poster": 0.36014405762304924}, "62": {"fig_size": 67732, "fig_aspectRatio": 4.864406779661017, "fig_size_poster": 0.3445378151260504}, "textRatio": 0.30991735537190085, "figRatio": 0.2925595298911195}}}