{"poster_size": 8036464, "doclen": 275, "figlen": 2982739, "section": {"1": {"xy": [50, 17, 1328, 139], "panel_size": 184592, "panel_aspectRatio": 9.553956834532373, "category": "Title", "figures": 0, "textlen": 0, "fig_size": 0, "title": "DEEP SET PREDICTION NETWORKS", "textRatio": 0.0, "figRatio": 0.0}, "2": {"xy": [1178, 271, 1031, 433], "panel_size": 446423, "panel_aspectRatio": 2.3810623556581985, "category": "Title", "figures": 0, "textlen": 0, "fig_size": 0, "title": "To predict a set from a vector,use gradient descent to find a set that encodes to that vector.", "textRatio": 0.0, "figRatio": 0.0}, "3": {"xy": [29, 210, 1095, 551], "panel_size": 603345, "panel_aspectRatio": 1.987295825771325, "category": "Introduction", "figures": 0, "textlen": 68, "fig_size": 0, "title": "Sets are unordered collections of things", "textRatio": 0.24727272727272728, "figRatio": 0.0}, "6": {"xy": [12, 792, 1120, 1543], "panel_size": 1728160, "panel_aspectRatio": 0.7258587167854829, "category": "Introduction", "figures": 2, "textlen": 109, "fig_size": 613952, "title": "MLPs are not suited for sets", "8": {"fig_size": 230336, "fig_aspectRatio": 4.135593220338983, "fig_size_poster": 0.8714285714285714}, "10": {"fig_size": 383616, "fig_aspectRatio": 2.6015625, "fig_size_poster": 0.8919642857142858}, "textRatio": 0.39636363636363636, "figRatio": 0.20583497248669763}, "13": {"xy": [1142, 1018, 1090, 1321], "panel_size": 1439890, "panel_aspectRatio": 0.8251324753974262, "category": "Method", "figures": 2, "textlen": 68, "fig_size": 724626, "title": "The idea", "15": {"fig_size": 369768, "fig_aspectRatio": 2.672043010752688, "fig_size_poster": 0.9119266055045872}, "16": {"fig_size": 354858, "fig_aspectRatio": 2.784313725490196, "fig_size_poster": 0.9119266055045872}, "textRatio": 0.24727272727272728, "figRatio": 0.24293979459818643}, "18": {"xy": [2252, 184, 1118, 1410], "panel_size": 1576380, "panel_aspectRatio": 0.7929078014184398, "category": "Method", "figures": 3, "textlen": 30, "fig_size": 1075315, "title": "Bounding box set prediction", "19": {"fig_size": 293083, "fig_aspectRatio": 3.711743772241993, "fig_size_poster": 0.9329159212880143}, "20": {"fig_size": 423852, "fig_aspectRatio": 2.425837320574163, "fig_size_poster": 0.9069767441860465}, "21": {"fig_size": 358380, "fig_aspectRatio": 2.734806629834254, "fig_size_poster": 0.8855098389982111}, "textRatio": 0.10909090909090909, "figRatio": 0.36051260267827656}, "23": {"xy": [2250, 1631, 1110, 728], "panel_size": 808080, "panel_aspectRatio": 1.5247252747252746, "category": "Result", "figures": 2, "textlen": 0, "fig_size": 568846, "title": "Object detection", "24": {"fig_size": 287174, "fig_aspectRatio": 3.7158273381294964, "fig_size_poster": 0.9306306306306307}, "25": {"fig_size": 281672, "fig_aspectRatio": 3.7518248175182483, "fig_size_poster": 0.9261261261261261}, "textRatio": 0.0, "figRatio": 0.19071263023683935}}}