{"poster_size": 8018220, "doclen": 130, "figlen": 4734315, "section": {"1": {"xy": [1059, 8, 1317, 181], "panel_size": 238377, "panel_aspectRatio": 7.276243093922652, "category": "Title", "figures": 0, "textlen": 0, "fig_size": 0, "title": "Meta-Learning Representations forContinual Learning", "textRatio": 0.0, "figRatio": 0.0}, "2": {"xy": [33, 242, 963, 449], "panel_size": 432387, "panel_aspectRatio": 2.1447661469933186, "category": "Introduction", "figures": 0, "textlen": 47, "fig_size": 0, "title": "Overview", "textRatio": 0.36153846153846153, "figRatio": 0.0}, "4": {"xy": [41, 710, 961, 737], "panel_size": 708257, "panel_aspectRatio": 1.3039348710990502, "category": "Introduction", "figures": 1, "textlen": 13, "fig_size": 498680, "title": "Motivation", "5": {"fig_size": 498680, "fig_aspectRatio": 1.6605839416058394, "fig_size_poster": 0.9469302809573361}, "textRatio": 0.1, "figRatio": 0.1053330840892505}, "7": {"xy": [45, 1456, 959, 888], "panel_size": 851592, "panel_aspectRatio": 1.079954954954955, "category": "Method", "figures": 1, "textlen": 27, "fig_size": 465275, "title": "Propoesd architecture", "8": {"fig_size": 465275, "fig_aspectRatio": 1.8389662027833003, "fig_size_poster": 0.9645464025026069}, "textRatio": 0.2076923076923077, "figRatio": 0.09827715308339222}, "10": {"xy": [1033, 238, 986, 1278], "panel_size": 1260108, "panel_aspectRatio": 0.7715179968701096, "category": "Method", "figures": 1, "textlen": 0, "fig_size": 1102600, "title": "Meta-training", "11": {"fig_size": 1102600, "fig_aspectRatio": 0.7760067114093959, "fig_size_poster": 0.9381338742393509}, "textRatio": 0.0, "figRatio": 0.2328953607860905}, "12": {"xy": [1019, 1550, 997, 798], "panel_size": 795606, "panel_aspectRatio": 1.24937343358396, "category": "Method", "figures": 1, "textlen": 0, "fig_size": 710754, "title": "Meta-testing", "14": {"fig_size": 710754, "fig_aspectRatio": 1.3484848484848484, "fig_size_poster": 0.9819458375125376}, "textRatio": 0.0, "figRatio": 0.15012816004004803}, "15": {"xy": [2045, 240, 1290, 1241], "panel_size": 1600890, "panel_aspectRatio": 1.039484286865431, "category": "Result", "figures": 2, "textlen": 0, "fig_size": 1381442, "title": "Result", "16": {"fig_size": 686172, "fig_aspectRatio": 2.3357933579335795, "fig_size_poster": 0.9813953488372092}, "17": {"fig_size": 695270, "fig_aspectRatio": 2.265342960288809, "fig_size_poster": 0.9728682170542635}, "textRatio": 0.0, "figRatio": 0.2917934273490463}, "18": {"xy": [2057, 1514, 1264, 820], "panel_size": 1036480, "panel_aspectRatio": 1.5414634146341464, "category": "Discussion", "figures": 1, "textlen": 43, "fig_size": 575564, "title": "Can we meta-learn a model initialization instead?", "19": {"fig_size": 575564, "fig_aspectRatio": 2.2303149606299213, "fig_size_poster": 0.8963607594936709}, "textRatio": 0.33076923076923076, "figRatio": 0.12157281465217248}}}