{"poster_size": 8018220, "doclen": 438, "figlen": 1872865, "section": {"0": {"xy": [49, 52, 1373, 93], "panel_size": 127689, "panel_aspectRatio": 14.763440860215054, "category": "Title", "figures": 0, "textlen": 0, "fig_size": 0, "title": "SING: Symbol-to-instrument Neural Generator", "textRatio": 0.0, "figRatio": 0.0}, "1": {"xy": [29, 375, 1083, 1050], "panel_size": 1137150, "panel_aspectRatio": 1.0314285714285714, "category": "Introduction", "figures": 0, "textlen": 148, "fig_size": 0, "title": "Abstract", "textRatio": 0.3378995433789954, "figRatio": 0.0}, "3": {"xy": [37, 1460, 1077, 322], "panel_size": 346794, "panel_aspectRatio": 3.3447204968944098, "category": "Method", "figures": 0, "textlen": 36, "fig_size": 0, "title": "NSynth dataset", "textRatio": 0.0821917808219178, "figRatio": 0.0}, "5": {"xy": [34, 1815, 1078, 555], "panel_size": 598290, "panel_aspectRatio": 1.9423423423423423, "category": "Method", "figures": 3, "textlen": 26, "fig_size": 114900, "title": "Reconstruction losses", "7": {"fig_size": 29850, "fig_aspectRatio": 5.306666666666667, "fig_size_poster": 0.3692022263450835}, "9": {"fig_size": 31640, "fig_aspectRatio": 6.457142857142857, "fig_size_poster": 0.41929499072356213}, "10": {"fig_size": 53410, "fig_aspectRatio": 5.561224489795919, "fig_size_poster": 0.5055658627087198}, "textRatio": 0.0593607305936073, "figRatio": 0.06134985703721304}, "11": {"xy": [1133, 375, 1096, 870], "panel_size": 953520, "panel_aspectRatio": 1.2597701149425287, "category": "Method", "figures": 1, "textlen": 27, "fig_size": 472120, "title": "Architecture", "12": {"fig_size": 472120, "fig_aspectRatio": 1.403448275862069, "fig_size_poster": 0.7427007299270073}, "textRatio": 0.06164383561643835, "figRatio": 0.2520843734065189}, "14": {"xy": [1140, 1267, 1092, 610], "panel_size": 666120, "panel_aspectRatio": 1.7901639344262295, "category": "Method", "figures": 1, "textlen": 0, "fig_size": 418695, "title": "Instrument embeddings", "15": {"fig_size": 418695, "fig_aspectRatio": 1.5786407766990291, "fig_size_poster": 0.7445054945054945}, "textRatio": 0.0, "figRatio": 0.2235585586788156}, "16": {"xy": [1140, 1897, 1094, 473], "panel_size": 517462, "panel_aspectRatio": 2.3128964059196617, "category": "Method", "figures": 0, "textlen": 80, "fig_size": 0, "title": "Training", "textRatio": 0.182648401826484, "figRatio": 0.0}, "19": {"xy": [2252, 370, 1085, 555], "panel_size": 602175, "panel_aspectRatio": 1.954954954954955, "category": "Result", "figures": 1, "textlen": 0, "fig_size": 406770, "title": "Ablation study", "20": {"fig_size": 406770, "fig_aspectRatio": 2.0357941834451903, "fig_size_poster": 0.8387096774193549}, "textRatio": 0.0, "figRatio": 0.21719130850328242}, "21": {"xy": [2252, 945, 1085, 465], "panel_size": 504525, "panel_aspectRatio": 2.3333333333333335, "category": "Result", "figures": 1, "textlen": 62, "fig_size": 247860, "title": "Comparison of generated rainbowgrams", "22": {"fig_size": 247860, "fig_aspectRatio": 4.197530864197531, "fig_size_poster": 0.9400921658986175}, "textRatio": 0.1415525114155251, "figRatio": 0.1323426942144789}, "24": {"xy": [2254, 1417, 1088, 678], "panel_size": 737664, "panel_aspectRatio": 1.6047197640117994, "category": "Result", "figures": 1, "textlen": 59, "fig_size": 212520, "title": "Human evaluations", "25": {"fig_size": 212520, "fig_aspectRatio": 4.819047619047619, "fig_size_poster": 0.9301470588235294}, "textRatio": 0.13470319634703196, "figRatio": 0.11347320815969117}}}