{"poster_size": 8018220, "doclen": 261, "figlen": 2501606, "section": {"1": {"xy": [794, 32, 1815, 171], "panel_size": 310365, "panel_aspectRatio": 10.614035087719298, "category": "Title", "figures": 0, "textlen": 0, "fig_size": 0, "title": "Learner-aware Teaching:\nInverse Reinforcement Learning with Preferences and Constraints", "textRatio": 0.0, "figRatio": 0.0}, "2": {"xy": [120, 370, 1026, 749], "panel_size": 768474, "panel_aspectRatio": 1.369826435246996, "category": "Introduction", "figures": 2, "textlen": 28, "fig_size": 309592, "title": "Hightlights", "5": {"fig_size": 156957, "fig_aspectRatio": 1.3657817109144543, "fig_size_poster": 0.4512670565302144}, "6": {"fig_size": 152635, "fig_aspectRatio": 1.2973760932944607, "fig_size_poster": 0.4337231968810916}, "textRatio": 0.10727969348659004, "figRatio": 0.12375729831156465}, "8": {"xy": [120, 1148, 1031, 333], "panel_size": 343323, "panel_aspectRatio": 3.096096096096096, "category": "Introduction", "figures": 0, "textlen": 37, "fig_size": 0, "title": "A teacher adn an IRL Learner Without Preferences", "textRatio": 0.1417624521072797, "figRatio": 0.0}, "10": {"xy": [125, 1513, 1024, 700], "panel_size": 716800, "panel_aspectRatio": 1.4628571428571429, "category": "Method", "figures": 2, "textlen": 35, "fig_size": 346149, "title": "Challenges in teaching Learners With preference", "12": {"fig_size": 107802, "fig_aspectRatio": 0.9380530973451328, "fig_size_poster": 0.310546875}, "13": {"fig_size": 238347, "fig_aspectRatio": 1.7131367292225201, "fig_size_poster": 0.6240234375}, "textRatio": 0.13409961685823754, "figRatio": 0.13837071065547493}, "15": {"xy": [1171, 368, 1039, 927], "panel_size": 963153, "panel_aspectRatio": 1.1208198489751888, "category": "Method", "figures": 3, "textlen": 14, "fig_size": 644322, "title": "Learner Models", "17": {"fig_size": 185878, "fig_aspectRatio": 5.315508021390374, "fig_size_poster": 0.9566891241578441}, "18": {"fig_size": 177708, "fig_aspectRatio": 5.672316384180791, "fig_size_poster": 0.9663137632338787}, "19": {"fig_size": 280736, "fig_aspectRatio": 3.5053003533568905, "fig_size_poster": 0.9547641963426372}, "textRatio": 0.05363984674329502, "figRatio": 0.2575633413095427}, "20": {"xy": [1163, 1330, 1041, 871], "panel_size": 906711, "panel_aspectRatio": 1.1951779563719862, "category": "Method", "figures": 4, "textlen": 48, "fig_size": 302428, "title": "Learner-Aware Teaching for Known Constraints", "21": {"fig_size": 42312, "fig_aspectRatio": 22.88372093023256, "fig_size_poster": 0.9452449567723343}, "22": {"fig_size": 71392, "fig_aspectRatio": 8.434782608695652, "fig_size_poster": 0.7454370797310279}, "23": {"fig_size": 101504, "fig_aspectRatio": 9.384615384615385, "fig_size_poster": 0.9375600384245918}, "25": {"fig_size": 87220, "fig_aspectRatio": 9.081632653061224, "fig_size_poster": 0.8549471661863592}, "textRatio": 0.1839080459770115, "figRatio": 0.12089353799119446}, "28": {"xy": [2222, 364, 1025, 1555], "panel_size": 1593875, "panel_aspectRatio": 0.6591639871382636, "category": "Result", "figures": 4, "textlen": 85, "fig_size": 899115, "title": "Experimental results", "30": {"fig_size": 210576, "fig_aspectRatio": 4.598130841121495, "fig_size_poster": 0.96}, "32": {"fig_size": 230076, "fig_aspectRatio": 4.311688311688312, "fig_size_poster": 0.9717073170731707}, "33": {"fig_size": 249243, "fig_aspectRatio": 3.956175298804781, "fig_size_poster": 0.968780487804878}, "34": {"fig_size": 209220, "fig_aspectRatio": 4.322727272727272, "fig_size_poster": 0.9278048780487805}, "textRatio": 0.32567049808429116, "figRatio": 0.35941511173222324}, "35": {"xy": [2220, 1950, 831, 251], "panel_size": 208581, "panel_aspectRatio": 3.310756972111554, "category": "Discussion", "figures": 0, "textlen": 14, "fig_size": 0, "title": "Further Results", "textRatio": 0.05363984674329502, "figRatio": 0.0}}}