{"poster_size": 8018220, "doclen": 155, "figlen": 3843187, "section": {"1": {"xy": [975, 20, 1365, 70], "panel_size": 95550, "panel_aspectRatio": 19.5, "category": "Title", "figures": 0, "textlen": 0, "fig_size": 0, "title": "Conditional Adversarial Domain Adaptation", "textRatio": 0.0, "figRatio": 0.0}, "2": {"xy": [3, 288, 1120, 667], "panel_size": 747040, "panel_aspectRatio": 1.6791604197901049, "category": "Introduction", "figures": 0, "textlen": 78, "fig_size": 0, "title": "Summary", "textRatio": 0.5032258064516129, "figRatio": 0.0}, "4": {"xy": [15, 993, 1088, 682], "panel_size": 742016, "panel_aspectRatio": 1.595307917888563, "category": "Method", "figures": 1, "textlen": 8, "fig_size": 539231, "title": "Deep Domain Adaptation", "6": {"fig_size": 539231, "fig_aspectRatio": 2.0174081237911023, "fig_size_poster": 0.9586397058823529}, "textRatio": 0.05161290322580645, "figRatio": 0.14030829100951892}, "7": {"xy": [18, 1715, 1092, 578], "panel_size": 631176, "panel_aspectRatio": 1.8892733564013842, "category": "Method", "figures": 1, "textlen": 32, "fig_size": 286000, "title": "Basic Approaches to Domain Adaptation", "9": {"fig_size": 286000, "fig_aspectRatio": 3.7818181818181817, "fig_size_poster": 0.9523809523809523}, "textRatio": 0.2064516129032258, "figRatio": 0.07441740409717247}, "11": {"xy": [1145, 308, 1075, 597], "panel_size": 641775, "panel_aspectRatio": 1.8006700167504188, "category": "Method", "figures": 1, "textlen": 14, "fig_size": 373800, "title": "Main Idea of This Work", "13": {"fig_size": 373800, "fig_aspectRatio": 2.119047619047619, "fig_size_poster": 0.827906976744186}, "textRatio": 0.09032258064516129, "figRatio": 0.09726302675357718}, "14": {"xy": [1138, 933, 1100, 657], "panel_size": 722700, "panel_aspectRatio": 1.67427701674277, "category": "Method", "figures": 2, "textlen": 0, "fig_size": 536075, "title": "CDAN: Multilinear Conditioning ", "15": {"fig_size": 194300, "fig_aspectRatio": 2.705223880597015, "fig_size_poster": 0.6590909090909091}, "16": {"fig_size": 341775, "fig_aspectRatio": 3.4444444444444446, "fig_size_poster": 0.9863636363636363}, "textRatio": 0.0, "figRatio": 0.13948709755731376}, "17": {"xy": [1130, 1620, 1113, 660], "panel_size": 734580, "panel_aspectRatio": 1.6863636363636363, "category": "Method", "figures": 2, "textlen": 0, "fig_size": 513596, "title": "CDAN: Randomized Multilinear Conditioning", "18": {"fig_size": 193496, "fig_aspectRatio": 2.6940298507462686, "fig_size_poster": 0.6486972147349506}, "19": {"fig_size": 320100, "fig_aspectRatio": 3.5566666666666666, "fig_size_poster": 0.958670260557053}, "textRatio": 0.0, "figRatio": 0.13363804571570417}, "20": {"xy": [2243, 298, 1100, 315], "panel_size": 346500, "panel_aspectRatio": 3.492063492063492, "category": "Method", "figures": 1, "textlen": 0, "fig_size": 226170, "title": "CDAN: Entropy Conditioning ", "21": {"fig_size": 226170, "fig_aspectRatio": 5.128571428571429, "fig_size_poster": 0.9790909090909091}, "textRatio": 0.0, "figRatio": 0.058849595400900345}, "22": {"xy": [2245, 638, 1095, 532], "panel_size": 582540, "panel_aspectRatio": 2.058270676691729, "category": "Method", "figures": 2, "textlen": 23, "fig_size": 344165, "title": "CDAN: Generalization Error Bound", "24": {"fig_size": 47925, "fig_aspectRatio": 23.666666666666668, "fig_size_poster": 0.9726027397260274}, "25": {"fig_size": 296240, "fig_aspectRatio": 3.7785714285714285, "fig_size_poster": 0.9662100456621004}, "textRatio": 0.14838709677419354, "figRatio": 0.08955197860525652}, "26": {"xy": [2245, 1190, 1123, 1103], "panel_size": 1238669, "panel_aspectRatio": 1.0181323662737987, "category": "Result", "figures": 3, "textlen": 0, "fig_size": 1024150, "title": "Experimental Results", "27": {"fig_size": 404040, "fig_aspectRatio": 2.2904761904761903, "fig_size_poster": 0.8566340160284951}, "28": {"fig_size": 364665, "fig_aspectRatio": 3.063768115942029, "fig_size_poster": 0.9412288512911843}, "29": {"fig_size": 255445, "fig_aspectRatio": 4.625531914893617, "fig_size_poster": 0.9679430097951914}, "textRatio": 0.0, "figRatio": 0.2664845608605566}}}