{"poster_size": 1002822, "doclen": 120, "figlen": 256374, "section": {"1": {"xy": [54, 134, 1070, 39], "panel_size": 41730, "panel_aspectRatio": 27.435897435897434, "category": "Title", "figures": 0, "textlen": 0, "fig_size": 0, "title": "CXPlain: Causal Explanations for Model lnterpretation under Uncertainty", "textRatio": 0.0, "figRatio": 0.0}, "2": {"xy": [30, 248, 262, 198], "panel_size": 51876, "panel_aspectRatio": 1.3232323232323233, "category": "Introduction", "figures": 0, "textlen": 0, "fig_size": 0, "title": "Introduction", "textRatio": 0.0, "figRatio": 0.0}, "3": {"xy": [27, 459, 266, 300], "panel_size": 79800, "panel_aspectRatio": 0.8866666666666667, "category": "Method", "figures": 2, "textlen": 35, "fig_size": 30600, "title": "Causal explanations(CXPlain)", "5": {"fig_size": 13056, "fig_aspectRatio": 3.1875, "fig_size_poster": 0.7669172932330827}, "6": {"fig_size": 17544, "fig_aspectRatio": 2.372093023255814, "fig_size_poster": 0.7669172932330827}, "textRatio": 0.2916666666666667, "figRatio": 0.11935687706241663}, "7": {"xy": [316, 459, 554, 291], "panel_size": 161214, "panel_aspectRatio": 1.9037800687285222, "category": "Result", "figures": 1, "textlen": 0, "fig_size": 140868, "title": "Results", "8": {"fig_size": 140868, "fig_aspectRatio": 2.116279069767442, "fig_size_poster": 0.9855595667870036}, "textRatio": 0.0, "figRatio": 0.5494628940532191}, "9": {"xy": [317, 252, 557, 196], "panel_size": 109172, "panel_aspectRatio": 2.8418367346938775, "category": "Method", "figures": 1, "textlen": 0, "fig_size": 84906, "title": "usage", "10": {"fig_size": 84906, "fig_aspectRatio": 3.358490566037736, "fig_size_poster": 0.9587073608617595}, "textRatio": 0.0, "figRatio": 0.33118022888436427}, "11": {"xy": [890, 250, 267, 193], "panel_size": 51531, "panel_aspectRatio": 1.383419689119171, "category": "Method", "figures": 0, "textlen": 52, "fig_size": 0, "title": "Components", "textRatio": 0.43333333333333335, "figRatio": 0.0}, "13": {"xy": [896, 459, 265, 154], "panel_size": 40810, "panel_aspectRatio": 1.7207792207792207, "category": "Result", "figures": 0, "textlen": 33, "fig_size": 0, "title": "Conclusion", "textRatio": 0.275, "figRatio": 0.0}}}