{"poster_size": 7319138, "doclen": 122, "figlen": 2879304, "section": {"1": {"xy": [360, 85, 1877, 123], "panel_size": 230871, "panel_aspectRatio": 15.260162601626016, "category": "Title", "figures": 0, "textlen": 0, "fig_size": 0, "title": "Compact Generalized Non-Local Network", "textRatio": 0.0, "figRatio": 0.0}, "2": {"xy": [27, 356, 1219, 1526], "panel_size": 1860194, "panel_aspectRatio": 0.7988204456094364, "category": "Introduction", "figures": 4, "textlen": 59, "fig_size": 520039, "title": "Introduction", "4": {"fig_size": 264032, "fig_aspectRatio": 5.309417040358745, "fig_size_poster": 0.9712879409351928}, "6": {"fig_size": 40061, "fig_aspectRatio": 4.257731958762887, "fig_size_poster": 0.3388022969647252}, "8": {"fig_size": 43026, "fig_aspectRatio": 8.535211267605634, "fig_size_poster": 0.4971287940935193}, "9": {"fig_size": 172920, "fig_aspectRatio": 2.481060606060606, "fig_size_poster": 0.5373256767842494}, "textRatio": 0.48360655737704916, "figRatio": 0.18061274530233695}, "11": {"xy": [1257, 359, 1367, 1549], "panel_size": 2117483, "panel_aspectRatio": 0.8825048418334409, "category": "Method", "figures": 6, "textlen": 43, "fig_size": 990883, "title": "Main Story", "13": {"fig_size": 130378, "fig_aspectRatio": 6.116438356164384, "fig_size_poster": 0.6532553035844916}, "15": {"fig_size": 110748, "fig_aspectRatio": 6.356060606060606, "fig_size_poster": 0.6137527432333577}, "17": {"fig_size": 338895, "fig_aspectRatio": 5.211764705882353, "fig_size_poster": 0.972201901975128}, "19": {"fig_size": 336408, "fig_aspectRatio": 4.900763358778626, "fig_size_poster": 0.9392831016825165}, "20": {"fig_size": 41499, "fig_aspectRatio": 5.482758620689655, "fig_size_poster": 0.34893928310168254}, "21": {"fig_size": 32955, "fig_aspectRatio": 7.8, "fig_size_poster": 0.37088514996342353}, "textRatio": 0.3524590163934426, "figRatio": 0.34413976433193577}, "24": {"xy": [2640, 355, 1170, 1557], "panel_size": 1821690, "panel_aspectRatio": 0.7514450867052023, "category": "Result", "figures": 5, "textlen": 20, "fig_size": 1368382, "title": "Analysis & Results", "25": {"fig_size": 125440, "fig_aspectRatio": 2.5, "fig_size_poster": 0.47863247863247865}, "27": {"fig_size": 217856, "fig_aspectRatio": 1.608695652173913, "fig_size_poster": 0.505982905982906}, "31": {"fig_size": 194205, "fig_aspectRatio": 1.4738292011019283, "fig_size_poster": 0.45726495726495725}, "32": {"fig_size": 460290, "fig_aspectRatio": 2.8482587064676617, "fig_size_poster": 0.9786324786324786}, "33": {"fig_size": 370591, "fig_aspectRatio": 2.6074270557029178, "fig_size_poster": 0.8401709401709402}, "textRatio": 0.16393442622950818, "figRatio": 0.4752474903657273}}}