{"poster_size": 983040, "doclen": 43, "figlen": 530139, "section": {"1": {"xy": [7, 143, 616, 297], "panel_size": 182952, "panel_aspectRatio": 2.074074074074074, "category": "Method", "figures": 4, "textlen": 5, "fig_size": 136096, "title": "Optimizing Two-layer ReLU Network", "2": {"fig_size": 48772, "fig_aspectRatio": 1.5393258426966292, "fig_size_poster": 0.4448051948051948}, "3": {"fig_size": 62212, "fig_aspectRatio": 1.4660194174757282, "fig_size_poster": 0.4902597402597403}, "6": {"fig_size": 20992, "fig_aspectRatio": 3.1219512195121952, "fig_size_poster": 0.4155844155844156}, "7": {"fig_size": 4120, "fig_aspectRatio": 10.3, "fig_size_poster": 0.3344155844155844}, "textRatio": 0.11627906976744186, "figRatio": 0.2567175778427922}, "10": {"xy": [93, 0, 1018, 101], "panel_size": 102818, "panel_aspectRatio": 10.07920792079208, "category": "Title", "figures": 0, "textlen": 0, "fig_size": 0, "title": "Porcupine Neural Networks:Approximating Neural Network Landscapes", "textRatio": 0.0, "figRatio": 0.0}, "11": {"xy": [640, 145, 280, 298], "panel_size": 83440, "panel_aspectRatio": 0.9395973154362416, "category": "Method", "figures": 1, "textlen": 12, "fig_size": 43281, "title": "Optimization Landscapes of PNNs", "12": {"fig_size": 43281, "fig_aspectRatio": 1.2116402116402116, "fig_size_poster": 0.8178571428571428}, "textRatio": 0.27906976744186046, "figRatio": 0.08164085268203244}, "15": {"xy": [921, 128, 344, 313], "panel_size": 107672, "panel_aspectRatio": 1.099041533546326, "category": "Method", "figures": 1, "textlen": 10, "fig_size": 70474, "title": "PNNs in Practice", "16": {"fig_size": 70474, "fig_aspectRatio": 1.5829383886255923, "fig_size_poster": 0.9709302325581395}, "textRatio": 0.23255813953488372, "figRatio": 0.13293494724968358}, "19": {"xy": [5, 446, 618, 316], "panel_size": 195288, "panel_aspectRatio": 1.9556962025316456, "category": "Method", "figures": 1, "textlen": 16, "fig_size": 118932, "title": "Idea: Constraining the Weight", "20": {"fig_size": 118932, "fig_aspectRatio": 2.857843137254902, "fig_size_poster": 0.9433656957928802}, "textRatio": 0.37209302325581395, "figRatio": 0.224341163355271}, "22": {"xy": [635, 447, 322, 317], "panel_size": 102074, "panel_aspectRatio": 1.0157728706624605, "category": "Method", "figures": 2, "textlen": 0, "fig_size": 84939, "title": "Approximation Power of PNNs", "23": {"fig_size": 28392, "fig_aspectRatio": 2.625, "fig_size_poster": 0.8478260869565217}, "31": {"fig_size": 56547, "fig_aspectRatio": 1.6885245901639345, "fig_size_poster": 0.9596273291925466}, "textRatio": 0.0, "figRatio": 0.1602202441246541}, "27": {"xy": [962, 442, 303, 325], "panel_size": 98475, "panel_aspectRatio": 0.9323076923076923, "category": "Method", "figures": 2, "textlen": 0, "fig_size": 76417, "title": "Asymptotic Analysis", "29": {"fig_size": 41041, "fig_aspectRatio": 2.006993006993007, "fig_size_poster": 0.9471947194719472}, "32": {"fig_size": 35376, "fig_aspectRatio": 2.0303030303030303, "fig_size_poster": 0.8844884488448845}, "textRatio": 0.0, "figRatio": 0.14414521474556674}}}