{"poster_size": 8036464, "doclen": 163, "figlen": 3265842, "section": {"1": {"xy": [40, 22, 2515, 111], "panel_size": 279165, "panel_aspectRatio": 22.65765765765766, "category": "Title", "figures": 0, "textlen": 0, "fig_size": 0, "title": "DEEP STATE SPACE MODELS FOR UNCONDITIONAL WORD GENERATION", "textRatio": 0.0, "figRatio": 0.0}, "2": {"xy": [29, 163, 2324, 693], "panel_size": 1610532, "panel_aspectRatio": 3.3535353535353534, "category": "Method", "figures": 3, "textlen": 16, "fig_size": 1197243, "title": "Generative Model", "3": {"fig_size": 1088217, "fig_aspectRatio": 2.6651017214397497, "fig_size_poster": 0.7327882960413081}, "4": {"fig_size": 45600, "fig_aspectRatio": 5.052631578947368, "fig_size_poster": 0.20654044750430292}, "5": {"fig_size": 63426, "fig_aspectRatio": 7.333333333333333, "fig_size_poster": 0.29345955249569705}, "textRatio": 0.09815950920245399, "figRatio": 0.366595505845047}, "8": {"xy": [19, 868, 2382, 529], "panel_size": 1260078, "panel_aspectRatio": 4.502835538752363, "category": "Method", "figures": 1, "textlen": 27, "fig_size": 560000, "title": "Objective", "9": {"fig_size": 560000, "fig_aspectRatio": 2.24, "fig_size_poster": 0.47019311502938704}, "textRatio": 0.1656441717791411, "figRatio": 0.1714718593244866}, "12": {"xy": [60, 1399, 2334, 911], "panel_size": 2126274, "panel_aspectRatio": 2.562019758507135, "category": "Method", "figures": 2, "textlen": 50, "fig_size": 644374, "title": "Inference Model", "14": {"fig_size": 111625, "fig_aspectRatio": 12.368421052631579, "fig_size_poster": 0.5034275921165381}, "17": {"fig_size": 532749, "fig_aspectRatio": 2.2836438923395446, "fig_size_poster": 0.47257926306769493}, "textRatio": 0.3067484662576687, "figRatio": 0.19730715692920844}, "18": {"xy": [2419, 271, 932, 2039], "panel_size": 1900348, "panel_aspectRatio": 0.45708680725846, "category": "Result", "figures": 6, "textlen": 70, "fig_size": 864225, "title": "Result", "21": {"fig_size": 77380, "fig_aspectRatio": 3.6301369863013697, "fig_size_poster": 0.5686695278969958}, "24": {"fig_size": 283812, "fig_aspectRatio": 2.2776203966005664, "fig_size_poster": 0.8626609442060086}, "26": {"fig_size": 133128, "fig_aspectRatio": 4.5, "fig_size_poster": 0.8304721030042919}, "28": {"fig_size": 73100, "fig_aspectRatio": 10.117647058823529, "fig_size_poster": 0.9227467811158798}, "29": {"fig_size": 146358, "fig_aspectRatio": 1.8404255319148937, "fig_size_poster": 0.5568669527896996}, "30": {"fig_size": 150447, "fig_aspectRatio": 1.7766323024054982, "fig_size_poster": 0.5547210300429185}, "textRatio": 0.4294478527607362, "figRatio": 0.26462547790125795}}}