{"poster_size": 8018220, "doclen": 321, "figlen": 1580568, "section": {"0": {"xy": [57, 66, 1893, 131], "panel_size": 247983, "panel_aspectRatio": 14.450381679389313, "category": "Title", "figures": 0, "textlen": 0, "fig_size": 0, "title": "Accelerated Consensus via Min-Sum Splitting", "textRatio": 0.0, "figRatio": 0.0}, "1": {"xy": [30, 355, 1088, 1219], "panel_size": 1326272, "panel_aspectRatio": 0.8925348646431501, "category": "Introduction", "figures": 8, "textlen": 41, "fig_size": 480185, "title": "1. Min-Sum", "3": {"fig_size": 21402, "fig_aspectRatio": 3.182926829268293, "fig_size_poster": 0.23988970588235295}, "5": {"fig_size": 64638, "fig_aspectRatio": 1.0946502057613168, "fig_size_poster": 0.24448529411764705}, "6": {"fig_size": 65964, "fig_aspectRatio": 1.1548117154811715, "fig_size_poster": 0.2536764705882353}, "7": {"fig_size": 159900, "fig_aspectRatio": 5.945121951219512, "fig_size_poster": 0.8961397058823529}, "9": {"fig_size": 31222, "fig_aspectRatio": 1.7388059701492538, "fig_size_poster": 0.21415441176470587}, "10": {"fig_size": 43498, "fig_aspectRatio": 5.252747252747253, "fig_size_poster": 0.43933823529411764}, "11": {"fig_size": 29083, "fig_aspectRatio": 1.8031496062992125, "fig_size_poster": 0.2104779411764706}, "12": {"fig_size": 64478, "fig_aspectRatio": 6.077669902912621, "fig_size_poster": 0.5753676470588235}, "textRatio": 0.1277258566978193, "figRatio": 0.30380534086480304}, "14": {"xy": [29, 1597, 1086, 763], "panel_size": 828618, "panel_aspectRatio": 1.4233289646133682, "category": "Method", "figures": 5, "textlen": 27, "fig_size": 251265, "title": "2. Min-Sum Splitting", "16": {"fig_size": 60600, "fig_aspectRatio": 5.9405940594059405, "fig_size_poster": 0.5524861878453039}, "18": {"fig_size": 29568, "fig_aspectRatio": 1.8046875, "fig_size_poster": 0.212707182320442}, "19": {"fig_size": 62727, "fig_aspectRatio": 8.28735632183908, "fig_size_poster": 0.6639042357274402}, "20": {"fig_size": 29106, "fig_aspectRatio": 1.8333333333333333, "fig_size_poster": 0.212707182320442}, "22": {"fig_size": 69264, "fig_aspectRatio": 5.621621621621622, "fig_size_poster": 0.574585635359116}, "textRatio": 0.08411214953271028, "figRatio": 0.1589713318250148}, "24": {"xy": [1144, 386, 1041, 1025], "panel_size": 1067025, "panel_aspectRatio": 1.015609756097561, "category": "Method", "figures": 6, "textlen": 87, "fig_size": 210296, "title": "3. Consensus: Network Averaging", "26": {"fig_size": 49692, "fig_aspectRatio": 1.2178217821782178, "fig_size_poster": 0.23631123919308358}, "27": {"fig_size": 23440, "fig_aspectRatio": 3.6625, "fig_size_poster": 0.2814601344860711}, "29": {"fig_size": 46720, "fig_aspectRatio": 2.191780821917808, "fig_size_poster": 0.30739673390970224}, "31": {"fig_size": 15680, "fig_aspectRatio": 9.8, "fig_size_poster": 0.3765609990393852}, "33": {"fig_size": 33976, "fig_aspectRatio": 8.838709677419354, "fig_size_poster": 0.526416906820365}, "35": {"fig_size": 40788, "fig_aspectRatio": 3.8446601941747574, "fig_size_poster": 0.3804034582132565}, "textRatio": 0.27102803738317754, "figRatio": 0.13305090321960206}, "37": {"xy": [1137, 1429, 1042, 934], "panel_size": 973228, "panel_aspectRatio": 1.1156316916488223, "category": "Method", "figures": 11, "textlen": 41, "fig_size": 365332, "title": "4. Min-Sum Splitting for Consensus", "39": {"fig_size": 14256, "fig_aspectRatio": 3.272727272727273, "fig_size_poster": 0.2072936660268714}, "40": {"fig_size": 60900, "fig_aspectRatio": 4.525862068965517, "fig_size_poster": 0.5038387715930902}, "43": {"fig_size": 9804, "fig_aspectRatio": 3.017543859649123, "fig_size_poster": 0.16506717850287908}, "45": {"fig_size": 7200, "fig_aspectRatio": 2.88, "fig_size_poster": 0.1381957773512476}, "47": {"fig_size": 13386, "fig_aspectRatio": 6.326086956521739, "fig_size_poster": 0.27927063339731284}, "48": {"fig_size": 13300, "fig_aspectRatio": 5.32, "fig_size_poster": 0.255278310940499}, "50": {"fig_size": 28350, "fig_aspectRatio": 5.785714285714286, "fig_size_poster": 0.3886756238003839}, "52": {"fig_size": 51529, "fig_aspectRatio": 1.0, "fig_size_poster": 0.21785028790786948}, "54": {"fig_size": 50310, "fig_aspectRatio": 0.9188034188034188, "fig_size_poster": 0.20633397312859886}, "56": {"fig_size": 56069, "fig_aspectRatio": 0.9190283400809717, "fig_size_poster": 0.21785028790786948}, "58": {"fig_size": 60228, "fig_aspectRatio": 1.0543933054393306, "fig_size_poster": 0.2418426103646833}, "textRatio": 0.1277258566978193, "figRatio": 0.2311396915539224}, "60": {"xy": [2206, 388, 1102, 838], "panel_size": 923476, "panel_aspectRatio": 1.3150357995226731, "category": "Result", "figures": 7, "textlen": 48, "fig_size": 236530, "title": "5. Accelerated rate of convergence", "63": {"fig_size": 19341, "fig_aspectRatio": 4.873015873015873, "fig_size_poster": 0.27858439201451907}, "65": {"fig_size": 9000, "fig_aspectRatio": 3.6, "fig_size_poster": 0.16333938294010888}, "66": {"fig_size": 22156, "fig_aspectRatio": 6.586206896551724, "fig_size_poster": 0.3466424682395644}, "68": {"fig_size": 49100, "fig_aspectRatio": 4.91, "fig_size_poster": 0.4455535390199637}, "70": {"fig_size": 22077, "fig_aspectRatio": 2.2525252525252526, "fig_size_poster": 0.20235934664246824}, "72": {"fig_size": 77968, "fig_aspectRatio": 10.068181818181818, "fig_size_poster": 0.8039927404718693}, "74": {"fig_size": 36888, "fig_aspectRatio": 10.96551724137931, "fig_size_poster": 0.5771324863883848}, "textRatio": 0.14953271028037382, "figRatio": 0.1496487338728862}, "76": {"xy": [2210, 1236, 1100, 667], "panel_size": 733700, "panel_aspectRatio": 1.6491754122938531, "category": "Discussion", "figures": 1, "textlen": 77, "fig_size": 36960, "title": "Contributions", "78": {"fig_size": 36960, "fig_aspectRatio": 2.9464285714285716, "fig_size_poster": 0.3}, "textRatio": 0.2398753894080997, "figRatio": 0.023383998663771506}}}