{"poster_size": 8957952, "doclen": 68, "figlen": 3852111, "section": {"1": {"xy": [314, 46, 2847, 93], "panel_size": 264771, "panel_aspectRatio": 30.612903225806452, "category": "Title", "figures": 0, "textlen": 0, "fig_size": 0, "title": "Differentially Private Testing of Identity and Closeness of Discrete Distributions", "textRatio": 0.0, "figRatio": 0.0}, "2": {"xy": [47, 356, 1057, 740], "panel_size": 782180, "panel_aspectRatio": 1.4283783783783783, "category": "Introduction", "figures": 1, "textlen": 0, "fig_size": 557150, "title": "Objective", "3": {"fig_size": 557150, "fig_aspectRatio": 1.8418181818181818, "fig_size_poster": 0.9583727530747398}, "textRatio": 0.0, "figRatio": 0.144634980663849}, "4": {"xy": [34, 1139, 1103, 1137], "panel_size": 1254111, "panel_aspectRatio": 0.9700967458223395, "category": "Method", "figures": 1, "textlen": 0, "fig_size": 1048600, "title": "Problem Formulation", "5": {"fig_size": 1048600, "fig_aspectRatio": 1.0918367346938775, "fig_size_poster": 0.970081595648232}, "textRatio": 0.0, "figRatio": 0.2722143780384314}, "6": {"xy": [57, 2289, 1100, 280], "panel_size": 308000, "panel_aspectRatio": 3.9285714285714284, "category": "Introduction", "figures": 1, "textlen": 0, "fig_size": 162180, "title": "Previous Work", "7": {"fig_size": 162180, "fig_aspectRatio": 6.928104575163399, "fig_size_poster": 0.9636363636363636}, "textRatio": 0.0, "figRatio": 0.042101590530490944}, "8": {"xy": [1154, 363, 1033, 703], "panel_size": 726199, "panel_aspectRatio": 1.469416785206259, "category": "Result", "figures": 1, "textlen": 0, "fig_size": 524700, "title": "Main Result", "9": {"fig_size": 524700, "fig_aspectRatio": 1.8679245283018868, "fig_size_poster": 0.9583736689254598}, "textRatio": 0.0, "figRatio": 0.13621102818688247}, "10": {"xy": [1164, 1089, 1110, 517], "panel_size": 573870, "panel_aspectRatio": 2.147001934235977, "category": "Method", "figures": 1, "textlen": 26, "fig_size": 46996, "title": "Reduction from IT to UT", "14": {"fig_size": 46996, "fig_aspectRatio": 12.225806451612904, "fig_size_poster": 0.6828828828828829}, "textRatio": 0.38235294117647056, "figRatio": 0.012200063809168531}, "15": {"xy": [1158, 1617, 1105, 765], "panel_size": 845325, "panel_aspectRatio": 1.4444444444444444, "category": "Method", "figures": 2, "textlen": 42, "fig_size": 191775, "title": "Uniformity Testing: Upper Bound", "18": {"fig_size": 108750, "fig_aspectRatio": 5.172413793103448, "fig_size_poster": 0.6787330316742082}, "20": {"fig_size": 83025, "fig_aspectRatio": 5.487804878048781, "fig_size_poster": 0.6108597285067874}, "textRatio": 0.6176470588235294, "figRatio": 0.04978439094823592}, "21": {"xy": [2248, 347, 1202, 457], "panel_size": 549314, "panel_aspectRatio": 2.6301969365426694, "category": "Method", "figures": 1, "textlen": 0, "fig_size": 344960, "title": "Privacy Bounds Via Coupling", "22": {"fig_size": 344960, "fig_aspectRatio": 3.6363636363636362, "fig_size_poster": 0.9317803660565723}, "textRatio": 0.0, "figRatio": 0.08955089819582042}, "23": {"xy": [2305, 819, 1090, 623], "panel_size": 679070, "panel_aspectRatio": 1.7495987158908508, "category": "Method", "figures": 1, "textlen": 0, "fig_size": 532950, "title": "Uniformity Testing: Lower Bound", "24": {"fig_size": 532950, "fig_aspectRatio": 2.049019607843137, "fig_size_poster": 0.9587155963302753}, "textRatio": 0.0, "figRatio": 0.13835271102000954}, "25": {"xy": [2313, 1474, 1060, 540], "panel_size": 572400, "panel_aspectRatio": 1.962962962962963, "category": "Method", "figures": 1, "textlen": 0, "fig_size": 442800, "title": "Closeness Testing", "26": {"fig_size": 442800, "fig_aspectRatio": 2.372685185185185, "fig_size_poster": 0.9669811320754716}, "textRatio": 0.0, "figRatio": 0.11494995860711178}}}