{"poster_size": 8018220, "doclen": 820, "figlen": 3124338, "section": {"1": {"xy": [331, 163, 1439, 110], "panel_size": 158290, "panel_aspectRatio": 13.081818181818182, "category": "Title", "figures": 0, "textlen": 0, "fig_size": 0, "title": "KONG: Kernels for Ordered Neighborhood Graphs", "textRatio": 0.0, "figRatio": 0.0}, "2": {"xy": [34, 516, 1172, 1811], "panel_size": 2122492, "panel_aspectRatio": 0.6471562672556599, "category": "Introduction", "figures": 2, "textlen": 206, "fig_size": 1169154, "title": "Motivation", "4": {"fig_size": 477858, "fig_aspectRatio": 2.490867579908676, "fig_size_poster": 0.9308873720136519}, "5": {"fig_size": 691296, "fig_aspectRatio": 1.8700657894736843, "fig_size_poster": 0.9701365187713311}, "textRatio": 0.25121951219512195, "figRatio": 0.37420855233972766}, "6": {"xy": [38, 2353, 1155, 578], "panel_size": 667590, "panel_aspectRatio": 1.9982698961937717, "category": "Introduction", "figures": 1, "textlen": 56, "fig_size": 392128, "title": "Problem statement and background", "8": {"fig_size": 392128, "fig_aspectRatio": 3.164772727272727, "fig_size_poster": 0.9645021645021645}, "textRatio": 0.06829268292682927, "figRatio": 0.1255075475188664}, "9": {"xy": [47, 2953, 1141, 393], "panel_size": 448413, "panel_aspectRatio": 2.9033078880407124, "category": "Method", "figures": 0, "textlen": 111, "fig_size": 0, "title": "Our approach", "textRatio": 0.1353658536585366, "figRatio": 0.0}, "12": {"xy": [1219, 519, 1146, 1117], "panel_size": 1280082, "panel_aspectRatio": 1.0259623992837958, "category": "Method", "figures": 3, "textlen": 108, "fig_size": 726424, "title": "Our approach", "14": {"fig_size": 342100, "fig_aspectRatio": 3.536977491961415, "fig_size_poster": 0.9598603839441536}, "16": {"fig_size": 231472, "fig_aspectRatio": 1.7092391304347827, "fig_size_poster": 0.5488656195462478}, "17": {"fig_size": 152852, "fig_aspectRatio": 1.110512129380054, "fig_size_poster": 0.35951134380453753}, "textRatio": 0.13170731707317074, "figRatio": 0.23250493384518575}, "18": {"xy": [1234, 1650, 1133, 447], "panel_size": 506451, "panel_aspectRatio": 2.534675615212528, "category": "Result", "figures": 0, "textlen": 182, "fig_size": 0, "title": "Main result", "textRatio": 0.22195121951219512, "figRatio": 0.0}, "20": {"xy": [1224, 2109, 1145, 1120], "panel_size": 1282400, "panel_aspectRatio": 1.0223214285714286, "category": "Method", "figures": 2, "textlen": 157, "fig_size": 836632, "title": "Experiments", "22": {"fig_size": 465336, "fig_aspectRatio": 2.714975845410628, "fig_size_poster": 0.9816593886462882}, "23": {"fig_size": 371296, "fig_aspectRatio": 3.451219512195122, "fig_size_poster": 0.988646288209607}, "textRatio": 0.19146341463414634, "figRatio": 0.26777896629622017}}}