{"poster_size": 12192768, "doclen": 437, "figlen": 3562775, "section": {"0": {"xy": [723, 80, 2619, 126], "panel_size": 329994, "panel_aspectRatio": 20.785714285714285, "category": "Title", "figures": 0, "textlen": 0, "fig_size": 0, "title": "Optimal Sketching for Kronecker Product Regression and Low Rank Approximation", "textRatio": 0.0, "figRatio": 0.0}, "1": {"xy": [73, 391, 1223, 776], "panel_size": 949048, "panel_aspectRatio": 1.5760309278350515, "category": "Introduction", "figures": 1, "textlen": 39, "fig_size": 326784, "title": "Overview", "2": {"fig_size": 326784, "fig_aspectRatio": 3.72972972972973, "fig_size_poster": 0.902698282910875}, "textRatio": 0.08924485125858124, "figRatio": 0.09172176182891145}, "4": {"xy": [57, 1199, 1275, 1758], "panel_size": 2241450, "panel_aspectRatio": 0.7252559726962458, "category": "Method", "figures": 3, "textlen": 81, "fig_size": 1260036, "title": "Kronecker Products", "5": {"fig_size": 724914, "fig_aspectRatio": 1.8980582524271845, "fig_size_poster": 0.92}, "6": {"fig_size": 277200, "fig_aspectRatio": 5.194805194805195, "fig_size_poster": 0.9411764705882353}, "7": {"fig_size": 257922, "fig_aspectRatio": 6.019323671497585, "fig_size_poster": 0.9772549019607844}, "textRatio": 0.1853546910755149, "figRatio": 0.35366701517777577}, "10": {"xy": [1396, 382, 1231, 1192], "panel_size": 1467352, "panel_aspectRatio": 1.032718120805369, "category": "Result", "figures": 1, "textlen": 26, "fig_size": 941257, "title": "Our  Results", "11": {"fig_size": 941257, "fig_aspectRatio": 1.4818067754077793, "fig_size_poster": 0.9593826157595451}, "textRatio": 0.059496567505720827, "figRatio": 0.2641920974521265}, "13": {"xy": [1382, 1580, 1250, 852], "panel_size": 1065000, "panel_aspectRatio": 1.4671361502347418, "category": "Result", "figures": 0, "textlen": 76, "fig_size": 0, "title": "Applications", "textRatio": 0.17391304347826086, "figRatio": 0.0}, "15": {"xy": [2702, 380, 1258, 1477], "panel_size": 1858066, "panel_aspectRatio": 0.8517264725795531, "category": "Result", "figures": 3, "textlen": 172, "fig_size": 166918, "title": "Our Results", "16": {"fig_size": 38804, "fig_aspectRatio": 4.898876404494382, "fig_size_poster": 0.3465818759936407}, "17": {"fig_size": 25193, "fig_aspectRatio": 6.770491803278689, "fig_size_poster": 0.32829888712241656}, "18": {"fig_size": 102921, "fig_aspectRatio": 13.597701149425287, "fig_size_poster": 0.9403815580286169}, "textRatio": 0.39359267734553777, "figRatio": 0.04685055890422494}, "22": {"xy": [2721, 1866, 1239, 1086], "panel_size": 1345554, "panel_aspectRatio": 1.1408839779005524, "category": "Result", "figures": 2, "textlen": 43, "fig_size": 867780, "title": "Experiments", "23": {"fig_size": 561530, "fig_aspectRatio": 2.5858369098712446, "fig_size_poster": 0.9725585149313963}, "24": {"fig_size": 306250, "fig_aspectRatio": 4.9, "fig_size_poster": 0.9887005649717514}, "textRatio": 0.09839816933638444, "figRatio": 0.24356856663696136}}}