{"poster_size": 17945292, "doclen": 62, "figlen": 9741813, "section": {"0": {"xy": [650, 6, 1953, 144], "panel_size": 281232, "panel_aspectRatio": 13.5625, "category": "Title", "figures": 0, "textlen": 0, "fig_size": 0, "title": "Parameter-free onlinelearning viamodel selection", "textRatio": 0.0, "figRatio": 0.0}, "1": {"xy": [33, 338, 1256, 2066], "panel_size": 2594896, "panel_aspectRatio": 0.6079380445304937, "category": "Introduction", "figures": 2, "textlen": 14, "fig_size": 1926690, "title": "Overview", "3": {"fig_size": 1395810, "fig_aspectRatio": 1.0196581196581196, "fig_size_poster": 0.9498407643312102}, "4": {"fig_size": 530880, "fig_aspectRatio": 2.6450892857142856, "fig_size_poster": 0.9434713375796179}, "textRatio": 0.22580645161290322, "figRatio": 0.1977753011682733}, "5": {"xy": [35, 2474, 1239, 954], "panel_size": 1182006, "panel_aspectRatio": 1.29874213836478, "category": "Result", "figures": 2, "textlen": 16, "fig_size": 696250, "title": "Results", "7": {"fig_size": 358150, "fig_aspectRatio": 3.390769230769231, "fig_size_poster": 0.8894269572235673}, "8": {"fig_size": 338100, "fig_aspectRatio": 3.756666666666667, "fig_size_poster": 0.9096045197740112}, "textRatio": 0.25806451612903225, "figRatio": 0.0714702694457387}, "9": {"xy": [1328, 343, 1246, 3095], "panel_size": 3856370, "panel_aspectRatio": 0.4025848142164782, "category": "Method", "figures": 4, "textlen": 0, "fig_size": 3122082, "title": "Approach and key challenges", "10": {"fig_size": 495396, "fig_aspectRatio": 2.8489208633093526, "fig_size_poster": 0.9534510433386838}, "11": {"fig_size": 608226, "fig_aspectRatio": 2.1329588014981273, "fig_size_poster": 0.9141252006420546}, "12": {"fig_size": 1293834, "fig_aspectRatio": 0.9851657940663177, "fig_size_poster": 0.906099518459069}, "13": {"fig_size": 724626, "fig_aspectRatio": 1.7746478873239437, "fig_size_poster": 0.9101123595505618}, "textRatio": 0.0, "figRatio": 0.32048264527352355}, "14": {"xy": [2630, 346, 1214, 3078], "panel_size": 3736692, "panel_aspectRatio": 0.39441195581546457, "category": "Method", "figures": 3, "textlen": 32, "fig_size": 2885909, "title": "Multi-scale experts algorithm: MultiscaleFTPL", "15": {"fig_size": 743622, "fig_aspectRatio": 1.8915470494417863, "fig_size_poster": 0.9769357495881383}, "16": {"fig_size": 532224, "fig_aspectRatio": 2.6517857142857144, "fig_size_poster": 0.9785831960461285}, "18": {"fig_size": 1610063, "fig_aspectRatio": 0.8692138133725202, "fig_size_poster": 0.9744645799011532}, "textRatio": 0.5161290322580645, "figRatio": 0.2962394166260428}, "20": {"xy": [3923, 343, 1224, 1131], "panel_size": 1384344, "panel_aspectRatio": 1.0822281167108754, "category": "Method", "figures": 2, "textlen": 0, "fig_size": 1110882, "title": "Key lemmas", "21": {"fig_size": 315808, "fig_aspectRatio": 4.086330935251799, "fig_size_poster": 0.9281045751633987}, "22": {"fig_size": 795074, "fig_aspectRatio": 1.6895043731778425, "fig_size_poster": 0.9468954248366013}, "textRatio": 0.0, "figRatio": 0.11403236748642168}, "23": {"xy": [3928, 1550, 1231, 1122], "panel_size": 1381182, "panel_aspectRatio": 1.0971479500891266, "category": "Discussion", "figures": 0, "textlen": 0, "fig_size": 0, "title": "More applications", "textRatio": 0.0, "figRatio": 0.0}}}