{"poster_size": 23887872, "doclen": 482, "figlen": 6199012, "section": {"0": {"xy": [117, 97, 4511, 172], "panel_size": 775892, "panel_aspectRatio": 26.226744186046513, "category": "Title", "figures": 0, "textlen": 0, "fig_size": 0, "title": "Heterogeneous Bitwidth Binarization in Convolutional Neural Networks", "textRatio": 0.0, "figRatio": 0.0}, "1": {"xy": [100, 636, 2172, 2750], "panel_size": 5973000, "panel_aspectRatio": 0.7898181818181819, "category": "Introduction", "figures": 3, "textlen": 170, "fig_size": 1891503, "title": "Problems", "2": {"fig_size": 629853, "fig_aspectRatio": 1.622792937399679, "fig_size_poster": 0.4654696132596685}, "3": {"fig_size": 684866, "fig_aspectRatio": 1.4426705370101596, "fig_size_poster": 0.4576427255985267}, "5": {"fig_size": 576784, "fig_aspectRatio": 1.5450081833060556, "fig_size_poster": 0.43462246777163904}, "textRatio": 0.35269709543568467, "figRatio": 0.30512975293482253}, "11": {"xy": [2372, 628, 2189, 2794], "panel_size": 6116066, "panel_aspectRatio": 0.7834645669291339, "category": "Method", "figures": 5, "textlen": 163, "fig_size": 2123889, "title": "Middle-Out Algorithm", "12": {"fig_size": 271746, "fig_aspectRatio": 3.4910394265232974, "fig_size_poster": 0.4449520328917314}, "13": {"fig_size": 111795, "fig_aspectRatio": 5.317241379310345, "fig_size_poster": 0.3522156235724075}, "14": {"fig_size": 378180, "fig_aspectRatio": 2.5916230366492146, "fig_size_poster": 0.45226130653266333}, "15": {"fig_size": 673920, "fig_aspectRatio": 1.3675213675213675, "fig_size_poster": 0.4385564184559159}, "16": {"fig_size": 688248, "fig_aspectRatio": 1.361462728551336, "fig_size_poster": 0.44221105527638194}, "textRatio": 0.3381742738589212, "figRatio": 0.3426173396663855}, "25": {"xy": [4656, 634, 2216, 2784], "panel_size": 6169344, "panel_aspectRatio": 0.7959770114942529, "category": "Result", "figures": 3, "textlen": 149, "fig_size": 2183620, "title": "Results", "26": {"fig_size": 744072, "fig_aspectRatio": 1.4313453536754508, "fig_size_poster": 0.4657039711191336}, "27": {"fig_size": 843000, "fig_aspectRatio": 1.1862396204033214, "fig_size_poster": 0.45126353790613716}, "28": {"fig_size": 596548, "fig_aspectRatio": 1.7372013651877134, "fig_size_poster": 0.45938628158844763}, "textRatio": 0.3091286307053942, "figRatio": 0.35225290739879195}}}