{"poster_size": 6220800, "doclen": 87, "figlen": 2691910, "section": {"0": {"xy": [559, 35, 1788, 270], "panel_size": 482760, "panel_aspectRatio": 6.622222222222222, "category": "Title", "figures": 0, "textlen": 0, "fig_size": 0, "title": "Expanding Holographic Embeddings for Knowledge Completion", "textRatio": 0.0, "figRatio": 0.0}, "1": {"xy": [100, 487, 986, 695], "panel_size": 685270, "panel_aspectRatio": 1.418705035971223, "category": "Introduction", "figures": 2, "textlen": 45, "fig_size": 210232, "title": "Knowledge Graph Completion", "2": {"fig_size": 95532, "fig_aspectRatio": 1.837719298245614, "fig_size_poster": 0.4249492900608519}, "5": {"fig_size": 114700, "fig_aspectRatio": 7.459677419354839, "fig_size_poster": 0.9381338742393509}, "textRatio": 0.5172413793103449, "figRatio": 0.0780977075756619}, "13": {"xy": [96, 1197, 990, 928], "panel_size": 918720, "panel_aspectRatio": 1.0668103448275863, "category": "Introduction", "figures": 3, "textlen": 24, "fig_size": 492069, "title": "Impact on Varying the Number of Perturbation Vectors", "14": {"fig_size": 179215, "fig_aspectRatio": 1.3452054794520547, "fig_size_poster": 0.49595959595959593}, "15": {"fig_size": 177744, "fig_aspectRatio": 1.3125, "fig_size_poster": 0.48787878787878786}, "16": {"fig_size": 135110, "fig_aspectRatio": 1.5525423728813559, "fig_size_poster": 0.4626262626262626}, "textRatio": 0.27586206896551724, "figRatio": 0.18279548721911207}, "18": {"xy": [1117, 480, 694, 1666], "panel_size": 1156204, "panel_aspectRatio": 0.41656662665066024, "category": "Method", "figures": 2, "textlen": 18, "fig_size": 782010, "title": "Interpolation Between RESCAL and Holographic Embedding (HolE)", "19": {"fig_size": 250898, "fig_aspectRatio": 1.7467018469656992, "fig_size_poster": 0.9538904899135446}, "20": {"fig_size": 531112, "fig_aspectRatio": 0.8553299492385786, "fig_size_poster": 0.9711815561959655}, "textRatio": 0.20689655172413793, "figRatio": 0.2905037686995479}, "22": {"xy": [1851, 1254, 998, 877], "panel_size": 875246, "panel_aspectRatio": 1.1379703534777652, "category": "Result", "figures": 1, "textlen": 0, "fig_size": 738612, "title": "Experimental Results on FB15K", "23": {"fig_size": 738612, "fig_aspectRatio": 1.2923280423280423, "fig_size_poster": 0.9789579158316634}, "textRatio": 0.0, "figRatio": 0.2743821301603694}, "24": {"xy": [1851, 480, 989, 751], "panel_size": 742739, "panel_aspectRatio": 1.3169107856191744, "category": "Discussion", "figures": 2, "textlen": 0, "fig_size": 468987, "title": "Perturbation with Haar and Random 0/1 Vectors", "25": {"fig_size": 148282, "fig_aspectRatio": 6.503311258278146, "fig_size_poster": 0.9929221435793731}, "26": {"fig_size": 320705, "fig_aspectRatio": 2.7259475218658893, "fig_size_poster": 0.9453993933265925}, "textRatio": 0.0, "figRatio": 0.17422090634530873}}}