{"poster_size": 5603904, "doclen": 370, "figlen": 2050978, "section": {"0": {"xy": [1023, 21, 1327, 169], "panel_size": 224263, "panel_aspectRatio": 7.85207100591716, "category": "Title", "figures": 0, "textlen": 0, "fig_size": 0, "title": "Deep Network for the Integrated 3D Sensing of Multiple People in Natural Images", "textRatio": 0.0, "figRatio": 0.0}, "1": {"xy": [37, 344, 885, 155], "panel_size": 137175, "panel_aspectRatio": 5.709677419354839, "category": "Introduction", "figures": 0, "textlen": 22, "fig_size": 0, "title": "Introduction", "textRatio": 0.05945945945945946, "figRatio": 0.0}, "3": {"xy": [23, 506, 904, 271], "panel_size": 244984, "panel_aspectRatio": 3.3357933579335795, "category": "Introduction", "figures": 0, "textlen": 39, "fig_size": 0, "title": "Contributions", "textRatio": 0.10540540540540541, "figRatio": 0.0}, "5": {"xy": [8, 785, 920, 844], "panel_size": 776480, "panel_aspectRatio": 1.0900473933649288, "category": "Method", "figures": 1, "textlen": 80, "fig_size": 281170, "title": "MubyNet - Overview", "6": {"fig_size": 281170, "fig_aspectRatio": 2.925806451612903, "fig_size_poster": 0.9858695652173913}, "textRatio": 0.21621621621621623, "figRatio": 0.13709069526830614}, "8": {"xy": [947, 324, 1314, 582], "panel_size": 764748, "panel_aspectRatio": 2.2577319587628866, "category": "Method", "figures": 1, "textlen": 55, "fig_size": 398196, "title": "Deep Volume Encoding (2d/3d)", "10": {"fig_size": 398196, "fig_aspectRatio": 3.79320987654321, "fig_size_poster": 0.9353120243531202}, "textRatio": 0.14864864864864866, "figRatio": 0.1941493277841108}, "12": {"xy": [945, 922, 1315, 693], "panel_size": 911295, "panel_aspectRatio": 1.8975468975468976, "category": "Result", "figures": 1, "textlen": 103, "fig_size": 361380, "title": "3D Pose Decoding and Shape Estimation", "13": {"fig_size": 361380, "fig_aspectRatio": 4.4491228070175435, "fig_size_poster": 0.9642585551330799}, "textRatio": 0.27837837837837837, "figRatio": 0.1761988670770725}, "15": {"xy": [2278, 330, 1105, 1320], "panel_size": 1458600, "panel_aspectRatio": 0.8371212121212122, "category": "Result", "figures": 9, "textlen": 71, "fig_size": 1010232, "title": "Experimental Results", "16": {"fig_size": 178866, "fig_aspectRatio": 6.116959064327485, "fig_size_poster": 0.9466063348416289}, "18": {"fig_size": 86520, "fig_aspectRatio": 2.0388349514563107, "fig_size_poster": 0.38009049773755654}, "19": {"fig_size": 149308, "fig_aspectRatio": 2.8471615720524017, "fig_size_poster": 0.5900452488687783}, "21": {"fig_size": 92046, "fig_aspectRatio": 3.0402298850574714, "fig_size_poster": 0.47873303167420816}, "22": {"fig_size": 105848, "fig_aspectRatio": 2.594059405940594, "fig_size_poster": 0.47420814479638007}, "23": {"fig_size": 104410, "fig_aspectRatio": 2.6903553299492384, "fig_size_poster": 0.4796380090497738}, "24": {"fig_size": 106275, "fig_aspectRatio": 2.7948717948717947, "fig_size_poster": 0.49321266968325794}, "25": {"fig_size": 92738, "fig_aspectRatio": 2.9269662921348316, "fig_size_poster": 0.47149321266968325}, "26": {"fig_size": 94221, "fig_aspectRatio": 3.2222222222222223, "fig_size_poster": 0.4986425339366516}, "textRatio": 0.1918918918918919, "figRatio": 0.49256110987051055}}}