{"poster_size": 13436928, "doclen": 567, "figlen": 4109966, "section": {"1": {"xy": [89, 32, 3423, 170], "panel_size": 581910, "panel_aspectRatio": 20.13529411764706, "category": "Title", "figures": 0, "textlen": 0, "fig_size": 0, "title": "Multiresolution Kernel Approximation for Gaussian Process Regression", "textRatio": 0.0, "figRatio": 0.0}, "2": {"xy": [18, 382, 1706, 418], "panel_size": 713108, "panel_aspectRatio": 4.08133971291866, "category": "Introduction", "figures": 0, "textlen": 87, "fig_size": 0, "title": "Motivation", "textRatio": 0.15343915343915343, "figRatio": 0.0}, "4": {"xy": [24, 829, 1688, 491], "panel_size": 828808, "panel_aspectRatio": 3.4378818737270875, "category": "Method", "figures": 0, "textlen": 0, "fig_size": 0, "title": "Gussian Process Regression", "textRatio": 0.0, "figRatio": 0.0}, "6": {"xy": [14, 1333, 1717, 465], "panel_size": 798405, "panel_aspectRatio": 3.69247311827957, "category": "Method", "figures": 0, "textlen": 58, "fig_size": 0, "title": "Global Low Rank Methods", "textRatio": 0.10229276895943562, "figRatio": 0.0}, "9": {"xy": [18, 1820, 1717, 645], "panel_size": 1107465, "panel_aspectRatio": 2.662015503875969, "category": "Method", "figures": 1, "textlen": 50, "fig_size": 522990, "title": "Local and Hierarchical Low Rank Methos", "10": {"fig_size": 522990, "fig_aspectRatio": 3.4384615384615387, "fig_size_poster": 0.7810133954571927}, "textRatio": 0.08818342151675485, "figRatio": 0.12724922785249318}, "12": {"xy": [1741, 376, 1702, 428], "panel_size": 728456, "panel_aspectRatio": 3.9766355140186915, "category": "Method", "figures": 1, "textlen": 72, "fig_size": 76002, "title": "Multiresolution Kernel Approximation (MKA)\n", "14": {"fig_size": 76002, "fig_aspectRatio": 6.764150943396227, "fig_size_poster": 0.4212690951821387}, "textRatio": 0.12698412698412698, "figRatio": 0.01849212377912615}, "16": {"xy": [1735, 814, 1710, 708], "panel_size": 1210680, "panel_aspectRatio": 2.4152542372881354, "category": "Method", "figures": 2, "textlen": 161, "fig_size": 103887, "title": "Application to GPs", "18": {"fig_size": 81657, "fig_aspectRatio": 4.906976744186046, "fig_size_poster": 0.3701754385964912}, "20": {"fig_size": 22230, "fig_aspectRatio": 2.7444444444444445, "fig_size_poster": 0.14444444444444443}, "textRatio": 0.2839506172839506, "figRatio": 0.0252768514386737}, "22": {"xy": [1741, 1549, 1704, 961], "panel_size": 1637544, "panel_aspectRatio": 1.77315296566077, "category": "Result", "figures": 1, "textlen": 22, "fig_size": 1059240, "title": "Stimulation: 1D Toy Data", "24": {"fig_size": 1059240, "fig_aspectRatio": 1.741025641025641, "fig_size_poster": 0.7969483568075117}, "textRatio": 0.03880070546737213, "figRatio": 0.2577247597668691}, "25": {"xy": [3453, 369, 1710, 1790], "panel_size": 3060900, "panel_aspectRatio": 0.9553072625698324, "category": "Result", "figures": 2, "textlen": 66, "fig_size": 2347847, "title": "Experiments on Real Data", "26": {"fig_size": 608336, "fig_aspectRatio": 4.082901554404145, "fig_size_poster": 0.9216374269005848}, "28": {"fig_size": 1739511, "fig_aspectRatio": 1.6051873198847262, "fig_size_poster": 0.9771929824561404}, "textRatio": 0.1164021164021164, "figRatio": 0.5712570371628378}, "30": {"xy": [3459, 2176, 1700, 273], "panel_size": 464100, "panel_aspectRatio": 6.227106227106227, "category": "Result", "figures": 0, "textlen": 51, "fig_size": 0, "title": "Conclusions\n", "textRatio": 0.08994708994708994, "figRatio": 0.0}}}