{"poster_size": 8036464, "doclen": 224, "figlen": 1950265, "section": {"0": {"xy": [673, 62, 1503, 100], "panel_size": 150300, "panel_aspectRatio": 15.03, "category": "Title", "figures": 0, "textlen": 0, "fig_size": 0, "title": "Boosting Black Box Variational Inference ", "textRatio": 0.0, "figRatio": 0.0}, "2": {"xy": [81, 327, 759, 583], "panel_size": 442497, "panel_aspectRatio": 1.3018867924528301, "category": "Introduction", "figures": 0, "textlen": 36, "fig_size": 0, "title": "Overview", "textRatio": 0.16071428571428573, "figRatio": 0.0}, "4": {"xy": [71, 932, 761, 1415], "panel_size": 1076815, "panel_aspectRatio": 0.537809187279152, "category": "Method", "figures": 3, "textlen": 30, "fig_size": 293553, "title": "Boosting VI", "6": {"fig_size": 24900, "fig_aspectRatio": 3.6144578313253013, "fig_size_poster": 0.39421813403416556}, "9": {"fig_size": 29175, "fig_aspectRatio": 5.1866666666666665, "fig_size_poster": 0.5111695137976346}, "12": {"fig_size": 239478, "fig_aspectRatio": 2.1467065868263475, "fig_size_poster": 0.9421813403416557}, "textRatio": 0.13392857142857142, "figRatio": 0.15051954477981197}, "13": {"xy": [890, 328, 777, 2016], "panel_size": 1566432, "panel_aspectRatio": 0.3854166666666667, "category": "Method", "figures": 4, "textlen": 73, "fig_size": 581866, "title": "Boosting Subroutine ", "15": {"fig_size": 27094, "fig_aspectRatio": 12.804347826086957, "fig_size_poster": 0.758043758043758}, "16": {"fig_size": 131584, "fig_aspectRatio": 1.9922178988326849, "fig_size_poster": 0.6589446589446589}, "17": {"fig_size": 332000, "fig_aspectRatio": 1.328, "fig_size_poster": 0.8545688545688546}, "20": {"fig_size": 91188, "fig_aspectRatio": 3.895424836601307, "fig_size_poster": 0.767052767052767}, "textRatio": 0.32589285714285715, "figRatio": 0.29835227520362617}, "23": {"xy": [1701, 321, 782, 2022], "panel_size": 1581204, "panel_aspectRatio": 0.3867457962413452, "category": "Method", "figures": 4, "textlen": 74, "fig_size": 304309, "title": "Optimizing the RELBO", "25": {"fig_size": 175625, "fig_aspectRatio": 2.224199288256228, "fig_size_poster": 0.7992327365728901}, "27": {"fig_size": 57500, "fig_aspectRatio": 3.68, "fig_size_poster": 0.5882352941176471}, "29": {"fig_size": 27040, "fig_aspectRatio": 16.9, "fig_size_poster": 0.8644501278772379}, "32": {"fig_size": 44144, "fig_aspectRatio": 11.483870967741936, "fig_size_poster": 0.9104859335038363}, "textRatio": 0.33035714285714285, "figRatio": 0.15603469272124557}, "36": {"xy": [2521, 317, 770, 1765], "panel_size": 1359050, "panel_aspectRatio": 0.43626062322946174, "category": "Result", "figures": 4, "textlen": 11, "fig_size": 770537, "title": "Experiments ", "39": {"fig_size": 178920, "fig_aspectRatio": 1.419718309859155, "fig_size_poster": 0.6545454545454545}, "41": {"fig_size": 347403, "fig_aspectRatio": 1.4064386317907445, "fig_size_poster": 0.9077922077922078}, "43": {"fig_size": 54332, "fig_aspectRatio": 6.148936170212766, "fig_size_poster": 0.7506493506493507}, "44": {"fig_size": 189882, "fig_aspectRatio": 2.5291970802919708, "fig_size_poster": 0.9}, "textRatio": 0.049107142857142856, "figRatio": 0.3950934872953163}}}