{"poster_size": 4007920, "doclen": 102, "figlen": 2042319, "section": {"1": {"xy": [621, 29, 1147, 42], "panel_size": 48174, "panel_aspectRatio": 27.30952380952381, "category": "Title", "figures": 0, "textlen": 0, "fig_size": 0, "title": "Rest-Katvusha: Exploiting the Solution's Structure via Scheduled Restart Schemes", "textRatio": 0.0, "figRatio": 0.0}, "2": {"xy": [21, 219, 706, 781], "panel_size": 551386, "panel_aspectRatio": 0.9039692701664532, "category": "Introduction", "figures": 2, "textlen": 52, "fig_size": 276432, "title": "Towards the Structure-Adaptive Optimization", "3": {"fig_size": 151032, "fig_aspectRatio": 2.8060344827586206, "fig_size_poster": 0.9220963172804533}, "5": {"fig_size": 125400, "fig_aspectRatio": 2.8708133971291865, "fig_size_poster": 0.8498583569405099}, "textRatio": 0.5098039215686274, "figRatio": 0.1353520189549233}, "7": {"xy": [21, 1006, 700, 452], "panel_size": 316400, "panel_aspectRatio": 1.5486725663716814, "category": "Method", "figures": 1, "textlen": 0, "fig_size": 249984, "title": "Solution's Structure and Restricted Strong-Convexity", "8": {"fig_size": 249984, "fig_aspectRatio": 1.8064516129032258, "fig_size_poster": 0.96}, "textRatio": 0.0, "figRatio": 0.12240203415822895}, "9": {"xy": [745, 223, 785, 951], "panel_size": 746535, "panel_aspectRatio": 0.825446898002103, "category": "Method", "figures": 2, "textlen": 40, "fig_size": 379622, "title": "Restarted Katyusha Algorithm", "11": {"fig_size": 193743, "fig_aspectRatio": 2.029126213592233, "fig_size_poster": 0.7987261146496816}, "13": {"fig_size": 185879, "fig_aspectRatio": 2.5687732342007434, "fig_size_poster": 0.8802547770700637}, "textRatio": 0.39215686274509803, "figRatio": 0.18587791623149957}, "15": {"xy": [738, 1198, 792, 400], "panel_size": 316800, "panel_aspectRatio": 1.98, "category": "Method", "figures": 1, "textlen": 0, "fig_size": 267976, "title": "Adaptive Rest-Katyusha", "16": {"fig_size": 267976, "fig_aspectRatio": 2.26453488372093, "fig_size_poster": 0.9835858585858586}, "textRatio": 0.0, "figRatio": 0.1312116275665065}, "17": {"xy": [1556, 239, 773, 449], "panel_size": 347077, "panel_aspectRatio": 1.7216035634743876, "category": "Result", "figures": 1, "textlen": 0, "fig_size": 268799, "title": "Adaptive Rest-Katyusha", "18": {"fig_size": 268799, "fig_aspectRatio": 1.7763496143958868, "fig_size_poster": 0.8939197930142303}, "textRatio": 0.0, "figRatio": 0.13161460085324575}, "19": {"xy": [1555, 733, 788, 885], "panel_size": 697380, "panel_aspectRatio": 0.8903954802259887, "category": "Method", "figures": 3, "textlen": 10, "fig_size": 599506, "title": "Numerical Experiments", "20": {"fig_size": 96844, "fig_aspectRatio": 6.298387096774194, "fig_size_poster": 0.9911167512690355}, "21": {"fig_size": 113511, "fig_aspectRatio": 4.6050955414012735, "fig_size_poster": 0.9175126903553299}, "23": {"fig_size": 389151, "fig_aspectRatio": 1.5754527162977867, "fig_size_poster": 0.9936548223350253}, "textRatio": 0.09803921568627451, "figRatio": 0.2935418022355959}}}