{"poster_size": 5971968, "doclen": 315, "figlen": 2426647, "section": {"0": {"xy": [658, 16, 2057, 86], "panel_size": 176902, "panel_aspectRatio": 23.91860465116279, "category": "Title", "figures": 0, "textlen": 0, "fig_size": 0, "title": "Automatic Program Synthesis of Long Programs with a Learned Garbage Collector", "textRatio": 0.0, "figRatio": 0.0}, "1": {"xy": [53, 228, 821, 522], "panel_size": 428562, "panel_aspectRatio": 1.5727969348659003, "category": "Introduction", "figures": 0, "textlen": 87, "fig_size": 0, "title": "Overview", "textRatio": 0.2761904761904762, "figRatio": 0.0}, "3": {"xy": [55, 755, 819, 695], "panel_size": 569205, "panel_aspectRatio": 1.1784172661870504, "category": "Method", "figures": 1, "textlen": 81, "fig_size": 160666, "title": "DSL", "4": {"fig_size": 160666, "fig_aspectRatio": 3.3807339449541285, "fig_size_poster": 0.8998778998778999}, "textRatio": 0.2571428571428571, "figRatio": 0.06620905306787514}, "6": {"xy": [896, 241, 1803, 507], "panel_size": 914121, "panel_aspectRatio": 3.5562130177514795, "category": "Method", "figures": 1, "textlen": 0, "fig_size": 719431, "title": "Architecture", "7": {"fig_size": 719431, "fig_aspectRatio": 4.300733496332518, "fig_size_poster": 0.9755962285080422}, "textRatio": 0.0, "figRatio": 0.2964712214013822}, "8": {"xy": [896, 762, 937, 909], "panel_size": 851733, "panel_aspectRatio": 1.0308030803080308, "category": "Method", "figures": 3, "textlen": 50, "fig_size": 430205, "title": "Program Environment", "10": {"fig_size": 108376, "fig_aspectRatio": 1.7620967741935485, "fig_size_poster": 0.4663820704375667}, "11": {"fig_size": 90024, "fig_aspectRatio": 1.2916666666666667, "fig_size_poster": 0.3639274279615795}, "12": {"fig_size": 231805, "fig_aspectRatio": 3.4555984555984556, "fig_size_poster": 0.9551760939167556}, "textRatio": 0.15873015873015872, "figRatio": 0.17728371699715698}, "13": {"xy": [1858, 762, 838, 906], "panel_size": 759228, "panel_aspectRatio": 0.9249448123620309, "category": "Method", "figures": 1, "textlen": 97, "fig_size": 153306, "title": "Program Environment", "27": {"fig_size": 153306, "fig_aspectRatio": 1.374251497005988, "fig_size_poster": 0.5477326968973747}, "textRatio": 0.30793650793650795, "figRatio": 0.0631760614543442}, "28": {"xy": [2704, 191, 752, 1494], "panel_size": 1123488, "panel_aspectRatio": 0.5033467202141901, "category": "Result", "figures": 4, "textlen": 0, "fig_size": 963039, "title": "Result", "29": {"fig_size": 354939, "fig_aspectRatio": 1.546972860125261, "fig_size_poster": 0.9853723404255319}, "30": {"fig_size": 233355, "fig_aspectRatio": 2.1299093655589125, "fig_size_poster": 0.9375}, "31": {"fig_size": 188097, "fig_aspectRatio": 2.5238095238095237, "fig_size_poster": 0.9162234042553191}, "32": {"fig_size": 186648, "fig_aspectRatio": 2.678030303030303, "fig_size_poster": 0.9401595744680851}, "textRatio": 0.0, "figRatio": 0.39685994707924144}}}