{"poster_size": 8036464, "doclen": 332, "figlen": 2134101, "section": {"1": {"xy": [602, 48, 2170, 354], "panel_size": 768180, "panel_aspectRatio": 6.129943502824859, "category": "Title", "figures": 0, "textlen": 36, "fig_size": 0, "title": "\u03c1-POMDPS HAVE LIPSCHITZ-CONTINUOUS \u03b5-OPTIMAL VALUE FUNCTIONS", "textRatio": 0.10843373493975904, "figRatio": 0.0}, "4": {"xy": [35, 454, 1077, 413], "panel_size": 444801, "panel_aspectRatio": 2.6077481840193704, "category": "Introduction", "figures": 0, "textlen": 72, "fig_size": 0, "title": "Introduction", "textRatio": 0.21686746987951808, "figRatio": 0.0}, "6": {"xy": [44, 899, 1067, 380], "panel_size": 405460, "panel_aspectRatio": 2.807894736842105, "category": "Introduction", "figures": 5, "textlen": 9, "fig_size": 150089, "title": "POMDP<S,A, Z,P,r, y, b0>", "10": {"fig_size": 12075, "fig_aspectRatio": 9.857142857142858, "fig_size_poster": 0.3233364573570759}, "11": {"fig_size": 33480, "fig_aspectRatio": 11.481481481481481, "fig_size_poster": 0.5810684161199625}, "12": {"fig_size": 13454, "fig_aspectRatio": 14.0, "fig_size_poster": 0.40674789128397376}, "13": {"fig_size": 18000, "fig_aspectRatio": 13.88888888888889, "fig_size_poster": 0.46860356138706655}, "14": {"fig_size": 73080, "fig_aspectRatio": 1.0727969348659003, "fig_size_poster": 0.2624179943767573}, "textRatio": 0.02710843373493976, "figRatio": 0.0703289113308133}, "15": {"xy": [40, 1309, 1071, 409], "panel_size": 438039, "panel_aspectRatio": 2.6185819070904643, "category": "Method", "figures": 2, "textlen": 11, "fig_size": 154775, "title": "Information-Oriented Control : \u03c1-POMDPs", "17": {"fig_size": 76727, "fig_aspectRatio": 6.008849557522124, "fig_size_poster": 0.6339869281045751}, "18": {"fig_size": 78048, "fig_aspectRatio": 1.062730627306273, "fig_size_poster": 0.2689075630252101}, "textRatio": 0.03313253012048193, "figRatio": 0.07252468369585133}, "19": {"xy": [37, 1752, 1076, 559], "panel_size": 601484, "panel_aspectRatio": 1.924865831842576, "category": "Method", "figures": 2, "textlen": 37, "fig_size": 252603, "title": "Solving (\u03c1-)POMDPs as belief MDPs", "21": {"fig_size": 79893, "fig_aspectRatio": 1.104089219330855, "fig_size_poster": 0.2760223048327137}, "22": {"fig_size": 172710, "fig_aspectRatio": 4.232673267326732, "fig_size_poster": 0.7946096654275093}, "textRatio": 0.11144578313253012, "figRatio": 0.11836506332174532}, "24": {"xy": [1150, 457, 1075, 339], "panel_size": 364425, "panel_aspectRatio": 3.1710914454277286, "category": "Method", "figures": 2, "textlen": 23, "fig_size": 85384, "title": "Lipschitz Continuities (LC) ", "25": {"fig_size": 42276, "fig_aspectRatio": 15.634615384615385, "fig_size_poster": 0.7562790697674419}, "27": {"fig_size": 43108, "fig_aspectRatio": 15.942307692307692, "fig_size_poster": 0.7711627906976745}, "textRatio": 0.06927710843373494, "figRatio": 0.040009352884423}, "28": {"xy": [1156, 822, 1072, 565], "panel_size": 605680, "panel_aspectRatio": 1.8973451327433628, "category": "Introduction", "figures": 2, "textlen": 19, "fig_size": 224499, "title": "Properties of H and V*H(b) (H finite)", "30": {"fig_size": 97713, "fig_aspectRatio": 9.969696969696969, "fig_size_poster": 0.9207089552238806}, "32": {"fig_size": 126786, "fig_aspectRatio": 3.625668449197861, "fig_size_poster": 0.6324626865671642}, "textRatio": 0.0572289156626506, "figRatio": 0.10519605210812422}, "33": {"xy": [1158, 1413, 1058, 795], "panel_size": 841110, "panel_aspectRatio": 1.330817610062893, "category": "Method", "figures": 4, "textlen": 43, "fig_size": 402828, "title": "Bounding V*(6) (H = \u221e)", "34": {"fig_size": 126531, "fig_aspectRatio": 5.405228758169935, "fig_size_poster": 0.781663516068053}, "36": {"fig_size": 91133, "fig_aspectRatio": 1.187725631768953, "fig_size_poster": 0.31096408317580343}, "37": {"fig_size": 92214, "fig_aspectRatio": 1.1595744680851063, "fig_size_poster": 0.30907372400756145}, "38": {"fig_size": 92950, "fig_aspectRatio": 1.1363636363636365, "fig_size_poster": 0.30718336483931946}, "textRatio": 0.12951807228915663, "figRatio": 0.18875770172077141}, "39": {"xy": [2261, 453, 1070, 1020], "panel_size": 1091400, "panel_aspectRatio": 1.0490196078431373, "category": "Result", "figures": 2, "textlen": 82, "fig_size": 514538, "title": "Comparing variants of HSVI", "41": {"fig_size": 40850, "fig_aspectRatio": 0.8837209302325582, "fig_size_poster": 0.17757009345794392}, "42": {"fig_size": 473688, "fig_aspectRatio": 2.2483660130718954, "fig_size_poster": 0.9644859813084112}, "textRatio": 0.2469879518072289, "figRatio": 0.24110292811820996}, "44": {"xy": [2267, 1492, 1070, 504], "panel_size": 539280, "panel_aspectRatio": 2.123015873015873, "category": "Result", "figures": 2, "textlen": 0, "fig_size": 349385, "title": "L(b0) and U(b0) as a function of time", "45": {"fig_size": 178265, "fig_aspectRatio": 1.4305949008498584, "fig_size_poster": 0.4719626168224299}, "46": {"fig_size": 171120, "fig_aspectRatio": 1.4376811594202898, "fig_size_poster": 0.4635514018691589}, "textRatio": 0.0, "figRatio": 0.16371530682006147}}}