{"poster_size": 5971968, "doclen": 666, "figlen": 1878366, "section": {"0": {"xy": [988, 7, 1536, 96], "panel_size": 147456, "panel_aspectRatio": 16.0, "category": "Title", "figures": 0, "textlen": 0, "fig_size": 0, "title": "Lifelong Inverse Reinforcement Learning", "textRatio": 0.0, "figRatio": 0.0}, "1": {"xy": [14, 221, 852, 345], "panel_size": 293940, "panel_aspectRatio": 2.4695652173913043, "category": "Introduction", "figures": 0, "textlen": 68, "fig_size": 0, "title": "Summary", "textRatio": 0.1021021021021021, "figRatio": 0.0}, "3": {"xy": [6, 574, 859, 381], "panel_size": 327279, "panel_aspectRatio": 2.254593175853018, "category": "Introduction", "figures": 1, "textlen": 55, "fig_size": 67298, "title": "Introduction", "6": {"fig_size": 67298, "fig_aspectRatio": 2.8376623376623376, "fig_size_poster": 0.5087310826542492}, "textRatio": 0.08258258258258258, "figRatio": 0.0358279483338178}, "8": {"xy": [7, 958, 852, 379], "panel_size": 322908, "panel_aspectRatio": 2.2480211081794197, "category": "Introduction", "figures": 3, "textlen": 46, "fig_size": 88137, "title": "Background: Inverse Reinforcement Learning", "12": {"fig_size": 5913, "fig_aspectRatio": 8.11111111111111, "fig_size_poster": 0.25704225352112675}, "14": {"fig_size": 9000, "fig_aspectRatio": 5.625, "fig_size_poster": 0.2640845070422535}, "16": {"fig_size": 73224, "fig_aspectRatio": 1.5694444444444444, "fig_size_poster": 0.397887323943662}, "textRatio": 0.06906906906906907, "figRatio": 0.04692216532880174}, "17": {"xy": [7, 1348, 854, 361], "panel_size": 308294, "panel_aspectRatio": 2.365650969529086, "category": "Method", "figures": 2, "textlen": 44, "fig_size": 63173, "title": "Lifelong Inverse Reinforcement Learning Problem", "20": {"fig_size": 17108, "fig_aspectRatio": 6.326923076923077, "fig_size_poster": 0.38524590163934425}, "22": {"fig_size": 46065, "fig_aspectRatio": 6.686746987951807, "fig_size_poster": 0.6498829039812647}, "textRatio": 0.06606606606606606, "figRatio": 0.03363189069648833}, "24": {"xy": [867, 214, 857, 1493], "panel_size": 1279501, "panel_aspectRatio": 0.5740120562625586, "category": "Method", "figures": 11, "textlen": 58, "fig_size": 834201, "title": "Efficient Lifelong Inverse Reinforcement Learning", "25": {"fig_size": 373643, "fig_aspectRatio": 1.3453510436432639, "fig_size_poster": 0.8273045507584598}, "27": {"fig_size": 16068, "fig_aspectRatio": 2.641025641025641, "fig_size_poster": 0.24037339556592766}, "28": {"fig_size": 51250, "fig_aspectRatio": 1.2195121951219512, "fig_size_poster": 0.29171528588098017}, "30": {"fig_size": 63468, "fig_aspectRatio": 8.581395348837209, "fig_size_poster": 0.8611435239206534}, "32": {"fig_size": 109752, "fig_aspectRatio": 5.9338235294117645, "fig_size_poster": 0.941656942823804}, "34": {"fig_size": 67311, "fig_aspectRatio": 10.25925925925926, "fig_size_poster": 0.969661610268378}, "36": {"fig_size": 34336, "fig_aspectRatio": 6.27027027027027, "fig_size_poster": 0.5414235705950992}, "37": {"fig_size": 49280, "fig_aspectRatio": 12.03125, "fig_size_poster": 0.8984830805134189}, "39": {"fig_size": 17118, "fig_aspectRatio": 5.87037037037037, "fig_size_poster": 0.36989498249708286}, "40": {"fig_size": 36354, "fig_aspectRatio": 6.821917808219178, "fig_size_poster": 0.5810968494749125}, "42": {"fig_size": 15621, "fig_aspectRatio": 9.292682926829269, "fig_size_poster": 0.44457409568261375}, "textRatio": 0.08708708708708708, "figRatio": 0.4441099338467583}, "43": {"xy": [1729, 221, 847, 365], "panel_size": 309155, "panel_aspectRatio": 2.3205479452054796, "category": "Method", "figures": 1, "textlen": 42, "fig_size": 59878, "title": "ELIRL Algorithm - Training", "45": {"fig_size": 59878, "fig_aspectRatio": 6.23469387755102, "fig_size_poster": 0.7213695395513577}, "textRatio": 0.06306306306306306, "figRatio": 0.03187770647467}, "46": {"xy": [1734, 607, 844, 419], "panel_size": 353636, "panel_aspectRatio": 2.0143198090692125, "category": "Method", "figures": 1, "textlen": 70, "fig_size": 22204, "title": "ELIRL Algorithm - Testing", "48": {"fig_size": 22204, "fig_aspectRatio": 5.967213114754099, "fig_size_poster": 0.4312796208530806}, "textRatio": 0.10510510510510511, "figRatio": 0.011820912431336598}, "49": {"xy": [1733, 1038, 846, 174], "panel_size": 147204, "panel_aspectRatio": 4.862068965517241, "category": "Method", "figures": 0, "textlen": 44, "fig_size": 0, "title": "Theoretical Convergence Guarantees of ELIRL", "textRatio": 0.06606606606606606, "figRatio": 0.0}, "51": {"xy": [1729, 1219, 854, 488], "panel_size": 416752, "panel_aspectRatio": 1.75, "category": "Method", "figures": 0, "textlen": 138, "fig_size": 0, "title": "Extension of ELIRL for Cross-Domain Transfer", "textRatio": 0.2072072072072072, "figRatio": 0.0}, "53": {"xy": [2588, 217, 867, 1510], "panel_size": 1309170, "panel_aspectRatio": 0.5741721854304636, "category": "Result", "figures": 9, "textlen": 101, "fig_size": 743475, "title": "Experimental Results", "55": {"fig_size": 90827, "fig_aspectRatio": 1.4189723320158103, "fig_size_poster": 0.4140715109573241}, "56": {"fig_size": 103314, "fig_aspectRatio": 1.5642023346303502, "fig_size_poster": 0.46366782006920415}, "58": {"fig_size": 95312, "fig_aspectRatio": 1.420849420849421, "fig_size_poster": 0.4244521337946944}, "59": {"fig_size": 91686, "fig_aspectRatio": 1.3667953667953667, "fig_size_poster": 0.4083044982698962}, "62": {"fig_size": 92925, "fig_aspectRatio": 1.8355555555555556, "fig_size_poster": 0.47635524798154555}, "63": {"fig_size": 91103, "fig_aspectRatio": 1.6781115879828326, "fig_size_poster": 0.45098039215686275}, "65": {"fig_size": 79948, "fig_aspectRatio": 1.2490118577075098, "fig_size_poster": 0.3644752018454441}, "68": {"fig_size": 44344, "fig_aspectRatio": 1.309782608695652, "fig_size_poster": 0.2779700115340254}, "70": {"fig_size": 54016, "fig_aspectRatio": 1.2132701421800949, "fig_size_poster": 0.2952710495963091}, "textRatio": 0.15165165165165165, "figRatio": 0.39580944288812725}}}