{"poster_size": 6220800, "doclen": 152, "figlen": 2147562, "section": {"1": {"xy": [398, 26, 2103, 140], "panel_size": 294420, "panel_aspectRatio": 15.021428571428572, "category": "Title", "figures": 0, "textlen": 0, "fig_size": 0, "title": "Extreme Classification in Log Memory using Count-Min Sketch: A Case Study of Amazon Search with 50M Products", "textRatio": 0.0, "figRatio": 0.0}, "5": {"xy": [22, 354, 972, 949], "panel_size": 922428, "panel_aspectRatio": 1.024236037934668, "category": "Introduction", "figures": 0, "textlen": 82, "fig_size": 0, "title": "What is Extreme Classification?", "textRatio": 0.5394736842105263, "figRatio": 0.0}, "9": {"xy": [5, 1345, 1007, 802], "panel_size": 807614, "panel_aspectRatio": 1.2556109725685785, "category": "Method", "figures": 1, "textlen": 29, "fig_size": 381792, "title": "Our Method: Merged Average Classifiers via Hashing (MACH)", "11": {"fig_size": 381792, "fig_aspectRatio": 2.536082474226804, "fig_size_poster": 0.9771598808341608}, "textRatio": 0.19078947368421054, "figRatio": 0.17777926783953152}, "12": {"xy": [1022, 347, 879, 612], "panel_size": 537948, "panel_aspectRatio": 1.4362745098039216, "category": "Method", "figures": 1, "textlen": 0, "fig_size": 407480, "title": "Methodology", "13": {"fig_size": 407480, "fig_aspectRatio": 1.7110655737704918, "fig_size_poster": 0.949943117178612}, "textRatio": 0.0, "figRatio": 0.18974073856773402}, "14": {"xy": [1043, 975, 858, 477], "panel_size": 409266, "panel_aspectRatio": 1.79874213836478, "category": "Result", "figures": 1, "textlen": 0, "fig_size": 340697, "title": "Multiclass Datasets", "15": {"fig_size": 340697, "fig_aspectRatio": 2.0366748166259168, "fig_size_poster": 0.9708624708624709}, "textRatio": 0.0, "figRatio": 0.1586436154113362}, "16": {"xy": [1022, 1470, 881, 635], "panel_size": 559435, "panel_aspectRatio": 1.3874015748031496, "category": "Method", "figures": 1, "textlen": 41, "fig_size": 328380, "title": "Multilabel Datasets", "17": {"fig_size": 328380, "fig_aspectRatio": 2.158974358974359, "fig_size_poster": 0.9557321225879682}, "textRatio": 0.26973684210526316, "figRatio": 0.15290827459230513}, "19": {"xy": [1929, 354, 935, 1130], "panel_size": 1056550, "panel_aspectRatio": 0.827433628318584, "category": "Result", "figures": 2, "textlen": 0, "fig_size": 689213, "title": "Amazon - 50 MM dataset", "20": {"fig_size": 268388, "fig_aspectRatio": 1.279475982532751, "fig_size_poster": 0.6267379679144385}, "21": {"fig_size": 420825, "fig_aspectRatio": 1.946236559139785, "fig_size_poster": 0.9679144385026738}, "textRatio": 0.0, "figRatio": 0.3209281035890931}}}