{"poster_size": 8957952, "doclen": 460, "figlen": 3518746, "section": {"1": {"xy": [196, 54, 3100, 95], "panel_size": 294500, "panel_aspectRatio": 32.63157894736842, "category": "Title", "figures": 0, "textlen": 0, "fig_size": 0, "title": "Adaptive Accelerated Gradient Converging Method under Holderian Error Bound Condition", "textRatio": 0.0, "figRatio": 0.0}, "2": {"xy": [61, 354, 826, 1081], "panel_size": 892906, "panel_aspectRatio": 0.7641073080481036, "category": "Introduction", "figures": 5, "textlen": 34, "fig_size": 480853, "title": "Problem of Interest", "4": {"fig_size": 14602, "fig_aspectRatio": 6.081632653061225, "fig_size_poster": 0.36077481840193704}, "6": {"fig_size": 53025, "fig_aspectRatio": 9.426666666666666, "fig_size_poster": 0.8559322033898306}, "8": {"fig_size": 36630, "fig_aspectRatio": 12.10909090909091, "fig_size_poster": 0.8062953995157385}, "9": {"fig_size": 73320, "fig_aspectRatio": 8.297872340425531, "fig_size_poster": 0.9443099273607748}, "11": {"fig_size": 303276, "fig_aspectRatio": 2.089238845144357, "fig_size_poster": 0.9636803874092009}, "textRatio": 0.07391304347826087, "figRatio": 0.1366546491278427}, "12": {"xy": [73, 1461, 798, 626], "panel_size": 499548, "panel_aspectRatio": 1.2747603833865815, "category": "Method", "figures": 3, "textlen": 49, "fig_size": 148064, "title": "Recent Advances", "14": {"fig_size": 16813, "fig_aspectRatio": 9.093023255813954, "fig_size_poster": 0.4899749373433584}, "15": {"fig_size": 85090, "fig_aspectRatio": 4.7388059701492535, "fig_size_poster": 0.7957393483709273}, "16": {"fig_size": 46161, "fig_aspectRatio": 9.695652173913043, "fig_size_poster": 0.8383458646616542}, "textRatio": 0.10652173913043478, "figRatio": 0.04207862687446039}, "19": {"xy": [73, 2083, 791, 461], "panel_size": 364651, "panel_aspectRatio": 1.7158351409978307, "category": "Method", "figures": 1, "textlen": 83, "fig_size": 18700, "title": "Holderian Error Bound (HEB)", "21": {"fig_size": 18700, "fig_aspectRatio": 7.48, "fig_size_poster": 0.47281921618204803}, "textRatio": 0.18043478260869567, "figRatio": 0.005314393252596237}, "23": {"xy": [910, 360, 1641, 577], "panel_size": 946857, "panel_aspectRatio": 2.8440207972270364, "category": "Method", "figures": 4, "textlen": 0, "fig_size": 687898, "title": "PG and restarting APG under HEB", "24": {"fig_size": 209825, "fig_aspectRatio": 2.7745454545454544, "fig_size_poster": 0.46496039000609385}, "25": {"fig_size": 210756, "fig_aspectRatio": 2.827838827838828, "fig_size_poster": 0.4704448507007922}, "26": {"fig_size": 147834, "fig_aspectRatio": 4.052356020942408, "fig_size_poster": 0.4716636197440585}, "27": {"fig_size": 119483, "fig_aspectRatio": 4.183431952662722, "fig_size_poster": 0.4308348567946374}, "textRatio": 0.0, "figRatio": 0.1954952133515747}, "28": {"xy": [911, 949, 1662, 1636], "panel_size": 2719032, "panel_aspectRatio": 1.0158924205378974, "category": "Method", "figures": 7, "textlen": 95, "fig_size": 1631778, "title": "Adaptive Accelerated Gradient Converging Methods (adaAGC)", "29": {"fig_size": 566820, "fig_aspectRatio": 1.1404255319148937, "fig_size_poster": 0.48375451263537905}, "31": {"fig_size": 112316, "fig_aspectRatio": 3.796511627906977, "fig_size_poster": 0.39290012033694344}, "33": {"fig_size": 46269, "fig_aspectRatio": 4.917525773195877, "fig_size_poster": 0.2870036101083033}, "35": {"fig_size": 85020, "fig_aspectRatio": 7.155963302752293, "fig_size_poster": 0.4693140794223827}, "37": {"fig_size": 119791, "fig_aspectRatio": 4.859872611464968, "fig_size_poster": 0.4590854392298436}, "38": {"fig_size": 403968, "fig_aspectRatio": 6.1640625, "fig_size_poster": 0.9494584837545126}, "39": {"fig_size": 297594, "fig_aspectRatio": 3.3737373737373737, "fig_size_poster": 0.6028880866425993}, "textRatio": 0.20652173913043478, "figRatio": 0.4637385022959884}, "41": {"xy": [2584, 365, 828, 1881], "panel_size": 1557468, "panel_aspectRatio": 0.44019138755980863, "category": "Result", "figures": 6, "textlen": 199, "fig_size": 551453, "title": "Applications and Experimental Results", "43": {"fig_size": 36380, "fig_aspectRatio": 5.035294117647059, "fig_size_poster": 0.5169082125603864}, "45": {"fig_size": 49192, "fig_aspectRatio": 6.3522727272727275, "fig_size_poster": 0.6751207729468599}, "48": {"fig_size": 135625, "fig_aspectRatio": 4.428571428571429, "fig_size_poster": 0.9359903381642513}, "50": {"fig_size": 132352, "fig_aspectRatio": 4.2727272727272725, "fig_size_poster": 0.9082125603864735}, "52": {"fig_size": 132384, "fig_aspectRatio": 4.690476190476191, "fig_size_poster": 0.9516908212560387}, "54": {"fig_size": 65520, "fig_aspectRatio": 7.912087912087912, "fig_size_poster": 0.8695652173913043}, "textRatio": 0.4326086956521739, "figRatio": 0.1567186150975376}}}