{"poster_size": 8036464, "doclen": 190, "figlen": 4696277, "section": {"1": {"xy": [866, 223, 2455, 1306], "panel_size": 3206230, "panel_aspectRatio": 1.8797856049004593, "category": "Method", "figures": 3, "textlen": 43, "fig_size": 2928342, "title": "FREE-PARAMETER SMDP-UCRL", "2": {"fig_size": 1442704, "fig_aspectRatio": 4.116554054054054, "fig_size_poster": 0.9926680244399185}, "5": {"fig_size": 622918, "fig_aspectRatio": 1.8139931740614335, "fig_size_poster": 0.4329938900203666}, "7": {"fig_size": 862720, "fig_aspectRatio": 2.10625, "fig_size_poster": 0.5490835030549898}, "textRatio": 0.22631578947368422, "figRatio": 0.623545416933456}, "8": {"xy": [44, 1779, 798, 553], "panel_size": 441294, "panel_aspectRatio": 1.4430379746835442, "category": "Method", "figures": 3, "textlen": 0, "fig_size": 337082, "title": "Online Learning for SMDPs", "9": {"fig_size": 128184, "fig_aspectRatio": 4.541666666666667, "fig_size_poster": 0.956140350877193}, "10": {"fig_size": 82490, "fig_aspectRatio": 6.460176991150442, "fig_size_poster": 0.9147869674185464}, "11": {"fig_size": 126408, "fig_aspectRatio": 3.733695652173913, "fig_size_poster": 0.8609022556390977}, "textRatio": 0.0, "figRatio": 0.07177643056404041}, "12": {"xy": [875, 1556, 1624, 778], "panel_size": 1263472, "panel_aspectRatio": 2.0874035989717226, "category": "Result", "figures": 6, "textlen": 0, "fig_size": 858621, "title": "Experimental Results", "13": {"fig_size": 126650, "fig_aspectRatio": 1.4261744966442953, "fig_size_poster": 0.2616995073891626}, "14": {"fig_size": 133947, "fig_aspectRatio": 1.5185185185185186, "fig_size_poster": 0.2777093596059113}, "15": {"fig_size": 162050, "fig_aspectRatio": 1.322857142857143, "fig_size_poster": 0.2850985221674877}, "16": {"fig_size": 149730, "fig_aspectRatio": 1.2579710144927536, "fig_size_poster": 0.2672413793103448}, "17": {"fig_size": 141540, "fig_aspectRatio": 1.2462908011869436, "fig_size_poster": 0.25862068965517243}, "18": {"fig_size": 144704, "fig_aspectRatio": 1.3869969040247678, "fig_size_poster": 0.27586206896551724}, "textRatio": 0.0, "figRatio": 0.18283014396297323}, "19": {"xy": [2520, 1571, 814, 348], "panel_size": 283272, "panel_aspectRatio": 2.339080459770115, "category": "Result", "figures": 0, "textlen": 43, "fig_size": 0, "title": "Conclusion", "textRatio": 0.22631578947368422, "figRatio": 0.0}, "22": {"xy": [45, 229, 795, 745], "panel_size": 592275, "panel_aspectRatio": 1.0671140939597314, "category": "Introduction", "figures": 1, "textlen": 104, "fig_size": 57480, "title": "Motivations", "28": {"fig_size": 57480, "fig_aspectRatio": 3.9916666666666667, "fig_size_poster": 0.6025157232704402}, "textRatio": 0.5473684210526316, "figRatio": 0.012239482466643258}, "31": {"xy": [39, 1006, 806, 730], "panel_size": 588380, "panel_aspectRatio": 1.104109589041096, "category": "Method", "figures": 1, "textlen": 0, "fig_size": 514752, "title": "Temporal Abstraction in MDPs", "32": {"fig_size": 514752, "fig_aspectRatio": 1.1398809523809523, "fig_size_poster": 0.9503722084367245}, "textRatio": 0.0, "figRatio": 0.1096085260728871}}}