{"poster_size": 13271040, "doclen": 219, "figlen": 6166034, "section": {"0": {"xy": [956, 32, 2704, 136], "panel_size": 367744, "panel_aspectRatio": 19.88235294117647, "category": "Title", "figures": 0, "textlen": 0, "fig_size": 0, "title": "Generalizing Tree Probability Estimation via Bayesian Networks\n", "textRatio": 0.0, "figRatio": 0.0}, "1": {"xy": [103, 408, 1017, 828], "panel_size": 842076, "panel_aspectRatio": 1.2282608695652173, "category": "Introduction", "figures": 0, "textlen": 82, "fig_size": 0, "title": "Introduction", "textRatio": 0.3744292237442922, "figRatio": 0.0}, "3": {"xy": [99, 1285, 1060, 1491], "panel_size": 1580460, "panel_aspectRatio": 0.7109322602280349, "category": "Method", "figures": 2, "textlen": 0, "fig_size": 1194912, "title": "Problem Setup", "4": {"fig_size": 446580, "fig_aspectRatio": 1.5314814814814814, "fig_size_poster": 0.780188679245283}, "5": {"fig_size": 748332, "fig_aspectRatio": 1.3739837398373984, "fig_size_poster": 0.9566037735849057}, "textRatio": 0.0, "figRatio": 0.19378939525795674}, "6": {"xy": [1192, 389, 2026, 571], "panel_size": 1156846, "panel_aspectRatio": 3.5481611208406303, "category": "Method", "figures": 2, "textlen": 0, "fig_size": 906367, "title": "Problem Setup", "7": {"fig_size": 282999, "fig_aspectRatio": 0.9813780260707635, "fig_size_poster": 0.2601184600197433}, "8": {"fig_size": 623368, "fig_aspectRatio": 2.169776119402985, "fig_size_poster": 0.5740375123395854}, "textRatio": 0.0, "figRatio": 0.14699351317232437}, "10": {"xy": [1208, 972, 1038, 609], "panel_size": 632142, "panel_aspectRatio": 1.7044334975369457, "category": "Method", "figures": 1, "textlen": 18, "fig_size": 398616, "title": "Subsplit Bayesian Network", "12": {"fig_size": 398616, "fig_aspectRatio": 2.394607843137255, "fig_size_poster": 0.941233140655106}, "textRatio": 0.0821917808219178, "figRatio": 0.06464706487184468}, "13": {"xy": [2307, 957, 1034, 594], "panel_size": 614196, "panel_aspectRatio": 1.7407407407407407, "category": "Method", "figures": 1, "textlen": 0, "fig_size": 485052, "title": "ML for Rooted Trees", "14": {"fig_size": 485052, "fig_aspectRatio": 2.0451745379876796, "fig_size_poster": 0.9632495164410058}, "textRatio": 0.0, "figRatio": 0.07866515170042851}, "16": {"xy": [1220, 1586, 2123, 1174], "panel_size": 2492402, "panel_aspectRatio": 1.8083475298126064, "category": "Method", "figures": 3, "textlen": 0, "fig_size": 1957661, "title": "Learning SBNs for Unrooted Trees", "17": {"fig_size": 1077465, "fig_aspectRatio": 3.6275229357798167, "fig_size_poster": 0.9312293923692887}, "18": {"fig_size": 482064, "fig_aspectRatio": 2.0578512396694215, "fig_size_poster": 0.4691474328780028}, "19": {"fig_size": 398132, "fig_aspectRatio": 2.334140435835351, "fig_size_poster": 0.4540744229863401}, "textRatio": 0.0, "figRatio": 0.3174911134126085}, "20": {"xy": [3378, 392, 1179, 1831], "panel_size": 2158749, "panel_aspectRatio": 0.6439104314582196, "category": "Result", "figures": 8, "textlen": 47, "fig_size": 1223426, "title": "Experiment", "23": {"fig_size": 113564, "fig_aspectRatio": 1.115987460815047, "fig_size_poster": 0.30195080576759964}, "24": {"fig_size": 97644, "fig_aspectRatio": 1.022653721682848, "fig_size_poster": 0.2680237489397795}, "25": {"fig_size": 108072, "fig_aspectRatio": 1.0822784810126582, "fig_size_poster": 0.2900763358778626}, "26": {"fig_size": 108875, "fig_aspectRatio": 0.9701492537313433, "fig_size_poster": 0.27565733672603904}, "28": {"fig_size": 130550, "fig_aspectRatio": 1.0657142857142856, "fig_size_poster": 0.31636980491942324}, "29": {"fig_size": 141367, "fig_aspectRatio": 0.9841688654353562, "fig_size_poster": 0.31636980491942324}, "30": {"fig_size": 135682, "fig_aspectRatio": 1.058659217877095, "fig_size_poster": 0.32145886344359625}, "32": {"fig_size": 387672, "fig_aspectRatio": 3.2011494252873565, "fig_size_poster": 0.9448685326547922}, "textRatio": 0.2146118721461187, "figRatio": 0.1984137615848372}, "21": {"xy": [3376, 2236, 1178, 527], "panel_size": 620806, "panel_aspectRatio": 2.235294117647059, "category": "Discussion", "figures": 0, "textlen": 72, "fig_size": 0, "title": "Conclusion", "textRatio": 0.3287671232876712, "figRatio": 0.0}}}