{"poster_size": 2880000, "doclen": 99, "figlen": 1458613, "section": {"1": {"xy": [469, 33, 1491, 73], "panel_size": 108843, "panel_aspectRatio": 20.424657534246574, "category": "Title", "figures": 0, "textlen": 0, "fig_size": 0, "title": "ResNet with one-neuron hidden layer is a Universal Approximator", "textRatio": 0.0, "figRatio": 0.0}, "2": {"xy": [8, 208, 764, 905], "panel_size": 691420, "panel_aspectRatio": 0.8441988950276244, "category": "Introduction", "figures": 2, "textlen": 21, "fig_size": 499170, "title": "The representational power of Neural Network", "3": {"fig_size": 239250, "fig_aspectRatio": 2.3510971786833856, "fig_size_poster": 0.981675392670157}, "4": {"fig_size": 259920, "fig_aspectRatio": 1.8, "fig_size_poster": 0.8952879581151832}, "textRatio": 0.21212121212121213, "figRatio": 0.3422223715269232}, "6": {"xy": [791, 220, 772, 889], "panel_size": 686308, "panel_aspectRatio": 0.8683914510686164, "category": "Method", "figures": 3, "textlen": 64, "fig_size": 448561, "title": "A motivating example: Classifying the unit ball distribution", "7": {"fig_size": 220320, "fig_aspectRatio": 2.65625, "fig_size_poster": 0.9909326424870466}, "9": {"fig_size": 138897, "fig_aspectRatio": 4.147540983606557, "fig_size_poster": 0.9831606217616581}, "11": {"fig_size": 89344, "fig_aspectRatio": 5.453125, "fig_size_poster": 0.9041450777202072}, "textRatio": 0.6464646464646465, "figRatio": 0.3075257110693515}, "12": {"xy": [1591, 214, 782, 786], "panel_size": 614652, "panel_aspectRatio": 0.9949109414758269, "category": "Method", "figures": 4, "textlen": 0, "fig_size": 510882, "title": "A sketch of proof for one dimension case", "14": {"fig_size": 91016, "fig_aspectRatio": 5.919354838709677, "fig_size_poster": 0.9386189258312021}, "15": {"fig_size": 137238, "fig_aspectRatio": 4.331460674157303, "fig_size_poster": 0.9859335038363172}, "16": {"fig_size": 154660, "fig_aspectRatio": 3.54066985645933, "fig_size_poster": 0.9462915601023018}, "17": {"fig_size": 127968, "fig_aspectRatio": 4.325581395348837, "fig_size_poster": 0.9514066496163683}, "textRatio": 0.0, "figRatio": 0.3502519174037253}, "13": {"xy": [1600, 1010, 751, 135], "panel_size": 101385, "panel_aspectRatio": 5.562962962962963, "category": "Result", "figures": 0, "textlen": 14, "fig_size": 0, "title": "Take away message:", "textRatio": 0.1414141414141414, "figRatio": 0.0}}}