{"poster_size": 10450944, "doclen": 431, "figlen": 3281021, "section": {"1": {"xy": [727, 78, 2588, 123], "panel_size": 318324, "panel_aspectRatio": 21.040650406504064, "category": "Title", "figures": 0, "textlen": 0, "fig_size": 0, "title": "SELF-SUPERVISED GENERATION OF SPATIAL AUDIO FOR 360\u00b0VIDEO", "textRatio": 0.0, "figRatio": 0.0}, "2": {"xy": [145, 415, 1148, 747], "panel_size": 857556, "panel_aspectRatio": 1.536813922356091, "category": "Introduction", "figures": 0, "textlen": 113, "fig_size": 0, "title": "Motivation & Contributions", "textRatio": 0.26218097447795824, "figRatio": 0.0}, "4": {"xy": [140, 1176, 1146, 634], "panel_size": 726564, "panel_aspectRatio": 1.8075709779179812, "category": "Introduction", "figures": 2, "textlen": 55, "fig_size": 125973, "title": "Ambisonics", "6": {"fig_size": 58500, "fig_aspectRatio": 3.744, "fig_size_poster": 0.4083769633507853}, "7": {"fig_size": 67473, "fig_aspectRatio": 1.8888888888888888, "fig_size_poster": 0.31151832460732987}, "textRatio": 0.12761020881670534, "figRatio": 0.03839445099558948}, "9": {"xy": [145, 1820, 1138, 661], "panel_size": 752218, "panel_aspectRatio": 1.7216338880484114, "category": "Introduction", "figures": 1, "textlen": 45, "fig_size": 288880, "title": "Spatial Audio Generation", "11": {"fig_size": 288880, "fig_aspectRatio": 2.929936305732484, "fig_size_poster": 0.8084358523725835}, "textRatio": 0.10440835266821345, "figRatio": 0.08804576380340144}, "12": {"xy": [1427, 419, 1172, 964], "panel_size": 1129808, "panel_aspectRatio": 1.2157676348547717, "category": "Introduction", "figures": 2, "textlen": 69, "fig_size": 693341, "title": "Network Architecture", "13": {"fig_size": 638879, "fig_aspectRatio": 2.059245960502693, "fig_size_poster": 0.9786689419795221}, "15": {"fig_size": 54462, "fig_aspectRatio": 7.195402298850575, "fig_size_poster": 0.5341296928327645}, "textRatio": 0.16009280742459397, "figRatio": 0.2113186718402595}, "17": {"xy": [1434, 1395, 1161, 1097], "panel_size": 1273617, "panel_aspectRatio": 1.0583409298085689, "category": "Introduction", "figures": 4, "textlen": 0, "fig_size": 1070614, "title": "Spatial Audio Datasets", "18": {"fig_size": 769350, "fig_aspectRatio": 1.6159420289855073, "fig_size_poster": 0.9603789836347976}, "19": {"fig_size": 133950, "fig_aspectRatio": 1.6843971631205674, "fig_size_poster": 0.409130060292851}, "20": {"fig_size": 81928, "fig_aspectRatio": 1.1578947368421053, "fig_size_poster": 0.2652885443583118}, "21": {"fig_size": 85386, "fig_aspectRatio": 1.2067669172932332, "fig_size_poster": 0.27648578811369506}, "textRatio": 0.0, "figRatio": 0.32630513489550966}, "22": {"xy": [2733, 419, 1173, 1032], "panel_size": 1210536, "panel_aspectRatio": 1.1366279069767442, "category": "Method", "figures": 2, "textlen": 135, "fig_size": 396865, "title": "Evaluation", "24": {"fig_size": 286208, "fig_aspectRatio": 4.3671875, "fig_size_poster": 0.9531116794543905}, "26": {"fig_size": 110657, "fig_aspectRatio": 1.9372384937238494, "fig_size_poster": 0.39471440750213127}, "textRatio": 0.31322505800464034, "figRatio": 0.1209577750340519}, "28": {"xy": [2745, 1452, 1159, 760], "panel_size": 880840, "panel_aspectRatio": 1.525, "category": "Discussion", "figures": 1, "textlen": 14, "fig_size": 705348, "title": "Predictions", "30": {"fig_size": 705348, "fig_aspectRatio": 1.8231511254019293, "fig_size_poster": 0.9784296807592753}, "textRatio": 0.03248259860788863, "figRatio": 0.21497820343118804}}}