{"poster_size": 8018220, "doclen": 1236, "figlen": 935315, "section": {"1": {"xy": [807, 104, 1792, 112], "panel_size": 200704, "panel_aspectRatio": 16.0, "category": "Title", "figures": 0, "textlen": 0, "fig_size": 0, "title": "Algebraic tests of general Gaussian latent tree models", "textRatio": 0.0, "figRatio": 0.0}, "2": {"xy": [85, 465, 793, 241], "panel_size": 191113, "panel_aspectRatio": 3.2904564315352696, "category": "Introduction", "figures": 0, "textlen": 29, "fig_size": 0, "title": "Goals", "textRatio": 0.023462783171521034, "figRatio": 0.0}, "4": {"xy": [81, 716, 800, 717], "panel_size": 573600, "panel_aspectRatio": 1.1157601115760112, "category": "Method", "figures": 1, "textlen": 118, "fig_size": 92008, "title": "1   Gaussian latent-tree models", "6": {"fig_size": 92008, "fig_aspectRatio": 2.047169811320755, "fig_size_poster": 0.5425}, "textRatio": 0.09546925566343042, "figRatio": 0.0983711369966268}, "8": {"xy": [89, 1479, 789, 790], "panel_size": 623310, "panel_aspectRatio": 0.9987341772151899, "category": "Method", "figures": 3, "textlen": 153, "fig_size": 76311, "title": "2   T-induced pseudo-metric on X", "10": {"fig_size": 31746, "fig_aspectRatio": 7.287878787878788, "fig_size_poster": 0.6096324461343473}, "13": {"fig_size": 24165, "fig_aspectRatio": 11.933333333333334, "fig_size_poster": 0.6806083650190115}, "15": {"fig_size": 20400, "fig_aspectRatio": 8.854166666666666, "fig_size_poster": 0.5386565272496832}, "textRatio": 0.12378640776699029, "figRatio": 0.08158855572721489}, "17": {"xy": [901, 458, 775, 680], "panel_size": 527000, "panel_aspectRatio": 1.1397058823529411, "category": "Method", "figures": 3, "textlen": 124, "fig_size": 118925, "title": "T-induced pseudo-metric on X", "18": {"fig_size": 85888, "fig_aspectRatio": 5.770491803278689, "fig_size_poster": 0.9083870967741936}, "21": {"fig_size": 17112, "fig_aspectRatio": 1.978494623655914, "fig_size_poster": 0.23741935483870968}, "22": {"fig_size": 15925, "fig_aspectRatio": 1.9230769230769231, "fig_size_poster": 0.22580645161290322}, "textRatio": 0.10032362459546926, "figRatio": 0.1271496768468377}, "24": {"xy": [899, 1153, 779, 932], "panel_size": 726028, "panel_aspectRatio": 0.8358369098712446, "category": "Method", "figures": 4, "textlen": 199, "fig_size": 182303, "title": "3   Polynomial characterization", "26": {"fig_size": 25477, "fig_aspectRatio": 4.780821917808219, "fig_size_poster": 0.44801026957637996}, "28": {"fig_size": 79924, "fig_aspectRatio": 7.113207547169812, "fig_size_poster": 0.9679075738125802}, "30": {"fig_size": 45297, "fig_aspectRatio": 11.412698412698413, "fig_size_poster": 0.9229781771501926}, "31": {"fig_size": 31605, "fig_aspectRatio": 17.093023255813954, "fig_size_poster": 0.9435173299101413}, "textRatio": 0.1610032362459547, "figRatio": 0.19491080545057013}, "32": {"xy": [897, 2094, 782, 172], "panel_size": 134504, "panel_aspectRatio": 4.546511627906977, "category": "Result", "figures": 0, "textlen": 18, "fig_size": 0, "title": "4   Testing a star tree model", "textRatio": 0.014563106796116505, "figRatio": 0.0}, "34": {"xy": [1696, 447, 780, 1827], "panel_size": 1425060, "panel_aspectRatio": 0.4269293924466338, "category": "Result", "figures": 6, "textlen": 380, "fig_size": 208407, "title": "4   Testing a star tree model", "35": {"fig_size": 59590, "fig_aspectRatio": 1.4603960396039604, "fig_size_poster": 0.3782051282051282}, "37": {"fig_size": 24904, "fig_aspectRatio": 12.863636363636363, "fig_size_poster": 0.7256410256410256}, "39": {"fig_size": 15096, "fig_aspectRatio": 13.058823529411764, "fig_size_poster": 0.5692307692307692}, "42": {"fig_size": 51262, "fig_aspectRatio": 10.169014084507042, "fig_size_poster": 0.9256410256410257}, "44": {"fig_size": 51120, "fig_aspectRatio": 10.140845070422536, "fig_size_poster": 0.9230769230769231}, "46": {"fig_size": 6435, "fig_aspectRatio": 5.909090909090909, "fig_size_poster": 0.25}, "textRatio": 0.3074433656957929, "figRatio": 0.22282011942500654}, "48": {"xy": [2496, 449, 856, 1208], "panel_size": 1034048, "panel_aspectRatio": 0.7086092715231788, "category": "Result", "figures": 2, "textlen": 215, "fig_size": 257361, "title": "Testing a star tree model", "50": {"fig_size": 133120, "fig_aspectRatio": 2.03125, "fig_size_poster": 0.6074766355140186}, "51": {"fig_size": 124241, "fig_aspectRatio": 2.0364372469635628, "fig_size_poster": 0.5876168224299065}, "textRatio": 0.1739482200647249, "figRatio": 0.2751597055537439}}}