{"poster_size": 7962624, "doclen": 482, "figlen": 1313892, "section": {"1": {"xy": [1117, 71, 1221, 93], "panel_size": 113553, "panel_aspectRatio": 13.129032258064516, "category": "Title", "figures": 0, "textlen": 0, "fig_size": 0, "title": "Repeated Inverse Reinforcement Learning", "textRatio": 0.0, "figRatio": 0.0}, "2": {"xy": [46, 288, 1678, 737], "panel_size": 1236686, "panel_aspectRatio": 2.276797829036635, "category": "Introduction", "figures": 1, "textlen": 130, "fig_size": 66415, "title": "Background", "4": {"fig_size": 66415, "fig_aspectRatio": 1.9405405405405405, "fig_size_poster": 0.21394517282479142}, "textRatio": 0.2697095435684647, "figRatio": 0.05054829468479906}, "7": {"xy": [84, 1051, 1618, 529], "panel_size": 855922, "panel_aspectRatio": 3.058601134215501, "category": "Introduction", "figures": 0, "textlen": 103, "fig_size": 0, "title": "Problem Setup", "textRatio": 0.21369294605809128, "figRatio": 0.0}, "9": {"xy": [77, 1608, 1631, 602], "panel_size": 981862, "panel_aspectRatio": 2.7093023255813953, "category": "Method", "figures": 1, "textlen": 81, "fig_size": 322940, "title": "Active Setting: Agent Chooses Tasks", "10": {"fig_size": 322940, "fig_aspectRatio": 1.3900414937759336, "fig_size_poster": 0.410790925812385}, "textRatio": 0.16804979253112035, "figRatio": 0.2457888471807424}, "14": {"xy": [1759, 302, 1623, 1437], "panel_size": 2332251, "panel_aspectRatio": 1.129436325678497, "category": "Method", "figures": 6, "textlen": 141, "fig_size": 924537, "title": "Passive Setting: Nature Chooses Tasks", "16": {"fig_size": 22440, "fig_aspectRatio": 8.627450980392156, "fig_size_poster": 0.2711028958718423}, "18": {"fig_size": 129024, "fig_aspectRatio": 7.875, "fig_size_poster": 0.6210720887245841}, "20": {"fig_size": 110112, "fig_aspectRatio": 12.731182795698924, "fig_size_poster": 0.729513247073321}, "21": {"fig_size": 71577, "fig_aspectRatio": 1.2323651452282158, "fig_size_poster": 0.18299445471349354}, "22": {"fig_size": 504849, "fig_aspectRatio": 4.8390092879256965, "fig_size_poster": 0.9630314232902033}, "25": {"fig_size": 86535, "fig_aspectRatio": 4.7481481481481485, "fig_size_poster": 0.39494762784966114}, "textRatio": 0.2925311203319502, "figRatio": 0.7036628581344585}, "27": {"xy": [1764, 1775, 1595, 227], "panel_size": 362065, "panel_aspectRatio": 7.026431718061674, "category": "Introduction", "figures": 0, "textlen": 27, "fig_size": 0, "title": "More in the paper...", "textRatio": 0.056016597510373446, "figRatio": 0.0}}}