{"poster_size": 8018220, "doclen": 276, "figlen": 3466685, "section": {"0": {"xy": [765, 23, 1804, 84], "panel_size": 151536, "panel_aspectRatio": 21.476190476190474, "category": "Title", "figures": 0, "textlen": 0, "fig_size": 0, "title": "BRUNO:A Deep Recurrent Model for Exchangeable Data", "textRatio": 0.0, "figRatio": 0.0}, "1": {"xy": [18, 289, 1104, 586], "panel_size": 646944, "panel_aspectRatio": 1.8839590443686007, "category": "Introduction", "figures": 0, "textlen": 97, "fig_size": 0, "title": "Overview", "textRatio": 0.35144927536231885, "figRatio": 0.0}, "3": {"xy": [14, 895, 1108, 963], "panel_size": 1067004, "panel_aspectRatio": 1.150571131879543, "category": "Method", "figures": 3, "textlen": 56, "fig_size": 500131, "title": "exchangeability and Bayesian computations", "5": {"fig_size": 112649, "fig_aspectRatio": 6.984251968503937, "fig_size_poster": 0.8005415162454874}, "7": {"fig_size": 259283, "fig_aspectRatio": 4.115537848605578, "fig_size_poster": 0.9323104693140795}, "8": {"fig_size": 128199, "fig_aspectRatio": 5.622516556291391, "fig_size_poster": 0.766245487364621}, "textRatio": 0.2028985507246377, "figRatio": 0.144267794737624}, "10": {"xy": [22, 1887, 1102, 412], "panel_size": 454024, "panel_aspectRatio": 2.674757281553398, "category": "Method", "figures": 2, "textlen": 9, "fig_size": 180891, "title": "Exchangeability and Meta-learning", "12": {"fig_size": 109809, "fig_aspectRatio": 1.7710843373493976, "fig_size_poster": 0.40018148820326677}, "13": {"fig_size": 71082, "fig_aspectRatio": 1.8131313131313131, "fig_size_poster": 0.3257713248638838}, "textRatio": 0.03260869565217391, "figRatio": 0.05217982020287393}, "14": {"xy": [1131, 295, 1112, 816], "panel_size": 907392, "panel_aspectRatio": 1.3627450980392157, "category": "Method", "figures": 2, "textlen": 0, "fig_size": 757789, "title": "BRUNO: Bayesian RecUrrent Neural Model", "15": {"fig_size": 423796, "fig_aspectRatio": 2.5965346534653464, "fig_size_poster": 0.9433453237410072}, "16": {"fig_size": 333993, "fig_aspectRatio": 3.282131661442006, "fig_size_poster": 0.9415467625899281}, "textRatio": 0.0, "figRatio": 0.21859182475477293}, "17": {"xy": [1133, 1138, 1096, 663], "panel_size": 726648, "panel_aspectRatio": 1.6530920060331824, "category": "Method", "figures": 3, "textlen": 19, "fig_size": 413144, "title": "Real NVP[2]", "18": {"fig_size": 181560, "fig_aspectRatio": 5.730337078651686, "fig_size_poster": 0.9306569343065694}, "20": {"fig_size": 68198, "fig_aspectRatio": 4.581967213114754, "fig_size_poster": 0.510036496350365}, "21": {"fig_size": 163386, "fig_aspectRatio": 5.396551724137931, "fig_size_poster": 0.8567518248175182}, "textRatio": 0.06884057971014493, "figRatio": 0.119175523590981}, "22": {"xy": [1127, 1830, 1106, 477], "panel_size": 527562, "panel_aspectRatio": 2.3186582809224316, "category": "Method", "figures": 1, "textlen": 66, "fig_size": 146850, "title": "Exchangeable Gaussian and Student-t processes", "24": {"fig_size": 146850, "fig_aspectRatio": 5.393939393939394, "fig_size_poster": 0.8047016274864376}, "textRatio": 0.2391304347826087, "figRatio": 0.04236035290197984}, "27": {"xy": [2253, 293, 1100, 1351], "panel_size": 1486100, "panel_aspectRatio": 0.8142116950407106, "category": "Result", "figures": 4, "textlen": 0, "fig_size": 1207844, "title": "Experiments", "28": {"fig_size": 344414, "fig_aspectRatio": 3.0326409495548963, "fig_size_poster": 0.9290909090909091}, "29": {"fig_size": 340844, "fig_aspectRatio": 3.148936170212766, "fig_size_poster": 0.9418181818181818}, "30": {"fig_size": 253800, "fig_aspectRatio": 3.1914893617021276, "fig_size_poster": 0.8181818181818182}, "31": {"fig_size": 268786, "fig_aspectRatio": 3.8859315589353614, "fig_size_poster": 0.9290909090909091}, "textRatio": 0.0, "figRatio": 0.34841469588381985}, "32": {"xy": [2249, 1672, 1098, 447], "panel_size": 490806, "panel_aspectRatio": 2.4563758389261743, "category": "Method", "figures": 1, "textlen": 29, "fig_size": 260036, "title": "Extra:conditional BRUNO", "34": {"fig_size": 260036, "fig_aspectRatio": 4.127490039840637, "fig_size_poster": 0.9435336976320583}, "textRatio": 0.10507246376811594, "figRatio": 0.07500998792794845}}}