{"poster_size": 8957952, "doclen": 77, "figlen": 4290944, "section": {"1": {"xy": [454, 104, 2489, 92], "panel_size": 228988, "panel_aspectRatio": 27.054347826086957, "category": "Title", "figures": 0, "textlen": 0, "fig_size": 0, "title": "Deep Reinforcement Learning of Marked Temporal Point Processes", "textRatio": 0.0, "figRatio": 0.0}, "2": {"xy": [110, 451, 1083, 989], "panel_size": 1071087, "panel_aspectRatio": 1.0950455005055613, "category": "Introduction", "figures": 1, "textlen": 37, "fig_size": 378000, "title": "Introduction", "4": {"fig_size": 378000, "fig_aspectRatio": 2.688, "fig_size_poster": 0.9307479224376731}, "textRatio": 0.4805194805194805, "figRatio": 0.08809250365420757}, "5": {"xy": [93, 1487, 1097, 1014], "panel_size": 1112358, "panel_aspectRatio": 1.081854043392505, "category": "Method", "figures": 1, "textlen": 18, "fig_size": 673056, "title": "Reinforcement Learning of MTPPs", "6": {"fig_size": 673056, "fig_aspectRatio": 1.5640243902439024, "fig_size_poster": 0.935278030993619}, "textRatio": 0.23376623376623376, "figRatio": 0.15685499507800615}, "8": {"xy": [1214, 454, 1074, 972], "panel_size": 1043928, "panel_aspectRatio": 1.1049382716049383, "category": "Method", "figures": 2, "textlen": 0, "fig_size": 883608, "title": "Example Applications", "9": {"fig_size": 438060, "fig_aspectRatio": 2.4833333333333334, "fig_size_poster": 0.9711359404096834}, "18": {"fig_size": 445548, "fig_aspectRatio": 2.432242990654206, "fig_size_poster": 0.9692737430167597}, "textRatio": 0.0, "figRatio": 0.20592391790710854}, "10": {"xy": [1210, 1493, 1069, 1011], "panel_size": 1080759, "panel_aspectRatio": 1.0573689416419387, "category": "Method", "figures": 1, "textlen": 22, "fig_size": 622995, "title": "Handling Asynchronicity", "11": {"fig_size": 622995, "fig_aspectRatio": 1.6471544715447155, "fig_size_poster": 0.9476145930776426}, "textRatio": 0.2857142857142857, "figRatio": 0.14518833151865884}, "13": {"xy": [2301, 465, 1061, 992], "panel_size": 1052512, "panel_aspectRatio": 1.0695564516129032, "category": "Method", "figures": 2, "textlen": 0, "fig_size": 847683, "title": "MTPP based Policy and Control", "14": {"fig_size": 414081, "fig_aspectRatio": 2.381294964028777, "fig_size_poster": 0.9359095193213949}, "19": {"fig_size": 433602, "fig_aspectRatio": 2.2194570135746607, "fig_size_poster": 0.9245994344957588}, "textRatio": 0.0, "figRatio": 0.19755163432568684}, "15": {"xy": [2310, 1493, 1052, 1035], "panel_size": 1088820, "panel_aspectRatio": 1.0164251207729469, "category": "Result", "figures": 2, "textlen": 0, "fig_size": 885602, "title": "Evaluation", "16": {"fig_size": 465930, "fig_aspectRatio": 2.1548387096774193, "fig_size_poster": 0.9524714828897338}, "17": {"fig_size": 419672, "fig_aspectRatio": 2.401913875598086, "fig_size_poster": 0.9543726235741445}, "textRatio": 0.0, "figRatio": 0.20638861751633206}}}