{"poster_size": 8957952, "doclen": 535, "figlen": 3724944, "section": {"0": {"xy": [804, 4, 1853, 178], "panel_size": 329834, "panel_aspectRatio": 10.410112359550562, "category": "Title", "figures": 0, "textlen": 0, "fig_size": 0, "title": "Neural Networks Trained to Solve Differential Equations Learn General Representations", "textRatio": 0.0, "figRatio": 0.0}, "1": {"xy": [29, 301, 711, 586], "panel_size": 416646, "panel_aspectRatio": 1.213310580204778, "category": "Introduction", "figures": 0, "textlen": 64, "fig_size": 0, "title": "Overview", "textRatio": 0.11962616822429907, "figRatio": 0.0}, "3": {"xy": [29, 887, 725, 970], "panel_size": 703250, "panel_aspectRatio": 0.7474226804123711, "category": "Introduction", "figures": 2, "textlen": 29, "fig_size": 456460, "title": "Family of problems", "5": {"fig_size": 187156, "fig_aspectRatio": 2.3204225352112675, "fig_size_poster": 0.9089655172413793}, "7": {"fig_size": 269304, "fig_aspectRatio": 1.7525510204081634, "fig_size_poster": 0.9475862068965517}, "textRatio": 0.05420560747663551, "figRatio": 0.12254143954915832}, "8": {"xy": [46, 1871, 750, 711], "panel_size": 533250, "panel_aspectRatio": 1.0548523206751055, "category": "Method", "figures": 1, "textlen": 0, "fig_size": 410550, "title": "Layer-wise SVCCA", "9": {"fig_size": 410550, "fig_aspectRatio": 1.2417391304347827, "fig_size_poster": 0.952}, "textRatio": 0.0, "figRatio": 0.11021642204553948}, "10": {"xy": [754, 296, 1624, 1183], "panel_size": 1921192, "panel_aspectRatio": 1.3727810650887573, "category": "Method", "figures": 3, "textlen": 122, "fig_size": 988716, "title": "Interpreting the networks", "11": {"fig_size": 552475, "fig_aspectRatio": 0.5258536585365854, "fig_size_poster": 0.33189655172413796}, "13": {"fig_size": 22331, "fig_aspectRatio": 0.8404907975460123, "fig_size_poster": 0.08435960591133004}, "16": {"fig_size": 413910, "fig_aspectRatio": 0.39628180039138944, "fig_size_poster": 0.24938423645320196}, "textRatio": 0.22803738317757008, "figRatio": 0.2654311044676108}, "17": {"xy": [2396, 290, 1016, 1197], "panel_size": 1216152, "panel_aspectRatio": 0.8487886382623224, "category": "Result", "figures": 1, "textlen": 143, "fig_size": 425316, "title": "The first layer learns coordinates", "18": {"fig_size": 425316, "fig_aspectRatio": 0.3799621928166352, "fig_size_poster": 0.3956692913385827}, "textRatio": 0.2672897196261682, "figRatio": 0.1141805084854967}, "20": {"xy": [826, 1504, 2589, 1045], "panel_size": 2705505, "panel_aspectRatio": 2.477511961722488, "category": "Discussion", "figures": 3, "textlen": 177, "fig_size": 1443902, "title": "Quantifying layer specificity versus generality", "21": {"fig_size": 404400, "fig_aspectRatio": 2.5275, "fig_size_poster": 0.3904982618771727}, "22": {"fig_size": 323950, "fig_aspectRatio": 2.7859237536656893, "fig_size_poster": 0.36693704132869837}, "23": {"fig_size": 715552, "fig_aspectRatio": 3.211864406779661, "fig_size_poster": 0.5855542680571649}, "textRatio": 0.33084112149532713, "figRatio": 0.38763052545219473}}}