{"poster_size": 5971968, "doclen": 96, "figlen": 2635308, "section": {"0": {"xy": [129, 26, 2193, 75], "panel_size": 164475, "panel_aspectRatio": 29.24, "category": "Title", "figures": 0, "textlen": 0, "fig_size": 0, "title": "FastGRNN: A Fast,Accurate, Stable and Tiny Kilobyte Sized Gated Recurrent Neural Network", "textRatio": 0.0, "figRatio": 0.0}, "1": {"xy": [94, 255, 1021, 474], "panel_size": 483954, "panel_aspectRatio": 2.154008438818565, "category": "Introduction", "figures": 2, "textlen": 7, "fig_size": 222550, "title": "Recurrent Neural Networks (RNNs)", "2": {"fig_size": 188100, "fig_aspectRatio": 3.6184210526315788, "fig_size_poster": 0.8080313418217434}, "3": {"fig_size": 34450, "fig_aspectRatio": 8.153846153846153, "fig_size_poster": 0.5190989226248776}, "textRatio": 0.07291666666666667, "figRatio": 0.08444933191869793}, "5": {"xy": [91, 741, 1021, 500], "panel_size": 510500, "panel_aspectRatio": 2.042, "category": "Introduction", "figures": 2, "textlen": 38, "fig_size": 161464, "title": "Limitations of Existing RNNs", "6": {"fig_size": 74102, "fig_aspectRatio": 2.9683544303797467, "fig_size_poster": 0.4593535749265426}, "7": {"fig_size": 87362, "fig_aspectRatio": 2.0, "fig_size_poster": 0.40940254652301666}, "textRatio": 0.3958333333333333, "figRatio": 0.061269498669605224}, "10": {"xy": [80, 1249, 1032, 463], "panel_size": 477816, "panel_aspectRatio": 2.2289416846652266, "category": "Method", "figures": 1, "textlen": 0, "fig_size": 381150, "title": "Gradients & Theorems", "11": {"fig_size": 381150, "fig_aspectRatio": 2.5714285714285716, "fig_size_poster": 0.9593023255813954}, "textRatio": 0.0, "figRatio": 0.14463205059901918}, "12": {"xy": [1207, 256, 1044, 463], "panel_size": 483372, "panel_aspectRatio": 2.2548596112311015, "category": "Method", "figures": 2, "textlen": 21, "fig_size": 227732, "title": "FastRNN", "13": {"fig_size": 182054, "fig_aspectRatio": 3.5330396475770924, "fig_size_poster": 0.7681992337164751}, "14": {"fig_size": 45678, "fig_aspectRatio": 9.594202898550725, "fig_size_poster": 0.6340996168582376}, "textRatio": 0.21875, "figRatio": 0.0864157054886943}, "16": {"xy": [1197, 746, 1052, 494], "panel_size": 519688, "panel_aspectRatio": 2.1295546558704452, "category": "Method", "figures": 2, "textlen": 30, "fig_size": 212320, "title": "FastGRNN", "17": {"fig_size": 117652, "fig_aspectRatio": 1.6380597014925373, "fig_size_poster": 0.41730038022813687}, "18": {"fig_size": 94668, "fig_aspectRatio": 2.4642857142857144, "fig_size_poster": 0.4591254752851711}, "textRatio": 0.3125, "figRatio": 0.08056743272513119}, "20": {"xy": [1201, 1252, 1043, 460], "panel_size": 479780, "panel_aspectRatio": 2.267391304347826, "category": "Method", "figures": 3, "textlen": 0, "fig_size": 342821, "title": "Architectures' Equations", "21": {"fig_size": 76446, "fig_aspectRatio": 2.2096774193548385, "fig_size_poster": 0.3940556088207095}, "22": {"fig_size": 74802, "fig_aspectRatio": 2.258241758241758, "fig_size_poster": 0.3940556088207095}, "23": {"fig_size": 191573, "fig_aspectRatio": 5.2513089005235605, "fig_size_poster": 0.9616490891658677}, "textRatio": 0.0, "figRatio": 0.13008764060975037}, "24": {"xy": [2335, 254, 1030, 1458], "panel_size": 1501740, "panel_aspectRatio": 0.7064471879286695, "category": "Result", "figures": 5, "textlen": 0, "fig_size": 1087271, "title": "Results", "25": {"fig_size": 153354, "fig_aspectRatio": 4.579234972677596, "fig_size_poster": 0.8135922330097087}, "26": {"fig_size": 170344, "fig_aspectRatio": 4.301507537688442, "fig_size_poster": 0.8310679611650486}, "27": {"fig_size": 185991, "fig_aspectRatio": 3.048582995951417, "fig_size_poster": 0.7310679611650486}, "28": {"fig_size": 290986, "fig_aspectRatio": 2.430635838150289, "fig_size_poster": 0.816504854368932}, "29": {"fig_size": 286596, "fig_aspectRatio": 2.4502923976608186, "fig_size_poster": 0.8135922330097087}, "textRatio": 0.0, "figRatio": 0.4125783399891018}}}