{"poster_size": 484704, "doclen": 131, "figlen": 217280, "section": {"1": {"xy": [5, 74, 247, 54], "panel_size": 13338, "panel_aspectRatio": 4.574074074074074, "category": "Introduction", "figures": 0, "textlen": 0, "fig_size": 0, "title": "Motivation", "textRatio": 0.0, "figRatio": 0.0}, "3": {"xy": [8, 133, 232, 326], "panel_size": 75632, "panel_aspectRatio": 0.7116564417177914, "category": "Introduction", "figures": 1, "textlen": 53, "fig_size": 31758, "title": "Problem Setup", "5": {"fig_size": 31758, "fig_aspectRatio": 1.2721518987341771, "fig_size_poster": 0.8663793103448276}, "textRatio": 0.40458015267175573, "figRatio": 0.1461616347569956}, "7": {"xy": [5, 466, 240, 141], "panel_size": 33840, "panel_aspectRatio": 1.702127659574468, "category": "Method", "figures": 1, "textlen": 0, "fig_size": 24495, "title": "Related Work", "8": {"fig_size": 24495, "fig_aspectRatio": 1.8521739130434782, "fig_size_poster": 0.8875}, "textRatio": 0.0, "figRatio": 0.11273472017673049}, "9": {"xy": [254, 66, 259, 341], "panel_size": 88319, "panel_aspectRatio": 0.7595307917888563, "category": "Result", "figures": 3, "textlen": 0, "fig_size": 69852, "title": "Our Result", "10": {"fig_size": 23618, "fig_aspectRatio": 2.4591836734693877, "fig_size_poster": 0.9305019305019305}, "11": {"fig_size": 27195, "fig_aspectRatio": 2.2072072072072073, "fig_size_poster": 0.9459459459459459}, "12": {"fig_size": 19039, "fig_aspectRatio": 3.050632911392405, "fig_size_poster": 0.9305019305019305}, "textRatio": 0.0, "figRatio": 0.3214837997054492}, "13": {"xy": [254, 413, 260, 194], "panel_size": 50440, "panel_aspectRatio": 1.3402061855670102, "category": "Method", "figures": 2, "textlen": 0, "fig_size": 38868, "title": "Sep 1: Coarse Estimation of u", "15": {"fig_size": 18865, "fig_aspectRatio": 3.1818181818181817, "fig_size_poster": 0.9423076923076923}, "16": {"fig_size": 20003, "fig_aspectRatio": 2.9036144578313254, "fig_size_poster": 0.926923076923077}, "textRatio": 0.0, "figRatio": 0.17888438880706922}, "17": {"xy": [516, 62, 274, 153], "panel_size": 41922, "panel_aspectRatio": 1.7908496732026145, "category": "Method", "figures": 2, "textlen": 0, "fig_size": 28272, "title": "(Maybe) Step 1.5: Estimation of", "18": {"fig_size": 14193, "fig_aspectRatio": 4.368421052631579, "fig_size_poster": 0.9087591240875912}, "19": {"fig_size": 14079, "fig_aspectRatio": 4.333333333333333, "fig_size_poster": 0.9014598540145985}, "textRatio": 0.0, "figRatio": 0.1301178203240059}, "20": {"xy": [518, 218, 268, 119], "panel_size": 31892, "panel_aspectRatio": 2.2521008403361344, "category": "Method", "figures": 1, "textlen": 0, "fig_size": 24035, "title": "Step 2: Fine Estimation of u", "22": {"fig_size": 24035, "fig_aspectRatio": 2.663157894736842, "fig_size_poster": 0.9440298507462687}, "textRatio": 0.0, "figRatio": 0.11061763622974963}, "23": {"xy": [518, 341, 266, 131], "panel_size": 34846, "panel_aspectRatio": 2.030534351145038, "category": "Discussion", "figures": 0, "textlen": 69, "fig_size": 0, "title": "More Stuff in Paper", "textRatio": 0.5267175572519084, "figRatio": 0.0}}}