{"poster_size": 17280000, "doclen": 53, "figlen": 9004446, "section": {"1": {"xy": [801, 34, 3273, 358], "panel_size": 1171734, "panel_aspectRatio": 9.14245810055866, "category": "Title", "figures": 0, "textlen": 0, "fig_size": 0, "title": "Active Bias: Training a More Accurate Neural Networkby Emphasizing High Variance Samples", "textRatio": 0.0, "figRatio": 0.0}, "2": {"xy": [5, 554, 1612, 1046], "panel_size": 1686152, "panel_aspectRatio": 1.5411089866156789, "category": "Introduction", "figures": 1, "textlen": 21, "fig_size": 779776, "title": "Main Idea", "5": {"fig_size": 779776, "fig_aspectRatio": 2.974609375, "fig_size_poster": 0.9447890818858561}, "textRatio": 0.39622641509433965, "figRatio": 0.0865989978728286}, "6": {"xy": [11, 1628, 1583, 1947], "panel_size": 3082101, "panel_aspectRatio": 0.8130457113507961, "category": "Method", "figures": 2, "textlen": 0, "fig_size": 2533938, "title": "Methods and Related Work", "7": {"fig_size": 1612500, "fig_aspectRatio": 1.3953488372093024, "fig_size_poster": 0.9475679090334808}, "8": {"fig_size": 921438, "fig_aspectRatio": 2.2566510172143976, "fig_size_poster": 0.9109286165508528}, "textRatio": 0.0, "figRatio": 0.2814096502994188}, "9": {"xy": [1633, 581, 1509, 1663], "panel_size": 2509467, "panel_aspectRatio": 0.9073962717979555, "category": "Method", "figures": 4, "textlen": 16, "fig_size": 1616427, "title": "Example: Logistic Regression", "10": {"fig_size": 145500, "fig_aspectRatio": 14.55, "fig_size_poster": 0.9642147117296223}, "11": {"fig_size": 90082, "fig_aspectRatio": 16.904109589041095, "fig_size_poster": 0.8177601060304838}, "12": {"fig_size": 451400, "fig_aspectRatio": 4.852459016393443, "fig_size_poster": 0.9807819748177601}, "14": {"fig_size": 929445, "fig_aspectRatio": 2.234108527131783, "fig_size_poster": 0.9549370444002651}, "textRatio": 0.3018867924528302, "figRatio": 0.17951431992595657}, "15": {"xy": [1656, 2256, 1455, 1319], "panel_size": 1919145, "panel_aspectRatio": 1.1031084154662623, "category": "Method", "figures": 3, "textlen": 0, "fig_size": 1514150, "title": "Experimental setup", "16": {"fig_size": 474375, "fig_aspectRatio": 3.9855072463768115, "fig_size_poster": 0.9450171821305842}, "17": {"fig_size": 477400, "fig_aspectRatio": 3.8971428571428572, "fig_size_poster": 0.9374570446735395}, "18": {"fig_size": 562375, "fig_aspectRatio": 3.3618581907090466, "fig_size_poster": 0.9450171821305842}, "textRatio": 0.0, "figRatio": 0.16815581991385145}, "19": {"xy": [3167, 597, 1616, 1650], "panel_size": 2666400, "panel_aspectRatio": 0.9793939393939394, "category": "Result", "figures": 4, "textlen": 0, "fig_size": 2072003, "title": "Results", "20": {"fig_size": 476141, "fig_aspectRatio": 4.922829581993569, "fig_size_poster": 0.9474009900990099}, "21": {"fig_size": 861270, "fig_aspectRatio": 2.650877192982456, "fig_size_poster": 0.9350247524752475}, "22": {"fig_size": 362088, "fig_aspectRatio": 1.1382978723404256, "fig_size_poster": 0.3972772277227723}, "23": {"fig_size": 372504, "fig_aspectRatio": 1.1836007130124777, "fig_size_poster": 0.41089108910891087}, "textRatio": 0.0, "figRatio": 0.23010888176796218}, "24": {"xy": [3167, 2261, 1605, 695], "panel_size": 1115475, "panel_aspectRatio": 2.3093525179856114, "category": "Discussion", "figures": 1, "textlen": 16, "fig_size": 488152, "title": "Conclusion and Future Work", "26": {"fig_size": 488152, "fig_aspectRatio": 4.708074534161491, "fig_size_poster": 0.9445482866043614}, "textRatio": 0.3018867924528302, "figRatio": 0.05421233021998244}}}