{"poster_size": 8036464, "doclen": 147, "figlen": 3066230, "section": {"1": {"xy": [928, 17, 1645, 255], "panel_size": 419475, "panel_aspectRatio": 6.450980392156863, "category": "Title", "figures": 0, "textlen": 0, "fig_size": 0, "title": "Unbiased estimates for linear regression via volume  sampling", "textRatio": 0.0, "figRatio": 0.0}, "3": {"xy": [9, 366, 1112, 2003], "panel_size": 2227336, "panel_aspectRatio": 0.5551672491263105, "category": "Introduction", "figures": 5, "textlen": 39, "fig_size": 1009441, "title": "Linear regression", "4": {"fig_size": 320943, "fig_aspectRatio": 1.1555977229601517, "fig_size_poster": 0.5476618705035972}, "5": {"fig_size": 80984, "fig_aspectRatio": 1.8018867924528301, "fig_size_poster": 0.3435251798561151}, "6": {"fig_size": 147060, "fig_aspectRatio": 2.2093023255813953, "fig_size_poster": 0.512589928057554}, "9": {"fig_size": 278564, "fig_aspectRatio": 1.1745379876796715, "fig_size_poster": 0.5143884892086331}, "10": {"fig_size": 181890, "fig_aspectRatio": 2.7325581395348837, "fig_size_poster": 0.6339928057553957}, "textRatio": 0.2653061224489796, "figRatio": 0.3292124204642183}, "12": {"xy": [1147, 369, 1088, 650], "panel_size": 707200, "panel_aspectRatio": 1.6738461538461538, "category": "Method", "figures": 1, "textlen": 36, "fig_size": 155940, "title": "Subsampling for linear regression", "13": {"fig_size": 155940, "fig_aspectRatio": 1.3101449275362318, "fig_size_poster": 0.41544117647058826}, "textRatio": 0.24489795918367346, "figRatio": 0.05085724162897108}, "17": {"xy": [1148, 1052, 1083, 690], "panel_size": 747270, "panel_aspectRatio": 1.5695652173913044, "category": "Method", "figures": 4, "textlen": 12, "fig_size": 300336, "title": "Volume sampling", "18": {"fig_size": 99333, "fig_aspectRatio": 1.2402826855123674, "fig_size_poster": 0.32409972299168976}, "19": {"fig_size": 104304, "fig_aspectRatio": 3.8780487804878048, "fig_size_poster": 0.5872576177285319}, "20": {"fig_size": 23760, "fig_aspectRatio": 6.6, "fig_size_poster": 0.3656509695290859}, "21": {"fig_size": 72939, "fig_aspectRatio": 4.821138211382114, "fig_size_poster": 0.5475530932594644}, "textRatio": 0.08163265306122448, "figRatio": 0.09794959934512414}, "24": {"xy": [1141, 1787, 1084, 570], "panel_size": 617880, "panel_aspectRatio": 1.9017543859649122, "category": "Method", "figures": 2, "textlen": 11, "fig_size": 349260, "title": "Loss expection formula", "25": {"fig_size": 183120, "fig_aspectRatio": 1.0380952380952382, "fig_size_poster": 0.4022140221402214}, "26": {"fig_size": 166140, "fig_aspectRatio": 2.0598591549295775, "fig_size_poster": 0.5396678966789668}, "textRatio": 0.07482993197278912, "figRatio": 0.11390534956607952}, "28": {"xy": [2261, 380, 1076, 677], "panel_size": 728452, "panel_aspectRatio": 1.589364844903988, "category": "Method", "figures": 2, "textlen": 21, "fig_size": 455830, "title": "Reverse iterative volume sampling", "29": {"fig_size": 165838, "fig_aspectRatio": 2.070671378091873, "fig_size_poster": 0.5446096654275093}, "30": {"fig_size": 289992, "fig_aspectRatio": 3.6725978647686834, "fig_size_poster": 0.9591078066914498}, "textRatio": 0.14285714285714285, "figRatio": 0.148661385479889}, "32": {"xy": [2256, 1101, 1079, 1255], "panel_size": 1354145, "panel_aspectRatio": 0.8597609561752988, "category": "Result", "figures": 5, "textlen": 28, "fig_size": 795423, "title": "Unbiased estimator for pseudo-inverse X+", "33": {"fig_size": 84014, "fig_aspectRatio": 0.6742209631728046, "fig_size_poster": 0.2205746061167748}, "34": {"fig_size": 191268, "fig_aspectRatio": 2.9881422924901186, "fig_size_poster": 0.70064874884152}, "35": {"fig_size": 46864, "fig_aspectRatio": 13.931034482758621, "fig_size_poster": 0.7488415199258572}, "36": {"fig_size": 129600, "fig_aspectRatio": 4.938271604938271, "fig_size_poster": 0.7414272474513438}, "37": {"fig_size": 343677, "fig_aspectRatio": 3.214067278287462, "fig_size_poster": 0.974050046339203}, "textRatio": 0.19047619047619047, "figRatio": 0.259414003515718}}}