{"poster_size": 8018220, "doclen": 82, "figlen": 4757539, "section": {"0": {"xy": [684, 28, 1079, 106], "panel_size": 114374, "panel_aspectRatio": 10.179245283018869, "category": "Title", "figures": 0, "textlen": 0, "fig_size": 0, "title": "Triple Generative Adversarial Nets", "textRatio": 0.0, "figRatio": 0.0}, "1": {"xy": [44, 423, 1116, 1608], "panel_size": 1794528, "panel_aspectRatio": 0.6940298507462687, "category": "Introduction", "figures": 1, "textlen": 72, "fig_size": 1198961, "title": "Background and Motivation", "4": {"fig_size": 1198961, "fig_aspectRatio": 0.985494106980961, "fig_size_poster": 0.9740143369175627}, "textRatio": 0.8780487804878049, "figRatio": 0.2520128579082589}, "6": {"xy": [36, 2047, 1146, 1149], "panel_size": 1316754, "panel_aspectRatio": 0.9973890339425587, "category": "Method", "figures": 1, "textlen": 0, "fig_size": 1087273, "title": "Triple-GAN", "7": {"fig_size": 1087273, "fig_aspectRatio": 1.0471050049067714, "fig_size_poster": 0.931064572425829}, "textRatio": 0.0, "figRatio": 0.22853685487391695}, "8": {"xy": [1214, 401, 1108, 176], "panel_size": 195008, "panel_aspectRatio": 6.295454545454546, "category": "Method", "figures": 1, "textlen": 0, "fig_size": 95497, "title": "G and C will benefit each other", "9": {"fig_size": 95497, "fig_aspectRatio": 12.0561797752809, "fig_size_poster": 0.9684115523465704}, "textRatio": 0.0, "figRatio": 0.020072772918939812}, "10": {"xy": [1203, 601, 1111, 2489], "panel_size": 2765279, "panel_aspectRatio": 0.4463640016070711, "category": "Result", "figures": 1, "textlen": 10, "fig_size": 2375808, "title": "Experiments", "12": {"fig_size": 2375808, "fig_aspectRatio": 0.48731884057971014, "fig_size_poster": 0.9684968496849685}, "textRatio": 0.12195121951219512, "figRatio": 0.4993775142988844}}}