{"poster_size": 6220800, "doclen": 228, "figlen": 2497011, "section": {"1": {"xy": [4, 8, 1888, 204], "panel_size": 385152, "panel_aspectRatio": 9.254901960784315, "category": "Title", "figures": 0, "textlen": 0, "fig_size": 0, "title": "Deep Reinforcement Learning in a Handful of Trials using Probabilistic Dynamics Models", "textRatio": 0.0, "figRatio": 0.0}, "2": {"xy": [14, 358, 1015, 800], "panel_size": 812000, "panel_aspectRatio": 1.26875, "category": "Introduction", "figures": 0, "textlen": 95, "fig_size": 0, "title": "Motivation", "textRatio": 0.4166666666666667, "figRatio": 0.0}, "4": {"xy": [32, 1199, 1032, 1141], "panel_size": 1177512, "panel_aspectRatio": 0.9044697633654689, "category": "Method", "figures": 3, "textlen": 32, "fig_size": 642849, "title": "Neural Network Dynamics Models", "5": {"fig_size": 177466, "fig_aspectRatio": 5.601123595505618, "fig_size_poster": 0.9660852713178295}, "6": {"fig_size": 202086, "fig_aspectRatio": 4.762135922330097, "fig_size_poster": 0.9505813953488372}, "7": {"fig_size": 263297, "fig_aspectRatio": 3.3345195729537367, "fig_size_poster": 0.9079457364341085}, "textRatio": 0.14035087719298245, "figRatio": 0.2574474041163615}, "10": {"xy": [29, 2380, 1050, 450], "panel_size": 472500, "panel_aspectRatio": 2.3333333333333335, "category": "Method", "figures": 1, "textlen": 19, "fig_size": 203632, "title": "Uncertainty Propagation", "11": {"fig_size": 203632, "fig_aspectRatio": 1.6067415730337078, "fig_size_poster": 0.5447619047619048}, "textRatio": 0.08333333333333333, "figRatio": 0.08155030154052184}, "13": {"xy": [1086, 358, 1073, 1475], "panel_size": 1582675, "panel_aspectRatio": 0.727457627118644, "category": "Result", "figures": 1, "textlen": 21, "fig_size": 1277500, "title": "Experimental Results", "14": {"fig_size": 1277500, "fig_aspectRatio": 0.8176, "fig_size_poster": 0.9524697110904008}, "textRatio": 0.09210526315789473, "figRatio": 0.5116116829281089}, "16": {"xy": [1092, 1846, 1044, 587], "panel_size": 612828, "panel_aspectRatio": 1.778534923339012, "category": "Discussion", "figures": 1, "textlen": 19, "fig_size": 373030, "title": "Ablation Study", "17": {"fig_size": 373030, "fig_aspectRatio": 2.8, "fig_size_poster": 0.9789272030651341}, "textRatio": 0.08333333333333333, "figRatio": 0.14939061141500778}, "19": {"xy": [1101, 2446, 1028, 375], "panel_size": 385500, "panel_aspectRatio": 2.7413333333333334, "category": "Discussion", "figures": 0, "textlen": 42, "fig_size": 0, "title": "Conclusion & Future Work", "textRatio": 0.18421052631578946, "figRatio": 0.0}}}