{"poster_size": 13436928, "doclen": 263, "figlen": 6359869, "section": {"0": {"xy": [41, 23, 4128, 134], "panel_size": 553152, "panel_aspectRatio": 30.80597014925373, "category": "Title", "figures": 0, "textlen": 0, "fig_size": 0, "title": "Memory Augmented Policy Optimization(MAPO) for Program Synthesis and Semantic Parsing", "textRatio": 0.0, "figRatio": 0.0}, "1": {"xy": [31, 240, 1520, 1055], "panel_size": 1603600, "panel_aspectRatio": 1.4407582938388626, "category": "Introduction", "figures": 3, "textlen": 0, "fig_size": 1314089, "title": "Program Synthesis / Semantic Parsing", "2": {"fig_size": 469152, "fig_aspectRatio": 1.117283950617284, "fig_size_poster": 0.4763157894736842}, "3": {"fig_size": 477545, "fig_aspectRatio": 1.1622464898595943, "fig_size_poster": 0.4901315789473684}, "35": {"fig_size": 367392, "fig_aspectRatio": 5.51937984496124, "fig_size_poster": 0.9368421052631579}, "textRatio": 0.0, "figRatio": 0.20662202318947134}, "8": {"xy": [31, 1299, 1510, 1262], "panel_size": 1905620, "panel_aspectRatio": 1.196513470681458, "category": "Introduction", "figures": 3, "textlen": 41, "fig_size": 706071, "title": "Existing Solutions", "36": {"fig_size": 220704, "fig_aspectRatio": 1.78125, "fig_size_poster": 0.4152317880794702}, "37": {"fig_size": 211299, "fig_aspectRatio": 1.86053412462908, "fig_size_poster": 0.4152317880794702}, "38": {"fig_size": 274068, "fig_aspectRatio": 1.5990338164251208, "fig_size_poster": 0.4384105960264901}, "textRatio": 0.155893536121673, "figRatio": 0.11101973955752863}, "11": {"xy": [1555, 244, 1807, 2310], "panel_size": 4174170, "panel_aspectRatio": 0.7822510822510822, "category": "Method", "figures": 8, "textlen": 131, "fig_size": 1994325, "title": "Memory Augmented Policy Optimization", "12": {"fig_size": 193772, "fig_aspectRatio": 5.2020725388601035, "fig_size_poster": 0.5556170448256779}, "13": {"fig_size": 262770, "fig_aspectRatio": 7.278947368421052, "fig_size_poster": 0.7653569452130603}, "14": {"fig_size": 583053, "fig_aspectRatio": 1.7392055267702937, "fig_size_poster": 0.5572772551189817}, "15": {"fig_size": 177072, "fig_aspectRatio": 2.879032258064516, "fig_size_poster": 0.3951300498063088}, "16": {"fig_size": 183540, "fig_aspectRatio": 1.2710526315789474, "fig_size_poster": 0.2672938572219148}, "17": {"fig_size": 352225, "fig_aspectRatio": 2.643835616438356, "fig_size_poster": 0.5340343110127282}, "21": {"fig_size": 54223, "fig_aspectRatio": 5.762886597938144, "fig_size_poster": 0.30935251798561153}, "34": {"fig_size": 187670, "fig_aspectRatio": 1.279373368146214, "fig_size_poster": 0.2711676812396237}, "textRatio": 0.49809885931558934, "figRatio": 0.3135795721578542}, "25": {"xy": [3376, 250, 1744, 2276], "panel_size": 3969344, "panel_aspectRatio": 0.7662565905096661, "category": "Result", "figures": 6, "textlen": 91, "fig_size": 2345384, "title": "Experiments", "26": {"fig_size": 356290, "fig_aspectRatio": 2.1195121951219513, "fig_size_poster": 0.49827981651376146}, "28": {"fig_size": 259440, "fig_aspectRatio": 1.8351063829787233, "fig_size_poster": 0.3956422018348624}, "29": {"fig_size": 870570, "fig_aspectRatio": 3.347058823529412, "fig_size_poster": 0.9787844036697247}, "39": {"fig_size": 264264, "fig_aspectRatio": 1.2380952380952381, "fig_size_poster": 0.32798165137614677}, "40": {"fig_size": 299224, "fig_aspectRatio": 1.4646017699115044, "fig_size_poster": 0.3795871559633027}, "41": {"fig_size": 295596, "fig_aspectRatio": 1.7246376811594204, "fig_size_poster": 0.40940366972477066}, "textRatio": 0.34600760456273766, "figRatio": 0.36877866509514584}}}