{"poster_size": 8957952, "doclen": 460, "figlen": 2138590, "section": {"1": {"xy": [439, 109, 1760, 93], "panel_size": 163680, "panel_aspectRatio": 18.9247311827957, "category": "Title", "figures": 0, "textlen": 0, "fig_size": 0, "title": "Sampled Softmax with Random Fourier Features", "textRatio": 0.0, "figRatio": 0.0}, "2": {"xy": [87, 503, 809, 637], "panel_size": 515333, "panel_aspectRatio": 1.2700156985871272, "category": "Introduction", "figures": 0, "textlen": 60, "fig_size": 0, "title": "Problem", "textRatio": 0.13043478260869565, "figRatio": 0.0}, "4": {"xy": [922, 501, 830, 565], "panel_size": 468950, "panel_aspectRatio": 1.4690265486725664, "category": "Introduction", "figures": 0, "textlen": 53, "fig_size": 0, "title": "Our contributions: an overview", "textRatio": 0.11521739130434783, "figRatio": 0.0}, "6": {"xy": [59, 1150, 844, 1347], "panel_size": 1136868, "panel_aspectRatio": 0.6265775798069785, "category": "Introduction", "figures": 8, "textlen": 103, "fig_size": 170186, "title": "Background", "8": {"fig_size": 8836, "fig_aspectRatio": 4.0, "fig_size_poster": 0.22274881516587677}, "9": {"fig_size": 7650, "fig_aspectRatio": 3.06, "fig_size_poster": 0.18127962085308058}, "11": {"fig_size": 8648, "fig_aspectRatio": 3.9148936170212765, "fig_size_poster": 0.21800947867298578}, "13": {"fig_size": 26572, "fig_aspectRatio": 9.826923076923077, "fig_size_poster": 0.6054502369668247}, "15": {"fig_size": 58788, "fig_aspectRatio": 6.945652173913044, "fig_size_poster": 0.7571090047393365}, "17": {"fig_size": 12036, "fig_aspectRatio": 3.457627118644068, "fig_size_poster": 0.24170616113744076}, "18": {"fig_size": 19089, "fig_aspectRatio": 4.809523809523809, "fig_size_poster": 0.3590047393364929}, "21": {"fig_size": 28567, "fig_aspectRatio": 10.169811320754716, "fig_size_poster": 0.6386255924170616}, "textRatio": 0.22391304347826088, "figRatio": 0.0795786008538336}, "23": {"xy": [911, 1074, 801, 797], "panel_size": 638397, "panel_aspectRatio": 1.0050188205771644, "category": "Method", "figures": 4, "textlen": 17, "fig_size": 280387, "title": "Gradient bias of sampled softmax", "24": {"fig_size": 37746, "fig_aspectRatio": 5.753086419753086, "fig_size_poster": 0.581772784019975}, "26": {"fig_size": 66817, "fig_aspectRatio": 5.623853211009174, "fig_size_poster": 0.7652933832709113}, "27": {"fig_size": 151800, "fig_aspectRatio": 2.869565217391304, "fig_size_poster": 0.8239700374531835}, "28": {"fig_size": 24024, "fig_aspectRatio": 8.884615384615385, "fig_size_poster": 0.5767790262172284}, "textRatio": 0.03695652173913044, "figRatio": 0.13110834708850225}, "31": {"xy": [905, 1894, 811, 672], "panel_size": 544992, "panel_aspectRatio": 1.2068452380952381, "category": "Method", "figures": 3, "textlen": 44, "fig_size": 126240, "title": "Kernel-based sampling (I)", "33": {"fig_size": 82944, "fig_aspectRatio": 5.0625, "fig_size_poster": 0.7990135635018496}, "35": {"fig_size": 19552, "fig_aspectRatio": 7.230769230769231, "fig_size_poster": 0.4636251541307028}, "37": {"fig_size": 23744, "fig_aspectRatio": 8.452830188679245, "fig_size_poster": 0.5524044389642416}, "textRatio": 0.09565217391304348, "figRatio": 0.05902954750559948}, "39": {"xy": [1766, 498, 736, 587], "panel_size": 432032, "panel_aspectRatio": 1.253833049403748, "category": "Method", "figures": 1, "textlen": 7, "fig_size": 246050, "title": "Kernel-based sampling (II)", "40": {"fig_size": 246050, "fig_aspectRatio": 1.7972972972972974, "fig_size_poster": 0.9035326086956522}, "textRatio": 0.015217391304347827, "figRatio": 0.11505244109436591}, "42": {"xy": [1732, 1091, 809, 1485], "panel_size": 1201365, "panel_aspectRatio": 0.5447811447811448, "category": "Method", "figures": 7, "textlen": 102, "fig_size": 291157, "title": "Random Fourier softmax (RF-softmax)", "43": {"fig_size": 90944, "fig_aspectRatio": 6.758620689655173, "fig_size_poster": 0.969097651421508}, "45": {"fig_size": 25680, "fig_aspectRatio": 7.133333333333334, "fig_size_poster": 0.5290482076637825}, "47": {"fig_size": 42920, "fig_aspectRatio": 12.758620689655173, "fig_size_poster": 0.9147095179233622}, "49": {"fig_size": 27056, "fig_aspectRatio": 4.684210526315789, "fig_size_poster": 0.4400494437577256}, "51": {"fig_size": 16644, "fig_aspectRatio": 5.12280701754386, "fig_size_poster": 0.36093943139678614}, "53": {"fig_size": 69840, "fig_aspectRatio": 8.622222222222222, "fig_size_poster": 0.9592088998763906}, "55": {"fig_size": 18073, "fig_aspectRatio": 6.433962264150943, "fig_size_poster": 0.4215080346106304}, "textRatio": 0.2217391304347826, "figRatio": 0.13614437549974515}, "57": {"xy": [2553, 502, 883, 2084], "panel_size": 1840172, "panel_aspectRatio": 0.42370441458733205, "category": "Result", "figures": 6, "textlen": 74, "fig_size": 1024570, "title": "Experiments", "59": {"fig_size": 284886, "fig_aspectRatio": 1.4648526077097506, "fig_size_poster": 0.7315968289920725}, "61": {"fig_size": 99696, "fig_aspectRatio": 1.3880597014925373, "fig_size_poster": 0.42129105322763305}, "65": {"fig_size": 102912, "fig_aspectRatio": 1.4328358208955223, "fig_size_poster": 0.434881087202718}, "68": {"fig_size": 102833, "fig_aspectRatio": 1.4866920152091254, "fig_size_poster": 0.44280860702151753}, "70": {"fig_size": 116156, "fig_aspectRatio": 1.4401408450704225, "fig_size_poster": 0.46319365798414497}, "73": {"fig_size": 318087, "fig_aspectRatio": 1.5098039215686274, "fig_size_poster": 0.7848244620611552}, "textRatio": 0.1608695652173913, "figRatio": 0.4790866879579536}}}