{"poster_size": 8036464, "doclen": 138, "figlen": 3147467, "section": {"1": {"xy": [931, 89, 1506, 90], "panel_size": 135540, "panel_aspectRatio": 16.733333333333334, "category": "Title", "figures": 0, "textlen": 0, "fig_size": 0, "title": "Certifiable Robustness to Graph Perturbations", "textRatio": 0.0, "figRatio": 0.0}, "2": {"xy": [60, 559, 1055, 262], "panel_size": 276410, "panel_aspectRatio": 4.026717557251908, "category": "Introduction", "figures": 0, "textlen": 26, "fig_size": 0, "title": "GNNs are vulnerable to Adversarial Attacks", "textRatio": 0.18840579710144928, "figRatio": 0.0}, "4": {"xy": [53, 850, 1045, 200], "panel_size": 209000, "panel_aspectRatio": 5.225, "category": "Introduction", "figures": 0, "textlen": 17, "fig_size": 0, "title": "research questions", "textRatio": 0.12318840579710146, "figRatio": 0.0}, "6": {"xy": [69, 1082, 1033, 316], "panel_size": 326428, "panel_aspectRatio": 3.268987341772152, "category": "Method", "figures": 1, "textlen": 28, "fig_size": 30328, "title": "Flexible Threat Model", "8": {"fig_size": 30328, "fig_aspectRatio": 0.6098654708520179, "fig_size_poster": 0.13165537270087124}, "textRatio": 0.2028985507246377, "figRatio": 0.009635684822112512}, "9": {"xy": [47, 1421, 1051, 802], "panel_size": 842902, "panel_aspectRatio": 1.3104738154613467, "category": "Method", "figures": 2, "textlen": 14, "fig_size": 544143, "title": "Robustness Certificate", "11": {"fig_size": 94187, "fig_aspectRatio": 10.010309278350515, "fig_size_poster": 0.9238820171265462}, "12": {"fig_size": 449956, "fig_aspectRatio": 1.7367387033398822, "fig_size_poster": 0.8411037107516651}, "textRatio": 0.10144927536231885, "figRatio": 0.17288282927191928}, "13": {"xy": [1150, 372, 1019, 1023], "panel_size": 1042437, "panel_aspectRatio": 0.9960899315738025, "category": "Method", "figures": 3, "textlen": 16, "fig_size": 670225, "title": "family of Models based on PageRank", "14": {"fig_size": 113332, "fig_aspectRatio": 8.422413793103448, "fig_size_poster": 0.9587831207065751}, "16": {"fig_size": 218448, "fig_aspectRatio": 4.4324324324324325, "fig_size_poster": 0.9656526005888125}, "17": {"fig_size": 338445, "fig_aspectRatio": 2.8434782608695652, "fig_size_poster": 0.9627085377821394}, "textRatio": 0.11594202898550725, "figRatio": 0.21294107293261533}, "18": {"xy": [1144, 1405, 1051, 812], "panel_size": 853412, "panel_aspectRatio": 1.2943349753694582, "category": "Method", "figures": 2, "textlen": 16, "fig_size": 563948, "title": "certificate-Pagerank optimizaton -MDP", "20": {"fig_size": 216508, "fig_aspectRatio": 4.238938053097345, "fig_size_poster": 0.9115128449096099}, "21": {"fig_size": 347440, "fig_aspectRatio": 2.936046511627907, "fig_size_poster": 0.9609895337773549}, "textRatio": 0.11594202898550725, "figRatio": 0.17917519071685264}, "22": {"xy": [2244, 379, 1064, 942], "panel_size": 1002288, "panel_aspectRatio": 1.129511677282378, "category": "Result", "figures": 2, "textlen": 0, "fig_size": 813961, "title": "Certification Results", "23": {"fig_size": 397600, "fig_aspectRatio": 2.485, "fig_size_poster": 0.9342105263157895}, "24": {"fig_size": 416361, "fig_aspectRatio": 2.5135135135135136, "fig_size_poster": 0.9614661654135338}, "textRatio": 0.0, "figRatio": 0.2586082713496281}, "25": {"xy": [2237, 1356, 1068, 857], "panel_size": 915276, "panel_aspectRatio": 1.2462077012835473, "category": "Method", "figures": 2, "textlen": 21, "fig_size": 524862, "title": "Robust Traning", "27": {"fig_size": 82656, "fig_aspectRatio": 11.714285714285714, "fig_size_poster": 0.9213483146067416}, "28": {"fig_size": 442206, "fig_aspectRatio": 2.3805104408352666, "fig_size_poster": 0.9606741573033708}, "textRatio": 0.15217391304347827, "figRatio": 0.1667569509068721}}}