{"poster_size": 8036464, "doclen": 222, "figlen": 3145310, "section": {"3": {"xy": [131, 10, 2205, 95], "panel_size": 209475, "panel_aspectRatio": 23.210526315789473, "category": "Title", "figures": 0, "textlen": 0, "fig_size": 0, "title": "Modern NeuralNetworks Generalize on SmallData Sets", "textRatio": 0.0, "figRatio": 0.0}, "4": {"xy": [36, 242, 818, 628], "panel_size": 513704, "panel_aspectRatio": 1.302547770700637, "category": "Introduction", "figures": 0, "textlen": 58, "fig_size": 0, "title": "Motivation", "textRatio": 0.26126126126126126, "figRatio": 0.0}, "6": {"xy": [24, 885, 822, 695], "panel_size": 571290, "panel_aspectRatio": 1.1827338129496403, "category": "Introduction", "figures": 0, "textlen": 52, "fig_size": 0, "title": "Highlights", "textRatio": 0.23423423423423423, "figRatio": 0.0}, "8": {"xy": [16, 1580, 835, 745], "panel_size": 622075, "panel_aspectRatio": 1.1208053691275168, "category": "Method", "figures": 1, "textlen": 0, "fig_size": 469090, "title": "Ensembling", "33": {"fig_size": 469090, "fig_aspectRatio": 1.2606557377049181, "fig_size_poster": 0.9209580838323354}, "textRatio": 0.0, "figRatio": 0.14913951248048682}, "13": {"xy": [861, 260, 1650, 552], "panel_size": 910800, "panel_aspectRatio": 2.989130434782609, "category": "Method", "figures": 1, "textlen": 36, "fig_size": 235750, "title": "Decomposing a Neural Network into an Ensemble", "14": {"fig_size": 235750, "fig_aspectRatio": 1.4024390243902438, "fig_size_poster": 0.3484848484848485}, "textRatio": 0.16216216216216217, "figRatio": 0.07495286633114065}, "16": {"xy": [861, 815, 1650, 610], "panel_size": 1006500, "panel_aspectRatio": 2.7049180327868854, "category": "Method", "figures": 1, "textlen": 0, "fig_size": 683820, "title": "Ensemble Hunting via Linear Programming", "34": {"fig_size": 683820, "fig_aspectRatio": 3.613793103448276, "fig_size_poster": 0.9527272727272728}, "textRatio": 0.0, "figRatio": 0.21740941274468972}, "21": {"xy": [856, 1430, 1655, 925], "panel_size": 1530875, "panel_aspectRatio": 1.7891891891891891, "category": "Method", "figures": 3, "textlen": 24, "fig_size": 943554, "title": "Ensemble Hunting: Simulated Example", "22": {"fig_size": 164475, "fig_aspectRatio": 3.558139534883721, "fig_size_poster": 0.4622356495468278}, "24": {"fig_size": 198039, "fig_aspectRatio": 2.8631178707224336, "fig_size_poster": 0.45498489425981875}, "25": {"fig_size": 581040, "fig_aspectRatio": 0.8921933085501859, "fig_size_poster": 0.4350453172205438}, "textRatio": 0.10810810810810811, "figRatio": 0.2999876005862697}, "26": {"xy": [2516, 245, 838, 970], "panel_size": 812860, "panel_aspectRatio": 0.8639175257731959, "category": "Result", "figures": 1, "textlen": 21, "fig_size": 387270, "title": "Empirical Evaluation", "27": {"fig_size": 387270, "fig_aspectRatio": 1.1316239316239316, "fig_size_poster": 0.7899761336515513}, "textRatio": 0.0945945945945946, "figRatio": 0.12312617834172149}, "29": {"xy": [2511, 1235, 828, 780], "panel_size": 645840, "panel_aspectRatio": 1.0615384615384615, "category": "Result", "figures": 1, "textlen": 8, "fig_size": 425826, "title": "Decorrelation", "30": {"fig_size": 425826, "fig_aspectRatio": 1.2790294627383016, "fig_size_poster": 0.8913043478260869}, "textRatio": 0.036036036036036036, "figRatio": 0.13538442951569163}, "32": {"xy": [2531, 2015, 805, 312], "panel_size": 251160, "panel_aspectRatio": 2.5801282051282053, "category": "Discussion", "figures": 0, "textlen": 23, "fig_size": 0, "title": "Takeaways", "textRatio": 0.1036036036036036, "figRatio": 0.0}}}