{"poster_size": 10077696, "doclen": 94, "figlen": 5881910, "section": {"1": {"xy": [716, 46, 2470, 112], "panel_size": 276640, "panel_aspectRatio": 22.053571428571427, "category": "Title", "figures": 0, "textlen": 0, "fig_size": 0, "title": "M-Walk: Learning to Walk over Graphs using Monte Carlo Tree Search", "textRatio": 0.0, "figRatio": 0.0}, "2": {"xy": [3, 335, 1158, 634], "panel_size": 734172, "panel_aspectRatio": 1.8264984227129337, "category": "Introduction", "figures": 0, "textlen": 69, "fig_size": 0, "title": "Overview\n", "textRatio": 0.7340425531914894, "figRatio": 0.0}, "3": {"xy": [18, 1009, 1096, 479], "panel_size": 524984, "panel_aspectRatio": 2.288100208768267, "category": "Introduction", "figures": 1, "textlen": 17, "fig_size": 227240, "title": "Problem Setting\n", "5": {"fig_size": 227240, "fig_aspectRatio": 3.7246963562753037, "fig_size_poster": 0.8394160583941606}, "textRatio": 0.18085106382978725, "figRatio": 0.03863370911829661}, "6": {"xy": [24, 1492, 1162, 996], "panel_size": 1157352, "panel_aspectRatio": 1.1666666666666667, "category": "Method", "figures": 1, "textlen": 0, "fig_size": 976500, "title": "Training Algorithm", "7": {"fig_size": 976500, "fig_aspectRatio": 1.2960829493087558, "fig_size_poster": 0.96815834767642}, "textRatio": 0.0, "figRatio": 0.16601750111783417}, "8": {"xy": [1186, 309, 1296, 2175], "panel_size": 2818800, "panel_aspectRatio": 0.5958620689655172, "category": "Method", "figures": 5, "textlen": 8, "fig_size": 2193585, "title": "Model", "9": {"fig_size": 201210, "fig_aspectRatio": 1.614730878186969, "fig_size_poster": 0.4398148148148148}, "10": {"fig_size": 231820, "fig_aspectRatio": 1.9364161849710984, "fig_size_poster": 0.5169753086419753}, "11": {"fig_size": 518757, "fig_aspectRatio": 2.2609603340292277, "fig_size_poster": 0.8356481481481481}, "12": {"fig_size": 436541, "fig_aspectRatio": 2.559322033898305, "fig_size_poster": 0.8155864197530864}, "14": {"fig_size": 805257, "fig_aspectRatio": 1.726207906295754, "fig_size_poster": 0.9097222222222222}, "textRatio": 0.0851063829787234, "figRatio": 0.37293753219617437}, "15": {"xy": [2493, 326, 1394, 2173], "panel_size": 3029162, "panel_aspectRatio": 0.6415094339622641, "category": "Result", "figures": 5, "textlen": 0, "fig_size": 2484585, "title": "Experimental Results", "16": {"fig_size": 554195, "fig_aspectRatio": 3.312958435207824, "fig_size_poster": 0.9720229555236729}, "17": {"fig_size": 286327, "fig_aspectRatio": 6.431279620853081, "fig_size_poster": 0.9734576757532282}, "18": {"fig_size": 584163, "fig_aspectRatio": 3.264775413711584, "fig_size_poster": 0.990674318507891}, "19": {"fig_size": 521883, "fig_aspectRatio": 3.633245382585752, "fig_size_poster": 0.9878048780487805}, "20": {"fig_size": 538017, "fig_aspectRatio": 3.4834605597964376, "fig_size_poster": 0.9820659971305595}, "textRatio": 0.0, "figRatio": 0.4224112575676948}}}