{"poster_size": 8036464, "doclen": 93, "figlen": 4094110, "section": {"1": {"xy": [481, 12, 2377, 118], "panel_size": 280486, "panel_aspectRatio": 20.14406779661017, "category": "Title", "figures": 0, "textlen": 0, "fig_size": 0, "title": "Optimal Analysis of Subset-Selection Based lp Low Rank Approximation", "textRatio": 0.0, "figRatio": 0.0}, "2": {"xy": [12, 292, 1112, 518], "panel_size": 576016, "panel_aspectRatio": 2.146718146718147, "category": "Introduction", "figures": 0, "textlen": 49, "fig_size": 0, "title": "Overview", "textRatio": 0.5268817204301075, "figRatio": 0.0}, "4": {"xy": [40, 830, 1087, 1510], "panel_size": 1641370, "panel_aspectRatio": 0.7198675496688741, "category": "Method", "figures": 3, "textlen": 13, "fig_size": 1123836, "title": "lp Low Rank Approximation Problem", "5": {"fig_size": 383600, "fig_aspectRatio": 2.3975, "fig_size_poster": 0.8822447102115916}, "6": {"fig_size": 609322, "fig_aspectRatio": 1.6215334420880914, "fig_size_poster": 0.9144434222631095}, "7": {"fig_size": 130914, "fig_aspectRatio": 8.246031746031745, "fig_size_poster": 0.9558417663293468}, "textRatio": 0.13978494623655913, "figRatio": 0.27450068513059006}, "9": {"xy": [1137, 274, 1092, 510], "panel_size": 556920, "panel_aspectRatio": 2.1411764705882352, "category": "Method", "figures": 1, "textlen": 13, "fig_size": 244992, "title": "Column Subset Selection (CSS) Algorithm", "11": {"fig_size": 244992, "fig_aspectRatio": 3.73828125, "fig_size_poster": 0.8763736263736264}, "textRatio": 0.13978494623655913, "figRatio": 0.05984011177032371}, "13": {"xy": [1150, 802, 1069, 1564], "panel_size": 1671916, "panel_aspectRatio": 0.6835038363171355, "category": "Result", "figures": 3, "textlen": 0, "fig_size": 1382722, "title": "Main Results", "14": {"fig_size": 348478, "fig_aspectRatio": 3.0502958579881656, "fig_size_poster": 0.9644527595884004}, "15": {"fig_size": 695244, "fig_aspectRatio": 1.473071324599709, "fig_size_poster": 0.9466791393826005}, "16": {"fig_size": 339000, "fig_aspectRatio": 2.949852507374631, "fig_size_poster": 0.9354536950420954}, "textRatio": 0.0, "figRatio": 0.33773445266492597}, "17": {"xy": [2247, 264, 1092, 1656], "panel_size": 1808352, "panel_aspectRatio": 0.6594202898550725, "category": "Method", "figures": 3, "textlen": 18, "fig_size": 1342560, "title": "Technique: Riesz-Thorin Interpolation", "19": {"fig_size": 473652, "fig_aspectRatio": 2.381165919282511, "fig_size_poster": 0.9725274725274725}, "20": {"fig_size": 598000, "fig_aspectRatio": 1.6722408026755853, "fig_size_poster": 0.9157509157509157}, "21": {"fig_size": 270908, "fig_aspectRatio": 3.946564885496183, "fig_size_poster": 0.9468864468864469}, "textRatio": 0.1935483870967742, "figRatio": 0.3279247504341603}}}