{"poster_size": 8018220, "doclen": 677, "figlen": 2536290, "section": {"1": {"xy": [375, 54, 1938, 58], "panel_size": 112404, "panel_aspectRatio": 33.41379310344828, "category": "Title", "figures": 0, "textlen": 0, "fig_size": 0, "title": "Watch Your Step: Learning Node Embeddings via Graph Attention", "textRatio": 0.0, "figRatio": 0.0}, "2": {"xy": [88, 262, 2198, 488], "panel_size": 1072624, "panel_aspectRatio": 4.504098360655738, "category": "Introduction", "figures": 1, "textlen": 150, "fig_size": 211342, "title": "Overview", "4": {"fig_size": 211342, "fig_aspectRatio": 1.1923990498812351, "fig_size_poster": 0.2283894449499545}, "textRatio": 0.22156573116691286, "figRatio": 0.08332722204479771}, "5": {"xy": [100, 765, 1051, 281], "panel_size": 295331, "panel_aspectRatio": 3.7402135231316724, "category": "Method", "figures": 0, "textlen": 61, "fig_size": 0, "title": "Problem Statement", "textRatio": 0.09010339734121123, "figRatio": 0.0}, "7": {"xy": [86, 1046, 1086, 265], "panel_size": 287790, "panel_aspectRatio": 4.09811320754717, "category": "Method", "figures": 1, "textlen": 20, "fig_size": 116050, "title": "Classical Approach", "9": {"fig_size": 116050, "fig_aspectRatio": 9.590909090909092, "fig_size_poster": 0.9714548802946593}, "textRatio": 0.029542097488921712, "figRatio": 0.04575580868118393}, "11": {"xy": [81, 1315, 1089, 379], "panel_size": 412731, "panel_aspectRatio": 2.8733509234828496, "category": "Method", "figures": 1, "textlen": 0, "fig_size": 319815, "title": "@D Embedding of Karate Club Network[2]", "12": {"fig_size": 319815, "fig_aspectRatio": 3.349514563106796, "fig_size_poster": 0.9504132231404959}, "textRatio": 0.0, "figRatio": 0.12609559632376424}, "13": {"xy": [84, 1701, 1072, 1068], "panel_size": 1144896, "panel_aspectRatio": 1.00374531835206, "category": "Method", "figures": 2, "textlen": 167, "fig_size": 452980, "title": "Review:Embedding via Random Walks", "14": {"fig_size": 227356, "fig_aspectRatio": 4.451327433628318, "fig_size_poster": 0.9384328358208955}, "18": {"fig_size": 225624, "fig_aspectRatio": 4.0168776371308015, "fig_size_poster": 0.8880597014925373}, "textRatio": 0.2466765140324963, "figRatio": 0.17859945037830846}, "20": {"xy": [79, 2783, 1086, 488], "panel_size": 529968, "panel_aspectRatio": 2.2254098360655736, "category": "Method", "figures": 1, "textlen": 126, "fig_size": 49896, "title": "Deriving our Method: Embedding vis Matrix Factorization", "22": {"fig_size": 49896, "fig_aspectRatio": 12.571428571428571, "fig_size_poster": 0.7292817679558011}, "textRatio": 0.1861152141802068, "figRatio": 0.019672829211170646}, "24": {"xy": [1218, 758, 1107, 920], "panel_size": 1018440, "panel_aspectRatio": 1.2032608695652174, "category": "Method", "figures": 4, "textlen": 91, "fig_size": 460719, "title": "D and Context Distribution Q", "25": {"fig_size": 47855, "fig_aspectRatio": 6.623529411764705, "fig_size_poster": 0.5085817524841915}, "26": {"fig_size": 96128, "fig_aspectRatio": 5.8671875, "fig_size_poster": 0.6784101174345076}, "27": {"fig_size": 189120, "fig_aspectRatio": 4.873096446700508, "fig_size_poster": 0.8672086720867209}, "28": {"fig_size": 127616, "fig_aspectRatio": 7.7890625, "fig_size_poster": 0.90063233965673}, "textRatio": 0.1344165435745938, "figRatio": 0.18165075760264007}, "32": {"xy": [1239, 1683, 1112, 1235], "panel_size": 1373320, "panel_aspectRatio": 0.9004048582995952, "category": "Result", "figures": 5, "textlen": 62, "fig_size": 925488, "title": "Experiment and Results", "33": {"fig_size": 84600, "fig_aspectRatio": 2.115, "fig_size_poster": 0.38039568345323743}, "34": {"fig_size": 58752, "fig_aspectRatio": 1.2592592592592593, "fig_size_poster": 0.2446043165467626}, "35": {"fig_size": 60006, "fig_aspectRatio": 1.2511415525114156, "fig_size_poster": 0.24640287769784172}, "36": {"fig_size": 264882, "fig_aspectRatio": 3.8587786259541983, "fig_size_poster": 0.9091726618705036}, "37": {"fig_size": 457248, "fig_aspectRatio": 2.438799076212471, "fig_size_poster": 0.9496402877697842}, "textRatio": 0.0915805022156573, "figRatio": 0.3648983357581349}}}