{"poster_size": 21000000, "doclen": 684, "figlen": 10868877, "section": {"0": {"xy": [860, 81, 4284, 109], "panel_size": 466956, "panel_aspectRatio": 39.30275229357798, "category": "Title", "figures": 0, "textlen": 0, "fig_size": 0, "title": "Integrated accounts of behavioral and neuroimaging data using flexible recurrent neural network models", "textRatio": 0.0, "figRatio": 0.0}, "1": {"xy": [35, 484, 1556, 1072], "panel_size": 1668032, "panel_aspectRatio": 1.4514925373134329, "category": "Introduction", "figures": 1, "textlen": 261, "fig_size": 149472, "title": "Introduction", "4": {"fig_size": 149472, "fig_aspectRatio": 3.2037037037037037, "fig_size_poster": 0.44473007712082263}, "textRatio": 0.3815789473684211, "figRatio": 0.013752294740293776}, "9": {"xy": [27, 1559, 1585, 1932], "panel_size": 3062220, "panel_aspectRatio": 0.8203933747412008, "category": "Method", "figures": 4, "textlen": 11, "fig_size": 2502725, "title": "Data\n", "10": {"fig_size": 478660, "fig_aspectRatio": 3.6126373626373627, "fig_size_poster": 0.8296529968454258}, "11": {"fig_size": 595600, "fig_aspectRatio": 3.7225, "fig_size_poster": 0.9394321766561514}, "12": {"fig_size": 820155, "fig_aspectRatio": 2.8654205607476637, "fig_size_poster": 0.967192429022082}, "13": {"fig_size": 608310, "fig_aspectRatio": 3.708641975308642, "fig_size_poster": 0.9476340694006309}, "textRatio": 0.01608187134502924, "figRatio": 0.23026527947643533}, "15": {"xy": [1644, 491, 2674, 933], "panel_size": 2494842, "panel_aspectRatio": 2.8660235798499465, "category": "Method", "figures": 2, "textlen": 73, "fig_size": 1527951, "title": "Model", "16": {"fig_size": 992445, "fig_aspectRatio": 2.6935749588138385, "fig_size_poster": 0.6114435302916978}, "17": {"fig_size": 535506, "fig_aspectRatio": 1.4924874791318865, "fig_size_poster": 0.3343305908750935}, "textRatio": 0.1067251461988304, "figRatio": 0.14058039298816244}, "20": {"xy": [1652, 1429, 2653, 1497], "panel_size": 3971541, "panel_aspectRatio": 1.7722110888443554, "category": "Method", "figures": 3, "textlen": 51, "fig_size": 2661314, "title": "Interpreting the model", "21": {"fig_size": 1068765, "fig_aspectRatio": 2.5689922480620155, "fig_size_poster": 0.6245759517527327}, "22": {"fig_size": 765974, "fig_aspectRatio": 0.8650371944739639, "fig_size_poster": 0.3068224651338108}, "24": {"fig_size": 826575, "fig_aspectRatio": 3.116504854368932, "fig_size_poster": 0.6049754994346024}, "textRatio": 0.07456140350877193, "figRatio": 0.24485639132727327}, "25": {"xy": [1653, 2926, 2644, 541], "panel_size": 1430404, "panel_aspectRatio": 4.88724584103512, "category": "Discussion", "figures": 0, "textlen": 206, "fig_size": 0, "title": "Conclusion", "textRatio": 0.30116959064327486, "figRatio": 0.0}, "27": {"xy": [4337, 494, 1632, 2980], "panel_size": 4863360, "panel_aspectRatio": 0.5476510067114094, "category": "Result", "figures": 5, "textlen": 82, "fig_size": 4027415, "title": "Results", "28": {"fig_size": 1260078, "fig_aspectRatio": 1.9987405541561714, "fig_size_poster": 0.9724264705882353}, "29": {"fig_size": 442224, "fig_aspectRatio": 3.987987987987988, "fig_size_poster": 0.8137254901960784}, "30": {"fig_size": 675216, "fig_aspectRatio": 3.6180555555555554, "fig_size_poster": 0.9577205882352942}, "31": {"fig_size": 426070, "fig_aspectRatio": 5.675182481751825, "fig_size_poster": 0.9528186274509803}, "32": {"fig_size": 1223827, "fig_aspectRatio": 2.00640204865557, "fig_size_poster": 0.960171568627451}, "textRatio": 0.11988304093567251, "figRatio": 0.3705456414678352}}}