{"poster_size": 8957952, "doclen": 739, "figlen": 1620946, "section": {"1": {"xy": [719, 44, 2033, 110], "panel_size": 223630, "panel_aspectRatio": 18.48181818181818, "category": "Title", "figures": 0, "textlen": 0, "fig_size": 0, "title": "Predicting CS106 Office Hours Queuing Times", "textRatio": 0.0, "figRatio": 0.0}, "2": {"xy": [63, 431, 813, 641], "panel_size": 521133, "panel_aspectRatio": 1.2683307332293292, "category": "Introduction", "figures": 0, "textlen": 98, "fig_size": 0, "title": "Abstract", "textRatio": 0.13261163734776726, "figRatio": 0.0}, "4": {"xy": [74, 1121, 782, 959], "panel_size": 749938, "panel_aspectRatio": 0.8154327424400417, "category": "Introduction", "figures": 0, "textlen": 118, "fig_size": 0, "title": "Introduction", "textRatio": 0.15967523680649526, "figRatio": 0.0}, "7": {"xy": [47, 2103, 819, 439], "panel_size": 359541, "panel_aspectRatio": 1.8656036446469249, "category": "Method", "figures": 0, "textlen": 60, "fig_size": 0, "title": "Dataset", "textRatio": 0.08119079837618404, "figRatio": 0.0}, "9": {"xy": [921, 442, 748, 569], "panel_size": 425612, "panel_aspectRatio": 1.3145869947275923, "category": "Method", "figures": 1, "textlen": 0, "fig_size": 377774, "title": "Dataset", "10": {"fig_size": 377774, "fig_aspectRatio": 1.2859778597785978, "fig_size_poster": 0.9318181818181818}, "textRatio": 0.0, "figRatio": 0.23305773295347285}, "11": {"xy": [916, 1023, 789, 558], "panel_size": 440262, "panel_aspectRatio": 1.413978494623656, "category": "Method", "figures": 0, "textlen": 70, "fig_size": 0, "title": "Vectorizers", "textRatio": 0.09472259810554803, "figRatio": 0.0}, "13": {"xy": [915, 1608, 808, 949], "panel_size": 766792, "panel_aspectRatio": 0.8514225500526871, "category": "Method", "figures": 1, "textlen": 69, "fig_size": 275082, "title": "Regression", "15": {"fig_size": 275082, "fig_aspectRatio": 1.89501312335958, "fig_size_poster": 0.8935643564356436}, "textRatio": 0.09336941813261164, "figRatio": 0.16970460459509448}, "17": {"xy": [1743, 430, 800, 2013], "panel_size": 1610400, "panel_aspectRatio": 0.39741679085941384, "category": "Method", "figures": 4, "textlen": 73, "fig_size": 968090, "title": "Classification", "19": {"fig_size": 227088, "fig_aspectRatio": 2.4572368421052633, "fig_size_poster": 0.93375}, "20": {"fig_size": 219414, "fig_aspectRatio": 2.59106529209622, "fig_size_poster": 0.9425}, "22": {"fig_size": 267068, "fig_aspectRatio": 2.083798882681564, "fig_size_poster": 0.9325}, "23": {"fig_size": 254520, "fig_aspectRatio": 1.9638888888888888, "fig_size_poster": 0.88375}, "textRatio": 0.09878213802435724, "figRatio": 0.5972376624514327}, "24": {"xy": [2587, 421, 839, 1381], "panel_size": 1158659, "panel_aspectRatio": 0.6075307748008689, "category": "Result", "figures": 0, "textlen": 163, "fig_size": 0, "title": "Comparison", "textRatio": 0.22056833558863329, "figRatio": 0.0}, "27": {"xy": [2583, 1828, 821, 608], "panel_size": 499168, "panel_aspectRatio": 1.350328947368421, "category": "Discussion", "figures": 0, "textlen": 88, "fig_size": 0, "title": "Future Work", "textRatio": 0.11907983761840325, "figRatio": 0.0}}}