{"poster_size": 4478976, "doclen": 476, "figlen": 1407902, "section": {"1": {"xy": [512, 21, 1577, 154], "panel_size": 242858, "panel_aspectRatio": 10.24025974025974, "category": "Title", "figures": 0, "textlen": 16, "fig_size": 0, "title": "Application of Deep Learning in Yelp Review Analysis", "textRatio": 0.03361344537815126, "figRatio": 0.0}, "3": {"xy": [29, 194, 661, 728], "panel_size": 481208, "panel_aspectRatio": 0.907967032967033, "category": "Introduction", "figures": 0, "textlen": 107, "fig_size": 0, "title": "Motivation", "textRatio": 0.22478991596638656, "figRatio": 0.0}, "5": {"xy": [29, 952, 664, 286], "panel_size": 189904, "panel_aspectRatio": 2.3216783216783217, "category": "Introduction", "figures": 0, "textlen": 0, "fig_size": 0, "title": "Dataset\nThe Yelp Challenge dataset provides over one million user reviews and over half million tips.5000 reviews of 500 different businesses were selected as our input data.\nWords in each piece of review are treated as features.", "textRatio": 0.0, "figRatio": 0.0}, "6": {"xy": [19, 1505, 680, 180], "panel_size": 122400, "panel_aspectRatio": 3.7777777777777777, "category": "Introduction", "figures": 0, "textlen": 36, "fig_size": 0, "title": "Future work\n", "textRatio": 0.07563025210084033, "figRatio": 0.0}, "8": {"xy": [710, 190, 1856, 864], "panel_size": 1603584, "panel_aspectRatio": 2.1481481481481484, "category": "Method", "figures": 4, "textlen": 187, "fig_size": 750897, "title": "Methodology", "9": {"fig_size": 519120, "fig_aspectRatio": 1.307936507936508, "fig_size_poster": 0.44396551724137934}, "10": {"fig_size": 34902, "fig_aspectRatio": 2.1984126984126986, "fig_size_poster": 0.1492456896551724}, "15": {"fig_size": 143276, "fig_aspectRatio": 4.843023255813954, "fig_size_poster": 0.4488146551724138}, "17": {"fig_size": 53599, "fig_aspectRatio": 3.030075187969925, "fig_size_poster": 0.21713362068965517}, "textRatio": 0.39285714285714285, "figRatio": 0.5333446504089063}, "18": {"xy": [713, 1065, 1864, 657], "panel_size": 1224648, "panel_aspectRatio": 2.837138508371385, "category": "Result", "figures": 3, "textlen": 130, "fig_size": 657005, "title": "Results and Discussion", "19": {"fig_size": 300897, "fig_aspectRatio": 1.2084168336673347, "fig_size_poster": 0.32349785407725323}, "20": {"fig_size": 223380, "fig_aspectRatio": 2.3856209150326797, "fig_size_poster": 0.3916309012875536}, "24": {"fig_size": 132728, "fig_aspectRatio": 3.75531914893617, "fig_size_poster": 0.37875536480686695}, "textRatio": 0.27310924369747897, "figRatio": 0.46665534959109367}}}