{"poster_size": 4478976, "doclen": 323, "figlen": 1116454, "section": {"1": {"xy": [542, 35, 1539, 76], "panel_size": 116964, "panel_aspectRatio": 20.25, "category": "Title", "figures": 0, "textlen": 0, "fig_size": 0, "title": "Lineshape fitting of iodine spectra near 532 nm", "textRatio": 0.0, "figRatio": 0.0}, "2": {"xy": [29, 253, 790, 540], "panel_size": 426600, "panel_aspectRatio": 1.462962962962963, "category": "Introduction", "figures": 0, "textlen": 67, "fig_size": 0, "title": "problem", "textRatio": 0.20743034055727555, "figRatio": 0.0}, "4": {"xy": [46, 803, 768, 701], "panel_size": 538368, "panel_aspectRatio": 1.0955777460770328, "category": "Method", "figures": 3, "textlen": 55, "fig_size": 242704, "title": "lineshape fitting", "6": {"fig_size": 19074, "fig_aspectRatio": 7.333333333333333, "fig_size_poster": 0.4869791666666667}, "8": {"fig_size": 132618, "fig_aspectRatio": 3.8333333333333335, "fig_size_poster": 0.9283854166666666}, "9": {"fig_size": 91012, "fig_aspectRatio": 6.114754098360656, "fig_size_poster": 0.9713541666666666}, "textRatio": 0.17027863777089783, "figRatio": 0.21738826678035997}, "10": {"xy": [839, 256, 810, 1444], "panel_size": 1169640, "panel_aspectRatio": 0.5609418282548476, "category": "Method", "figures": 8, "textlen": 72, "fig_size": 542120, "title": "lineshape fitting", "11": {"fig_size": 40248, "fig_aspectRatio": 1.3604651162790697, "fig_size_poster": 0.28888888888888886}, "12": {"fig_size": 35697, "fig_aspectRatio": 1.343558282208589, "fig_size_poster": 0.27037037037037037}, "13": {"fig_size": 40053, "fig_aspectRatio": 1.4023668639053255, "fig_size_poster": 0.29259259259259257}, "15": {"fig_size": 188082, "fig_aspectRatio": 2.8255813953488373, "fig_size_poster": 0.9}, "16": {"fig_size": 59774, "fig_aspectRatio": 1.368421052631579, "fig_size_poster": 0.3530864197530864}, "18": {"fig_size": 55216, "fig_aspectRatio": 1.0258620689655173, "fig_size_poster": 0.2938271604938272}, "19": {"fig_size": 55458, "fig_aspectRatio": 1.0128205128205128, "fig_size_poster": 0.29259259259259257}, "20": {"fig_size": 67592, "fig_aspectRatio": 1.1932773109243697, "fig_size_poster": 0.3506172839506173}, "textRatio": 0.22291021671826625, "figRatio": 0.48557307331963523}, "22": {"xy": [1667, 258, 895, 831], "panel_size": 743745, "panel_aspectRatio": 1.0770156438026475, "category": "Result", "figures": 5, "textlen": 74, "fig_size": 331630, "title": "Vapor cell depletion comparison", "24": {"fig_size": 44408, "fig_aspectRatio": 1.3406593406593406, "fig_size_poster": 0.27262569832402234}, "25": {"fig_size": 43010, "fig_aspectRatio": 1.2299465240641712, "fig_size_poster": 0.2569832402234637}, "26": {"fig_size": 73726, "fig_aspectRatio": 2.020942408376963, "fig_size_poster": 0.4312849162011173}, "28": {"fig_size": 67362, "fig_aspectRatio": 1.4174311926605505, "fig_size_poster": 0.3452513966480447}, "29": {"fig_size": 103124, "fig_aspectRatio": 2.502463054187192, "fig_size_poster": 0.5675977653631284}, "textRatio": 0.22910216718266255, "figRatio": 0.29703865990000483}, "30": {"xy": [1660, 1111, 902, 392], "panel_size": 353584, "panel_aspectRatio": 2.3010204081632653, "category": "Discussion", "figures": 0, "textlen": 55, "fig_size": 0, "title": "Discussion", "textRatio": 0.17027863777089783, "figRatio": 0.0}}}