{"poster_size": 3317760, "doclen": 190, "figlen": 1394162, "section": {"1": {"xy": [127, 59, 1715, 72], "panel_size": 123480, "panel_aspectRatio": 23.819444444444443, "category": "Title", "figures": 0, "textlen": 0, "fig_size": 0, "title": "Shale Gas Production Decline Prediction Using Machine Learning Algorithms", "textRatio": 0.0, "figRatio": 0.0}, "2": {"xy": [72, 270, 404, 485], "panel_size": 195940, "panel_aspectRatio": 0.8329896907216495, "category": "Method", "figures": 0, "textlen": 75, "fig_size": 0, "title": "Method", "textRatio": 0.39473684210526316, "figRatio": 0.0}, "4": {"xy": [70, 762, 399, 643], "panel_size": 256557, "panel_aspectRatio": 0.6205287713841369, "category": "Method", "figures": 0, "textlen": 0, "fig_size": 0, "title": "Data", "textRatio": 0.0, "figRatio": 0.0}, "5": {"xy": [511, 272, 1281, 1138], "panel_size": 1457778, "panel_aspectRatio": 1.125659050966608, "category": "Result", "figures": 12, "textlen": 19, "fig_size": 1215334, "title": "Results", "6": {"fig_size": 102510, "fig_aspectRatio": 1.576470588235294, "fig_size_poster": 0.31381733021077285}, "7": {"fig_size": 100492, "fig_aspectRatio": 1.498069498069498, "fig_size_poster": 0.30288836846213896}, "8": {"fig_size": 102543, "fig_aspectRatio": 1.5525291828793775, "fig_size_poster": 0.3114754098360656}, "9": {"fig_size": 100330, "fig_aspectRatio": 1.5551181102362204, "fig_size_poster": 0.3083528493364559}, "10": {"fig_size": 99144, "fig_aspectRatio": 1.6790123456790123, "fig_size_poster": 0.3185011709601874}, "11": {"fig_size": 99788, "fig_aspectRatio": 1.6356275303643724, "fig_size_poster": 0.3153786104605777}, "12": {"fig_size": 104448, "fig_aspectRatio": 1.59375, "fig_size_poster": 0.3185011709601874}, "13": {"fig_size": 99200, "fig_aspectRatio": 1.6129032258064515, "fig_size_poster": 0.312256049960968}, "14": {"fig_size": 104832, "fig_aspectRatio": 1.6507936507936507, "fig_size_poster": 0.32474629195940674}, "15": {"fig_size": 102000, "fig_aspectRatio": 1.632, "fig_size_poster": 0.3185011709601874}, "16": {"fig_size": 96635, "fig_aspectRatio": 1.5338645418326693, "fig_size_poster": 0.3005464480874317}, "17": {"fig_size": 103412, "fig_aspectRatio": 1.6414342629482073, "fig_size_poster": 0.32162373145979706}, "textRatio": 0.1, "figRatio": 0.8717308318545478}, "19": {"xy": [1825, 264, 416, 733], "panel_size": 304928, "panel_aspectRatio": 0.567530695770805, "category": "Method", "figures": 2, "textlen": 27, "fig_size": 178828, "title": "Cross-Validation", "20": {"fig_size": 89548, "fig_aspectRatio": 1.5040983606557377, "fig_size_poster": 0.8822115384615384}, "21": {"fig_size": 89280, "fig_aspectRatio": 1.55, "fig_size_poster": 0.8942307692307693}, "textRatio": 0.14210526315789473, "figRatio": 0.12826916814545225}, "26": {"xy": [1825, 1000, 419, 405], "panel_size": 169695, "panel_aspectRatio": 1.0345679012345679, "category": "Discussion", "figures": 0, "textlen": 69, "fig_size": 0, "title": "Dsicssion", "textRatio": 0.3631578947368421, "figRatio": 0.0}}}