{"poster_size": 116640000, "doclen": 231, "figlen": 35759080, "section": {"1": {"xy": [60, 120, 10720, 1160], "panel_size": 12435200, "panel_aspectRatio": 9.241379310344827, "category": "Title", "figures": 0, "textlen": 0, "fig_size": 0, "title": "Data-Driven Discovery and Design of Superionic Lithium Conductors for High Performance Lithium Ion Batteries", "textRatio": 0.0, "figRatio": 0.0}, "2": {"xy": [27, 2073, 6800, 2654], "panel_size": 18047200, "panel_aspectRatio": 2.562170308967596, "category": "Introduction", "figures": 1, "textlen": 49, "fig_size": 6181890, "title": "MOTIVATION", "6": {"fig_size": 6181890, "fig_aspectRatio": 1.3435897435897435, "fig_size_poster": 0.4238235294117647}, "textRatio": 0.21212121212121213, "figRatio": 0.17287609189050726}, "7": {"xy": [18, 4836, 2691, 5709], "panel_size": 15362919, "panel_aspectRatio": 0.47136100893326327, "category": "Method", "figures": 2, "textlen": 55, "fig_size": 3065578, "title": "Data and Features", "9": {"fig_size": 1541744, "fig_aspectRatio": 0.8637724550898204, "fig_size_poster": 0.4288368636194723}, "10": {"fig_size": 1523834, "fig_aspectRatio": 0.8202494497432135, "fig_size_poster": 0.41545893719806765}, "textRatio": 0.23809523809523808, "figRatio": 0.08572865968587559}, "12": {"xy": [2764, 4827, 5391, 5973], "panel_size": 32200443, "panel_aspectRatio": 0.9025615268709192, "category": "Method", "figures": 6, "textlen": 49, "fig_size": 18839640, "title": "Model Selection and Performance", "14": {"fig_size": 1439067, "fig_aspectRatio": 3.8801313628899834, "fig_size_poster": 0.4383231311445001}, "16": {"fig_size": 1927200, "fig_aspectRatio": 3.01125, "fig_size_poster": 0.4468558708959377}, "18": {"fig_size": 3504000, "fig_aspectRatio": 1.5573333333333332, "fig_size_poster": 0.43331478389909106}, "19": {"fig_size": 3594438, "fig_aspectRatio": 1.5785288270377733, "fig_size_poster": 0.44184752365052865}, "21": {"fig_size": 4040192, "fig_aspectRatio": 1.4591346153846154, "fig_size_poster": 0.45038026340196624}, "22": {"fig_size": 4334743, "fig_aspectRatio": 1.548714883442917, "fig_size_poster": 0.48061584121684287}, "textRatio": 0.21212121212121213, "figRatio": 0.5268491247537689}, "23": {"xy": [8136, 4845, 2664, 5237], "panel_size": 13951368, "panel_aspectRatio": 0.5086881802558717, "category": "Result", "figures": 2, "textlen": 32, "fig_size": 7671972, "title": "Screening", "25": {"fig_size": 3813243, "fig_aspectRatio": 1.6746189529489728, "fig_size_poster": 0.9485735735735735}, "26": {"fig_size": 3858729, "fig_aspectRatio": 1.6548788474132285, "fig_size_poster": 0.9485735735735735}, "textRatio": 0.13852813852813853, "figRatio": 0.21454612366984832}, "28": {"xy": [6891, 2127, 3909, 2609], "panel_size": 10198581, "panel_aspectRatio": 1.4982752012265235, "category": "Discussion", "figures": 0, "textlen": 46, "fig_size": 0, "title": "KEY POINTS", "textRatio": 0.19913419913419914, "figRatio": 0.0}}}