{"poster_size": 4478976, "doclen": 814, "figlen": 440944, "section": {"1": {"xy": [195, 19, 2225, 147], "panel_size": 327075, "panel_aspectRatio": 15.136054421768707, "category": "Title", "figures": 0, "textlen": 0, "fig_size": 0, "title": "Theoretical Guarantee of Efficiently Satisfying Subgroup Fairness in Multi-class Classification Settings", "textRatio": 0.0, "figRatio": 0.0}, "2": {"xy": [40, 277, 858, 191], "panel_size": 163878, "panel_aspectRatio": 4.492146596858639, "category": "Introduction", "figures": 0, "textlen": 24, "fig_size": 0, "title": "Abstract", "textRatio": 0.029484029484029485, "figRatio": 0.0}, "4": {"xy": [44, 477, 860, 773], "panel_size": 664780, "panel_aspectRatio": 1.11254851228978, "category": "Introduction", "figures": 1, "textlen": 178, "fig_size": 87655, "title": "Introduction", "6": {"fig_size": 87655, "fig_aspectRatio": 1.5872340425531914, "fig_size_poster": 0.43372093023255814}, "textRatio": 0.21867321867321868, "figRatio": 0.19878941543597373}, "9": {"xy": [40, 1254, 864, 460], "panel_size": 397440, "panel_aspectRatio": 1.8782608695652174, "category": "Method", "figures": 3, "textlen": 54, "fig_size": 78864, "title": "Definitions", "11": {"fig_size": 35616, "fig_aspectRatio": 5.0476190476190474, "fig_size_poster": 0.49074074074074076}, "13": {"fig_size": 31164, "fig_aspectRatio": 17.666666666666668, "fig_size_poster": 0.8587962962962963}, "15": {"fig_size": 12084, "fig_aspectRatio": 8.368421052631579, "fig_size_poster": 0.3680555555555556}, "textRatio": 0.06633906633906633, "figRatio": 0.17885264341957255}, "17": {"xy": [922, 281, 1029, 700], "panel_size": 720300, "panel_aspectRatio": 1.47, "category": "Method", "figures": 2, "textlen": 168, "fig_size": 182576, "title": "Previous Work", "19": {"fig_size": 14240, "fig_aspectRatio": 8.9, "fig_size_poster": 0.3459669582118562}, "21": {"fig_size": 168336, "fig_aspectRatio": 1.5089820359281436, "fig_size_poster": 0.4897959183673469}, "textRatio": 0.20638820638820637, "figRatio": 0.41405711382851335}, "23": {"xy": [926, 999, 1003, 233], "panel_size": 233699, "panel_aspectRatio": 4.304721030042918, "category": "Method", "figures": 0, "textlen": 57, "fig_size": 0, "title": "Our Approach", "textRatio": 0.07002457002457002, "figRatio": 0.0}, "25": {"xy": [922, 1234, 987, 467], "panel_size": 460929, "panel_aspectRatio": 2.113490364025696, "category": "Result", "figures": 3, "textlen": 102, "fig_size": 63805, "title": "Definition of Fairness in Multi-class Settings", "27": {"fig_size": 35948, "fig_aspectRatio": 6.223684210526316, "fig_size_poster": 0.47922998986828774}, "30": {"fig_size": 19145, "fig_aspectRatio": 15.628571428571428, "fig_size_poster": 0.5542046605876393}, "32": {"fig_size": 8712, "fig_aspectRatio": 8.0, "fig_size_poster": 0.2674772036474164}, "textRatio": 0.12530712530712532, "figRatio": 0.1447009144018288}, "35": {"xy": [1964, 301, 600, 460], "panel_size": 276000, "panel_aspectRatio": 1.3043478260869565, "category": "Discussion", "figures": 0, "textlen": 100, "fig_size": 0, "title": "Discussion: Supplementary results proven", "textRatio": 0.12285012285012285, "figRatio": 0.0}, "37": {"xy": [1953, 781, 633, 465], "panel_size": 294345, "panel_aspectRatio": 1.3612903225806452, "category": "Method", "figures": 1, "textlen": 100, "fig_size": 28044, "title": "Future Work", "39": {"fig_size": 28044, "fig_aspectRatio": 4.170731707317073, "fig_size_poster": 0.5402843601895735}, "textRatio": 0.12285012285012285, "figRatio": 0.06359991291411154}, "41": {"xy": [1973, 1274, 585, 172], "panel_size": 100620, "panel_aspectRatio": 3.4011627906976742, "category": "Method", "figures": 0, "textlen": 31, "fig_size": 0, "title": "Acknowledgements", "textRatio": 0.038083538083538086, "figRatio": 0.0}}}