{"poster_size": 8036464, "doclen": 496, "figlen": 2502712, "section": {"1": {"xy": [377, 22, 2816, 118], "panel_size": 332288, "panel_aspectRatio": 23.864406779661017, "category": "Title", "figures": 0, "textlen": 0, "fig_size": 0, "title": "DEEPCROP: DIRECTED OBJECT SEGMENTATION WITH DEEP LEARNING", "textRatio": 0.0, "figRatio": 0.0}, "2": {"xy": [28, 261, 816, 754], "panel_size": 615264, "panel_aspectRatio": 1.0822281167108754, "category": "Introduction", "figures": 1, "textlen": 73, "fig_size": 79420, "title": "OVERVIEW", "4": {"fig_size": 79420, "fig_aspectRatio": 2.2, "fig_size_poster": 0.5122549019607843}, "textRatio": 0.14717741935483872, "figRatio": 0.031733575417387215}, "6": {"xy": [34, 1043, 820, 1310], "panel_size": 1074200, "panel_aspectRatio": 0.6259541984732825, "category": "Introduction", "figures": 2, "textlen": 88, "fig_size": 424242, "title": "BACKGROUND", "8": {"fig_size": 298599, "fig_aspectRatio": 1.7506053268765134, "fig_size_poster": 0.8817073170731707}, "10": {"fig_size": 125643, "fig_aspectRatio": 3.373056994818653, "fig_size_poster": 0.7939024390243903}, "textRatio": 0.1774193548387097, "figRatio": 0.16951291239263647}, "11": {"xy": [863, 268, 817, 977], "panel_size": 798209, "panel_aspectRatio": 0.8362333674513818, "category": "Method", "figures": 1, "textlen": 64, "fig_size": 347928, "title": "DEEPCROPV1", "13": {"fig_size": 347928, "fig_aspectRatio": 1.6732456140350878, "fig_size_poster": 0.9339045287637698}, "textRatio": 0.12903225806451613, "figRatio": 0.13902039068019012}, "14": {"xy": [876, 1261, 801, 1084], "panel_size": 868284, "panel_aspectRatio": 0.738929889298893, "category": "Method", "figures": 1, "textlen": 101, "fig_size": 154998, "title": "DEEPCROPV2", "16": {"fig_size": 154998, "fig_aspectRatio": 3.261467889908257, "fig_size_poster": 0.8876404494382022}, "textRatio": 0.20362903225806453, "figRatio": 0.06193201614888169}, "18": {"xy": [1695, 253, 1657, 1269], "panel_size": 2102733, "panel_aspectRatio": 1.30575256107171, "category": "Result", "figures": 2, "textlen": 54, "fig_size": 1496124, "title": "RESULTS", "19": {"fig_size": 754614, "fig_aspectRatio": 3.3165618448637315, "fig_size_poster": 0.9547374773687387}, "20": {"fig_size": 741510, "fig_aspectRatio": 3.4740259740259742, "fig_size_poster": 0.9686179843089922}, "textRatio": 0.10887096774193548, "figRatio": 0.5978011053609045}, "22": {"xy": [1705, 1556, 1636, 389], "panel_size": 636404, "panel_aspectRatio": 4.205655526992288, "category": "Discussion", "figures": 0, "textlen": 86, "fig_size": 0, "title": "DISCUSSION", "textRatio": 0.17338709677419356, "figRatio": 0.0}, "24": {"xy": [1693, 1968, 823, 377], "panel_size": 310271, "panel_aspectRatio": 2.183023872679045, "category": "Discussion", "figures": 0, "textlen": 30, "fig_size": 0, "title": "FUTURE", "textRatio": 0.06048387096774194, "figRatio": 0.0}}}