{"poster_size": 8957952, "doclen": 332, "figlen": 2320197, "section": {"1": {"xy": [624, 37, 2204, 121], "panel_size": 266684, "panel_aspectRatio": 18.214876033057852, "category": "Title", "figures": 0, "textlen": 0, "fig_size": 0, "title": "A Neural Network Based ElectroMagnetic Solver", "textRatio": 0.0, "figRatio": 0.0}, "2": {"xy": [35, 373, 832, 804], "panel_size": 668928, "panel_aspectRatio": 1.0348258706467661, "category": "Introduction", "figures": 0, "textlen": 81, "fig_size": 0, "title": "Background and Motivation", "textRatio": 0.24397590361445784, "figRatio": 0.0}, "4": {"xy": [39, 1193, 841, 258], "panel_size": 216978, "panel_aspectRatio": 3.25968992248062, "category": "Method", "figures": 0, "textlen": 20, "fig_size": 0, "title": "Problem Statement", "textRatio": 0.060240963855421686, "figRatio": 0.0}, "6": {"xy": [26, 1464, 854, 1127], "panel_size": 962458, "panel_aspectRatio": 0.7577639751552795, "category": "Method", "figures": 7, "textlen": 38, "fig_size": 317637, "title": "Problem Formulation", "8": {"fig_size": 38019, "fig_aspectRatio": 11.701754385964913, "fig_size_poster": 0.7810304449648712}, "10": {"fig_size": 30992, "fig_aspectRatio": 11.461538461538462, "fig_size_poster": 0.6978922716627635}, "12": {"fig_size": 47817, "fig_aspectRatio": 12.047619047619047, "fig_size_poster": 0.8887587822014051}, "13": {"fig_size": 84645, "fig_aspectRatio": 2.8947368421052633, "fig_size_poster": 0.5796252927400468}, "15": {"fig_size": 12336, "fig_aspectRatio": 5.354166666666667, "fig_size_poster": 0.3009367681498829}, "16": {"fig_size": 40228, "fig_aspectRatio": 5.078651685393258, "fig_size_poster": 0.5292740046838408}, "17": {"fig_size": 63600, "fig_aspectRatio": 5.660377358490566, "fig_size_poster": 0.702576112412178}, "textRatio": 0.1144578313253012, "figRatio": 0.13690087522740527}, "18": {"xy": [891, 379, 853, 1227], "panel_size": 1046631, "panel_aspectRatio": 0.6951915240423798, "category": "Method", "figures": 8, "textlen": 11, "fig_size": 433862, "title": "Laplace Equation - Dirichlet boundary conditions", "19": {"fig_size": 26082, "fig_aspectRatio": 5.478260869565218, "fig_size_poster": 0.44314185228604924}, "21": {"fig_size": 8592, "fig_aspectRatio": 3.7291666666666665, "fig_size_poster": 0.20984759671746775}, "22": {"fig_size": 34398, "fig_aspectRatio": 11.796296296296296, "fig_size_poster": 0.7467760844079718}, "23": {"fig_size": 14496, "fig_aspectRatio": 6.291666666666667, "fig_size_poster": 0.3540445486518171}, "24": {"fig_size": 23088, "fig_aspectRatio": 8.538461538461538, "fig_size_poster": 0.5205158264947245}, "26": {"fig_size": 59800, "fig_aspectRatio": 7.065217391304348, "fig_size_poster": 0.7620164126611958}, "28": {"fig_size": 68340, "fig_aspectRatio": 6.568627450980392, "fig_size_poster": 0.7854630715123095}, "30": {"fig_size": 199066, "fig_aspectRatio": 3.4273858921161824, "fig_size_poster": 0.9683470105509965}, "textRatio": 0.03313253012048193, "figRatio": 0.1869936044223831}, "31": {"xy": [894, 1625, 873, 966], "panel_size": 843318, "panel_aspectRatio": 0.9037267080745341, "category": "Method", "figures": 7, "textlen": 8, "fig_size": 347683, "title": "Poisson's Equation - Mixed boundary conditions", "32": {"fig_size": 54448, "fig_aspectRatio": 7.903614457831325, "fig_size_poster": 0.7514318442153494}, "34": {"fig_size": 9000, "fig_aspectRatio": 3.6, "fig_size_poster": 0.20618556701030927}, "35": {"fig_size": 35255, "fig_aspectRatio": 11.654545454545454, "fig_size_poster": 0.7342497136311569}, "36": {"fig_size": 29666, "fig_aspectRatio": 3.5824175824175826, "fig_size_poster": 0.3734249713631157}, "37": {"fig_size": 30940, "fig_aspectRatio": 6.314285714285714, "fig_size_poster": 0.5063001145475372}, "39": {"fig_size": 19030, "fig_aspectRatio": 6.290909090909091, "fig_size_poster": 0.3963344788087056}, "41": {"fig_size": 169344, "fig_aspectRatio": 2.6666666666666665, "fig_size_poster": 0.7697594501718213}, "textRatio": 0.024096385542168676, "figRatio": 0.1498506376829209}, "42": {"xy": [1769, 388, 772, 2203], "panel_size": 1700716, "panel_aspectRatio": 0.3504312301407172, "category": "Result", "figures": 8, "textlen": 96, "fig_size": 783354, "title": "Results and Discussion", "44": {"fig_size": 82902, "fig_aspectRatio": 1.3699186991869918, "fig_size_poster": 0.4365284974093264}, "46": {"fig_size": 88806, "fig_aspectRatio": 1.467479674796748, "fig_size_poster": 0.4676165803108808}, "48": {"fig_size": 89344, "fig_aspectRatio": 1.36328125, "fig_size_poster": 0.4520725388601036}, "50": {"fig_size": 85261, "fig_aspectRatio": 1.33201581027668, "fig_size_poster": 0.4365284974093264}, "53": {"fig_size": 27150, "fig_aspectRatio": 10.86, "fig_size_poster": 0.7033678756476683}, "55": {"fig_size": 31078, "fig_aspectRatio": 4.621951219512195, "fig_size_poster": 0.49093264248704666}, "56": {"fig_size": 190240, "fig_aspectRatio": 1.7682926829268293, "fig_size_poster": 0.7512953367875648}, "58": {"fig_size": 188573, "fig_aspectRatio": 1.6217008797653958, "fig_size_poster": 0.716321243523316}, "textRatio": 0.2891566265060241, "figRatio": 0.3376239172794379}, "61": {"xy": [2563, 395, 893, 1074], "panel_size": 959082, "panel_aspectRatio": 0.8314711359404097, "category": "Result", "figures": 5, "textlen": 23, "fig_size": 437661, "title": "Results and Discussion (Contd...)", "62": {"fig_size": 82782, "fig_aspectRatio": 1.726027397260274, "fig_size_poster": 0.4232922732362822}, "64": {"fig_size": 80088, "fig_aspectRatio": 1.7652582159624413, "fig_size_poster": 0.42105263157894735}, "66": {"fig_size": 76818, "fig_aspectRatio": 1.631336405529954, "fig_size_poster": 0.3964165733482643}, "68": {"fig_size": 76467, "fig_aspectRatio": 1.6854460093896713, "fig_size_poster": 0.40201567749160133}, "70": {"fig_size": 121506, "fig_aspectRatio": 1.7566539923954372, "fig_size_poster": 0.5173572228443449}, "textRatio": 0.06927710843373494, "figRatio": 0.18863096538785284}, "72": {"xy": [2580, 1503, 870, 507], "panel_size": 441090, "panel_aspectRatio": 1.7159763313609468, "category": "Discussion", "figures": 0, "textlen": 55, "fig_size": 0, "title": "Summary and Future Work", "textRatio": 0.16566265060240964, "figRatio": 0.0}}}