{"poster_size": 8018220, "doclen": 453, "figlen": 3086730, "section": {"1": {"xy": [834, 47, 1919, 196], "panel_size": 376124, "panel_aspectRatio": 9.790816326530612, "category": "Title", "figures": 0, "textlen": 0, "fig_size": 0, "title": "Physics-aware Neutral Network Approach to Inverse Problems in Groundwater Contamination", "textRatio": 0.0, "figRatio": 0.0}, "2": {"xy": [24, 315, 1111, 845], "panel_size": 938795, "panel_aspectRatio": 1.314792899408284, "category": "Introduction", "figures": 1, "textlen": 132, "fig_size": 236826, "title": "1  Background and Motivation", "5": {"fig_size": 236826, "fig_aspectRatio": 1.1905829596412556, "fig_size_poster": 0.47794779477947796}, "textRatio": 0.2913907284768212, "figRatio": 0.07672391171239468}, "6": {"xy": [26, 1181, 1075, 575], "panel_size": 618125, "panel_aspectRatio": 1.8695652173913044, "category": "Method", "figures": 2, "textlen": 17, "fig_size": 381840, "title": "2  Problem Statement", "7": {"fig_size": 76440, "fig_aspectRatio": 2.3076923076923075, "fig_size_poster": 0.39069767441860465}, "9": {"fig_size": 305400, "fig_aspectRatio": 3.3933333333333335, "fig_size_poster": 0.9469767441860465}, "textRatio": 0.037527593818984545, "figRatio": 0.12370372530153269}, "10": {"xy": [15, 1783, 1104, 573], "panel_size": 632592, "panel_aspectRatio": 1.9267015706806283, "category": "Method", "figures": 3, "textlen": 43, "fig_size": 284396, "title": "3  Data Generation", "12": {"fig_size": 89994, "fig_aspectRatio": 1.1236749116607774, "fig_size_poster": 0.28804347826086957}, "13": {"fig_size": 91266, "fig_aspectRatio": 1.10801393728223, "fig_size_poster": 0.28804347826086957}, "14": {"fig_size": 103136, "fig_aspectRatio": 1.2013651877133107, "fig_size_poster": 0.3188405797101449}, "textRatio": 0.09492273730684327, "figRatio": 0.0921350425855193}, "15": {"xy": [1157, 318, 1109, 1445], "panel_size": 1602505, "panel_aspectRatio": 0.7674740484429066, "category": "Method", "figures": 3, "textlen": 123, "fig_size": 790200, "title": "4  Methods", "17": {"fig_size": 274664, "fig_aspectRatio": 3.553956834532374, "fig_size_poster": 0.890892696122633}, "19": {"fig_size": 202210, "fig_aspectRatio": 1.5178082191780822, "fig_size_poster": 0.4995491433724076}, "22": {"fig_size": 313326, "fig_aspectRatio": 3.2815533980582523, "fig_size_poster": 0.9143372407574392}, "textRatio": 0.271523178807947, "figRatio": 0.25599906697378777}, "23": {"xy": [1149, 1778, 1059, 567], "panel_size": 600453, "panel_aspectRatio": 1.8677248677248677, "category": "Result", "figures": 6, "textlen": 6, "fig_size": 331885, "title": "5  Experiments and Results", "25": {"fig_size": 57514, "fig_aspectRatio": 1.544041450777202, "fig_size_poster": 0.2813975448536355}, "26": {"fig_size": 53390, "fig_aspectRatio": 1.4789473684210526, "fig_size_poster": 0.26534466477809254}, "27": {"fig_size": 56024, "fig_aspectRatio": 1.5851063829787233, "fig_size_poster": 0.2813975448536355}, "28": {"fig_size": 55377, "fig_aspectRatio": 1.5502645502645502, "fig_size_poster": 0.2766761095372993}, "29": {"fig_size": 51522, "fig_aspectRatio": 1.489247311827957, "fig_size_poster": 0.2615675165250236}, "30": {"fig_size": 58058, "fig_aspectRatio": 1.7527472527472527, "fig_size_poster": 0.3012275731822474}, "textRatio": 0.013245033112582781, "figRatio": 0.10751993209642567}, "31": {"xy": [2285, 321, 1083, 1386], "panel_size": 1501038, "panel_aspectRatio": 0.7813852813852814, "category": "Result", "figures": 11, "textlen": 18, "fig_size": 1061583, "title": "Experiments and Results", "33": {"fig_size": 58378, "fig_aspectRatio": 1.4306930693069306, "fig_size_poster": 0.26685133887349954}, "34": {"fig_size": 59772, "fig_aspectRatio": 1.4362745098039216, "fig_size_poster": 0.270544783010157}, "35": {"fig_size": 66300, "fig_aspectRatio": 1.5931372549019607, "fig_size_poster": 0.30009233610341646}, "39": {"fig_size": 107748, "fig_aspectRatio": 0.5616438356164384, "fig_size_poster": 0.22714681440443213}, "40": {"fig_size": 107748, "fig_aspectRatio": 0.5616438356164384, "fig_size_poster": 0.22714681440443213}, "41": {"fig_size": 104006, "fig_aspectRatio": 0.5446224256292906, "fig_size_poster": 0.21975992613111728}, "42": {"fig_size": 108624, "fig_aspectRatio": 0.5662100456621004, "fig_size_poster": 0.22899353647276086}, "44": {"fig_size": 110903, "fig_aspectRatio": 0.5501113585746102, "fig_size_poster": 0.22807017543859648}, "45": {"fig_size": 110162, "fig_aspectRatio": 0.5538116591928252, "fig_size_poster": 0.22807017543859648}, "46": {"fig_size": 106560, "fig_aspectRatio": 0.5405405405405406, "fig_size_poster": 0.22160664819944598}, "47": {"fig_size": 121382, "fig_aspectRatio": 0.618510158013544, "fig_size_poster": 0.2530009233610342}, "textRatio": 0.039735099337748346, "figRatio": 0.3439183213303399}, "48": {"xy": [2279, 1762, 1080, 579], "panel_size": 625320, "panel_aspectRatio": 1.8652849740932642, "category": "Discussion", "figures": 0, "textlen": 114, "fig_size": 0, "title": "6  Conclusion and Future Work", "textRatio": 0.25165562913907286, "figRatio": 0.0}}}