{"poster_size": 4478976, "doclen": 161, "figlen": 1904855, "section": {"1": {"xy": [83, 85, 2144, 76], "panel_size": 162944, "panel_aspectRatio": 28.210526315789473, "category": "Title", "figures": 0, "textlen": 0, "fig_size": 0, "title": "when does stochastic gradient descent work without variance reduction?", "textRatio": 0.0, "figRatio": 0.0}, "2": {"xy": [70, 257, 599, 1168], "panel_size": 699632, "panel_aspectRatio": 0.5128424657534246, "category": "Introduction", "figures": 3, "textlen": 74, "fig_size": 277287, "title": "Background", "3": {"fig_size": 16932, "fig_aspectRatio": 3.661764705882353, "fig_size_poster": 0.41569282136894825}, "4": {"fig_size": 50854, "fig_aspectRatio": 5.75531914893617, "fig_size_poster": 0.9031719532554258}, "5": {"fig_size": 209501, "fig_aspectRatio": 1.4281984334203655, "fig_size_poster": 0.9131886477462438}, "textRatio": 0.45962732919254656, "figRatio": 0.14556856033661356}, "11": {"xy": [693, 259, 589, 1416], "panel_size": 834024, "panel_aspectRatio": 0.4159604519774011, "category": "Method", "figures": 6, "textlen": 38, "fig_size": 561842, "title": "Least Squares", "12": {"fig_size": 245614, "fig_aspectRatio": 1.1916299559471366, "fig_size_poster": 0.9185059422750425}, "13": {"fig_size": 121980, "fig_aspectRatio": 2.3464912280701755, "fig_size_poster": 0.9083191850594228}, "14": {"fig_size": 26622, "fig_aspectRatio": 10.235294117647058, "fig_size_poster": 0.8862478777589134}, "15": {"fig_size": 86130, "fig_aspectRatio": 2.8448275862068964, "fig_size_poster": 0.8404074702886248}, "16": {"fig_size": 20368, "fig_aspectRatio": 14.105263157894736, "fig_size_poster": 0.9100169779286927}, "17": {"fig_size": 61128, "fig_aspectRatio": 5.2407407407407405, "fig_size_poster": 0.9609507640067911}, "textRatio": 0.2360248447204969, "figRatio": 0.29495263419000395}, "20": {"xy": [1933, 1334, 618, 261], "panel_size": 161298, "panel_aspectRatio": 2.367816091954023, "category": "Discussion", "figures": 0, "textlen": 28, "fig_size": 0, "title": "Future Work", "textRatio": 0.17391304347826086, "figRatio": 0.0}, "22": {"xy": [1946, 249, 620, 1067], "panel_size": 661540, "panel_aspectRatio": 0.5810684161199625, "category": "Method", "figures": 3, "textlen": 0, "fig_size": 521487, "title": "Support Vector MAchines", "23": {"fig_size": 209745, "fig_aspectRatio": 1.3443037974683545, "fig_size_poster": 0.8564516129032258}, "24": {"fig_size": 215082, "fig_aspectRatio": 1.5052910052910053, "fig_size_poster": 0.917741935483871}, "25": {"fig_size": 96660, "fig_aspectRatio": 3.016759776536313, "fig_size_poster": 0.8709677419354839}, "textRatio": 0.0, "figRatio": 0.27376729462347527}, "26": {"xy": [1310, 1328, 593, 318], "panel_size": 188574, "panel_aspectRatio": 1.8647798742138364, "category": "Method", "figures": 1, "textlen": 14, "fig_size": 49245, "title": "Support Vector Machines", "27": {"fig_size": 49245, "fig_aspectRatio": 4.466666666666667, "fig_size_poster": 0.790893760539629}, "textRatio": 0.08695652173913043, "figRatio": 0.02585236146583336}, "29": {"xy": [1318, 249, 590, 1076], "panel_size": 634840, "panel_aspectRatio": 0.5483271375464684, "category": "Method", "figures": 3, "textlen": 7, "fig_size": 494994, "title": "Least Square", "30": {"fig_size": 219090, "fig_aspectRatio": 1.355721393034826, "fig_size_poster": 0.923728813559322}, "31": {"fig_size": 195444, "fig_aspectRatio": 1.5421348314606742, "fig_size_poster": 0.9305084745762712}, "32": {"fig_size": 80460, "fig_aspectRatio": 3.6241610738255035, "fig_size_poster": 0.9152542372881356}, "textRatio": 0.043478260869565216, "figRatio": 0.25985914938407384}}}