{"poster_size": 3110400, "doclen": 860, "figlen": 268483, "section": {"1": {"xy": [178, 77, 1920, 56], "panel_size": 107520, "panel_aspectRatio": 34.285714285714285, "category": "Title", "figures": 0, "textlen": 0, "fig_size": 0, "title": "Kernel Learning Framework for Cancer Subtype Analysis with Multi-omics Data Integration", "textRatio": 0.0, "figRatio": 0.0}, "2": {"xy": [9, 268, 640, 427], "panel_size": 273280, "panel_aspectRatio": 1.4988290398126465, "category": "Introduction", "figures": 0, "textlen": 159, "fig_size": 0, "title": "Background", "textRatio": 0.18488372093023256, "figRatio": 0.0}, "4": {"xy": [5, 706, 646, 207], "panel_size": 133722, "panel_aspectRatio": 3.1207729468599035, "category": "Method", "figures": 0, "textlen": 41, "fig_size": 0, "title": "Objective", "textRatio": 0.047674418604651166, "figRatio": 0.0}, "6": {"xy": [8, 921, 638, 286], "panel_size": 182468, "panel_aspectRatio": 2.230769230769231, "category": "Method", "figures": 1, "textlen": 59, "fig_size": 15390, "title": "Problem Formulation", "8": {"fig_size": 15390, "fig_aspectRatio": 2.345679012345679, "fig_size_poster": 0.29780564263322884}, "textRatio": 0.0686046511627907, "figRatio": 0.057322065084195274}, "10": {"xy": [8, 1226, 641, 196], "panel_size": 125636, "panel_aspectRatio": 3.270408163265306, "category": "Method", "figures": 0, "textlen": 36, "fig_size": 0, "title": "Unsupervised Multiple Kernel Learning", "textRatio": 0.04186046511627907, "figRatio": 0.0}, "12": {"xy": [669, 279, 749, 166], "panel_size": 124334, "panel_aspectRatio": 4.5120481927710845, "category": "Method", "figures": 0, "textlen": 79, "fig_size": 0, "title": "Sparse Labels", "textRatio": 0.09186046511627907, "figRatio": 0.0}, "15": {"xy": [654, 453, 766, 985], "panel_size": 754510, "panel_aspectRatio": 0.7776649746192893, "category": "Method", "figures": 10, "textlen": 276, "fig_size": 253093, "title": "Optimization Problem", "19": {"fig_size": 28080, "fig_aspectRatio": 4.615384615384615, "fig_size_poster": 0.4699738903394256}, "25": {"fig_size": 6936, "fig_aspectRatio": 6.0, "fig_size_poster": 0.26631853785900783}, "28": {"fig_size": 9600, "fig_aspectRatio": 2.34375, "fig_size_poster": 0.195822454308094}, "30": {"fig_size": 28054, "fig_aspectRatio": 4.072289156626506, "fig_size_poster": 0.4412532637075718}, "31": {"fig_size": 92916, "fig_aspectRatio": 1.3639846743295019, "fig_size_poster": 0.46475195822454307}, "33": {"fig_size": 8626, "fig_aspectRatio": 5.973684210526316, "fig_size_poster": 0.2963446475195822}, "35": {"fig_size": 23896, "fig_aspectRatio": 1.7758620689655173, "fig_size_poster": 0.2689295039164491}, "39": {"fig_size": 4935, "fig_aspectRatio": 11.19047619047619, "fig_size_poster": 0.30678851174934724}, "41": {"fig_size": 2480, "fig_aspectRatio": 6.2, "fig_size_poster": 0.1618798955613577}, "43": {"fig_size": 47570, "fig_aspectRatio": 2.6492537313432836, "fig_size_poster": 0.46344647519582244}, "textRatio": 0.3209302325581395, "figRatio": 0.9426779349158048}, "44": {"xy": [1432, 268, 719, 488], "panel_size": 350872, "panel_aspectRatio": 1.473360655737705, "category": "Result", "figures": 0, "textlen": 106, "fig_size": 0, "title": "Data sources", "textRatio": 0.12325581395348838, "figRatio": 0.0}, "46": {"xy": [1429, 768, 720, 153], "panel_size": 110160, "panel_aspectRatio": 4.705882352941177, "category": "Result", "figures": 0, "textlen": 63, "fig_size": 0, "title": "", "textRatio": 0.07325581395348837, "figRatio": 0.0}, "49": {"xy": [1436, 926, 716, 108], "panel_size": 77328, "panel_aspectRatio": 6.62962962962963, "category": "Discussion", "figures": 0, "textlen": 41, "fig_size": 0, "title": "Acknowledgements ", "textRatio": 0.047674418604651166, "figRatio": 0.0}}}