{"poster_size": 3193344, "doclen": 258, "figlen": 909407, "section": {"1": {"xy": [34, 29, 1718, 77], "panel_size": 132286, "panel_aspectRatio": 22.31168831168831, "category": "Title", "figures": 0, "textlen": 0, "fig_size": 0, "title": "A Data-Driven Approach for Predicting Elastic Properties of Inorganic Materials", "textRatio": 0.0, "figRatio": 0.0}, "2": {"xy": [42, 195, 598, 539], "panel_size": 322322, "panel_aspectRatio": 1.1094619666048238, "category": "Introduction", "figures": 0, "textlen": 54, "fig_size": 0, "title": "Scope", "textRatio": 0.20930232558139536, "figRatio": 0.0}, "4": {"xy": [32, 754, 607, 808], "panel_size": 490456, "panel_aspectRatio": 0.7512376237623762, "category": "Method", "figures": 1, "textlen": 55, "fig_size": 151102, "title": "Data and Features", "7": {"fig_size": 151102, "fig_aspectRatio": 1.6677740863787376, "fig_size_poster": 0.8270181219110379}, "textRatio": 0.2131782945736434, "figRatio": 0.16615442810534778}, "8": {"xy": [679, 189, 632, 1371], "panel_size": 866472, "panel_aspectRatio": 0.46097738876732314, "category": "Method", "figures": 5, "textlen": 53, "fig_size": 529314, "title": "Supervised Learning Models", "10": {"fig_size": 25010, "fig_aspectRatio": 6.721311475409836, "fig_size_poster": 0.6487341772151899}, "11": {"fig_size": 153153, "fig_aspectRatio": 2.0549450549450547, "fig_size_poster": 0.8876582278481012}, "13": {"fig_size": 36260, "fig_aspectRatio": 7.4, "fig_size_poster": 0.819620253164557}, "14": {"fig_size": 157316, "fig_aspectRatio": 2.1902985074626864, "fig_size_poster": 0.9287974683544303}, "16": {"fig_size": 157575, "fig_aspectRatio": 2.0836363636363635, "fig_size_poster": 0.9066455696202531}, "textRatio": 0.2054263565891473, "figRatio": 0.5820430236406802}, "17": {"xy": [1344, 197, 643, 545], "panel_size": 350435, "panel_aspectRatio": 1.1798165137614678, "category": "Result", "figures": 3, "textlen": 20, "fig_size": 228991, "title": "Results", "18": {"fig_size": 101516, "fig_aspectRatio": 3.774390243902439, "fig_size_poster": 0.9626749611197511}, "20": {"fig_size": 64050, "fig_aspectRatio": 1.4523809523809523, "fig_size_poster": 0.47433903576982894}, "21": {"fig_size": 63425, "fig_aspectRatio": 1.372093023255814, "fig_size_poster": 0.45878693623639194}, "textRatio": 0.07751937984496124, "figRatio": 0.2518025482539721}, "22": {"xy": [1337, 742, 637, 350], "panel_size": 222950, "panel_aspectRatio": 1.82, "category": "Discussion", "figures": 0, "textlen": 51, "fig_size": 0, "title": "Discussion", "textRatio": 0.19767441860465115, "figRatio": 0.0}, "24": {"xy": [1339, 1107, 638, 448], "panel_size": 285824, "panel_aspectRatio": 1.4241071428571428, "category": "Discussion", "figures": 0, "textlen": 25, "fig_size": 0, "title": "Future Work and References", "textRatio": 0.09689922480620156, "figRatio": 0.0}}}