{"poster_size": 3902220, "doclen": 571, "figlen": 493397, "section": {"1": {"xy": [633, 234, 1068, 157], "panel_size": 167676, "panel_aspectRatio": 6.802547770700637, "category": "Title", "figures": 0, "textlen": 0, "fig_size": 0, "title": "Application of Variational Autoencoders inAircraft Turbomachinery Design", "textRatio": 0.0, "figRatio": 0.0}, "2": {"xy": [136, 463, 617, 1070], "panel_size": 660190, "panel_aspectRatio": 0.5766355140186916, "category": "Introduction", "figures": 2, "textlen": 232, "fig_size": 64125, "title": "Motivation", "5": {"fig_size": 18468, "fig_aspectRatio": 0.7037037037037037, "fig_size_poster": 0.1847649918962723}, "7": {"fig_size": 45657, "fig_aspectRatio": 5.764044943820225, "fig_size_poster": 0.8314424635332253}, "textRatio": 0.4063047285464098, "figRatio": 0.12996633542563088}, "8": {"xy": [762, 480, 564, 457], "panel_size": 257748, "panel_aspectRatio": 1.2341356673960613, "category": "Method", "figures": 2, "textlen": 71, "fig_size": 77883, "title": "model", "10": {"fig_size": 22272, "fig_aspectRatio": 9.666666666666666, "fig_size_poster": 0.8226950354609929}, "12": {"fig_size": 55611, "fig_aspectRatio": 4.513513513513513, "fig_size_poster": 0.8882978723404256}, "textRatio": 0.1243432574430823, "figRatio": 0.15785057468934752}, "13": {"xy": [758, 947, 565, 568], "panel_size": 320920, "panel_aspectRatio": 0.9947183098591549, "category": "Discussion", "figures": 2, "textlen": 97, "fig_size": 129363, "title": "Discussion", "15": {"fig_size": 61642, "fig_aspectRatio": 1.088235294117647, "fig_size_poster": 0.4584070796460177}, "16": {"fig_size": 67721, "fig_aspectRatio": 1.16597510373444, "fig_size_poster": 0.49734513274336284}, "textRatio": 0.16987740805604204, "figRatio": 0.2621884608135031}, "17": {"xy": [1329, 478, 802, 528], "panel_size": 423456, "panel_aspectRatio": 1.518939393939394, "category": "Result", "figures": 3, "textlen": 82, "fig_size": 222026, "title": "Results", "19": {"fig_size": 42952, "fig_aspectRatio": 3.9711538461538463, "fig_size_poster": 0.5149625935162094}, "20": {"fig_size": 83790, "fig_aspectRatio": 2.3210526315789473, "fig_size_poster": 0.5498753117206983}, "21": {"fig_size": 95284, "fig_aspectRatio": 1.156794425087108, "fig_size_poster": 0.4139650872817955}, "textRatio": 0.1436077057793345, "figRatio": 0.4499946290715185}, "22": {"xy": [1325, 1018, 399, 486], "panel_size": 193914, "panel_aspectRatio": 0.8209876543209876, "category": "Discussion", "figures": 0, "textlen": 89, "fig_size": 0, "title": "future work", "textRatio": 0.15586690017513136, "figRatio": 0.0}}}