{"poster_size": 4478976, "doclen": 378, "figlen": 1479726, "section": {"0": {"xy": [589, 35, 1417, 85], "panel_size": 120445, "panel_aspectRatio": 16.67058823529412, "category": "Title", "figures": 0, "textlen": 0, "fig_size": 0, "title": "Teaching Machines The Optimal Power Flow Problem", "textRatio": 0.0, "figRatio": 0.0}, "1": {"xy": [23, 239, 683, 467], "panel_size": 318961, "panel_aspectRatio": 1.462526766595289, "category": "Introduction", "figures": 0, "textlen": 87, "fig_size": 0, "title": "Introduction\n", "textRatio": 0.23015873015873015, "figRatio": 0.0}, "3": {"xy": [18, 715, 689, 1009], "panel_size": 695201, "panel_aspectRatio": 0.6828543111992071, "category": "Method", "figures": 1, "textlen": 96, "fig_size": 275747, "title": "Data Model/Features\n", "5": {"fig_size": 275747, "fig_aspectRatio": 1.4439359267734553, "fig_size_poster": 0.9158200290275762}, "textRatio": 0.25396825396825395, "figRatio": 0.18635004048046733}, "6": {"xy": [713, 233, 677, 752], "panel_size": 509104, "panel_aspectRatio": 0.9002659574468085, "category": "Method", "figures": 1, "textlen": 37, "fig_size": 252492, "title": "Algorithms\n", "8": {"fig_size": 252492, "fig_aspectRatio": 1.602015113350126, "fig_size_poster": 0.9394387001477105}, "textRatio": 0.09788359788359788, "figRatio": 0.1706342931056155}, "10": {"xy": [715, 985, 673, 735], "panel_size": 494655, "panel_aspectRatio": 0.9156462585034013, "category": "Result", "figures": 2, "textlen": 0, "fig_size": 330789, "title": "Results", "11": {"fig_size": 160512, "fig_aspectRatio": 2.44921875, "fig_size_poster": 0.9316493313521546}, "12": {"fig_size": 170277, "fig_aspectRatio": 2.353159851301115, "fig_size_poster": 0.9405646359583952}, "textRatio": 0.0, "figRatio": 0.22354746757169908}, "13": {"xy": [1397, 234, 602, 1493], "panel_size": 898786, "panel_aspectRatio": 0.4032150033489618, "category": "Result", "figures": 3, "textlen": 22, "fig_size": 620698, "title": "Results", "15": {"fig_size": 198394, "fig_aspectRatio": 1.3524804177545693, "fig_size_poster": 0.8604651162790697}, "17": {"fig_size": 202470, "fig_aspectRatio": 1.2846347607052897, "fig_size_poster": 0.8471760797342193}, "19": {"fig_size": 219834, "fig_aspectRatio": 1.2826086956521738, "fig_size_poster": 0.8820598006644518}, "textRatio": 0.0582010582010582, "figRatio": 0.4194681988422181}, "20": {"xy": [2003, 238, 580, 671], "panel_size": 389180, "panel_aspectRatio": 0.8643815201192251, "category": "Discussion", "figures": 0, "textlen": 93, "fig_size": 0, "title": "Discussion", "textRatio": 0.24603174603174602, "figRatio": 0.0}, "22": {"xy": [2004, 916, 582, 399], "panel_size": 232218, "panel_aspectRatio": 1.4586466165413534, "category": "Discussion", "figures": 0, "textlen": 43, "fig_size": 0, "title": "Future Work\n", "textRatio": 0.11375661375661375, "figRatio": 0.0}}}