{"poster_size": 3110400, "doclen": 289, "figlen": 534943, "section": {"1": {"xy": [424, 40, 1322, 75], "panel_size": 99150, "panel_aspectRatio": 17.626666666666665, "category": "Title", "figures": 0, "textlen": 0, "fig_size": 0, "title": "Medical lmage Retrieval from 3D Lesion Content", "textRatio": 0.0, "figRatio": 0.0}, "2": {"xy": [37, 244, 663, 660], "panel_size": 437580, "panel_aspectRatio": 1.0045454545454546, "category": "Introduction", "figures": 2, "textlen": 41, "fig_size": 128659, "title": "Content-Based image Retrieva!", "5": {"fig_size": 27219, "fig_aspectRatio": 1.6356589147286822, "fig_size_poster": 0.31825037707390647}, "7": {"fig_size": 101440, "fig_aspectRatio": 3.9625, "fig_size_poster": 0.9562594268476622}, "textRatio": 0.14186851211072665, "figRatio": 0.2405097365513709}, "9": {"xy": [33, 911, 655, 490], "panel_size": 320950, "panel_aspectRatio": 1.336734693877551, "category": "Method", "figures": 1, "textlen": 43, "fig_size": 62122, "title": "Liver Lesions", "12": {"fig_size": 62122, "fig_aspectRatio": 0.5100286532951289, "fig_size_poster": 0.2717557251908397}, "textRatio": 0.14878892733564014, "figRatio": 0.11612826039409806}, "11": {"xy": [752, 244, 674, 455], "panel_size": 306670, "panel_aspectRatio": 1.4813186813186814, "category": "Method", "figures": 1, "textlen": 42, "fig_size": 46860, "title": "3D Scale-Invariant Feature Transform", "16": {"fig_size": 46860, "fig_aspectRatio": 1.0328638497652582, "fig_size_poster": 0.3264094955489614}, "textRatio": 0.1453287197231834, "figRatio": 0.08759811793032155}, "18": {"xy": [757, 703, 674, 713], "panel_size": 480562, "panel_aspectRatio": 0.9453015427769986, "category": "Method", "figures": 2, "textlen": 57, "fig_size": 88956, "title": "Haralick Texture Features", "22": {"fig_size": 38760, "fig_aspectRatio": 1.0736842105263158, "fig_size_poster": 0.3026706231454006}, "23": {"fig_size": 50196, "fig_aspectRatio": 6.337078651685394, "fig_size_poster": 0.8367952522255193}, "textRatio": 0.1972318339100346, "figRatio": 0.1662906141401981}, "25": {"xy": [1457, 241, 660, 351], "panel_size": 231660, "panel_aspectRatio": 1.8803418803418803, "category": "Method", "figures": 0, "textlen": 36, "fig_size": 0, "title": "Supervised learning", "textRatio": 0.1245674740484429, "figRatio": 0.0}, "27": {"xy": [1457, 597, 690, 843], "panel_size": 581670, "panel_aspectRatio": 0.8185053380782918, "category": "Result", "figures": 2, "textlen": 70, "fig_size": 208346, "title": "Results and future work", "29": {"fig_size": 20540, "fig_aspectRatio": 4.861538461538461, "fig_size_poster": 0.4579710144927536}, "31": {"fig_size": 187806, "fig_aspectRatio": 2.4476534296028882, "fig_size_poster": 0.9826086956521739}, "textRatio": 0.2422145328719723, "figRatio": 0.38947327098401135}}}