{"poster_size": 4478976, "doclen": 484, "figlen": 1316608, "section": {"1": {"xy": [726, 24, 1164, 137], "panel_size": 159468, "panel_aspectRatio": 8.496350364963504, "category": "Title", "figures": 0, "textlen": 0, "fig_size": 0, "title": "Time Series Sales Forecasting", "textRatio": 0.0, "figRatio": 0.0}, "2": {"xy": [4, 331, 1199, 330], "panel_size": 395670, "panel_aspectRatio": 3.6333333333333333, "category": "Introduction", "figures": 1, "textlen": 80, "fig_size": 60552, "title": "Motivation", "3": {"fig_size": 60552, "fig_aspectRatio": 0.8888888888888888, "fig_size_poster": 0.19349457881567975}, "textRatio": 0.1652892561983471, "figRatio": 0.045990909974722924}, "5": {"xy": [3, 669, 1191, 342], "panel_size": 407322, "panel_aspectRatio": 3.482456140350877, "category": "Method", "figures": 0, "textlen": 115, "fig_size": 0, "title": "Problem Statement", "textRatio": 0.23760330578512398, "figRatio": 0.0}, "7": {"xy": [1213, 338, 944, 1183], "panel_size": 1116752, "panel_aspectRatio": 0.797971259509721, "category": "Method", "figures": 8, "textlen": 53, "fig_size": 615224, "title": "Implementations", "9": {"fig_size": 57240, "fig_aspectRatio": 1.2735849056603774, "fig_size_poster": 0.2860169491525424}, "10": {"fig_size": 58424, "fig_aspectRatio": 1.2293577981651376, "fig_size_poster": 0.2838983050847458}, "12": {"fig_size": 119428, "fig_aspectRatio": 1.4006849315068493, "fig_size_poster": 0.4332627118644068}, "13": {"fig_size": 70587, "fig_aspectRatio": 1.6473429951690821, "fig_size_poster": 0.361228813559322}, "15": {"fig_size": 148189, "fig_aspectRatio": 0.969309462915601, "fig_size_poster": 0.4014830508474576}, "16": {"fig_size": 59100, "fig_aspectRatio": 1.5228426395939085, "fig_size_poster": 0.3177966101694915}, "17": {"fig_size": 55384, "fig_aspectRatio": 1.6358695652173914, "fig_size_poster": 0.3188559322033898}, "18": {"fig_size": 46872, "fig_aspectRatio": 1.6607142857142858, "fig_size_poster": 0.2955508474576271}, "textRatio": 0.10950413223140495, "figRatio": 0.4672795547345907}, "22": {"xy": [1786, 1526, 372, 191], "panel_size": 71052, "panel_aspectRatio": 1.9476439790575917, "category": "Method", "figures": 0, "textlen": 40, "fig_size": 0, "title": "Implementations", "textRatio": 0.08264462809917356, "figRatio": 0.0}, "24": {"xy": [2164, 338, 428, 1385], "panel_size": 592780, "panel_aspectRatio": 0.30902527075812275, "category": "Method", "figures": 1, "textlen": 3, "fig_size": 497772, "title": "Implementations", "26": {"fig_size": 497772, "fig_aspectRatio": 0.315035799522673, "fig_size_poster": 0.9252336448598131}, "textRatio": 0.006198347107438017, "figRatio": 0.378071529263076}, "27": {"xy": [4, 1014, 1198, 589], "panel_size": 705622, "panel_aspectRatio": 2.033955857385399, "category": "Result", "figures": 2, "textlen": 151, "fig_size": 143060, "title": "Results", "29": {"fig_size": 35750, "fig_aspectRatio": 1.7482517482517483, "fig_size_poster": 0.20868113522537562}, "31": {"fig_size": 107310, "fig_aspectRatio": 1.2414965986394557, "fig_size_poster": 0.3046744574290484}, "textRatio": 0.3119834710743802, "figRatio": 0.10865800602761035}, "32": {"xy": [1223, 1523, 559, 203], "panel_size": 113477, "panel_aspectRatio": 2.7536945812807883, "category": "Discussion", "figures": 0, "textlen": 42, "fig_size": 0, "title": "Next Steps", "textRatio": 0.08677685950413223, "figRatio": 0.0}}}