{"poster_size": 8957952, "doclen": 480, "figlen": 1770833, "section": {"1": {"xy": [307, 41, 2954, 103], "panel_size": 304262, "panel_aspectRatio": 28.679611650485437, "category": "Title", "figures": 0, "textlen": 0, "fig_size": 0, "title": "Recommendation System and Retail Investors' Trading Behavior", "textRatio": 0.0, "figRatio": 0.0}, "2": {"xy": [71, 417, 780, 697], "panel_size": 543660, "panel_aspectRatio": 1.1190817790530847, "category": "Introduction", "figures": 0, "textlen": 94, "fig_size": 0, "title": "Introduction", "textRatio": 0.19583333333333333, "figRatio": 0.0}, "4": {"xy": [64, 1155, 803, 1210], "panel_size": 971630, "panel_aspectRatio": 0.6636363636363637, "category": "Introduction", "figures": 1, "textlen": 59, "fig_size": 416070, "title": "Data", "5": {"fig_size": 416070, "fig_aspectRatio": 0.926865671641791, "fig_size_poster": 0.7733499377334994}, "textRatio": 0.12291666666666666, "figRatio": 0.2349572206978298}, "7": {"xy": [893, 415, 794, 843], "panel_size": 669342, "panel_aspectRatio": 0.9418742586002372, "category": "Method", "figures": 1, "textlen": 82, "fig_size": 43554, "title": "Data Preprocessing & Feature Selection", "8": {"fig_size": 43554, "fig_aspectRatio": 2.9262295081967213, "fig_size_poster": 0.44962216624685136}, "textRatio": 0.17083333333333334, "figRatio": 0.024595204629685577}, "11": {"xy": [900, 1275, 796, 1200], "panel_size": 955200, "panel_aspectRatio": 0.6633333333333333, "category": "Method", "figures": 5, "textlen": 42, "fig_size": 460815, "title": "Methods", "12": {"fig_size": 53001, "fig_aspectRatio": 3.871794871794872, "fig_size_poster": 0.5690954773869347}, "13": {"fig_size": 92158, "fig_aspectRatio": 4.570422535211268, "fig_size_poster": 0.8153266331658291}, "14": {"fig_size": 104493, "fig_aspectRatio": 3.120218579234973, "fig_size_poster": 0.7173366834170855}, "15": {"fig_size": 126360, "fig_aspectRatio": 3.9, "fig_size_poster": 0.8819095477386935}, "16": {"fig_size": 84803, "fig_aspectRatio": 4.518248175182482, "fig_size_poster": 0.7776381909547738}, "textRatio": 0.0875, "figRatio": 0.26022499015999817}, "19": {"xy": [1697, 397, 789, 2091], "panel_size": 1649799, "panel_aspectRatio": 0.37733142037302725, "category": "Result", "figures": 3, "textlen": 67, "fig_size": 850394, "title": "Results", "20": {"fig_size": 215424, "fig_aspectRatio": 2.5972222222222223, "fig_size_poster": 0.9480354879594424}, "21": {"fig_size": 236640, "fig_aspectRatio": 1.9540229885057472, "fig_size_poster": 0.861850443599493}, "22": {"fig_size": 398330, "fig_aspectRatio": 0.9341500765696784, "fig_size_poster": 0.7731305449936628}, "textRatio": 0.13958333333333334, "figRatio": 0.4802225845124865}, "25": {"xy": [2556, 397, 865, 763], "panel_size": 659995, "panel_aspectRatio": 1.1336828309305373, "category": "Discussion", "figures": 0, "textlen": 100, "fig_size": 0, "title": "Discussion", "textRatio": 0.20833333333333334, "figRatio": 0.0}, "27": {"xy": [2571, 1187, 838, 536], "panel_size": 449168, "panel_aspectRatio": 1.5634328358208955, "category": "Discussion", "figures": 0, "textlen": 36, "fig_size": 0, "title": "Future Directions", "textRatio": 0.075, "figRatio": 0.0}}}