{"poster_size": 388800, "doclen": 386, "figlen": 130238, "section": {"1": {"xy": [20, 9, 214, 71], "panel_size": 15194, "panel_aspectRatio": 3.0140845070422535, "category": "Title", "figures": 0, "textlen": 0, "fig_size": 0, "title": "Machine Learning Classifier for Preoperative Diagnosis of Benign Thyroid Nodules", "textRatio": 0.0, "figRatio": 0.0}, "2": {"xy": [0, 163, 255, 373], "panel_size": 95115, "panel_aspectRatio": 0.6836461126005362, "category": "Introduction", "figures": 1, "textlen": 143, "fig_size": 11500, "title": "Introduction", "4": {"fig_size": 11500, "fig_aspectRatio": 1.358695652173913, "fig_size_poster": 0.49019607843137253}, "textRatio": 0.3704663212435233, "figRatio": 0.08829988175494095}, "7": {"xy": [257, 3, 226, 319], "panel_size": 72094, "panel_aspectRatio": 0.7084639498432602, "category": "Method", "figures": 1, "textlen": 76, "fig_size": 29970, "title": "Naive Bayes", "8": {"fig_size": 29970, "fig_aspectRatio": 1.6444444444444444, "fig_size_poster": 0.9823008849557522}, "textRatio": 0.19689119170984457, "figRatio": 0.23011717010396351}, "10": {"xy": [259, 344, 231, 177], "panel_size": 40887, "panel_aspectRatio": 1.305084745762712, "category": "Result", "figures": 2, "textlen": 0, "fig_size": 33288, "title": "Variable Selection with Random Forests", "11": {"fig_size": 16224, "fig_aspectRatio": 0.6666666666666666, "fig_size_poster": 0.45021645021645024}, "12": {"fig_size": 17064, "fig_aspectRatio": 0.6835443037974683, "fig_size_poster": 0.4675324675324675}, "textRatio": 0.0, "figRatio": 0.25559360555291083}, "13": {"xy": [485, 3, 234, 337], "panel_size": 78858, "panel_aspectRatio": 0.6943620178041543, "category": "Result", "figures": 2, "textlen": 27, "fig_size": 55480, "title": "Neural Network", "14": {"fig_size": 33726, "fig_aspectRatio": 1.582191780821918, "fig_size_poster": 0.9871794871794872}, "15": {"fig_size": 21754, "fig_aspectRatio": 0.9798657718120806, "fig_size_poster": 0.6239316239316239}, "textRatio": 0.06994818652849741, "figRatio": 0.4259893425881847}, "17": {"xy": [492, 347, 221, 172], "panel_size": 38012, "panel_aspectRatio": 1.2848837209302326, "category": "Discussion", "figures": 0, "textlen": 140, "fig_size": 0, "title": "Overall Analysis", "textRatio": 0.3626943005181347, "figRatio": 0.0}}}