{"poster_size": 3193344, "doclen": 345, "figlen": 380184, "section": {"1": {"xy": [114, 102, 424, 186], "panel_size": 78864, "panel_aspectRatio": 2.2795698924731185, "category": "Title", "figures": 0, "textlen": 0, "fig_size": 0, "title": "RPS BOT: Learning Human Patterns In A Random Game", "textRatio": 0.0, "figRatio": 0.0}, "2": {"xy": [67, 451, 562, 1070], "panel_size": 601340, "panel_aspectRatio": 0.525233644859813, "category": "Introduction", "figures": 1, "textlen": 117, "fig_size": 114285, "title": "Problem Statement and Approach", "4": {"fig_size": 114285, "fig_aspectRatio": 1.407017543859649, "fig_size_poster": 0.7135231316725978}, "textRatio": 0.3391304347826087, "figRatio": 0.30060444416387855}, "6": {"xy": [743, 463, 562, 1035], "panel_size": 581670, "panel_aspectRatio": 0.5429951690821256, "category": "Result", "figures": 2, "textlen": 41, "fig_size": 265899, "title": "Initial Results", "7": {"fig_size": 126791, "fig_aspectRatio": 1.3452768729641693, "fig_size_poster": 0.7348754448398577}, "8": {"fig_size": 139108, "fig_aspectRatio": 1.2620481927710843, "fig_size_poster": 0.7455516014234875}, "textRatio": 0.11884057971014493, "figRatio": 0.6993955558361215}, "10": {"xy": [1413, 466, 546, 1046], "panel_size": 571116, "panel_aspectRatio": 0.5219885277246654, "category": "Discussion", "figures": 0, "textlen": 187, "fig_size": 0, "title": "Analysis And Final Work", "textRatio": 0.5420289855072464, "figRatio": 0.0}}}