{"poster_size": 3981312, "doclen": 412, "figlen": 1137712, "section": {"1": {"xy": [568, 32, 1196, 80], "panel_size": 95680, "panel_aspectRatio": 14.95, "category": "Title", "figures": 0, "textlen": 0, "fig_size": 0, "title": "Visual Attention Models of Object Counting", "textRatio": 0.0, "figRatio": 0.0}, "3": {"xy": [31, 221, 722, 670], "panel_size": 483740, "panel_aspectRatio": 1.0776119402985074, "category": "Introduction", "figures": 0, "textlen": 111, "fig_size": 0, "title": "Background", "textRatio": 0.26941747572815533, "figRatio": 0.0}, "6": {"xy": [31, 902, 733, 816], "panel_size": 598128, "panel_aspectRatio": 0.8982843137254902, "category": "Method", "figures": 1, "textlen": 124, "fig_size": 86130, "title": "Methods", "10": {"fig_size": 86130, "fig_aspectRatio": 2.8448275862068964, "fig_size_poster": 0.6753069577080492}, "textRatio": 0.30097087378640774, "figRatio": 0.07570457198306776}, "11": {"xy": [760, 221, 783, 1113], "panel_size": 871479, "panel_aspectRatio": 0.7035040431266847, "category": "Method", "figures": 2, "textlen": 97, "fig_size": 422337, "title": "Network Formulation", "12": {"fig_size": 11592, "fig_aspectRatio": 2.9206349206349205, "fig_size_poster": 0.23499361430395913}, "14": {"fig_size": 410745, "fig_aspectRatio": 1.1759729272419628, "fig_size_poster": 0.8876117496807152}, "textRatio": 0.2354368932038835, "figRatio": 0.37121608983644366}, "15": {"xy": [771, 1345, 772, 365], "panel_size": 281780, "panel_aspectRatio": 2.115068493150685, "category": "Result", "figures": 1, "textlen": 0, "fig_size": 218250, "title": "Final Results", "16": {"fig_size": 218250, "fig_aspectRatio": 2.577319587628866, "fig_size_poster": 0.9715025906735751}, "textRatio": 0.0, "figRatio": 0.19183237937193243}, "17": {"xy": [1553, 214, 722, 1007], "panel_size": 727054, "panel_aspectRatio": 0.7169811320754716, "category": "Result", "figures": 2, "textlen": 80, "fig_size": 410995, "title": "", "19": {"fig_size": 209155, "fig_aspectRatio": 2.4033898305084747, "fig_size_poster": 0.981994459833795}, "20": {"fig_size": 201840, "fig_aspectRatio": 2.4, "fig_size_poster": 0.96398891966759}, "textRatio": 0.1941747572815534, "figRatio": 0.3612469588085561}}}