{"poster_size": 4478976, "doclen": 511, "figlen": 841551, "section": {"1": {"xy": [333, 54, 2042, 133], "panel_size": 271586, "panel_aspectRatio": 15.353383458646617, "category": "Title", "figures": 0, "textlen": 0, "fig_size": 0, "title": "Automated Detection of Breaks and Fractures in X-Ray Bone Images", "textRatio": 0.0, "figRatio": 0.0}, "2": {"xy": [35, 324, 852, 508], "panel_size": 432816, "panel_aspectRatio": 1.6771653543307086, "category": "Introduction", "figures": 0, "textlen": 124, "fig_size": 0, "title": "Introduction", "textRatio": 0.24266144814090018, "figRatio": 0.0}, "4": {"xy": [71, 834, 816, 846], "panel_size": 690336, "panel_aspectRatio": 0.9645390070921985, "category": "Method", "figures": 2, "textlen": 107, "fig_size": 153384, "title": "Data & Features", "6": {"fig_size": 72576, "fig_aspectRatio": 2.0317460317460316, "fig_size_poster": 0.47058823529411764}, "7": {"fig_size": 80808, "fig_aspectRatio": 1.6396396396396395, "fig_size_poster": 0.44607843137254904}, "textRatio": 0.20939334637964774, "figRatio": 0.1822634635334044}, "9": {"xy": [904, 325, 976, 1373], "panel_size": 1340048, "panel_aspectRatio": 0.7108521485797523, "category": "Result", "figures": 5, "textlen": 100, "fig_size": 688167, "title": "Models & Results", "10": {"fig_size": 253582, "fig_aspectRatio": 2.6905537459283386, "fig_size_poster": 0.8463114754098361}, "12": {"fig_size": 80507, "fig_aspectRatio": 1.7096774193548387, "fig_size_poster": 0.3801229508196721}, "15": {"fig_size": 135359, "fig_aspectRatio": 1.3470031545741326, "fig_size_poster": 0.4375}, "18": {"fig_size": 110047, "fig_aspectRatio": 2.778894472361809, "fig_size_poster": 0.5665983606557377}, "19": {"fig_size": 108672, "fig_aspectRatio": 1.3568904593639577, "fig_size_poster": 0.39344262295081966}, "textRatio": 0.19569471624266144, "figRatio": 0.8177365364665956}, "21": {"xy": [1895, 330, 649, 570], "panel_size": 369930, "panel_aspectRatio": 1.1385964912280702, "category": "Discussion", "figures": 0, "textlen": 88, "fig_size": 0, "title": "Discussion", "textRatio": 0.17221135029354206, "figRatio": 0.0}, "23": {"xy": [1889, 905, 682, 567], "panel_size": 386694, "panel_aspectRatio": 1.2028218694885362, "category": "Discussion", "figures": 0, "textlen": 92, "fig_size": 0, "title": "Summary / Future Work", "textRatio": 0.18003913894324852, "figRatio": 0.0}}}