{"poster_size": 4478976, "doclen": 924, "figlen": 922282, "section": {"1": {"xy": [297, 30, 1994, 89], "panel_size": 177466, "panel_aspectRatio": 22.40449438202247, "category": "Title", "figures": 0, "textlen": 0, "fig_size": 0, "title": "Supervised Learning Methods for Biometric Authentication on Mobile Devices", "textRatio": 0.0, "figRatio": 0.0}, "2": {"xy": [86, 243, 800, 165], "panel_size": 132000, "panel_aspectRatio": 4.848484848484849, "category": "Introduction", "figures": 0, "textlen": 35, "fig_size": 0, "title": "Abstract", "textRatio": 0.03787878787878788, "figRatio": 0.0}, "4": {"xy": [76, 426, 787, 369], "panel_size": 290403, "panel_aspectRatio": 2.1327913279132793, "category": "Introduction", "figures": 0, "textlen": 124, "fig_size": 0, "title": "Introduction", "textRatio": 0.1341991341991342, "figRatio": 0.0}, "7": {"xy": [83, 816, 779, 653], "panel_size": 508687, "panel_aspectRatio": 1.1929555895865238, "category": "Method", "figures": 2, "textlen": 174, "fig_size": 179420, "title": "Data and Features", "8": {"fig_size": 91707, "fig_aspectRatio": 1.7186147186147187, "fig_size_poster": 0.5096277278562259}, "9": {"fig_size": 87713, "fig_aspectRatio": 1.5355648535564854, "fig_size_poster": 0.4711168164313222}, "textRatio": 0.18831168831168832, "figRatio": 0.19453919733877492}, "11": {"xy": [905, 246, 808, 1258], "panel_size": 1016464, "panel_aspectRatio": 0.6422893481717011, "category": "Method", "figures": 2, "textlen": 327, "fig_size": 368878, "title": "Models and Discussion", "12": {"fig_size": 336336, "fig_aspectRatio": 1.5757575757575757, "fig_size_poster": 0.900990099009901}, "13": {"fig_size": 32542, "fig_aspectRatio": 11.584905660377359, "fig_size_poster": 0.7599009900990099}, "textRatio": 0.3538961038961039, "figRatio": 0.3999622675060339}, "16": {"xy": [1724, 241, 797, 700], "panel_size": 557900, "panel_aspectRatio": 1.1385714285714286, "category": "Result", "figures": 1, "textlen": 48, "fig_size": 373984, "title": "Results", "17": {"fig_size": 373984, "fig_aspectRatio": 1.5201612903225807, "fig_size_poster": 0.946047678795483}, "textRatio": 0.05194805194805195, "figRatio": 0.40549853515519113}, "19": {"xy": [1716, 951, 810, 537], "panel_size": 434970, "panel_aspectRatio": 1.5083798882681565, "category": "Discussion", "figures": 0, "textlen": 216, "fig_size": 0, "title": "Conclusion and Future Work", "textRatio": 0.23376623376623376, "figRatio": 0.0}}}