{"poster_size": 4478976, "doclen": 219, "figlen": 1881173, "section": {"1": {"xy": [305, 36, 1986, 102], "panel_size": 202572, "panel_aspectRatio": 19.470588235294116, "category": "Title", "figures": 0, "textlen": 0, "fig_size": 0, "title": "A \"generative\" model for computing electromagnetic field solutions", "textRatio": 0.0, "figRatio": 0.0}, "2": {"xy": [28, 254, 734, 506], "panel_size": 371404, "panel_aspectRatio": 1.4505928853754941, "category": "Introduction", "figures": 0, "textlen": 76, "fig_size": 0, "title": "Motivation", "textRatio": 0.3470319634703196, "figRatio": 0.0}, "4": {"xy": [28, 780, 731, 352], "panel_size": 257312, "panel_aspectRatio": 2.0767045454545454, "category": "Method", "figures": 2, "textlen": 0, "fig_size": 203672, "title": "Unsupervised learning: Maxwell residual", "5": {"fig_size": 96311, "fig_aspectRatio": 5.131386861313868, "fig_size_poster": 0.9616963064295485}, "6": {"fig_size": 107361, "fig_aspectRatio": 4.708609271523179, "fig_size_poster": 0.9726402188782489}, "textRatio": 0.0, "figRatio": 0.10826861750620491}, "7": {"xy": [24, 1148, 741, 288], "panel_size": 213408, "panel_aspectRatio": 2.5729166666666665, "category": "Method", "figures": 0, "textlen": 36, "fig_size": 0, "title": "Data and features", "textRatio": 0.1643835616438356, "figRatio": 0.0}, "9": {"xy": [783, 245, 1023, 490], "panel_size": 501270, "panel_aspectRatio": 2.0877551020408163, "category": "Method", "figures": 2, "textlen": 30, "fig_size": 234589, "title": "Model approach and architecture", "11": {"fig_size": 106750, "fig_aspectRatio": 7.172131147540983, "fig_size_poster": 0.855327468230694}, "14": {"fig_size": 127839, "fig_aspectRatio": 7.682170542635659, "fig_size_poster": 0.9687194525904204}, "textRatio": 0.136986301369863, "figRatio": 0.12470357590716005}, "15": {"xy": [790, 754, 1019, 918], "panel_size": 935442, "panel_aspectRatio": 1.1100217864923747, "category": "Result", "figures": 2, "textlen": 0, "fig_size": 856183, "title": "Results", "16": {"fig_size": 164492, "fig_aspectRatio": 6.115853658536586, "fig_size_poster": 0.9842983316977428}, "17": {"fig_size": 691691, "fig_aspectRatio": 1.4486251808972503, "fig_size_poster": 0.9823356231599607}, "textRatio": 0.0, "figRatio": 0.4551325157229027}, "18": {"xy": [1818, 253, 750, 913], "panel_size": 684750, "panel_aspectRatio": 0.8214676889375685, "category": "Result", "figures": 2, "textlen": 0, "fig_size": 586729, "title": "Related findings", "19": {"fig_size": 344309, "fig_aspectRatio": 1.4517453798767967, "fig_size_poster": 0.9426666666666667}, "20": {"fig_size": 242420, "fig_aspectRatio": 2.097058823529412, "fig_size_poster": 0.9506666666666667}, "textRatio": 0.0, "figRatio": 0.31189529086373236}, "21": {"xy": [1824, 1172, 748, 333], "panel_size": 249084, "panel_aspectRatio": 2.2462462462462462, "category": "Discussion", "figures": 0, "textlen": 57, "fig_size": 0, "title": "Discussion", "textRatio": 0.2602739726027397, "figRatio": 0.0}, "23": {"xy": [1827, 1519, 731, 150], "panel_size": 109650, "panel_aspectRatio": 4.873333333333333, "category": "Discussion", "figures": 0, "textlen": 20, "fig_size": 0, "title": "Future work", "textRatio": 0.091324200913242, "figRatio": 0.0}}}