{"poster_size": 4478976, "doclen": 773, "figlen": 666001, "section": {"1": {"xy": [429, 33, 1724, 111], "panel_size": 191364, "panel_aspectRatio": 15.531531531531531, "category": "Title", "figures": 0, "textlen": 0, "fig_size": 0, "title": "Predicting Propensity to Vote From Demographic and Labor Force Census Data", "textRatio": 0.0, "figRatio": 0.0}, "2": {"xy": [82, 249, 784, 398], "panel_size": 312032, "panel_aspectRatio": 1.9698492462311559, "category": "Introduction", "figures": 0, "textlen": 129, "fig_size": 0, "title": "What we are predicting\n", "textRatio": 0.16688227684346701, "figRatio": 0.0}, "4": {"xy": [77, 650, 796, 819], "panel_size": 651924, "panel_aspectRatio": 0.9719169719169719, "category": "Method", "figures": 4, "textlen": 111, "fig_size": 102639, "title": "Models and techniques\n", "8": {"fig_size": 32157, "fig_aspectRatio": 4.901234567901234, "fig_size_poster": 0.49874371859296485}, "9": {"fig_size": 43092, "fig_aspectRatio": 7.4605263157894735, "fig_size_poster": 0.7123115577889447}, "13": {"fig_size": 13950, "fig_aspectRatio": 2.48, "fig_size_poster": 0.23366834170854273}, "16": {"fig_size": 13440, "fig_aspectRatio": 3.28125, "fig_size_poster": 0.2638190954773869}, "textRatio": 0.14359637774902975, "figRatio": 0.15411238121264081}, "18": {"xy": [903, 245, 787, 318], "panel_size": 250266, "panel_aspectRatio": 2.4748427672955975, "category": "Method", "figures": 0, "textlen": 93, "fig_size": 0, "title": "Data and features\n", "textRatio": 0.1203104786545925, "figRatio": 0.0}, "20": {"xy": [903, 567, 780, 397], "panel_size": 309660, "panel_aspectRatio": 1.964735516372796, "category": "Result", "figures": 0, "textlen": 89, "fig_size": 0, "title": "Logistic regression results\n", "textRatio": 0.11513583441138421, "figRatio": 0.0}, "22": {"xy": [898, 966, 802, 531], "panel_size": 425862, "panel_aspectRatio": 1.5103578154425612, "category": "Result", "figures": 1, "textlen": 35, "fig_size": 194718, "title": "Logistic regression coefficients", "23": {"fig_size": 194718, "fig_aspectRatio": 1.2736572890025575, "fig_size_poster": 0.6209476309226932}, "textRatio": 0.045278137128072445, "figRatio": 0.2923689303769814}, "25": {"xy": [1735, 241, 777, 725], "panel_size": 563325, "panel_aspectRatio": 1.0717241379310345, "category": "Result", "figures": 2, "textlen": 138, "fig_size": 368644, "title": "Logistic regression coefficients", "26": {"fig_size": 166336, "fig_aspectRatio": 3.256637168141593, "fig_size_poster": 0.9472329472329473}, "28": {"fig_size": 202308, "fig_aspectRatio": 2.6557971014492754, "fig_size_poster": 0.9433719433719434}, "textRatio": 0.17852522639068563, "figRatio": 0.5535186884103778}, "30": {"xy": [1711, 964, 820, 553], "panel_size": 453460, "panel_aspectRatio": 1.4828209764918625, "category": "Discussion", "figures": 0, "textlen": 178, "fig_size": 0, "title": "Discussion and future directions\n", "textRatio": 0.23027166882276842, "figRatio": 0.0}}}