{"poster_size": 3499200, "doclen": 249, "figlen": 1399469, "section": {"1": {"xy": [588, 60, 975, 126], "panel_size": 122850, "panel_aspectRatio": 7.738095238095238, "category": "Title", "figures": 0, "textlen": 0, "fig_size": 0, "title": "Predicting a Happier Place", "textRatio": 0.0, "figRatio": 0.0}, "2": {"xy": [78, 377, 638, 346], "panel_size": 220748, "panel_aspectRatio": 1.8439306358381502, "category": "Introduction", "figures": 0, "textlen": 94, "fig_size": 0, "title": "Motivation", "textRatio": 0.37751004016064255, "figRatio": 0.0}, "4": {"xy": [76, 749, 629, 319], "panel_size": 200651, "panel_aspectRatio": 1.9717868338557993, "category": "Method", "figures": 1, "textlen": 53, "fig_size": 80652, "title": "Components of Happiness", "6": {"fig_size": 80652, "fig_aspectRatio": 0.986013986013986, "fig_size_poster": 0.4483306836248013}, "textRatio": 0.21285140562248997, "figRatio": 0.057630429827313076}, "7": {"xy": [74, 1052, 613, 521], "panel_size": 319373, "panel_aspectRatio": 1.1765834932821497, "category": "Method", "figures": 1, "textlen": 55, "fig_size": 210903, "title": "Data Hierarchy", "9": {"fig_size": 210903, "fig_aspectRatio": 1.600550964187328, "fig_size_poster": 0.9477977161500816}, "textRatio": 0.22088353413654618, "figRatio": 0.1507021591760875}, "10": {"xy": [736, 375, 683, 1172], "panel_size": 800476, "panel_aspectRatio": 0.5827645051194539, "category": "Result", "figures": 3, "textlen": 0, "fig_size": 697242, "title": "Data Exploration Results", "11": {"fig_size": 232932, "fig_aspectRatio": 1.8587570621468927, "fig_size_poster": 0.9633967789165446}, "12": {"fig_size": 273654, "fig_aspectRatio": 1.5966183574879227, "fig_size_poster": 0.9677891654465594}, "13": {"fig_size": 190656, "fig_aspectRatio": 2.298611111111111, "fig_size_poster": 0.9692532942898975}, "textRatio": 0.0, "figRatio": 0.4982189673368971}, "14": {"xy": [1444, 374, 645, 1117], "panel_size": 720465, "panel_aspectRatio": 0.5774395702775291, "category": "Result", "figures": 2, "textlen": 47, "fig_size": 410672, "title": "Binary Classification Results", "15": {"fig_size": 209076, "fig_aspectRatio": 1.31328320802005, "fig_size_poster": 0.8124031007751938}, "16": {"fig_size": 201596, "fig_aspectRatio": 1.2351485148514851, "fig_size_poster": 0.7736434108527132}, "textRatio": 0.18875502008032127, "figRatio": 0.29344844365970235}}}