{"poster_size": 8036464, "doclen": 580, "figlen": 654404, "section": {"1": {"xy": [198, 7, 3110, 241], "panel_size": 749510, "panel_aspectRatio": 12.904564315352697, "category": "Title", "figures": 0, "textlen": 8, "fig_size": 0, "title": "MACHINE COMPREHENSION USING ROBUST RULE-BASED FEATURES AND MULTIPLE-SENTENCE ENHANCING", "textRatio": 0.013793103448275862, "figRatio": 0.0}, "3": {"xy": [39, 271, 800, 597], "panel_size": 477600, "panel_aspectRatio": 1.340033500837521, "category": "Introduction", "figures": 0, "textlen": 72, "fig_size": 0, "title": "INTRODUCTION", "textRatio": 0.12413793103448276, "figRatio": 0.0}, "5": {"xy": [856, 262, 828, 613], "panel_size": 507564, "panel_aspectRatio": 1.3507340946166395, "category": "Introduction", "figures": 0, "textlen": 53, "fig_size": 0, "title": "SAMPLE INPUT\n", "textRatio": 0.09137931034482759, "figRatio": 0.0}, "7": {"xy": [1692, 260, 1653, 611], "panel_size": 1009983, "panel_aspectRatio": 2.7054009819967266, "category": "Method", "figures": 1, "textlen": 0, "fig_size": 475709, "title": "DATA PIPELINE", "8": {"fig_size": 475709, "fig_aspectRatio": 5.321070234113712, "fig_size_poster": 0.9624924379915305}, "textRatio": 0.0, "figRatio": 0.7269347375627289}, "9": {"xy": [13, 880, 2506, 1078], "panel_size": 2701468, "panel_aspectRatio": 2.324675324675325, "category": "Method", "figures": 0, "textlen": 282, "fig_size": 0, "title": "FEATURES AND MODEL", "textRatio": 0.4862068965517241, "figRatio": 0.0}, "11": {"xy": [2535, 884, 800, 1061], "panel_size": 848800, "panel_aspectRatio": 0.7540056550424128, "category": "Result", "figures": 1, "textlen": 84, "fig_size": 178695, "title": "RESULT", "13": {"fig_size": 178695, "fig_aspectRatio": 2.2, "fig_size_poster": 0.78375}, "textRatio": 0.14482758620689656, "figRatio": 0.27306526243727114}, "15": {"xy": [1680, 1970, 1672, 388], "panel_size": 648736, "panel_aspectRatio": 4.309278350515464, "category": "Introduction", "figures": 0, "textlen": 81, "fig_size": 0, "title": "FUTURE RESEARCH\n", "textRatio": 0.1396551724137931, "figRatio": 0.0}}}