{"poster_size": 27993600, "doclen": 240, "figlen": 7988948, "section": {"1": {"xy": [1804, 110, 2957, 499], "panel_size": 1475543, "panel_aspectRatio": 5.925851703406813, "category": "Title", "figures": 0, "textlen": 0, "fig_size": 0, "title": "Maximizing Returns on Lending Club with Machine Learning", "textRatio": 0.0, "figRatio": 0.0}, "2": {"xy": [95, 685, 2080, 989], "panel_size": 2057120, "panel_aspectRatio": 2.1031344792719917, "category": "Introduction", "figures": 1, "textlen": 55, "fig_size": 66748, "title": "Introduction", "4": {"fig_size": 66748, "fig_aspectRatio": 2.481707317073171, "fig_size_poster": 0.19567307692307692}, "textRatio": 0.22916666666666666, "figRatio": 0.008355042491201595}, "6": {"xy": [68, 1738, 2114, 1593], "panel_size": 3367602, "panel_aspectRatio": 1.3270558694287509, "category": "Method", "figures": 3, "textlen": 44, "fig_size": 1082768, "title": "Dataset", "8": {"fig_size": 70523, "fig_aspectRatio": 5.935779816513762, "fig_size_poster": 0.30605487228003786}, "10": {"fig_size": 492548, "fig_aspectRatio": 0.9554317548746518, "fig_size_poster": 0.32450331125827814}, "11": {"fig_size": 519697, "fig_aspectRatio": 0.9672578444747613, "fig_size_poster": 0.33538315988647116}, "textRatio": 0.18333333333333332, "figRatio": 0.13553323916991322}, "12": {"xy": [79, 3384, 2077, 883], "panel_size": 1833991, "panel_aspectRatio": 2.3522083805209513, "category": "Method", "figures": 0, "textlen": 55, "fig_size": 0, "title": "Approach", "textRatio": 0.22916666666666666, "figRatio": 0.0}, "14": {"xy": [4232, 631, 2157, 2664], "panel_size": 5746248, "panel_aspectRatio": 0.8096846846846847, "category": "Result", "figures": 2, "textlen": 48, "fig_size": 2037728, "title": "Models", "16": {"fig_size": 1357056, "fig_aspectRatio": 2.30078125, "fig_size_poster": 0.8191933240611962}, "17": {"fig_size": 680672, "fig_aspectRatio": 1.3426966292134832, "fig_size_poster": 0.4432081594807603}, "textRatio": 0.2, "figRatio": 0.25506837696277407}, "20": {"xy": [2204, 681, 1978, 2607], "panel_size": 5156646, "panel_aspectRatio": 0.7587265055619486, "category": "Result", "figures": 4, "textlen": 5, "fig_size": 3618886, "title": "Results", "21": {"fig_size": 1993173, "fig_aspectRatio": 1.8824101068999028, "fig_size_poster": 0.9792719919110212}, "23": {"fig_size": 611639, "fig_aspectRatio": 1.3748125937031483, "fig_size_poster": 0.46359959555106167}, "24": {"fig_size": 574092, "fig_aspectRatio": 1.2942942942942943, "fig_size_poster": 0.435793731041456}, "25": {"fig_size": 439982, "fig_aspectRatio": 3.4329608938547485, "fig_size_poster": 0.6213346814964611}, "textRatio": 0.020833333333333332, "figRatio": 0.4529865509200961}, "27": {"xy": [2325, 3353, 1833, 904], "panel_size": 1657032, "panel_aspectRatio": 2.0276548672566372, "category": "Discussion", "figures": 1, "textlen": 0, "fig_size": 1182818, "title": "Significant Features", "28": {"fig_size": 1182818, "fig_aspectRatio": 2.565537555228277, "fig_size_poster": 0.950354609929078}, "textRatio": 0.0, "figRatio": 0.148056790456015}, "29": {"xy": [4250, 3416, 2138, 696], "panel_size": 1488048, "panel_aspectRatio": 3.07183908045977, "category": "Discussion", "figures": 0, "textlen": 33, "fig_size": 0, "title": "Next Steps", "textRatio": 0.1375, "figRatio": 0.0}}}