{"poster_size": 3649536, "doclen": 399, "figlen": 340095, "section": {"1": {"xy": [542, 53, 1238, 96], "panel_size": 118848, "panel_aspectRatio": 12.895833333333334, "category": "Title", "figures": 0, "textlen": 0, "fig_size": 0, "title": "Predicting Compensation for Job Seekers", "textRatio": 0.0, "figRatio": 0.0}, "2": {"xy": [29, 292, 590, 616], "panel_size": 363440, "panel_aspectRatio": 0.9577922077922078, "category": "Introduction", "figures": 0, "textlen": 68, "fig_size": 0, "title": "Problem Background", "textRatio": 0.17042606516290726, "figRatio": 0.0}, "3": {"xy": [27, 933, 598, 629], "panel_size": 376142, "panel_aspectRatio": 0.9507154213036566, "category": "Introduction", "figures": 0, "textlen": 66, "fig_size": 0, "title": "Data Overview", "textRatio": 0.16541353383458646, "figRatio": 0.0}, "5": {"xy": [635, 279, 902, 1278], "panel_size": 1152756, "panel_aspectRatio": 0.7057902973395931, "category": "Method", "figures": 1, "textlen": 183, "fig_size": 70875, "title": "Modeling & Prediction Approaches", "8": {"fig_size": 70875, "fig_aspectRatio": 6.428571428571429, "fig_size_poster": 0.7483370288248337}, "textRatio": 0.45864661654135336, "figRatio": 0.20839765359678913}, "11": {"xy": [1549, 288, 722, 747], "panel_size": 539334, "panel_aspectRatio": 0.9665327978580991, "category": "Result", "figures": 1, "textlen": 27, "fig_size": 269220, "title": "Results", "13": {"fig_size": 269220, "fig_aspectRatio": 1.526190476190476, "fig_size_poster": 0.8878116343490304}, "textRatio": 0.06766917293233082, "figRatio": 0.7916023464032109}, "14": {"xy": [1558, 1045, 708, 507], "panel_size": 358956, "panel_aspectRatio": 1.3964497041420119, "category": "Discussion", "figures": 0, "textlen": 55, "fig_size": 0, "title": "Future Work", "textRatio": 0.13784461152882205, "figRatio": 0.0}}}