{"poster_size": 4478976, "doclen": 643, "figlen": 1281020, "section": {"1": {"xy": [398, 11, 1784, 66], "panel_size": 117744, "panel_aspectRatio": 27.03030303030303, "category": "Title", "figures": 0, "textlen": 0, "fig_size": 0, "title": "Improving efficient seismic collapse intensity measures using machine learning", "textRatio": 0.0, "figRatio": 0.0}, "2": {"xy": [38, 154, 806, 283], "panel_size": 228098, "panel_aspectRatio": 2.8480565371024733, "category": "Introduction", "figures": 0, "textlen": 99, "fig_size": 0, "title": "Predicting:", "textRatio": 0.15396578538102643, "figRatio": 0.0}, "4": {"xy": [28, 447, 821, 635], "panel_size": 521335, "panel_aspectRatio": 1.2929133858267716, "category": "Method", "figures": 2, "textlen": 53, "fig_size": 300976, "title": "Data:", "6": {"fig_size": 85824, "fig_aspectRatio": 1.0347222222222223, "fig_size_poster": 0.3629719853836784}, "7": {"fig_size": 215152, "fig_aspectRatio": 2.9080882352941178, "fig_size_poster": 0.9634591961023142}, "textRatio": 0.08242612752721618, "figRatio": 0.23495027400040594}, "8": {"xy": [28, 1091, 822, 600], "panel_size": 493200, "panel_aspectRatio": 1.37, "category": "Method", "figures": 1, "textlen": 98, "fig_size": 124972, "title": "Attributes:", "11": {"fig_size": 124972, "fig_aspectRatio": 1.267515923566879, "fig_size_poster": 0.48418491484184917}, "textRatio": 0.15241057542768274, "figRatio": 0.09755663455683752}, "12": {"xy": [862, 152, 1717, 1067], "panel_size": 1832039, "panel_aspectRatio": 1.6091846298031864, "category": "Result", "figures": 16, "textlen": 156, "fig_size": 855072, "title": "Results", "14": {"fig_size": 54784, "fig_aspectRatio": 1.1962616822429906, "fig_size_poster": 0.14909726266744322}, "15": {"fig_size": 56759, "fig_aspectRatio": 1.2748815165876777, "fig_size_poster": 0.1566686080372743}, "16": {"fig_size": 54967, "fig_aspectRatio": 1.2583732057416268, "fig_size_poster": 0.15317414094350612}, "17": {"fig_size": 57200, "fig_aspectRatio": 1.3221153846153846, "fig_size_poster": 0.16016307513104253}, "20": {"fig_size": 51128, "fig_aspectRatio": 1.855421686746988, "fig_size_poster": 0.1793826441467676}, "23": {"fig_size": 50544, "fig_aspectRatio": 1.9259259259259258, "fig_size_poster": 0.18171228887594643}, "26": {"fig_size": 48204, "fig_aspectRatio": 1.9807692307692308, "fig_size_poster": 0.17996505532906232}, "29": {"fig_size": 48822, "fig_aspectRatio": 1.9556962025316456, "fig_size_poster": 0.17996505532906232}, "32": {"fig_size": 56604, "fig_aspectRatio": 1.259433962264151, "fig_size_poster": 0.1555037856726849}, "33": {"fig_size": 60208, "fig_aspectRatio": 1.3396226415094339, "fig_size_poster": 0.16540477577169482}, "34": {"fig_size": 58636, "fig_aspectRatio": 1.280373831775701, "fig_size_poster": 0.15958066394874781}, "35": {"fig_size": 58636, "fig_aspectRatio": 1.280373831775701, "fig_size_poster": 0.15958066394874781}, "39": {"fig_size": 48360, "fig_aspectRatio": 1.9871794871794872, "fig_size_poster": 0.18054746651135703}, "42": {"fig_size": 51150, "fig_aspectRatio": 1.878787878787879, "fig_size_poster": 0.18054746651135703}, "45": {"fig_size": 48984, "fig_aspectRatio": 2.0128205128205128, "fig_size_poster": 0.18287711124053582}, "48": {"fig_size": 50086, "fig_aspectRatio": 2.0063291139240507, "fig_size_poster": 0.18462434478741993}, "textRatio": 0.24261275272161742, "figRatio": 0.6674930914427566}, "50": {"xy": [857, 1232, 822, 462], "panel_size": 379764, "panel_aspectRatio": 1.7792207792207793, "category": "Discussion", "figures": 0, "textlen": 179, "fig_size": 0, "title": "Discussion:", "textRatio": 0.27838258164852253, "figRatio": 0.0}, "52": {"xy": [1688, 1224, 876, 235], "panel_size": 205860, "panel_aspectRatio": 3.727659574468085, "category": "Discussion", "figures": 0, "textlen": 58, "fig_size": 0, "title": "Future work:", "textRatio": 0.09020217729393468, "figRatio": 0.0}}}