{"poster_size": 4478976, "doclen": 97, "figlen": 1088582, "section": {"1": {"xy": [282, 34, 2158, 188], "panel_size": 405704, "panel_aspectRatio": 11.47872340425532, "category": "Title", "figures": 0, "textlen": 0, "fig_size": 0, "title": "Object Classification Using RGB-D Data for Vision Aids Apples and Oranges", "textRatio": 0.0, "figRatio": 0.0}, "2": {"xy": [35, 362, 638, 728], "panel_size": 464464, "panel_aspectRatio": 0.8763736263736264, "category": "Introduction", "figures": 0, "textlen": 42, "fig_size": 0, "title": "Motivation", "textRatio": 0.4329896907216495, "figRatio": 0.0}, "4": {"xy": [33, 1134, 649, 570], "panel_size": 369930, "panel_aspectRatio": 1.1385964912280702, "category": "Method", "figures": 1, "textlen": 5, "fig_size": 200010, "title": "SVM", "5": {"fig_size": 200010, "fig_aspectRatio": 1.7404129793510323, "fig_size_poster": 0.9090909090909091}, "textRatio": 0.05154639175257732, "figRatio": 0.1837344361747668}, "7": {"xy": [705, 1134, 1100, 577], "panel_size": 634700, "panel_aspectRatio": 1.9064124783362217, "category": "Method", "figures": 1, "textlen": 13, "fig_size": 315256, "title": "Descriptors", "8": {"fig_size": 315256, "fig_aspectRatio": 3.1974522292993632, "fig_size_poster": 0.9127272727272727}, "textRatio": 0.13402061855670103, "figRatio": 0.28960243693171484}, "10": {"xy": [712, 357, 1847, 740], "panel_size": 1366780, "panel_aspectRatio": 2.495945945945946, "category": "Result", "figures": 3, "textlen": 37, "fig_size": 573316, "title": "Experimental Results", "12": {"fig_size": 123264, "fig_aspectRatio": 0.8359375, "fig_size_poster": 0.17379534380075798}, "13": {"fig_size": 216908, "fig_aspectRatio": 1.2180094786729858, "fig_size_poster": 0.2782891174878181}, "15": {"fig_size": 233144, "fig_aspectRatio": 0.6390728476821192, "fig_size_poster": 0.2089875473741202}, "textRatio": 0.38144329896907214, "figRatio": 0.5266631268935184}}}