{"poster_size": 4478976, "doclen": 376, "figlen": 1712854, "section": {"0": {"xy": [617, 14, 1336, 64], "panel_size": 85504, "panel_aspectRatio": 20.875, "category": "Title", "figures": 0, "textlen": 0, "fig_size": 0, "title": "Painless Prognosis of Myasthenia Gravis using Machine Learning", "textRatio": 0.0, "figRatio": 0.0}, "1": {"xy": [18, 179, 844, 513], "panel_size": 432972, "panel_aspectRatio": 1.645224171539961, "category": "Introduction", "figures": 3, "textlen": 82, "fig_size": 187714, "title": "1. What Are We Predicting? Myasthenia Gravis Diagnosis", "2": {"fig_size": 61050, "fig_aspectRatio": 1.2387387387387387, "fig_size_poster": 0.32582938388625593}, "3": {"fig_size": 64308, "fig_aspectRatio": 1.184549356223176, "fig_size_poster": 0.32701421800947866}, "4": {"fig_size": 62356, "fig_aspectRatio": 1.1008403361344539, "fig_size_poster": 0.3104265402843602}, "textRatio": 0.21808510638297873, "figRatio": 0.10959136038448111}, "7": {"xy": [23, 700, 837, 565], "panel_size": 472905, "panel_aspectRatio": 1.4814159292035398, "category": "Method", "figures": 1, "textlen": 59, "fig_size": 295298, "title": "2. How Are We Going To Do lt? Workflow:", "9": {"fig_size": 295298, "fig_aspectRatio": 2.2659279778393353, "fig_size_poster": 0.977299880525687}, "textRatio": 0.15691489361702127, "figRatio": 0.17240115036074294}, "10": {"xy": [22, 1272, 836, 419], "panel_size": 350284, "panel_aspectRatio": 1.9952267303102624, "category": "Method", "figures": 1, "textlen": 35, "fig_size": 209599, "title": "3. What Training Data Do We Have? 12056 patient data\n", "12": {"fig_size": 209599, "fig_aspectRatio": 2.3444816053511706, "fig_size_poster": 0.8385167464114832}, "textRatio": 0.09308510638297872, "figRatio": 0.12236828124288468}, "13": {"xy": [879, 183, 838, 197], "panel_size": 165086, "panel_aspectRatio": 4.253807106598985, "category": "Method", "figures": 0, "textlen": 28, "fig_size": 0, "title": "3b. Transform the data to metrics for the algorithm\n", "textRatio": 0.07446808510638298, "figRatio": 0.0}, "15": {"xy": [878, 389, 840, 374], "panel_size": 314160, "panel_aspectRatio": 2.2459893048128343, "category": "Method", "figures": 1, "textlen": 68, "fig_size": 52826, "title": "4. Step a: Baseline Model, Logistic Regression\n", "17": {"fig_size": 52826, "fig_aspectRatio": 3.5491803278688523, "fig_size_poster": 0.5154761904761904}, "textRatio": 0.18085106382978725, "figRatio": 0.03084092397834258}, "18": {"xy": [881, 776, 830, 459], "panel_size": 380970, "panel_aspectRatio": 1.8082788671023966, "category": "Method", "figures": 1, "textlen": 19, "fig_size": 204360, "title": "5. Step b: GDA, Naive Bayes, CNN\n", "20": {"fig_size": 204360, "fig_aspectRatio": 2.9770992366412212, "fig_size_poster": 0.9397590361445783}, "textRatio": 0.05053191489361702, "figRatio": 0.11930964343721065}, "21": {"xy": [883, 1255, 833, 422], "panel_size": 351526, "panel_aspectRatio": 1.9739336492890995, "category": "Method", "figures": 1, "textlen": 0, "fig_size": 166296, "title": "6. CNN Architecture", "22": {"fig_size": 166296, "fig_aspectRatio": 1.545731707317073, "fig_size_poster": 0.6086434573829532}, "textRatio": 0.0, "figRatio": 0.09708708389623401}, "23": {"xy": [1743, 189, 841, 629], "panel_size": 528989, "panel_aspectRatio": 1.3370429252782194, "category": "Method", "figures": 2, "textlen": 0, "fig_size": 357801, "title": "7. Random Forests and Comparisons", "24": {"fig_size": 242553, "fig_aspectRatio": 2.0144092219020173, "fig_size_poster": 0.83115338882283}, "25": {"fig_size": 115248, "fig_aspectRatio": 4.083333333333333, "fig_size_poster": 0.8156956004756243}, "textRatio": 0.0, "figRatio": 0.20889170939262774}, "26": {"xy": [1735, 830, 837, 379], "panel_size": 317223, "panel_aspectRatio": 2.20844327176781, "category": "Result", "figures": 1, "textlen": 0, "fig_size": 238960, "title": "10. Summary Results", "27": {"fig_size": 238960, "fig_aspectRatio": 2.8413793103448275, "fig_size_poster": 0.984468339307049}, "textRatio": 0.0, "figRatio": 0.1395098473074763}, "28": {"xy": [1734, 1215, 833, 128], "panel_size": 106624, "panel_aspectRatio": 6.5078125, "category": "Discussion", "figures": 0, "textlen": 45, "fig_size": 0, "title": "11. Discussion", "textRatio": 0.1196808510638298, "figRatio": 0.0}, "30": {"xy": [1736, 1375, 833, 139], "panel_size": 115787, "panel_aspectRatio": 5.9928057553956835, "category": "Discussion", "figures": 0, "textlen": 40, "fig_size": 0, "title": "12. Future", "textRatio": 0.10638297872340426, "figRatio": 0.0}}}