{"poster_size": 4478976, "doclen": 434, "figlen": 800115, "section": {"1": {"xy": [167, 59, 2093, 126], "panel_size": 263718, "panel_aspectRatio": 16.61111111111111, "category": "Title", "figures": 0, "textlen": 0, "fig_size": 0, "title": "Predicting Driver Behavior with Convolutional Neural Networks", "textRatio": 0.0, "figRatio": 0.0}, "2": {"xy": [22, 336, 845, 419], "panel_size": 354055, "panel_aspectRatio": 2.016706443914081, "category": "Introduction", "figures": 0, "textlen": 62, "fig_size": 0, "title": "Problem", "textRatio": 0.14285714285714285, "figRatio": 0.0}, "4": {"xy": [22, 776, 868, 479], "panel_size": 415772, "panel_aspectRatio": 1.812108559498956, "category": "Method", "figures": 0, "textlen": 81, "fig_size": 0, "title": "The Dataset", "textRatio": 0.18663594470046083, "figRatio": 0.0}, "6": {"xy": [17, 1272, 1721, 449], "panel_size": 772729, "panel_aspectRatio": 3.8329621380846324, "category": "Method", "figures": 2, "textlen": 71, "fig_size": 284632, "title": "Model Experimention and Formulas", "7": {"fig_size": 102912, "fig_aspectRatio": 5.731343283582089, "fig_size_poster": 0.4462521789657176}, "8": {"fig_size": 181720, "fig_aspectRatio": 3.26271186440678, "fig_size_poster": 0.4474142940151075}, "textRatio": 0.16359447004608296, "figRatio": 0.3557388625385101}, "10": {"xy": [1740, 317, 817, 772], "panel_size": 630724, "panel_aspectRatio": 1.0582901554404145, "category": "Result", "figures": 2, "textlen": 89, "fig_size": 149184, "title": "Further Experimentation", "11": {"fig_size": 76608, "fig_aspectRatio": 1.5267857142857142, "fig_size_poster": 0.4186046511627907}, "12": {"fig_size": 72576, "fig_aspectRatio": 1.4464285714285714, "fig_size_poster": 0.39657282741738065}, "textRatio": 0.20506912442396313, "figRatio": 0.18645319735288052}, "14": {"xy": [1744, 1091, 805, 447], "panel_size": 359835, "panel_aspectRatio": 1.8008948545861299, "category": "Discussion", "figures": 0, "textlen": 70, "fig_size": 0, "title": "Discussion and Future Work", "textRatio": 0.16129032258064516, "figRatio": 0.0}, "16": {"xy": [897, 341, 824, 926], "panel_size": 763024, "panel_aspectRatio": 0.8898488120950324, "category": "Result", "figures": 1, "textlen": 61, "fig_size": 366299, "title": "Initial Results", "17": {"fig_size": 366299, "fig_aspectRatio": 1.5070993914807302, "fig_size_poster": 0.9016990291262136}, "textRatio": 0.14055299539170507, "figRatio": 0.45780794010860937}}}