{"poster_size": 4478976, "doclen": 267, "figlen": 1951757, "section": {"1": {"xy": [39, 12, 2548, 96], "panel_size": 244608, "panel_aspectRatio": 26.541666666666668, "category": "Title", "figures": 0, "textlen": 0, "fig_size": 0, "title": "Reinforcement Learning For Adaptive Traffic Signal Control With Limited Information", "textRatio": 0.0, "figRatio": 0.0}, "2": {"xy": [18, 246, 837, 505], "panel_size": 422685, "panel_aspectRatio": 1.6574257425742573, "category": "Introduction", "figures": 0, "textlen": 110, "fig_size": 0, "title": "Motivation", "textRatio": 0.41198501872659177, "figRatio": 0.0}, "4": {"xy": [3, 760, 852, 946], "panel_size": 805992, "panel_aspectRatio": 0.9006342494714588, "category": "Method", "figures": 3, "textlen": 0, "fig_size": 656119, "title": "Reinforcement Learning Cycle", "5": {"fig_size": 304875, "fig_aspectRatio": 2.168, "fig_size_poster": 0.954225352112676}, "6": {"fig_size": 168544, "fig_aspectRatio": 0.8034934497816594, "fig_size_poster": 0.431924882629108}, "7": {"fig_size": 182700, "fig_aspectRatio": 0.9655172413793104, "fig_size_poster": 0.49295774647887325}, "textRatio": 0.0, "figRatio": 0.3361683857160497}, "8": {"xy": [877, 234, 841, 1478], "panel_size": 1242998, "panel_aspectRatio": 0.5690121786197564, "category": "Method", "figures": 4, "textlen": 38, "fig_size": 910776, "title": "Simulation Architecture & Learning Pipeline", "9": {"fig_size": 478336, "fig_aspectRatio": 1.364864864864865, "fig_size_poster": 0.9607609988109393}, "11": {"fig_size": 89490, "fig_aspectRatio": 6.885964912280702, "fig_size_poster": 0.9334126040428062}, "12": {"fig_size": 87890, "fig_aspectRatio": 7.263636363636364, "fig_size_poster": 0.9500594530321046}, "13": {"fig_size": 255060, "fig_aspectRatio": 2.385321100917431, "fig_size_poster": 0.9274673008323424}, "textRatio": 0.14232209737827714, "figRatio": 0.46664415703389306}, "14": {"xy": [1748, 242, 819, 1154], "panel_size": 945126, "panel_aspectRatio": 0.7097053726169844, "category": "Result", "figures": 4, "textlen": 80, "fig_size": 384862, "title": "Initial Results", "15": {"fig_size": 108920, "fig_aspectRatio": 1.3892857142857142, "fig_size_poster": 0.47496947496947495}, "16": {"fig_size": 100998, "fig_aspectRatio": 1.2974910394265233, "fig_size_poster": 0.442002442002442}, "18": {"fig_size": 80864, "fig_aspectRatio": 1.1428571428571428, "fig_size_poster": 0.3711843711843712}, "19": {"fig_size": 94080, "fig_aspectRatio": 1.08843537414966, "fig_size_poster": 0.3907203907203907}, "textRatio": 0.299625468164794, "figRatio": 0.19718745725005726}, "22": {"xy": [1739, 1417, 811, 236], "panel_size": 191396, "panel_aspectRatio": 3.4364406779661016, "category": "Discussion", "figures": 0, "textlen": 39, "fig_size": 0, "title": "Next Steps", "textRatio": 0.14606741573033707, "figRatio": 0.0}}}