{"poster_size": 3110400, "doclen": 29, "figlen": 1646664, "section": {"1": {"xy": [788, 49, 569, 109], "panel_size": 62021, "panel_aspectRatio": 5.220183486238532, "category": "Title", "figures": 0, "textlen": 0, "fig_size": 0, "title": "Prediction of City KPIs Using Municipal Finance Data", "textRatio": 0.0, "figRatio": 0.0}, "2": {"xy": [56, 181, 510, 1163], "panel_size": 593130, "panel_aspectRatio": 0.43852106620808257, "category": "Method", "figures": 4, "textlen": 15, "fig_size": 461285, "title": "Filter Feature Selection", "4": {"fig_size": 102168, "fig_aspectRatio": 2.189814814814815, "fig_size_poster": 0.9274509803921569}, "5": {"fig_size": 107448, "fig_aspectRatio": 2.18018018018018, "fig_size_poster": 0.9490196078431372}, "6": {"fig_size": 101304, "fig_aspectRatio": 2.1712962962962963, "fig_size_poster": 0.9196078431372549}, "7": {"fig_size": 150365, "fig_aspectRatio": 1.616393442622951, "fig_size_poster": 0.9666666666666667}, "textRatio": 0.5172413793103449, "figRatio": 0.28013304474987005}, "8": {"xy": [591, 852, 794, 497], "panel_size": 394618, "panel_aspectRatio": 1.5975855130784709, "category": "Introduction", "figures": 1, "textlen": 0, "fig_size": 300240, "title": "Data Overview", "9": {"fig_size": 300240, "fig_aspectRatio": 1.6087962962962963, "fig_size_poster": 0.8753148614609572}, "textRatio": 0.0, "figRatio": 0.1823322790806139}, "10": {"xy": [603, 170, 748, 670], "panel_size": 501160, "panel_aspectRatio": 1.1164179104477612, "category": "Method", "figures": 2, "textlen": 0, "fig_size": 431946, "title": "Unsupervised Clustering", "11": {"fig_size": 147340, "fig_aspectRatio": 3.2783018867924527, "fig_size_poster": 0.929144385026738}, "12": {"fig_size": 284606, "fig_aspectRatio": 1.7266009852216748, "fig_size_poster": 0.9371657754010695}, "textRatio": 0.0, "figRatio": 0.26231580941831484}, "13": {"xy": [1398, 175, 688, 671], "panel_size": 461648, "panel_aspectRatio": 1.0253353204172877, "category": "Method", "figures": 1, "textlen": 14, "fig_size": 324541, "title": "Regression Model", "14": {"fig_size": 324541, "fig_aspectRatio": 1.3138832997987928, "fig_size_poster": 0.9491279069767442}, "textRatio": 0.4827586206896552, "figRatio": 0.19708999528744175}, "16": {"xy": [1385, 864, 701, 282], "panel_size": 197682, "panel_aspectRatio": 2.4858156028368796, "category": "Method", "figures": 1, "textlen": 0, "fig_size": 128652, "title": "Autoregression Model", "17": {"fig_size": 128652, "fig_aspectRatio": 2.835680751173709, "fig_size_poster": 0.8616262482168331}, "textRatio": 0.0, "figRatio": 0.07812887146375945}}}