{"poster_size": 484704, "doclen": 98, "figlen": 248489, "section": {"1": {"xy": [15, 61, 719, 39], "panel_size": 28041, "panel_aspectRatio": 18.435897435897434, "category": "Title", "figures": 0, "textlen": 0, "fig_size": 0, "title": "Melody Extraction From Generic Audio Clips", "textRatio": 0.0, "figRatio": 0.0}, "2": {"xy": [19, 143, 235, 415], "panel_size": 97525, "panel_aspectRatio": 0.5662650602409639, "category": "Method", "figures": 0, "textlen": 98, "fig_size": 0, "title": "Techniques", "textRatio": 1.0, "figRatio": 0.0}, "4": {"xy": [269, 141, 507, 175], "panel_size": 88725, "panel_aspectRatio": 2.8971428571428572, "category": "Method", "figures": 1, "textlen": 0, "fig_size": 80320, "title": "system", "5": {"fig_size": 80320, "fig_aspectRatio": 3.1375, "fig_size_poster": 0.9901380670611439}, "textRatio": 0.0, "figRatio": 0.3232336240235986}, "6": {"xy": [268, 328, 513, 229], "panel_size": 117477, "panel_aspectRatio": 2.2401746724890828, "category": "Result", "figures": 4, "textlen": 0, "fig_size": 168169, "title": "Results", "7": {"fig_size": 98200, "fig_aspectRatio": 2.455, "fig_size_poster": 0.9571150097465887}, "8": {"fig_size": 25917, "fig_aspectRatio": 0.9754601226993865, "fig_size_poster": 0.30994152046783624}, "9": {"fig_size": 22308, "fig_aspectRatio": 0.9166666666666666, "fig_size_poster": 0.2787524366471735}, "10": {"fig_size": 21744, "fig_aspectRatio": 0.9536423841059603, "fig_size_poster": 0.2807017543859649}, "textRatio": 0.0, "figRatio": 0.6767663759764013}}}