{"poster_size": 2239488, "doclen": 213, "figlen": 929372, "section": {"1": {"xy": [239, 39, 745, 160], "panel_size": 119200, "panel_aspectRatio": 4.65625, "category": "Title", "figures": 0, "textlen": 0, "fig_size": 0, "title": "Needle Tumor Puncture Detection Using Force and Position Time Series Data", "textRatio": 0.0, "figRatio": 0.0}, "3": {"xy": [5, 264, 635, 438], "panel_size": 278130, "panel_aspectRatio": 1.4497716894977168, "category": "Introduction", "figures": 1, "textlen": 66, "fig_size": 93960, "title": "Introduction", "4": {"fig_size": 93960, "fig_aspectRatio": 0.7758620689655172, "fig_size_poster": 0.4251968503937008}, "textRatio": 0.30985915492957744, "figRatio": 0.10110052809854396}, "6": {"xy": [13, 702, 628, 327], "panel_size": 205356, "panel_aspectRatio": 1.9204892966360856, "category": "Method", "figures": 2, "textlen": 0, "fig_size": 164978, "title": "Force Time Series Features", "7": {"fig_size": 91356, "fig_aspectRatio": 1.1992753623188406, "fig_size_poster": 0.5270700636942676}, "8": {"fig_size": 73622, "fig_aspectRatio": 0.9323843416370107, "fig_size_poster": 0.4171974522292994}, "textRatio": 0.0, "figRatio": 0.17751556965348644}, "10": {"xy": [13, 1032, 630, 514], "panel_size": 323820, "panel_aspectRatio": 1.2256809338521402, "category": "Method", "figures": 3, "textlen": 0, "fig_size": 228074, "title": "Including Position", "11": {"fig_size": 110149, "fig_aspectRatio": 2.1004366812227073, "fig_size_poster": 0.7634920634920634}, "12": {"fig_size": 56032, "fig_aspectRatio": 1.3203883495145632, "fig_size_poster": 0.43174603174603177}, "13": {"fig_size": 61893, "fig_aspectRatio": 1.4444444444444444, "fig_size_poster": 0.4746031746031746}, "textRatio": 0.0, "figRatio": 0.24540657562310894}, "14": {"xy": [663, 269, 594, 414], "panel_size": 245916, "panel_aspectRatio": 1.434782608695652, "category": "Introduction", "figures": 1, "textlen": 62, "fig_size": 99360, "title": "Data", "15": {"fig_size": 99360, "fig_aspectRatio": 0.7666666666666667, "fig_size_poster": 0.46464646464646464}, "textRatio": 0.29107981220657275, "figRatio": 0.1069109032766212}, "17": {"xy": [652, 702, 619, 320], "panel_size": 198080, "panel_aspectRatio": 1.934375, "category": "Method", "figures": 2, "textlen": 0, "fig_size": 127716, "title": "Learned Puncture Shape", "18": {"fig_size": 74880, "fig_aspectRatio": 1.3, "fig_size_poster": 0.5040387722132472}, "19": {"fig_size": 52836, "fig_aspectRatio": 1.072072072072072, "fig_size_poster": 0.38449111470113084}, "textRatio": 0.0, "figRatio": 0.1374218289339468}, "20": {"xy": [669, 1027, 589, 525], "panel_size": 309225, "panel_aspectRatio": 1.121904761904762, "category": "Result", "figures": 1, "textlen": 0, "fig_size": 215284, "title": "Validation on Liver Data", "21": {"fig_size": 215284, "fig_aspectRatio": 1.175233644859813, "fig_size_poster": 0.8539898132427843}, "textRatio": 0.0, "figRatio": 0.23164459441429266}, "22": {"xy": [1, 1546, 1257, 167], "panel_size": 209919, "panel_aspectRatio": 7.526946107784431, "category": "Result", "figures": 0, "textlen": 85, "fig_size": 0, "title": "Conclusion", "textRatio": 0.39906103286384975, "figRatio": 0.0}}}