{"poster_size": 4478976, "doclen": 353, "figlen": 1966227, "section": {"0": {"xy": [998, 25, 895, 116], "panel_size": 103820, "panel_aspectRatio": 7.7155172413793105, "category": "Title", "figures": 0, "textlen": 0, "fig_size": 0, "title": "Classifying Spam using URLs", "textRatio": 0.0, "figRatio": 0.0}, "1": {"xy": [10, 305, 1221, 688], "panel_size": 840048, "panel_aspectRatio": 1.7747093023255813, "category": "Introduction", "figures": 2, "textlen": 244, "fig_size": 188389, "title": "Problem", "4": {"fig_size": 24764, "fig_aspectRatio": 14.731707317073171, "fig_size_poster": 0.49467649467649466}, "6": {"fig_size": 163625, "fig_aspectRatio": 2.1636363636363636, "fig_size_poster": 0.4873054873054873}, "textRatio": 0.6912181303116147, "figRatio": 0.09581243671254641}, "7": {"xy": [14, 997, 1227, 441], "panel_size": 541107, "panel_aspectRatio": 2.7823129251700682, "category": "Discussion", "figures": 1, "textlen": 77, "fig_size": 226752, "title": "Discussion and future work", "9": {"fig_size": 226752, "fig_aspectRatio": 6.151041666666667, "fig_size_poster": 0.9625101874490628}, "textRatio": 0.21813031161473087, "figRatio": 0.11532340874171701}, "11": {"xy": [1246, 318, 1307, 1403], "panel_size": 1833721, "panel_aspectRatio": 0.9315751960085531, "category": "Result", "figures": 6, "textlen": 32, "fig_size": 1551086, "title": "Result", "12": {"fig_size": 263466, "fig_aspectRatio": 1.2505446623093681, "fig_size_poster": 0.4391736801836266}, "13": {"fig_size": 283290, "fig_aspectRatio": 1.5610328638497653, "fig_size_poster": 0.5087987758224942}, "15": {"fig_size": 341320, "fig_aspectRatio": 1.2150943396226415, "fig_size_poster": 0.49273144605967867}, "16": {"fig_size": 140384, "fig_aspectRatio": 3.0654205607476634, "fig_size_poster": 0.5019127773527161}, "17": {"fig_size": 257076, "fig_aspectRatio": 1.304054054054054, "fig_size_poster": 0.4429992348890589}, "18": {"fig_size": 265550, "fig_aspectRatio": 1.202127659574468, "fig_size_poster": 0.4322876817138485}, "textRatio": 0.0906515580736544, "figRatio": 0.7888641545457366}}}