{"poster_size": 4478976, "doclen": 320, "figlen": 1750924, "section": {"1": {"xy": [505, 25, 1624, 88], "panel_size": 142912, "panel_aspectRatio": 18.454545454545453, "category": "Title", "figures": 0, "textlen": 0, "fig_size": 0, "title": "Tradeoffs Between Embeddings in Different Models of the Hyperbolic Space", "textRatio": 0.0, "figRatio": 0.0}, "2": {"xy": [35, 236, 610, 514], "panel_size": 313540, "panel_aspectRatio": 1.1867704280155642, "category": "Introduction", "figures": 0, "textlen": 94, "fig_size": 0, "title": "INTRODUCTION", "textRatio": 0.29375, "figRatio": 0.0}, "4": {"xy": [38, 771, 612, 923], "panel_size": 564876, "panel_aspectRatio": 0.6630552546045504, "category": "Method", "figures": 3, "textlen": 0, "fig_size": 426654, "title": "GRAPHS", "5": {"fig_size": 153856, "fig_aspectRatio": 2.34765625, "fig_size_poster": 0.9820261437908496}, "6": {"fig_size": 130832, "fig_aspectRatio": 2.678733031674208, "fig_size_poster": 0.9673202614379085}, "7": {"fig_size": 141966, "fig_aspectRatio": 2.485355648535565, "fig_size_poster": 0.9705882352941176}, "textRatio": 0.0, "figRatio": 0.24367362603973675}, "8": {"xy": [659, 238, 635, 1456], "panel_size": 924560, "panel_aspectRatio": 0.43612637362637363, "category": "Method", "figures": 7, "textlen": 7, "fig_size": 634129, "title": "MODELS&EQUATIONS", "9": {"fig_size": 107184, "fig_aspectRatio": 3.460227272727273, "fig_size_poster": 0.9590551181102362}, "10": {"fig_size": 116090, "fig_aspectRatio": 3.2157894736842105, "fig_size_poster": 0.9622047244094488}, "11": {"fig_size": 119116, "fig_aspectRatio": 3.1649484536082473, "fig_size_poster": 0.9669291338582677}, "12": {"fig_size": 69440, "fig_aspectRatio": 1.1290322580645162, "fig_size_poster": 0.4409448818897638}, "13": {"fig_size": 65923, "fig_aspectRatio": 3.2237762237762237, "fig_size_poster": 0.7259842519685039}, "14": {"fig_size": 112480, "fig_aspectRatio": 3.2864864864864867, "fig_size_poster": 0.9574803149606299}, "15": {"fig_size": 43896, "fig_aspectRatio": 3.152542372881356, "fig_size_poster": 0.5858267716535434}, "textRatio": 0.021875, "figRatio": 0.3621682037598434}, "17": {"xy": [1304, 240, 583, 1450], "panel_size": 845350, "panel_aspectRatio": 0.40206896551724136, "category": "Result", "figures": 5, "textlen": 0, "fig_size": 690141, "title": "RESULTS", "18": {"fig_size": 133826, "fig_aspectRatio": 2.2851239669421486, "fig_size_poster": 0.9485420240137221}, "19": {"fig_size": 257400, "fig_aspectRatio": 1.1752136752136753, "fig_size_poster": 0.9433962264150944}, "20": {"fig_size": 135108, "fig_aspectRatio": 2.288065843621399, "fig_size_poster": 0.9536878216123499}, "21": {"fig_size": 103037, "fig_aspectRatio": 2.946524064171123, "fig_size_poster": 0.9451114922813036}, "22": {"fig_size": 60770, "fig_aspectRatio": 1.4320388349514563, "fig_size_poster": 0.5060034305317325}, "textRatio": 0.0, "figRatio": 0.3941581702004199}, "23": {"xy": [1904, 241, 649, 802], "panel_size": 520498, "panel_aspectRatio": 0.8092269326683291, "category": "Discussion", "figures": 0, "textlen": 169, "fig_size": 0, "title": "DISCUSSION", "textRatio": 0.528125, "figRatio": 0.0}, "25": {"xy": [1905, 1056, 655, 306], "panel_size": 200430, "panel_aspectRatio": 2.1405228758169934, "category": "Discussion", "figures": 0, "textlen": 50, "fig_size": 0, "title": "FUTURE WORK", "textRatio": 0.15625, "figRatio": 0.0}}}