{"poster_size": 4478976, "doclen": 780, "figlen": 1080070, "section": {"1": {"xy": [502, 30, 1564, 73], "panel_size": 114172, "panel_aspectRatio": 21.424657534246574, "category": "Title", "figures": 0, "textlen": 0, "fig_size": 0, "title": "Using Reinforcement Learning to Optimize the Rules of a Board Game", "textRatio": 0.0, "figRatio": 0.0}, "2": {"xy": [35, 243, 611, 316], "panel_size": 193076, "panel_aspectRatio": 1.9335443037974684, "category": "Introduction", "figures": 0, "textlen": 87, "fig_size": 0, "title": "Abstract", "textRatio": 0.11153846153846154, "figRatio": 0.0}, "4": {"xy": [24, 561, 627, 425], "panel_size": 266475, "panel_aspectRatio": 1.4752941176470589, "category": "Method", "figures": 1, "textlen": 42, "fig_size": 122590, "title": "BOARD REPRESENTATION", "6": {"fig_size": 122590, "fig_aspectRatio": 2.9170731707317072, "fig_size_poster": 0.9537480063795853}, "textRatio": 0.05384615384615385, "figRatio": 0.11350190265445759}, "7": {"xy": [42, 994, 627, 733], "panel_size": 459591, "panel_aspectRatio": 0.8553888130968622, "category": "Method", "figures": 1, "textlen": 63, "fig_size": 276740, "title": "CONVOLUTIONAL NETWORK", "9": {"fig_size": 276740, "fig_aspectRatio": 1.0851485148514852, "fig_size_poster": 0.8740031897926634}, "textRatio": 0.08076923076923077, "figRatio": 0.256224133620969}, "10": {"xy": [667, 263, 604, 403], "panel_size": 243412, "panel_aspectRatio": 1.498759305210918, "category": "Method", "figures": 1, "textlen": 46, "fig_size": 84645, "title": "HEXACONV LAYERS", "12": {"fig_size": 84645, "fig_aspectRatio": 2.8947368421052633, "fig_size_poster": 0.8195364238410596}, "textRatio": 0.05897435897435897, "figRatio": 0.0783699204681178}, "13": {"xy": [673, 692, 611, 671], "panel_size": 409981, "panel_aspectRatio": 0.910581222056632, "category": "Method", "figures": 3, "textlen": 92, "fig_size": 167134, "title": "MONTE CARLO SEARCH TREE", "15": {"fig_size": 104754, "fig_aspectRatio": 0.5361990950226244, "fig_size_poster": 0.3878887070376432}, "16": {"fig_size": 54900, "fig_aspectRatio": 1.6944444444444444, "fig_size_poster": 0.49918166939443537}, "18": {"fig_size": 7480, "fig_aspectRatio": 4.675, "fig_size_poster": 0.3060556464811784}, "textRatio": 0.11794871794871795, "figRatio": 0.15474367402112826}, "20": {"xy": [673, 1388, 609, 324], "panel_size": 197316, "panel_aspectRatio": 1.8796296296296295, "category": "Method", "figures": 0, "textlen": 93, "fig_size": 0, "title": "LEARNING PROTOCOL", "textRatio": 0.11923076923076924, "figRatio": 0.0}, "22": {"xy": [1309, 266, 1246, 735], "panel_size": 915810, "panel_aspectRatio": 1.6952380952380952, "category": "Result", "figures": 1, "textlen": 145, "fig_size": 428961, "title": "Results", "23": {"fig_size": 428961, "fig_aspectRatio": 1.0247295208655331, "fig_size_poster": 0.5321027287319422}, "textRatio": 0.1858974358974359, "figRatio": 0.3971603692353273}, "25": {"xy": [1298, 1010, 1260, 276], "panel_size": 347760, "panel_aspectRatio": 4.565217391304348, "category": "Discussion", "figures": 0, "textlen": 137, "fig_size": 0, "title": "LESSONS LEARNED", "textRatio": 0.17564102564102563, "figRatio": 0.0}, "27": {"xy": [1304, 1290, 1271, 213], "panel_size": 270723, "panel_aspectRatio": 5.967136150234742, "category": "Method", "figures": 0, "textlen": 75, "fig_size": 0, "title": "FUTURE WORK", "textRatio": 0.09615384615384616, "figRatio": 0.0}}}