{"poster_size": 8957952, "doclen": 338, "figlen": 1414164, "section": {"1": {"xy": [632, 157, 2191, 113], "panel_size": 247583, "panel_aspectRatio": 19.38938053097345, "category": "Title", "figures": 0, "textlen": 0, "fig_size": 0, "title": "Sensitivity of Jury Trial Outcomes to Trial Factors", "textRatio": 0.0, "figRatio": 0.0}, "2": {"xy": [92, 462, 1008, 710], "panel_size": 715680, "panel_aspectRatio": 1.419718309859155, "category": "Introduction", "figures": 0, "textlen": 64, "fig_size": 0, "title": "ABSTRACT", "textRatio": 0.1893491124260355, "figRatio": 0.0}, "3": {"xy": [96, 1179, 1000, 860], "panel_size": 860000, "panel_aspectRatio": 1.1627906976744187, "category": "Introduction", "figures": 0, "textlen": 70, "fig_size": 0, "title": "MOTIVATION", "textRatio": 0.20710059171597633, "figRatio": 0.0}, "5": {"xy": [92, 2043, 994, 446], "panel_size": 443324, "panel_aspectRatio": 2.2286995515695067, "category": "Method", "figures": 0, "textlen": 33, "fig_size": 0, "title": "DATA SET", "textRatio": 0.09763313609467456, "figRatio": 0.0}, "7": {"xy": [1222, 463, 1027, 1536], "panel_size": 1577472, "panel_aspectRatio": 0.6686197916666666, "category": "Method", "figures": 0, "textlen": 140, "fig_size": 0, "title": "ANALYSIS", "textRatio": 0.41420118343195267, "figRatio": 0.0}, "10": {"xy": [1223, 2042, 1022, 400], "panel_size": 408800, "panel_aspectRatio": 2.555, "category": "Result", "figures": 1, "textlen": 0, "fig_size": 253764, "title": "RESULTS", "11": {"fig_size": 253764, "fig_aspectRatio": 3.996031746031746, "fig_size_poster": 0.9853228962818004}, "textRatio": 0.0, "figRatio": 0.17944453401444246}, "12": {"xy": [2360, 462, 1013, 1527], "panel_size": 1546851, "panel_aspectRatio": 0.6633922724296005, "category": "Result", "figures": 2, "textlen": 0, "fig_size": 1160400, "title": "FIGURES", "13": {"fig_size": 542000, "fig_aspectRatio": 1.845018450184502, "fig_size_poster": 0.9871668311944719}, "14": {"fig_size": 618400, "fig_aspectRatio": 1.034928848641656, "fig_size_poster": 0.7897334649555775}, "textRatio": 0.0, "figRatio": 0.8205554659855575}, "15": {"xy": [2318, 2034, 1040, 503], "panel_size": 523120, "panel_aspectRatio": 2.0675944333996026, "category": "Discussion", "figures": 0, "textlen": 31, "fig_size": 0, "title": "CONCLUSION", "textRatio": 0.09171597633136094, "figRatio": 0.0}}}