{"poster_size": 4478976, "doclen": 253, "figlen": 1596774, "section": {"1": {"xy": [125, 49, 2354, 107], "panel_size": 251878, "panel_aspectRatio": 22.0, "category": "Title", "figures": 0, "textlen": 0, "fig_size": 0, "title": "Convolutional Neural Networks for Speech Audio Enhancement", "textRatio": 0.0, "figRatio": 0.0}, "2": {"xy": [21, 338, 980, 676], "panel_size": 662480, "panel_aspectRatio": 1.4497041420118344, "category": "Introduction", "figures": 0, "textlen": 188, "fig_size": 0, "title": "Overview", "textRatio": 0.7430830039525692, "figRatio": 0.0}, "4": {"xy": [21, 1028, 973, 678], "panel_size": 659694, "panel_aspectRatio": 1.435103244837758, "category": "Method", "figures": 1, "textlen": 51, "fig_size": 343680, "title": "The WaveNet Model", "6": {"fig_size": 343680, "fig_aspectRatio": 2.3307291666666665, "fig_size_poster": 0.9198355601233299}, "textRatio": 0.2015810276679842, "figRatio": 0.2152339654829049}, "8": {"xy": [1010, 340, 1562, 676], "panel_size": 1055912, "panel_aspectRatio": 2.3106508875739644, "category": "Method", "figures": 2, "textlen": 4, "fig_size": 531900, "title": "Our Approach", "11": {"fig_size": 347100, "fig_aspectRatio": 1.752808988764045, "fig_size_poster": 0.499359795134443}, "12": {"fig_size": 184800, "fig_aspectRatio": 1.155, "fig_size_poster": 0.29577464788732394}, "textRatio": 0.015810276679841896, "figRatio": 0.3331091312859553}, "13": {"xy": [1001, 1027, 1560, 678], "panel_size": 1057680, "panel_aspectRatio": 2.3008849557522124, "category": "Result", "figures": 2, "textlen": 10, "fig_size": 721194, "title": "Experimental Results", "15": {"fig_size": 382554, "fig_aspectRatio": 1.6813417190775681, "fig_size_poster": 0.514102564102564}, "17": {"fig_size": 338640, "fig_aspectRatio": 1.3654618473895583, "fig_size_poster": 0.4358974358974359}, "textRatio": 0.039525691699604744, "figRatio": 0.4516569032311398}}}