{"poster_size": 484704, "doclen": 702, "figlen": 37511, "section": {"1": {"xy": [110, 48, 561, 34], "panel_size": 19074, "panel_aspectRatio": 16.5, "category": "Title", "figures": 0, "textlen": 0, "fig_size": 0, "title": "Learning to Cook - An Exploration of Recipe Data", "textRatio": 0.0, "figRatio": 0.0}, "2": {"xy": [22, 112, 246, 102], "panel_size": 25092, "panel_aspectRatio": 2.411764705882353, "category": "Introduction", "figures": 0, "textlen": 64, "fig_size": 0, "title": "Goals", "textRatio": 0.09116809116809117, "figRatio": 0.0}, "4": {"xy": [27, 215, 245, 351], "panel_size": 85995, "panel_aspectRatio": 0.698005698005698, "category": "Method", "figures": 3, "textlen": 177, "fig_size": 21593, "title": "(1) Clustering Recipes", "7": {"fig_size": 7821, "fig_aspectRatio": 1.2531645569620253, "fig_size_poster": 0.40408163265306124}, "8": {"fig_size": 7308, "fig_aspectRatio": 1.8412698412698412, "fig_size_poster": 0.47346938775510206}, "9": {"fig_size": 6464, "fig_aspectRatio": 1.578125, "fig_size_poster": 0.4122448979591837}, "textRatio": 0.25213675213675213, "figRatio": 0.5756444776198981}, "11": {"xy": [274, 109, 253, 457], "panel_size": 115621, "panel_aspectRatio": 0.5536105032822757, "category": "Method", "figures": 0, "textlen": 254, "fig_size": 0, "title": "data features", "textRatio": 0.36182336182336183, "figRatio": 0.0}, "15": {"xy": [540, 111, 239, 315], "panel_size": 75285, "panel_aspectRatio": 0.7587301587301587, "category": "Method", "figures": 2, "textlen": 142, "fig_size": 15918, "title": "Random Forest", "17": {"fig_size": 8418, "fig_aspectRatio": 1.7681159420289856, "fig_size_poster": 0.5104602510460251}, "18": {"fig_size": 7500, "fig_aspectRatio": 1.3333333333333333, "fig_size_poster": 0.41841004184100417}, "textRatio": 0.2022792022792023, "figRatio": 0.4243555223801018}, "20": {"xy": [539, 432, 244, 126], "panel_size": 30744, "panel_aspectRatio": 1.9365079365079365, "category": "Discussion", "figures": 0, "textlen": 65, "fig_size": 0, "title": "FUTURE research", "textRatio": 0.09259259259259259, "figRatio": 0.0}}}