{"poster_size": 4478976, "doclen": 287, "figlen": 1161810, "section": {"1": {"xy": [311, 19, 1978, 100], "panel_size": 197800, "panel_aspectRatio": 19.78, "category": "Title", "figures": 0, "textlen": 0, "fig_size": 0, "title": "Recognizing Chinese Calligraphy Styles: A Cage Fight", "textRatio": 0.0, "figRatio": 0.0}, "2": {"xy": [28, 290, 969, 671], "panel_size": 650199, "panel_aspectRatio": 1.4441132637853948, "category": "Introduction", "figures": 2, "textlen": 43, "fig_size": 177917, "title": "Introduction", "5": {"fig_size": 102053, "fig_aspectRatio": 1.786610878661088, "fig_size_poster": 0.4406604747162023}, "6": {"fig_size": 75864, "fig_aspectRatio": 1.5963302752293578, "fig_size_poster": 0.3591331269349845}, "textRatio": 0.14982578397212543, "figRatio": 0.1531377764006163}, "7": {"xy": [1016, 296, 1548, 669], "panel_size": 1035612, "panel_aspectRatio": 2.31390134529148, "category": "Method", "figures": 12, "textlen": 81, "fig_size": 368779, "title": "Methodology", "9": {"fig_size": 17040, "fig_aspectRatio": 1.1833333333333333, "fig_size_poster": 0.0917312661498708}, "12": {"fig_size": 14385, "fig_aspectRatio": 1.3047619047619048, "fig_size_poster": 0.08850129198966408}, "15": {"fig_size": 11466, "fig_aspectRatio": 0.8376068376068376, "fig_size_poster": 0.06330749354005168}, "19": {"fig_size": 72576, "fig_aspectRatio": 1.1428571428571428, "fig_size_poster": 0.18604651162790697}, "24": {"fig_size": 142113, "fig_aspectRatio": 1.0214477211796247, "fig_size_poster": 0.24612403100775193}, "28": {"fig_size": 7446, "fig_aspectRatio": 1.3972602739726028, "fig_size_poster": 0.06589147286821706}, "30": {"fig_size": 13272, "fig_aspectRatio": 2.1265822784810124, "fig_size_poster": 0.10852713178294573}, "32": {"fig_size": 9159, "fig_aspectRatio": 1.8169014084507042, "fig_size_poster": 0.08333333333333333}, "34": {"fig_size": 4950, "fig_aspectRatio": 1.1363636363636365, "fig_size_poster": 0.04844961240310078}, "36": {"fig_size": 14980, "fig_aspectRatio": 3.057142857142857, "fig_size_poster": 0.13824289405684753}, "39": {"fig_size": 18432, "fig_aspectRatio": 1.125, "fig_size_poster": 0.09302325581395349}, "44": {"fig_size": 42960, "fig_aspectRatio": 1.3407821229050279, "fig_size_poster": 0.15503875968992248}, "textRatio": 0.28222996515679444, "figRatio": 0.3174176500460488}, "45": {"xy": [19, 981, 1621, 734], "panel_size": 1189814, "panel_aspectRatio": 2.2084468664850134, "category": "Result", "figures": 6, "textlen": 78, "fig_size": 615114, "title": "Experimental Results and Analysis", "48": {"fig_size": 46683, "fig_aspectRatio": 1.306878306878307, "fig_size_poster": 0.15237507711289328}, "50": {"fig_size": 51145, "fig_aspectRatio": 1.3730569948186528, "fig_size_poster": 0.1634793337446021}, "52": {"fig_size": 52272, "fig_aspectRatio": 1.3333333333333333, "fig_size_poster": 0.16286243059839606}, "54": {"fig_size": 51858, "fig_aspectRatio": 1.2835820895522387, "fig_size_poster": 0.1591610117211598}, "56": {"fig_size": 193670, "fig_aspectRatio": 4.228971962616822, "fig_size_poster": 0.5582973473164713}, "58": {"fig_size": 219486, "fig_aspectRatio": 4.042918454935623, "fig_size_poster": 0.581122763726095}, "textRatio": 0.27177700348432055, "figRatio": 0.5294445735533349}, "61": {"xy": [1651, 982, 925, 735], "panel_size": 679875, "panel_aspectRatio": 1.2585034013605443, "category": "Discussion", "figures": 0, "textlen": 85, "fig_size": 0, "title": "Conclusion", "textRatio": 0.2961672473867596, "figRatio": 0.0}}}