{"poster_size": 4478976, "doclen": 1266, "figlen": 1157354, "section": {"1": {"xy": [518, 105, 1565, 82], "panel_size": 128330, "panel_aspectRatio": 19.085365853658537, "category": "Title", "figures": 0, "textlen": 0, "fig_size": 0, "title": "RoboCop: Crime Classification and Prediction in San Francisco", "textRatio": 0.0, "figRatio": 0.0}, "2": {"xy": [15, 353, 620, 404], "panel_size": 250480, "panel_aspectRatio": 1.5346534653465347, "category": "Introduction", "figures": 0, "textlen": 163, "fig_size": 0, "title": "Purpose & Summary", "textRatio": 0.1287519747235387, "figRatio": 0.0}, "4": {"xy": [8, 766, 621, 405], "panel_size": 251505, "panel_aspectRatio": 1.5333333333333334, "category": "Introduction", "figures": 1, "textlen": 139, "fig_size": 27612, "title": "Dataset", "6": {"fig_size": 27612, "fig_aspectRatio": 1.9830508474576272, "fig_size_poster": 0.37681159420289856}, "textRatio": 0.10979462875197472, "figRatio": 0.023857868897502407}, "8": {"xy": [8, 1177, 625, 550], "panel_size": 343750, "panel_aspectRatio": 1.1363636363636365, "category": "Method", "figures": 1, "textlen": 93, "fig_size": 150598, "title": "Preliminary Work", "9": {"fig_size": 150598, "fig_aspectRatio": 0.7995391705069125, "fig_size_poster": 0.5552}, "textRatio": 0.07345971563981042, "figRatio": 0.1301226763807789}, "11": {"xy": [659, 356, 626, 594], "panel_size": 371844, "panel_aspectRatio": 1.0538720538720538, "category": "Method", "figures": 1, "textlen": 162, "fig_size": 100389, "title": "Tuning Random Forest", "12": {"fig_size": 100389, "fig_aspectRatio": 1.0651465798045603, "fig_size_poster": 0.5223642172523961}, "textRatio": 0.12796208530805686, "figRatio": 0.08674009853510681}, "15": {"xy": [658, 960, 620, 742], "panel_size": 460040, "panel_aspectRatio": 0.8355795148247979, "category": "Method", "figures": 2, "textlen": 146, "fig_size": 203297, "title": "Incorporating Demographic Data", "16": {"fig_size": 98490, "fig_aspectRatio": 1.1394557823129252, "fig_size_poster": 0.5403225806451613}, "17": {"fig_size": 104807, "fig_aspectRatio": 1.0836012861736335, "fig_size_poster": 0.5435483870967742}, "textRatio": 0.11532385466034756, "figRatio": 0.1756567135033879}, "20": {"xy": [1314, 364, 631, 565], "panel_size": 356515, "panel_aspectRatio": 1.1168141592920353, "category": "Method", "figures": 1, "textlen": 165, "fig_size": 109652, "title": "Adding Features", "21": {"fig_size": 109652, "fig_aspectRatio": 1.0981012658227849, "fig_size_poster": 0.5499207606973059}, "textRatio": 0.13033175355450238, "figRatio": 0.09474369985328603}, "24": {"xy": [1312, 934, 624, 776], "panel_size": 484224, "panel_aspectRatio": 0.8041237113402062, "category": "Method", "figures": 4, "textlen": 121, "fig_size": 238344, "title": "Time Series Analysis:Model Selection", "25": {"fig_size": 60885, "fig_aspectRatio": 1.448780487804878, "fig_size_poster": 0.47596153846153844}, "26": {"fig_size": 59064, "fig_aspectRatio": 1.2897196261682242, "fig_size_poster": 0.4423076923076923}, "27": {"fig_size": 71027, "fig_aspectRatio": 4.851239669421488, "fig_size_poster": 0.9407051282051282}, "28": {"fig_size": 47368, "fig_aspectRatio": 1.2984293193717278, "fig_size_poster": 0.3974358974358974}, "textRatio": 0.09557661927330174, "figRatio": 0.20593871883624199}, "31": {"xy": [1955, 1361, 622, 227], "panel_size": 141194, "panel_aspectRatio": 2.7400881057268722, "category": "Discussion", "figures": 0, "textlen": 96, "fig_size": 0, "title": "Future Steps", "textRatio": 0.07582938388625593, "figRatio": 0.0}, "33": {"xy": [1961, 360, 619, 996], "panel_size": 616524, "panel_aspectRatio": 0.6214859437751004, "category": "Result", "figures": 4, "textlen": 181, "fig_size": 327462, "title": "Time Series Analysis: Fit and Results", "34": {"fig_size": 58114, "fig_aspectRatio": 6.051020408163265, "fig_size_poster": 0.9579967689822294}, "35": {"fig_size": 37884, "fig_aspectRatio": 1.4085365853658536, "fig_size_poster": 0.37318255250403876}, "36": {"fig_size": 42660, "fig_aspectRatio": 1.7088607594936709, "fig_size_poster": 0.43618739903069464}, "37": {"fig_size": 188804, "fig_aspectRatio": 1.9902597402597402, "fig_size_poster": 0.9903069466882067}, "textRatio": 0.1429699842022117, "figRatio": 0.28294022399369595}}}