{"poster_size": 3110400, "doclen": 734, "figlen": 527345, "section": {"1": {"xy": [181, 35, 1790, 86], "panel_size": 153940, "panel_aspectRatio": 20.813953488372093, "category": "Title", "figures": 0, "textlen": 0, "fig_size": 0, "title": "A Study Of Ensemble Methods In Machine Learning", "textRatio": 0.0, "figRatio": 0.0}, "2": {"xy": [25, 229, 655, 470], "panel_size": 307850, "panel_aspectRatio": 1.3936170212765957, "category": "Introduction", "figures": 1, "textlen": 52, "fig_size": 80678, "title": "Motivation", "4": {"fig_size": 80678, "fig_aspectRatio": 1.7616822429906542, "fig_size_poster": 0.5755725190839694}, "textRatio": 0.07084468664850137, "figRatio": 0.152989029951929}, "6": {"xy": [28, 703, 640, 714], "panel_size": 456960, "panel_aspectRatio": 0.896358543417367, "category": "Method", "figures": 4, "textlen": 78, "fig_size": 173982, "title": "Data Description", "10": {"fig_size": 24600, "fig_aspectRatio": 1.0933333333333333, "fig_size_poster": 0.25625}, "11": {"fig_size": 38080, "fig_aspectRatio": 1.3176470588235294, "fig_size_poster": 0.35}, "13": {"fig_size": 38412, "fig_aspectRatio": 1.0206185567010309, "fig_size_poster": 0.309375}, "14": {"fig_size": 72890, "fig_aspectRatio": 2.1297297297297297, "fig_size_poster": 0.615625}, "textRatio": 0.10626702997275204, "figRatio": 0.3299206401881121}, "15": {"xy": [692, 238, 896, 1171], "panel_size": 1049216, "panel_aspectRatio": 0.7651579846285226, "category": "Method", "figures": 5, "textlen": 425, "fig_size": 188952, "title": "Methods", "18": {"fig_size": 78246, "fig_aspectRatio": 2.9814814814814814, "fig_size_poster": 0.5390625}, "21": {"fig_size": 5460, "fig_aspectRatio": 13.65, "fig_size_poster": 0.3046875}, "22": {"fig_size": 42780, "fig_aspectRatio": 8.985507246376812, "fig_size_poster": 0.6919642857142857}, "24": {"fig_size": 33741, "fig_aspectRatio": 7.086956521739131, "fig_size_poster": 0.5457589285714286}, "26": {"fig_size": 28725, "fig_aspectRatio": 5.1066666666666665, "fig_size_poster": 0.42745535714285715}, "textRatio": 0.5790190735694822, "figRatio": 0.35830812845480664}, "28": {"xy": [1619, 249, 514, 903], "panel_size": 464142, "panel_aspectRatio": 0.5692137320044297, "category": "Result", "figures": 4, "textlen": 134, "fig_size": 83733, "title": "Results", "31": {"fig_size": 24624, "fig_aspectRatio": 8.444444444444445, "fig_size_poster": 0.8871595330739299}, "33": {"fig_size": 17013, "fig_aspectRatio": 6.056603773584905, "fig_size_poster": 0.6245136186770428}, "35": {"fig_size": 24084, "fig_aspectRatio": 8.25925925925926, "fig_size_poster": 0.867704280155642}, "37": {"fig_size": 18012, "fig_aspectRatio": 5.543859649122807, "fig_size_poster": 0.6147859922178989}, "textRatio": 0.18256130790190736, "figRatio": 0.15878220140515223}, "40": {"xy": [1620, 1184, 519, 239], "panel_size": 124041, "panel_aspectRatio": 2.1715481171548117, "category": "Discussion", "figures": 0, "textlen": 45, "fig_size": 0, "title": "Future Work", "textRatio": 0.06130790190735695, "figRatio": 0.0}}}