{"poster_size": 4478976, "doclen": 372, "figlen": 1062518, "section": {"1": {"xy": [498, 88, 1615, 56], "panel_size": 90440, "panel_aspectRatio": 28.839285714285715, "category": "Title", "figures": 0, "textlen": 0, "fig_size": 0, "title": "Independent Component Analysis on Functional MRI(fMRI) data", "textRatio": 0.0, "figRatio": 0.0}, "2": {"xy": [18, 247, 1280, 344], "panel_size": 440320, "panel_aspectRatio": 3.7209302325581395, "category": "Introduction", "figures": 0, "textlen": 80, "fig_size": 0, "title": "Introduction", "textRatio": 0.21505376344086022, "figRatio": 0.0}, "4": {"xy": [14, 593, 1285, 773], "panel_size": 993305, "panel_aspectRatio": 1.6623544631306597, "category": "Method", "figures": 3, "textlen": 116, "fig_size": 241685, "title": "Theory", "5": {"fig_size": 37721, "fig_aspectRatio": 8.402985074626866, "fig_size_poster": 0.43813229571984436}, "9": {"fig_size": 60240, "fig_aspectRatio": 4.183333333333334, "fig_size_poster": 0.3906614785992218}, "12": {"fig_size": 143724, "fig_aspectRatio": 4.747126436781609, "fig_size_poster": 0.6428015564202335}, "textRatio": 0.3118279569892473, "figRatio": 0.22746438177988515}, "15": {"xy": [18, 1369, 1280, 339], "panel_size": 433920, "panel_aspectRatio": 3.775811209439528, "category": "Method", "figures": 0, "textlen": 49, "fig_size": 0, "title": "Methods", "textRatio": 0.13172043010752688, "figRatio": 0.0}, "18": {"xy": [1322, 241, 1252, 1204], "panel_size": 1507408, "panel_aspectRatio": 1.0398671096345515, "category": "Result", "figures": 3, "textlen": 76, "fig_size": 820833, "title": "Results", "20": {"fig_size": 299376, "fig_aspectRatio": 4.714285714285714, "fig_size_poster": 0.9488817891373802}, "22": {"fig_size": 214289, "fig_aspectRatio": 1.2090261282660333, "fig_size_poster": 0.40654952076677314}, "23": {"fig_size": 307168, "fig_aspectRatio": 1.4267241379310345, "fig_size_poster": 0.5287539936102237}, "textRatio": 0.20430107526881722, "figRatio": 0.7725356182201149}, "24": {"xy": [1314, 1452, 1249, 263], "panel_size": 328487, "panel_aspectRatio": 4.749049429657795, "category": "Discussion", "figures": 0, "textlen": 51, "fig_size": 0, "title": "Discussion", "textRatio": 0.13709677419354838, "figRatio": 0.0}}}