{"poster_size": 8957952, "doclen": 324, "figlen": 3428947, "section": {"1": {"xy": [494, 54, 2403, 233], "panel_size": 559899, "panel_aspectRatio": 10.313304721030043, "category": "Title", "figures": 0, "textlen": 0, "fig_size": 0, "title": "Estimating the effect of climate change on global and local sea level rise", "textRatio": 0.0, "figRatio": 0.0}, "2": {"xy": [84, 467, 1019, 246], "panel_size": 250674, "panel_aspectRatio": 4.142276422764228, "category": "Introduction", "figures": 0, "textlen": 46, "fig_size": 0, "title": "ABSTRACT", "textRatio": 0.1419753086419753, "figRatio": 0.0}, "4": {"xy": [98, 755, 1009, 1362], "panel_size": 1374258, "panel_aspectRatio": 0.7408223201174743, "category": "Introduction", "figures": 2, "textlen": 59, "fig_size": 912890, "title": "BACKGROUND", "6": {"fig_size": 432180, "fig_aspectRatio": 1.8, "fig_size_poster": 0.8741328047571854}, "7": {"fig_size": 480710, "fig_aspectRatio": 1.711320754716981, "fig_size_poster": 0.8989098116947473}, "textRatio": 0.18209876543209877, "figRatio": 0.2662304200094081}, "8": {"xy": [108, 2150, 1013, 297], "panel_size": 300861, "panel_aspectRatio": 3.410774410774411, "category": "Introduction", "figures": 0, "textlen": 35, "fig_size": 0, "title": "OBJECTIVES", "textRatio": 0.10802469135802469, "figRatio": 0.0}, "10": {"xy": [1214, 460, 1053, 712], "panel_size": 749736, "panel_aspectRatio": 1.478932584269663, "category": "Method", "figures": 1, "textlen": 78, "fig_size": 246960, "title": "DATA", "11": {"fig_size": 246960, "fig_aspectRatio": 4.114285714285714, "fig_size_poster": 0.9572649572649573}, "textRatio": 0.24074074074074073, "figRatio": 0.07202211057797044}, "13": {"xy": [1187, 1192, 1119, 573], "panel_size": 641187, "panel_aspectRatio": 1.9528795811518325, "category": "Method", "figures": 2, "textlen": 12, "fig_size": 388158, "title": "RANDOM FOREST", "15": {"fig_size": 199088, "fig_aspectRatio": 1.4701086956521738, "fig_size_poster": 0.483467381590706}, "16": {"fig_size": 189070, "fig_aspectRatio": 1.4191780821917808, "fig_size_poster": 0.46291331546023234}, "textRatio": 0.037037037037037035, "figRatio": 0.11320034984501073}, "17": {"xy": [1176, 1797, 1168, 680], "panel_size": 794240, "panel_aspectRatio": 1.7176470588235293, "category": "Method", "figures": 2, "textlen": 32, "fig_size": 470522, "title": "NEURAL NETWORK", "19": {"fig_size": 217568, "fig_aspectRatio": 1.2572115384615385, "fig_size_poster": 0.4477739726027397}, "20": {"fig_size": 252954, "fig_aspectRatio": 1.4758454106280192, "fig_size_poster": 0.5231164383561644}, "textRatio": 0.09876543209876543, "figRatio": 0.1372205519653701}, "21": {"xy": [2314, 460, 1067, 573], "panel_size": 611391, "panel_aspectRatio": 1.862129144851658, "category": "Method", "figures": 2, "textlen": 26, "fig_size": 345594, "title": "SUPPORT VECTOR REGRESSION", "22": {"fig_size": 162810, "fig_aspectRatio": 1.4507462686567165, "fig_size_poster": 0.4554826616682287}, "23": {"fig_size": 182784, "fig_aspectRatio": 1.619047619047619, "fig_size_poster": 0.5098406747891284}, "textRatio": 0.08024691358024691, "figRatio": 0.10078720960108162}, "25": {"xy": [2350, 1047, 1010, 1437], "panel_size": 1451370, "panel_aspectRatio": 0.7028531663187195, "category": "Result", "figures": 3, "textlen": 36, "fig_size": 1064823, "title": "CONCLUSIONS", "26": {"fig_size": 343759, "fig_aspectRatio": 2.1166253101736974, "fig_size_poster": 0.8445544554455445}, "27": {"fig_size": 357404, "fig_aspectRatio": 2.2562814070351758, "fig_size_poster": 0.8891089108910891}, "28": {"fig_size": 363660, "fig_aspectRatio": 2.518421052631579, "fig_size_poster": 0.9475247524752475}, "textRatio": 0.1111111111111111, "figRatio": 0.31053935800115895}}}