{"poster_size": 484704, "doclen": 328, "figlen": 65878, "section": {"1": {"xy": [116, 46, 567, 56], "panel_size": 31752, "panel_aspectRatio": 10.125, "category": "Title", "figures": 0, "textlen": 0, "fig_size": 0, "title": "\u201cDeep Faking\u201d Political Twitter using Transfer Learning and Transformers", "textRatio": 0.0, "figRatio": 0.0}, "2": {"xy": [12, 154, 174, 231], "panel_size": 40194, "panel_aspectRatio": 0.7532467532467533, "category": "Introduction", "figures": 0, "textlen": 87, "fig_size": 0, "title": "Abstract", "textRatio": 0.2652439024390244, "figRatio": 0.0}, "3": {"xy": [11, 403, 175, 143], "panel_size": 25025, "panel_aspectRatio": 1.2237762237762237, "category": "Introduction", "figures": 0, "textlen": 36, "fig_size": 0, "title": "Data", "textRatio": 0.10975609756097561, "figRatio": 0.0}, "4": {"xy": [188, 154, 205, 411], "panel_size": 84255, "panel_aspectRatio": 0.49878345498783455, "category": "Method", "figures": 3, "textlen": 96, "fig_size": 29945, "title": "Model (Transformer)", "12": {"fig_size": 15920, "fig_aspectRatio": 2.4875, "fig_size_poster": 0.9707317073170731}, "14": {"fig_size": 12400, "fig_aspectRatio": 3.225806451612903, "fig_size_poster": 0.975609756097561}, "15": {"fig_size": 1625, "fig_aspectRatio": 2.6, "fig_size_poster": 0.3170731707317073}, "textRatio": 0.2926829268292683, "figRatio": 0.454552354351984}, "5": {"xy": [401, 155, 181, 156], "panel_size": 28236, "panel_aspectRatio": 1.1602564102564104, "category": "Method", "figures": 2, "textlen": 19, "fig_size": 10550, "title": "Model (LSTM)", "19": {"fig_size": 7708, "fig_aspectRatio": 3.4893617021276597, "fig_size_poster": 0.9060773480662984}, "20": {"fig_size": 2842, "fig_aspectRatio": 3.3793103448275863, "fig_size_poster": 0.5414364640883977}, "textRatio": 0.057926829268292686, "figRatio": 0.16014450954795229}, "6": {"xy": [401, 314, 181, 235], "panel_size": 42535, "panel_aspectRatio": 0.7702127659574468, "category": "Result", "figures": 2, "textlen": 6, "fig_size": 25383, "title": "Results", "22": {"fig_size": 12684, "fig_aspectRatio": 1.7976190476190477, "fig_size_poster": 0.8342541436464088}, "24": {"fig_size": 12699, "fig_aspectRatio": 1.8433734939759037, "fig_size_poster": 0.8453038674033149}, "textRatio": 0.018292682926829267, "figRatio": 0.3853031361000638}, "7": {"xy": [591, 154, 180, 152], "panel_size": 27360, "panel_aspectRatio": 1.1842105263157894, "category": "Discussion", "figures": 0, "textlen": 48, "fig_size": 0, "title": "Discussion", "textRatio": 0.14634146341463414, "figRatio": 0.0}, "8": {"xy": [592, 311, 182, 148], "panel_size": 26936, "panel_aspectRatio": 1.2297297297297298, "category": "Discussion", "figures": 0, "textlen": 36, "fig_size": 0, "title": "Future Work", "textRatio": 0.10975609756097561, "figRatio": 0.0}}}