{"poster_size": 3110400, "doclen": 345, "figlen": 557271, "section": {"1": {"xy": [239, 33, 1749, 72], "panel_size": 125928, "panel_aspectRatio": 24.291666666666668, "category": "Title", "figures": 0, "textlen": 0, "fig_size": 0, "title": "Separation of MR multiband images using complex independent component analysis", "textRatio": 0.0, "figRatio": 0.0}, "2": {"xy": [21, 193, 665, 302], "panel_size": 200830, "panel_aspectRatio": 2.2019867549668874, "category": "Introduction", "figures": 0, "textlen": 51, "fig_size": 0, "title": "Background & Objective", "textRatio": 0.14782608695652175, "figRatio": 0.0}, "4": {"xy": [29, 513, 647, 845], "panel_size": 546715, "panel_aspectRatio": 0.7656804733727811, "category": "Method", "figures": 3, "textlen": 42, "fig_size": 216061, "title": "Method", "8": {"fig_size": 19630, "fig_aspectRatio": 4.6461538461538465, "fig_size_poster": 0.4667697063369397}, "9": {"fig_size": 21791, "fig_aspectRatio": 3.675324675324675, "fig_size_poster": 0.437403400309119}, "10": {"fig_size": 174640, "fig_aspectRatio": 0.5016949152542373, "fig_size_poster": 0.4574961360123648}, "textRatio": 0.12173913043478261, "figRatio": 0.387712620968972}, "11": {"xy": [698, 195, 707, 534], "panel_size": 377538, "panel_aspectRatio": 1.3239700374531835, "category": "Method", "figures": 3, "textlen": 57, "fig_size": 132957, "title": "Method", "12": {"fig_size": 38247, "fig_aspectRatio": 10.278688524590164, "fig_size_poster": 0.8868458274398868}, "13": {"fig_size": 47278, "fig_aspectRatio": 7.974025974025974, "fig_size_poster": 0.8684582743988685}, "14": {"fig_size": 47432, "fig_aspectRatio": 8.0, "fig_size_poster": 0.8712871287128713}, "textRatio": 0.16521739130434782, "figRatio": 0.23858589447503997}, "18": {"xy": [686, 750, 722, 579], "panel_size": 418038, "panel_aspectRatio": 1.2469775474956821, "category": "Result", "figures": 3, "textlen": 57, "fig_size": 208253, "title": "Results", "20": {"fig_size": 61236, "fig_aspectRatio": 0.5833333333333334, "fig_size_poster": 0.26177285318559557}, "21": {"fig_size": 71529, "fig_aspectRatio": 0.6224188790560472, "fig_size_poster": 0.2922437673130194}, "22": {"fig_size": 75488, "fig_aspectRatio": 0.6646884272997032, "fig_size_poster": 0.31024930747922436}, "textRatio": 0.16521739130434782, "figRatio": 0.373701484555988}, "24": {"xy": [1425, 199, 714, 814], "panel_size": 581196, "panel_aspectRatio": 0.8771498771498771, "category": "Result", "figures": 0, "textlen": 74, "fig_size": 0, "title": "Results", "textRatio": 0.2144927536231884, "figRatio": 0.0}, "29": {"xy": [1419, 1033, 720, 311], "panel_size": 223920, "panel_aspectRatio": 2.315112540192926, "category": "Result", "figures": 0, "textlen": 64, "fig_size": 0, "title": "Discussiona & Future Work", "textRatio": 0.1855072463768116, "figRatio": 0.0}}}