{"poster_size": 8957952, "doclen": 270, "figlen": 3033849, "section": {"1": {"xy": [1145, 85, 1313, 259], "panel_size": 340067, "panel_aspectRatio": 5.06949806949807, "category": "Title", "figures": 0, "textlen": 0, "fig_size": 0, "title": "Household Animals Classification Using Deep Learning", "textRatio": 0.0, "figRatio": 0.0}, "2": {"xy": [62, 529, 813, 552], "panel_size": 448776, "panel_aspectRatio": 1.4728260869565217, "category": "Introduction", "figures": 0, "textlen": 55, "fig_size": 0, "title": "Abstract", "textRatio": 0.2037037037037037, "figRatio": 0.0}, "4": {"xy": [42, 1124, 879, 726], "panel_size": 638154, "panel_aspectRatio": 1.2107438016528926, "category": "Introduction", "figures": 0, "textlen": 78, "fig_size": 0, "title": "Motivation", "textRatio": 0.28888888888888886, "figRatio": 0.0}, "6": {"xy": [36, 1887, 900, 563], "panel_size": 506700, "panel_aspectRatio": 1.5985790408525755, "category": "Method", "figures": 0, "textlen": 46, "fig_size": 0, "title": "Evaluation Sequence", "textRatio": 0.17037037037037037, "figRatio": 0.0}, "8": {"xy": [961, 493, 711, 2046], "panel_size": 1454706, "panel_aspectRatio": 0.34750733137829914, "category": "Method", "figures": 3, "textlen": 0, "fig_size": 1114561, "title": "Model Introduction", "9": {"fig_size": 232758, "fig_aspectRatio": 1.5621761658031088, "fig_size_poster": 0.8481012658227848}, "10": {"fig_size": 178555, "fig_aspectRatio": 1.591044776119403, "fig_size_poster": 0.749648382559775}, "11": {"fig_size": 703248, "fig_aspectRatio": 0.5536823425022183, "fig_size_poster": 0.8776371308016878}, "textRatio": 0.0, "figRatio": 0.3673752385171444}, "12": {"xy": [1748, 490, 805, 2038], "panel_size": 1640590, "panel_aspectRatio": 0.39499509322865556, "category": "Result", "figures": 2, "textlen": 5, "fig_size": 1260268, "title": "Testing Result", "14": {"fig_size": 643300, "fig_aspectRatio": 0.7616974972796517, "fig_size_poster": 0.8695652173913043}, "15": {"fig_size": 616968, "fig_aspectRatio": 1.0166880616174583, "fig_size_poster": 0.9838509316770186}, "textRatio": 0.018518518518518517, "figRatio": 0.4154023486336993}, "16": {"xy": [2594, 504, 813, 997], "panel_size": 810561, "panel_aspectRatio": 0.8154463390170511, "category": "Result", "figures": 1, "textlen": 0, "fig_size": 659020, "title": "Testing Result", "17": {"fig_size": 659020, "fig_aspectRatio": 0.9566265060240964, "fig_size_poster": 0.976629766297663}, "textRatio": 0.0, "figRatio": 0.2172224128491563}, "18": {"xy": [2575, 1539, 824, 346], "panel_size": 285104, "panel_aspectRatio": 2.3815028901734103, "category": "Discussion", "figures": 0, "textlen": 18, "fig_size": 0, "title": "Conclusion", "textRatio": 0.06666666666666667, "figRatio": 0.0}, "20": {"xy": [2569, 1888, 835, 568], "panel_size": 474280, "panel_aspectRatio": 1.4700704225352113, "category": "Discussion", "figures": 0, "textlen": 68, "fig_size": 0, "title": "Future Work", "textRatio": 0.2518518518518518, "figRatio": 0.0}}}