{"poster_size": 4478976, "doclen": 227, "figlen": 1807062, "section": {"0": {"xy": [113, 32, 2350, 125], "panel_size": 293750, "panel_aspectRatio": 18.8, "category": "Title", "figures": 0, "textlen": 0, "fig_size": 0, "title": "Machine Learning for Predictive Maintenance", "textRatio": 0.0, "figRatio": 0.0}, "1": {"xy": [25, 336, 824, 387], "panel_size": 318888, "panel_aspectRatio": 2.1291989664082687, "category": "Introduction", "figures": 0, "textlen": 70, "fig_size": 0, "title": "Motivation", "textRatio": 0.30837004405286345, "figRatio": 0.0}, "3": {"xy": [8, 743, 915, 984], "panel_size": 900360, "panel_aspectRatio": 0.9298780487804879, "category": "Method", "figures": 3, "textlen": 42, "fig_size": 591277, "title": "Pre-processing", "5": {"fig_size": 209001, "fig_aspectRatio": 3.8497854077253217, "fig_size_poster": 0.980327868852459}, "7": {"fig_size": 289732, "fig_aspectRatio": 1.418141592920354, "fig_size_poster": 0.7005464480874317}, "8": {"fig_size": 92544, "fig_aspectRatio": 0.6276041666666666, "fig_size_poster": 0.2633879781420765}, "textRatio": 0.18502202643171806, "figRatio": 0.32720349384802516}, "9": {"xy": [908, 341, 817, 400], "panel_size": 326800, "panel_aspectRatio": 2.0425, "category": "Method", "figures": 1, "textlen": 0, "fig_size": 267241, "title": "Dataset", "10": {"fig_size": 267241, "fig_aspectRatio": 2.3531157270029674, "fig_size_poster": 0.9706242350061199}, "textRatio": 0.0, "figRatio": 0.14788701217777808}, "11": {"xy": [941, 752, 819, 975], "panel_size": 798525, "panel_aspectRatio": 0.84, "category": "Method", "figures": 2, "textlen": 37, "fig_size": 520832, "title": "Method & Experiments", "12": {"fig_size": 279096, "fig_aspectRatio": 2.3045977011494254, "fig_size_poster": 0.9792429792429792}, "14": {"fig_size": 241736, "fig_aspectRatio": 2.2469512195121952, "fig_size_poster": 0.8998778998778999}, "textRatio": 0.16299559471365638, "figRatio": 0.2882203266960403}, "15": {"xy": [1791, 314, 780, 829], "panel_size": 646620, "panel_aspectRatio": 0.9408926417370326, "category": "Result", "figures": 1, "textlen": 8, "fig_size": 427712, "title": "Results", "16": {"fig_size": 427712, "fig_aspectRatio": 0.9939024390243902, "fig_size_poster": 0.8358974358974359}, "textRatio": 0.03524229074889868, "figRatio": 0.23668916727815648}, "19": {"xy": [1760, 1152, 822, 424], "panel_size": 348528, "panel_aspectRatio": 1.9386792452830188, "category": "Discussion", "figures": 0, "textlen": 70, "fig_size": 0, "title": "Conclusions", "textRatio": 0.30837004405286345, "figRatio": 0.0}}}