{"poster_size": 8957952, "doclen": 329, "figlen": 1927679, "section": {"1": {"xy": [379, 79, 2736, 133], "panel_size": 363888, "panel_aspectRatio": 20.571428571428573, "category": "Title", "figures": 0, "textlen": 0, "fig_size": 0, "title": "Compositionality Detection with Latent Dirichlet Allocation", "textRatio": 0.0, "figRatio": 0.0}, "3": {"xy": [906, 1322, 1443, 1263], "panel_size": 1822509, "panel_aspectRatio": 1.1425178147268409, "category": "Method", "figures": 1, "textlen": 0, "fig_size": 1254279, "title": "Compositional Latent Dirichlet Allocation", "4": {"fig_size": 1254279, "fig_aspectRatio": 1.0198376916140668, "fig_size_poster": 0.7837837837837838}, "textRatio": 0.0, "figRatio": 0.6506679794716859}, "6": {"xy": [897, 478, 1539, 787], "panel_size": 1211193, "panel_aspectRatio": 1.9555273189326556, "category": "Method", "figures": 1, "textlen": 40, "fig_size": 673400, "title": "Latent Dirichlet Allocation", "7": {"fig_size": 673400, "fig_aspectRatio": 2.4903846153846154, "fig_size_poster": 0.8414554905782976}, "textRatio": 0.12158054711246201, "figRatio": 0.3493320205283141}, "9": {"xy": [47, 459, 813, 884], "panel_size": 718692, "panel_aspectRatio": 0.919683257918552, "category": "Introduction", "figures": 0, "textlen": 81, "fig_size": 0, "title": "The task", "textRatio": 0.24620060790273557, "figRatio": 0.0}, "11": {"xy": [69, 1357, 804, 917], "panel_size": 737268, "panel_aspectRatio": 0.8767720828789531, "category": "Method", "figures": 0, "textlen": 95, "fig_size": 0, "title": "Building on a simpler task: word sense detection and induction", "textRatio": 0.2887537993920973, "figRatio": 0.0}, "13": {"xy": [2608, 454, 769, 644], "panel_size": 495236, "panel_aspectRatio": 1.1940993788819876, "category": "Method", "figures": 0, "textlen": 55, "fig_size": 0, "title": "Corpus Collection", "textRatio": 0.16717325227963525, "figRatio": 0.0}, "15": {"xy": [2623, 1126, 774, 476], "panel_size": 368424, "panel_aspectRatio": 1.6260504201680672, "category": "Method", "figures": 0, "textlen": 31, "fig_size": 0, "title": "Implementation", "textRatio": 0.09422492401215805, "figRatio": 0.0}, "17": {"xy": [2556, 1635, 873, 526], "panel_size": 459198, "panel_aspectRatio": 1.6596958174904943, "category": "Discussion", "figures": 0, "textlen": 27, "fig_size": 0, "title": "Future work", "textRatio": 0.08206686930091185, "figRatio": 0.0}}}