{"poster_size": 4478976, "doclen": 353, "figlen": 1539390, "section": {"1": {"xy": [451, 38, 1712, 119], "panel_size": 203728, "panel_aspectRatio": 14.38655462184874, "category": "Title", "figures": 0, "textlen": 0, "fig_size": 0, "title": "Climate Classification Using Landscape Images", "textRatio": 0.0, "figRatio": 0.0}, "2": {"xy": [3, 250, 723, 508], "panel_size": 367284, "panel_aspectRatio": 1.4232283464566928, "category": "Introduction", "figures": 0, "textlen": 66, "fig_size": 0, "title": "Introduction", "textRatio": 0.18696883852691218, "figRatio": 0.0}, "4": {"xy": [6, 758, 722, 960], "panel_size": 693120, "panel_aspectRatio": 0.7520833333333333, "category": "Introduction", "figures": 2, "textlen": 102, "fig_size": 180926, "title": "Data + Features", "7": {"fig_size": 74292, "fig_aspectRatio": 0.8145695364238411, "fig_size_poster": 0.3407202216066482}, "8": {"fig_size": 106634, "fig_aspectRatio": 1.5534351145038168, "fig_size_poster": 0.5637119113573407}, "textRatio": 0.28895184135977336, "figRatio": 0.11753097005956906}, "9": {"xy": [735, 244, 725, 1472], "panel_size": 1067200, "panel_aspectRatio": 0.49252717391304346, "category": "Method", "figures": 3, "textlen": 0, "fig_size": 832596, "title": "Models", "10": {"fig_size": 236313, "fig_aspectRatio": 1.7933884297520661, "fig_size_poster": 0.8979310344827586}, "11": {"fig_size": 297687, "fig_aspectRatio": 1.4766146993318485, "fig_size_poster": 0.9144827586206896}, "12": {"fig_size": 298596, "fig_aspectRatio": 1.494407158836689, "fig_size_poster": 0.9213793103448276}, "textRatio": 0.0, "figRatio": 0.5408609903922983}, "13": {"xy": [1472, 250, 1110, 985], "panel_size": 1093350, "panel_aspectRatio": 1.1269035532994924, "category": "Result", "figures": 3, "textlen": 106, "fig_size": 525868, "title": "Results + Discussion", "14": {"fig_size": 173536, "fig_aspectRatio": 1.4005681818181819, "fig_size_poster": 0.44414414414414416}, "15": {"fig_size": 210900, "fig_aspectRatio": 1.5405405405405406, "fig_size_poster": 0.5135135135135135}, "16": {"fig_size": 141432, "fig_aspectRatio": 2.281124497991968, "fig_size_poster": 0.5117117117117117}, "textRatio": 0.3002832861189802, "figRatio": 0.3416080395481327}, "19": {"xy": [1486, 1251, 539, 471], "panel_size": 253869, "panel_aspectRatio": 1.1443736730360934, "category": "Discussion", "figures": 0, "textlen": 79, "fig_size": 0, "title": "Future Work", "textRatio": 0.2237960339943343, "figRatio": 0.0}}}