{"poster_size": 8036464, "doclen": 193, "figlen": 3770531, "section": {"3": {"xy": [32, 268, 813, 472], "panel_size": 383736, "panel_aspectRatio": 1.722457627118644, "category": "Introduction", "figures": 0, "textlen": 0, "fig_size": 0, "title": "PROBLEM", "textRatio": 0.0, "figRatio": 0.0}, "5": {"xy": [29, 761, 816, 1607], "panel_size": 1311312, "panel_aspectRatio": 0.507778469197262, "category": "Introduction", "figures": 4, "textlen": 0, "fig_size": 1072978, "title": "DATASETS", "6": {"fig_size": 415722, "fig_aspectRatio": 1.2400690846286702, "fig_size_poster": 0.8799019607843137}, "7": {"fig_size": 192228, "fig_aspectRatio": 3.1004016064257027, "fig_size_poster": 0.946078431372549}, "8": {"fig_size": 261300, "fig_aspectRatio": 2.328358208955224, "fig_size_poster": 0.9558823529411765}, "9": {"fig_size": 203728, "fig_aspectRatio": 2.7536764705882355, "fig_size_poster": 0.9178921568627451}, "textRatio": 0.0, "figRatio": 0.28456946780174996}, "10": {"xy": [864, 253, 817, 857], "panel_size": 700169, "panel_aspectRatio": 0.9533255542590432, "category": "Result", "figures": 1, "textlen": 0, "fig_size": 577024, "title": "SUPPORT VECTOR MACHINES", "11": {"fig_size": 577024, "fig_aspectRatio": 1.065217391304348, "fig_size_poster": 0.9596083231334149}, "textRatio": 0.0, "figRatio": 0.15303520909919585}, "12": {"xy": [871, 1133, 815, 1243], "panel_size": 1013045, "panel_aspectRatio": 0.6556717618664522, "category": "Result", "figures": 2, "textlen": 0, "fig_size": 850617, "title": "SOfTMAX REGRESSION", "13": {"fig_size": 281097, "fig_aspectRatio": 2.181058495821727, "fig_size_poster": 0.9607361963190184}, "14": {"fig_size": 569520, "fig_aspectRatio": 1.0986111111111112, "fig_size_poster": 0.9705521472392638}, "textRatio": 0.0, "figRatio": 0.22559607652078711}, "15": {"xy": [1701, 258, 1631, 980], "panel_size": 1598380, "panel_aspectRatio": 1.6642857142857144, "category": "Result", "figures": 1, "textlen": 72, "fig_size": 870116, "title": "CONVOLUTIONAL NEURAL NETWORKS", "16": {"fig_size": 870116, "fig_aspectRatio": 2.613518197573657, "fig_size_poster": 0.9245861434702637}, "textRatio": 0.37305699481865284, "figRatio": 0.23076749667354546}, "19": {"xy": [1696, 1253, 1651, 718], "panel_size": 1185418, "panel_aspectRatio": 2.299442896935933, "category": "Discussion", "figures": 1, "textlen": 85, "fig_size": 399796, "title": "DISCUSSION", "20": {"fig_size": 399796, "fig_aspectRatio": 1.5492125984251968, "fig_size_poster": 0.4766807995154452}, "textRatio": 0.44041450777202074, "figRatio": 0.10603174990472164}}}