{"poster_size": 3877632, "doclen": 130, "figlen": 155760, "section": {"1": {"xy": [534, 19, 1381, 97], "panel_size": 133957, "panel_aspectRatio": 14.237113402061855, "category": "Title", "figures": 0, "textlen": 0, "fig_size": 0, "title": "Projecting NFL Quarterback Readiness", "textRatio": 0.0, "figRatio": 0.0}, "2": {"xy": [34, 237, 701, 755], "panel_size": 529255, "panel_aspectRatio": 0.928476821192053, "category": "Introduction", "figures": 1, "textlen": 130, "fig_size": 155760, "title": "2018 Draft Experiment", "4": {"fig_size": 155760, "fig_aspectRatio": 2.7966101694915255, "fig_size_poster": 0.9415121255349501}, "textRatio": 1.0, "figRatio": 1.0}}}