{"poster_size": 4478976, "doclen": 348, "figlen": 1140282, "section": {"0": {"xy": [89, 18, 1560, 125], "panel_size": 195000, "panel_aspectRatio": 12.48, "category": "Title", "figures": 0, "textlen": 0, "fig_size": 0, "title": "Ensembling as a Defense Against Adversarial Examples", "textRatio": 0.0, "figRatio": 0.0}, "1": {"xy": [51, 184, 824, 468], "panel_size": 385632, "panel_aspectRatio": 1.7606837606837606, "category": "Introduction", "figures": 1, "textlen": 21, "fig_size": 193292, "title": "Motivation", "3": {"fig_size": 193292, "fig_aspectRatio": 3.0197628458498023, "fig_size_poster": 0.9271844660194175}, "textRatio": 0.0603448275862069, "figRatio": 0.16951245393683317}, "4": {"xy": [43, 654, 819, 1911], "panel_size": 1565109, "panel_aspectRatio": 0.42857142857142855, "category": "Method", "figures": 4, "textlen": 106, "fig_size": 609967, "title": "Attack setting\n", "6": {"fig_size": 266644, "fig_aspectRatio": 2.103932584269663, "fig_size_poster": 0.9145299145299145}, "10": {"fig_size": 140379, "fig_aspectRatio": 2.9269406392694064, "fig_size_poster": 0.7826617826617827}, "11": {"fig_size": 108864, "fig_aspectRatio": 3.0476190476190474, "fig_size_poster": 0.7032967032967034}, "12": {"fig_size": 94080, "fig_aspectRatio": 4.8, "fig_size_poster": 0.8205128205128205}, "textRatio": 0.3045977011494253, "figRatio": 0.5349264480189988}, "13": {"xy": [913, 192, 783, 1164], "panel_size": 911412, "panel_aspectRatio": 0.6726804123711341, "category": "Method", "figures": 2, "textlen": 134, "fig_size": 95871, "title": "Data", "16": {"fig_size": 68705, "fig_aspectRatio": 3.013245033112583, "fig_size_poster": 0.5810983397190294}, "18": {"fig_size": 27166, "fig_aspectRatio": 12.297872340425531, "fig_size_poster": 0.7381864623243933}, "textRatio": 0.3850574712643678, "figRatio": 0.08407657053255248}, "19": {"xy": [900, 1371, 794, 689], "panel_size": 547066, "panel_aspectRatio": 1.1523947750362844, "category": "Result", "figures": 1, "textlen": 54, "fig_size": 241152, "title": "Results", "20": {"fig_size": 241152, "fig_aspectRatio": 2.445859872611465, "fig_size_poster": 0.9672544080604534}, "textRatio": 0.15517241379310345, "figRatio": 0.21148452751161556}, "22": {"xy": [894, 2073, 787, 275], "panel_size": 216425, "panel_aspectRatio": 2.861818181818182, "category": "Discussion", "figures": 0, "textlen": 33, "fig_size": 0, "title": "Future Work", "textRatio": 0.09482758620689655, "figRatio": 0.0}}}