{"poster_size": 4478976, "doclen": 318, "figlen": 2056954, "section": {"1": {"xy": [300, 36, 1991, 90], "panel_size": 179190, "panel_aspectRatio": 22.122222222222224, "category": "Title", "figures": 0, "textlen": 0, "fig_size": 0, "title": "Classification of Higgs Boson Tau-Tau decays using GPU accelerated Neural Networks", "textRatio": 0.0, "figRatio": 0.0}, "2": {"xy": [34, 256, 718, 470], "panel_size": 337460, "panel_aspectRatio": 1.5276595744680852, "category": "Introduction", "figures": 1, "textlen": 43, "fig_size": 127197, "title": "Abstract", "3": {"fig_size": 127197, "fig_aspectRatio": 3.560846560846561, "fig_size_poster": 0.9373259052924791}, "textRatio": 0.13522012578616352, "figRatio": 0.061837552030818387}, "5": {"xy": [30, 734, 739, 290], "panel_size": 214310, "panel_aspectRatio": 2.5482758620689654, "category": "Method", "figures": 1, "textlen": 27, "fig_size": 65184, "title": "Optimization", "6": {"fig_size": 65184, "fig_aspectRatio": 6.927835051546392, "fig_size_poster": 0.9093369418132612}, "textRatio": 0.08490566037735849, "figRatio": 0.03168957594579169}, "8": {"xy": [43, 1036, 713, 639], "panel_size": 455607, "panel_aspectRatio": 1.1158059467918622, "category": "Method", "figures": 4, "textlen": 0, "fig_size": 352467, "title": "Dropout Neural Network", "9": {"fig_size": 126400, "fig_aspectRatio": 0.79, "fig_size_poster": 0.4431977559607293}, "10": {"fig_size": 117273, "fig_aspectRatio": 0.7220843672456576, "fig_size_poster": 0.40813464235624125}, "11": {"fig_size": 49454, "fig_aspectRatio": 1.981012658227848, "fig_size_poster": 0.43899018232819076}, "12": {"fig_size": 59340, "fig_aspectRatio": 2.005813953488372, "fig_size_poster": 0.4838709677419355}, "textRatio": 0.0, "figRatio": 0.17135385623596833}, "13": {"xy": [778, 265, 1115, 1432], "panel_size": 1596680, "panel_aspectRatio": 0.7786312849162011, "category": "Method", "figures": 4, "textlen": 156, "fig_size": 1014727, "title": "Comparing Learning Models", "14": {"fig_size": 247779, "fig_aspectRatio": 1.062111801242236, "fig_size_poster": 0.4600896860986547}, "15": {"fig_size": 260058, "fig_aspectRatio": 1.0965092402464065, "fig_size_poster": 0.4789237668161435}, "16": {"fig_size": 258940, "fig_aspectRatio": 1.1053719008264462, "fig_size_poster": 0.4798206278026906}, "17": {"fig_size": 247950, "fig_aspectRatio": 1.0989473684210527, "fig_size_poster": 0.46816143497757845}, "textRatio": 0.49056603773584906, "figRatio": 0.49331535853499886}, "19": {"xy": [1893, 276, 648, 1432], "panel_size": 927936, "panel_aspectRatio": 0.45251396648044695, "category": "Result", "figures": 2, "textlen": 92, "fig_size": 497379, "title": "Results\n", "20": {"fig_size": 247080, "fig_aspectRatio": 1.3615023474178405, "fig_size_poster": 0.8950617283950617}, "21": {"fig_size": 250299, "fig_aspectRatio": 1.4817518248175183, "fig_size_poster": 0.9398148148148148}, "textRatio": 0.2893081761006289, "figRatio": 0.24180365725242275}}}