{"poster_size": 484704, "doclen": 523, "figlen": 65251, "section": {"1": {"xy": [121, 53, 517, 53], "panel_size": 27401, "panel_aspectRatio": 9.754716981132075, "category": "Title", "figures": 0, "textlen": 0, "fig_size": 0, "title": "Predicting the popularity of Reddit posts", "textRatio": 0.0, "figRatio": 0.0}, "2": {"xy": [20, 151, 249, 111], "panel_size": 27639, "panel_aspectRatio": 2.2432432432432434, "category": "Introduction", "figures": 0, "textlen": 76, "fig_size": 0, "title": "problem", "textRatio": 0.14531548757170173, "figRatio": 0.0}, "4": {"xy": [19, 272, 252, 208], "panel_size": 52416, "panel_aspectRatio": 1.2115384615384615, "category": "Method", "figures": 0, "textlen": 148, "fig_size": 0, "title": "dataset and features", "textRatio": 0.2829827915869981, "figRatio": 0.0}, "6": {"xy": [493, 151, 287, 306], "panel_size": 87822, "panel_aspectRatio": 0.9379084967320261, "category": "Result", "figures": 2, "textlen": 76, "fig_size": 47799, "title": "Experimental results", "7": {"fig_size": 24435, "fig_aspectRatio": 1.3407407407407408, "fig_size_poster": 0.6306620209059234}, "8": {"fig_size": 23364, "fig_aspectRatio": 1.3409090909090908, "fig_size_poster": 0.6167247386759582}, "textRatio": 0.14531548757170173, "figRatio": 0.7325404974636404}, "10": {"xy": [486, 459, 281, 87], "panel_size": 24447, "panel_aspectRatio": 3.2298850574712645, "category": "Discussion", "figures": 0, "textlen": 66, "fig_size": 0, "title": "Future work", "textRatio": 0.12619502868068833, "figRatio": 0.0}, "12": {"xy": [277, 153, 201, 393], "panel_size": 78993, "panel_aspectRatio": 0.5114503816793893, "category": "Method", "figures": 4, "textlen": 157, "fig_size": 17452, "title": "Models + metrics", "14": {"fig_size": 2140, "fig_aspectRatio": 5.35, "fig_size_poster": 0.5323383084577115}, "16": {"fig_size": 2544, "fig_aspectRatio": 4.416666666666667, "fig_size_poster": 0.527363184079602}, "18": {"fig_size": 2352, "fig_aspectRatio": 4.083333333333333, "fig_size_poster": 0.48756218905472637}, "21": {"fig_size": 10416, "fig_aspectRatio": 3.3214285714285716, "fig_size_poster": 0.9253731343283582}, "textRatio": 0.30019120458891013, "figRatio": 0.2674595025363596}}}