{"poster_size": 4478976, "doclen": 606, "figlen": 972724, "section": {"1": {"xy": [541, 49, 1550, 102], "panel_size": 158100, "panel_aspectRatio": 15.196078431372548, "category": "Title", "figures": 0, "textlen": 0, "fig_size": 0, "title": "Estimating Object Inertia Properties for Trajectory Control", "textRatio": 0.0, "figRatio": 0.0}, "2": {"xy": [45, 332, 598, 543], "panel_size": 324714, "panel_aspectRatio": 1.1012891344383058, "category": "Introduction", "figures": 0, "textlen": 107, "fig_size": 0, "title": "Abstract", "textRatio": 0.17656765676567657, "figRatio": 0.0}, "4": {"xy": [26, 886, 626, 793], "panel_size": 496418, "panel_aspectRatio": 0.7894073139974779, "category": "Method", "figures": 2, "textlen": 120, "fig_size": 111190, "title": "Robotics Background", "5": {"fig_size": 71750, "fig_aspectRatio": 4.592, "fig_size_poster": 0.9169329073482428}, "6": {"fig_size": 39440, "fig_aspectRatio": 6.1625, "fig_size_poster": 0.7875399361022364}, "textRatio": 0.19801980198019803, "figRatio": 0.11430786122271065}, "9": {"xy": [680, 338, 1274, 1385], "panel_size": 1764490, "panel_aspectRatio": 0.91985559566787, "category": "Method", "figures": 7, "textlen": 225, "fig_size": 690234, "title": "Problem Formulation, Data Collection, Learning Approach", "10": {"fig_size": 56952, "fig_aspectRatio": 3.5873015873015874, "fig_size_poster": 0.35478806907378335}, "11": {"fig_size": 73788, "fig_aspectRatio": 4.234848484848484, "fig_size_poster": 0.4387755102040816}, "12": {"fig_size": 208320, "fig_aspectRatio": 1.180952380952381, "fig_size_poster": 0.3893249607535322}, "13": {"fig_size": 151902, "fig_aspectRatio": 1.7938144329896908, "fig_size_poster": 0.4097331240188383}, "14": {"fig_size": 75076, "fig_aspectRatio": 4.0, "fig_size_poster": 0.4301412872841444}, "15": {"fig_size": 86372, "fig_aspectRatio": 4.223776223776224, "fig_size_poster": 0.4740973312401884}, "16": {"fig_size": 37824, "fig_aspectRatio": 4.104166666666667, "fig_size_poster": 0.3092621664050236}, "textRatio": 0.3712871287128713, "figRatio": 0.7095887425415637}, "25": {"xy": [1956, 336, 611, 1161], "panel_size": 709371, "panel_aspectRatio": 0.5262704565030146, "category": "Result", "figures": 1, "textlen": 154, "fig_size": 171300, "title": "Results and Discussion", "26": {"fig_size": 171300, "fig_aspectRatio": 1.9033333333333333, "fig_size_poster": 0.9345335515548282}, "textRatio": 0.25412541254125415, "figRatio": 0.17610339623572566}}}