{"poster_size": 518400, "doclen": 316, "figlen": 262844, "section": {"0": {"xy": [103, 8, 731, 23], "panel_size": 16813, "panel_aspectRatio": 31.782608695652176, "category": "Title", "figures": 0, "textlen": 0, "fig_size": 0, "title": "Computer aided detection of endolymphatic hydrops to aid the diagnosis of Meniere's disease", "textRatio": 0.0, "figRatio": 0.0}, "1": {"xy": [20, 48, 639, 491], "panel_size": 313749, "panel_aspectRatio": 1.3014256619144602, "category": "Introduction", "figures": 2, "textlen": 125, "fig_size": 224854, "title": "1.Introduction", "2": {"fig_size": 80936, "fig_aspectRatio": 1.126865671641791, "fig_size_poster": 0.4726134585289515}, "11": {"fig_size": 143918, "fig_aspectRatio": 0.698237885462555, "fig_size_poster": 0.49608763693270735}, "textRatio": 0.39556962025316456, "figRatio": 0.8554655993669249}, "12": {"xy": [663, 46, 277, 340], "panel_size": 94180, "panel_aspectRatio": 0.8147058823529412, "category": "Method", "figures": 1, "textlen": 128, "fig_size": 37990, "title": "Dataset and Features", "13": {"fig_size": 37990, "fig_aspectRatio": 1.806896551724138, "fig_size_poster": 0.9458483754512635}, "textRatio": 0.4050632911392405, "figRatio": 0.14453440063307513}, "16": {"xy": [668, 394, 264, 141], "panel_size": 37224, "panel_aspectRatio": 1.872340425531915, "category": "Result", "figures": 0, "textlen": 63, "fig_size": 0, "title": "3.Resylts/Conclusion/Future Work", "textRatio": 0.19936708860759494, "figRatio": 0.0}}}