{"poster_size": 4478976, "doclen": 331, "figlen": 902231, "section": {"1": {"xy": [332, 25, 2024, 182], "panel_size": 368368, "panel_aspectRatio": 11.12087912087912, "category": "Title", "figures": 0, "textlen": 0, "fig_size": 0, "title": "Achieving Machine Reasoning for Math Problems Through\nStep-By-Step Supervision Signal", "textRatio": 0.0, "figRatio": 0.0}, "2": {"xy": [21, 307, 807, 1335], "panel_size": 1077345, "panel_aspectRatio": 0.604494382022472, "category": "Introduction", "figures": 2, "textlen": 112, "fig_size": 134011, "title": "OVERVIEW", "5": {"fig_size": 65570, "fig_aspectRatio": 9.518072289156626, "fig_size_poster": 0.9789343246592317}, "7": {"fig_size": 68441, "fig_aspectRatio": 8.640449438202246, "fig_size_poster": 0.952912019826518}, "textRatio": 0.338368580060423, "figRatio": 0.14853291451967401}, "8": {"xy": [841, 304, 910, 1413], "panel_size": 1285830, "panel_aspectRatio": 0.6440198159943383, "category": "Method", "figures": 2, "textlen": 123, "fig_size": 265550, "title": "Methods", "11": {"fig_size": 99882, "fig_aspectRatio": 2.8870967741935485, "fig_size_poster": 0.5901098901098901}, "12": {"fig_size": 165668, "fig_aspectRatio": 0.6653306613226453, "fig_size_poster": 0.3648351648351648}, "textRatio": 0.3716012084592145, "figRatio": 0.2943259542179331}, "14": {"xy": [1777, 307, 814, 1159], "panel_size": 943426, "panel_aspectRatio": 0.7023295944779983, "category": "Result", "figures": 2, "textlen": 69, "fig_size": 502670, "title": "Results", "15": {"fig_size": 157934, "fig_aspectRatio": 3.832512315270936, "fig_size_poster": 0.9557739557739557}, "17": {"fig_size": 344736, "fig_aspectRatio": 0.8209876543209876, "fig_size_poster": 0.6535626535626535}, "textRatio": 0.2084592145015106, "figRatio": 0.5571411312623928}, "20": {"xy": [1788, 1470, 803, 242], "panel_size": 194326, "panel_aspectRatio": 3.3181818181818183, "category": "Discussion", "figures": 0, "textlen": 27, "fig_size": 0, "title": "FUTURE WORK", "textRatio": 0.08157099697885196, "figRatio": 0.0}}}