{"poster_size": 8957952, "doclen": 331, "figlen": 2647967, "section": {"1": {"xy": [603, 33, 2258, 158], "panel_size": 356764, "panel_aspectRatio": 14.291139240506329, "category": "Title", "figures": 0, "textlen": 0, "fig_size": 0, "title": "Transfer Learning with Feedback Networks", "textRatio": 0.0, "figRatio": 0.0}, "2": {"xy": [68, 406, 1067, 559], "panel_size": 596453, "panel_aspectRatio": 1.9087656529516994, "category": "Introduction", "figures": 0, "textlen": 68, "fig_size": 0, "title": "Introduction", "textRatio": 0.2054380664652568, "figRatio": 0.0}, "4": {"xy": [65, 979, 1067, 509], "panel_size": 543103, "panel_aspectRatio": 2.0962671905697445, "category": "Method", "figures": 0, "textlen": 73, "fig_size": 0, "title": "Datasets", "textRatio": 0.22054380664652568, "figRatio": 0.0}, "6": {"xy": [59, 1494, 1156, 350], "panel_size": 404600, "panel_aspectRatio": 3.302857142857143, "category": "Method", "figures": 1, "textlen": 0, "fig_size": 319176, "title": "Architecture", "7": {"fig_size": 319176, "fig_aspectRatio": 4.100358422939068, "fig_size_poster": 0.9896193771626297}, "textRatio": 0.0, "figRatio": 0.12053624535351083}, "8": {"xy": [65, 1850, 1179, 644], "panel_size": 759276, "panel_aspectRatio": 1.8307453416149069, "category": "Method", "figures": 1, "textlen": 0, "fig_size": 642736, "title": "ConvLSTM+Feedback Unrolled", "9": {"fig_size": 642736, "fig_aspectRatio": 2.079136690647482, "fig_size_poster": 0.9804919423240034}, "textRatio": 0.0, "figRatio": 0.24272810046348764}, "10": {"xy": [1174, 409, 1005, 523], "panel_size": 525615, "panel_aspectRatio": 1.9216061185468452, "category": "Result", "figures": 1, "textlen": 14, "fig_size": 276390, "title": "Initial Training", "12": {"fig_size": 276390, "fig_aspectRatio": 2.4924924924924925, "fig_size_poster": 0.8258706467661692}, "textRatio": 0.04229607250755287, "figRatio": 0.10437818900311069}, "13": {"xy": [1224, 941, 1020, 803], "panel_size": 819060, "panel_aspectRatio": 1.270236612702366, "category": "Result", "figures": 1, "textlen": 22, "fig_size": 485616, "title": "Fine Tuning", "15": {"fig_size": 485616, "fig_aspectRatio": 1.6902985074626866, "fig_size_poster": 0.888235294117647}, "textRatio": 0.06646525679758308, "figRatio": 0.1833920135711661}, "16": {"xy": [1250, 1756, 1003, 756], "panel_size": 758268, "panel_aspectRatio": 1.3267195767195767, "category": "Result", "figures": 1, "textlen": 35, "fig_size": 460245, "title": "Random Forests", "18": {"fig_size": 460245, "fig_aspectRatio": 1.8190854870775348, "fig_size_poster": 0.9122632103688934}, "textRatio": 0.10574018126888217, "figRatio": 0.17381070081311437}, "19": {"xy": [2269, 428, 1133, 803], "panel_size": 909799, "panel_aspectRatio": 1.4109589041095891, "category": "Result", "figures": 1, "textlen": 38, "fig_size": 463804, "title": "Which iterations are best?", "21": {"fig_size": 463804, "fig_aspectRatio": 1.797244094488189, "fig_size_poster": 0.8058252427184466}, "textRatio": 0.1148036253776435, "figRatio": 0.17515475079561038}, "22": {"xy": [2307, 1243, 1055, 401], "panel_size": 423055, "panel_aspectRatio": 2.630922693266833, "category": "Discussion", "figures": 0, "textlen": 51, "fig_size": 0, "title": "Discussion", "textRatio": 0.1540785498489426, "figRatio": 0.0}, "24": {"xy": [2325, 1651, 1041, 328], "panel_size": 341448, "panel_aspectRatio": 3.173780487804878, "category": "Discussion", "figures": 0, "textlen": 30, "fig_size": 0, "title": "Future Work", "textRatio": 0.09063444108761329, "figRatio": 0.0}}}