{"poster_size": 4478976, "doclen": 636, "figlen": 1644652, "section": {"1": {"xy": [280, 14, 2043, 151], "panel_size": 308493, "panel_aspectRatio": 13.52980132450331, "category": "Title", "figures": 0, "textlen": 0, "fig_size": 0, "title": "Classical Machine Learning vs. Deep Learning Second Elizabethan Age Financial Portraiture Post-Europe: Forecasting the GBP/USD Exchange Rate in the Era of Brexit", "textRatio": 0.0, "figRatio": 0.0}, "2": {"xy": [21, 358, 644, 820], "panel_size": 528080, "panel_aspectRatio": 0.7853658536585366, "category": "Introduction", "figures": 1, "textlen": 202, "fig_size": 88352, "title": "Introduction and Data:", "4": {"fig_size": 88352, "fig_aspectRatio": 1.402390438247012, "fig_size_poster": 0.546583850931677}, "textRatio": 0.31761006289308175, "figRatio": 0.053720787133083474}, "6": {"xy": [4, 1188, 659, 177], "panel_size": 116643, "panel_aspectRatio": 3.7231638418079096, "category": "Introduction", "figures": 0, "textlen": 46, "fig_size": 0, "title": "Keep Calm: Alternatiue High Frequency Data", "textRatio": 0.07232704402515723, "figRatio": 0.0}, "8": {"xy": [30, 1378, 624, 323], "panel_size": 201552, "panel_aspectRatio": 1.931888544891641, "category": "Introduction", "figures": 1, "textlen": 74, "fig_size": 49929, "title": "And Carry On: Data Preprocessing", "9": {"fig_size": 49929, "fig_aspectRatio": 0.700374531835206, "fig_size_poster": 0.29967948717948717}, "textRatio": 0.11635220125786164, "figRatio": 0.030358398007602823}, "11": {"xy": [675, 352, 622, 1339], "panel_size": 832858, "panel_aspectRatio": 0.46452576549663926, "category": "Method", "figures": 4, "textlen": 0, "fig_size": 716340, "title": "Methodology: ARIMA, LSTMs, CNN, and Hybrid Models", "12": {"fig_size": 145285, "fig_aspectRatio": 2.4204081632653063, "fig_size_poster": 0.9533762057877814}, "13": {"fig_size": 152303, "fig_aspectRatio": 0.5483870967741935, "fig_size_poster": 0.4646302250803859}, "14": {"fig_size": 165624, "fig_aspectRatio": 0.5764925373134329, "fig_size_poster": 0.4967845659163987}, "15": {"fig_size": 253128, "fig_aspectRatio": 1.4080188679245282, "fig_size_poster": 0.9598070739549839}, "textRatio": 0.0, "figRatio": 0.43555718778197455}, "17": {"xy": [1315, 349, 1271, 716], "panel_size": 910036, "panel_aspectRatio": 1.7751396648044693, "category": "Result", "figures": 6, "textlen": 65, "fig_size": 640865, "title": "Results: Clear Outperformance by ARIMA, MLP outperforms DL models, Hubrids Are Creater than the Sum of their Parts", "19": {"fig_size": 100914, "fig_aspectRatio": 1.3057553956834533, "fig_size_poster": 0.28560188827694727}, "20": {"fig_size": 124040, "fig_aspectRatio": 1.582142857142857, "fig_size_poster": 0.3485444531864674}, "21": {"fig_size": 120696, "fig_aspectRatio": 1.5177304964539007, "fig_size_poster": 0.3367427222659323}, "22": {"fig_size": 91866, "fig_aspectRatio": 1.4581673306772909, "fig_size_poster": 0.2879622344610543}, "23": {"fig_size": 106488, "fig_aspectRatio": 1.5632183908045978, "fig_size_poster": 0.3210070810385523}, "24": {"fig_size": 96861, "fig_aspectRatio": 1.5622489959839359, "fig_size_poster": 0.3060582218725413}, "textRatio": 0.10220125786163523, "figRatio": 0.3896660205320031}, "25": {"xy": [1332, 1071, 350, 220], "panel_size": 77000, "panel_aspectRatio": 1.5909090909090908, "category": "Result", "figures": 1, "textlen": 0, "fig_size": 67896, "title": "", "26": {"fig_size": 67896, "fig_aspectRatio": 1.5845410628019323, "fig_size_poster": 0.9371428571428572}, "textRatio": 0.0, "figRatio": 0.041282897536986544}, "27": {"xy": [1354, 1297, 413, 294], "panel_size": 121422, "panel_aspectRatio": 1.4047619047619047, "category": "Result", "figures": 1, "textlen": 0, "fig_size": 81270, "title": "Results: RMSE and MAPE Tables", "28": {"fig_size": 81270, "fig_aspectRatio": 1.8428571428571427, "fig_size_poster": 0.937046004842615}, "textRatio": 0.0, "figRatio": 0.04941470900834949}, "29": {"xy": [1780, 1065, 807, 599], "panel_size": 483393, "panel_aspectRatio": 1.347245409015025, "category": "Discussion", "figures": 0, "textlen": 249, "fig_size": 0, "title": "God Saue the Queen (and Her Prime Ministers): Next Steps", "textRatio": 0.3915094339622642, "figRatio": 0.0}}}