{"poster_size": 3110400, "doclen": 692, "figlen": 709138, "section": {"1": {"xy": [515, 31, 1216, 96], "panel_size": 116736, "panel_aspectRatio": 12.666666666666666, "category": "Title", "figures": 0, "textlen": 0, "fig_size": 0, "title": "\"Competing Upstream\" Against YOU!", "textRatio": 0.0, "figRatio": 0.0}, "2": {"xy": [49, 254, 1252, 337], "panel_size": 421924, "panel_aspectRatio": 3.71513353115727, "category": "Introduction", "figures": 1, "textlen": 126, "fig_size": 121426, "title": "Game Rules", "4": {"fig_size": 121426, "fig_aspectRatio": 10.220183486238533, "fig_size_poster": 0.889776357827476}, "textRatio": 0.18208092485549132, "figRatio": 0.17123042341547062}, "6": {"xy": [63, 619, 1226, 771], "panel_size": 945246, "panel_aspectRatio": 1.590142671854734, "category": "Method", "figures": 1, "textlen": 443, "fig_size": 134792, "title": "Approach", "8": {"fig_size": 134792, "fig_aspectRatio": 2.5043103448275863, "fig_size_poster": 0.4738988580750408}, "textRatio": 0.6401734104046243, "figRatio": 0.1900786588788078}, "10": {"xy": [1315, 248, 825, 406], "panel_size": 334950, "panel_aspectRatio": 2.0320197044334973, "category": "Method", "figures": 1, "textlen": 93, "fig_size": 135330, "title": "TDNS", "11": {"fig_size": 135330, "fig_aspectRatio": 1.1239193083573487, "fig_size_poster": 0.4727272727272727}, "textRatio": 0.13439306358381503, "figRatio": 0.1908373264442182}, "13": {"xy": [1308, 673, 831, 718], "panel_size": 596658, "panel_aspectRatio": 1.1573816155988859, "category": "Result", "figures": 2, "textlen": 30, "fig_size": 317590, "title": "result andanalysis", "15": {"fig_size": 253750, "fig_aspectRatio": 1.5394088669950738, "fig_size_poster": 0.7521058965102286}, "16": {"fig_size": 63840, "fig_aspectRatio": 3.6090225563909772, "fig_size_poster": 0.5776173285198556}, "textRatio": 0.04335260115606936, "figRatio": 0.4478535912615034}}}