{"poster_size": 7838208, "doclen": 228, "figlen": 2264563, "section": {"0": {"xy": [828, 80, 1368, 201], "panel_size": 274968, "panel_aspectRatio": 6.8059701492537314, "category": "Title", "figures": 0, "textlen": 0, "fig_size": 0, "title": "Fake News Detection with Multimoda Machine Learning", "textRatio": 0.0, "figRatio": 0.0}, "1": {"xy": [51, 551, 1258, 288], "panel_size": 362304, "panel_aspectRatio": 4.368055555555555, "category": "Introduction", "figures": 0, "textlen": 42, "fig_size": 0, "title": "Problem summary\n", "textRatio": 0.18421052631578946, "figRatio": 0.0}, "3": {"xy": [47, 864, 1280, 357], "panel_size": 456960, "panel_aspectRatio": 3.585434173669468, "category": "Method", "figures": 0, "textlen": 52, "fig_size": 0, "title": "Dataset\n", "textRatio": 0.22807017543859648, "figRatio": 0.0}, "5": {"xy": [36, 1227, 1312, 1309], "panel_size": 1717408, "panel_aspectRatio": 1.0022918258212377, "category": "Method", "figures": 1, "textlen": 69, "fig_size": 1037300, "title": "Approach\n", "8": {"fig_size": 1037300, "fig_aspectRatio": 1.5426829268292683, "fig_size_poster": 0.9641768292682927}, "textRatio": 0.3026315789473684, "figRatio": 0.4580574706908132}, "9": {"xy": [1417, 521, 1562, 1159], "panel_size": 1810358, "panel_aspectRatio": 1.3477135461604832, "category": "Result", "figures": 2, "textlen": 0, "fig_size": 1227263, "title": "Results", "10": {"fig_size": 954848, "fig_aspectRatio": 1.3278301886792452, "fig_size_poster": 0.7208706786171575}, "11": {"fig_size": 272415, "fig_aspectRatio": 7.164102564102564, "fig_size_poster": 0.8943661971830986}, "textRatio": 0.0, "figRatio": 0.5419425293091868}, "12": {"xy": [1417, 1688, 1527, 372], "panel_size": 568044, "panel_aspectRatio": 4.104838709677419, "category": "Discussion", "figures": 0, "textlen": 65, "fig_size": 0, "title": "Conclusion\n", "textRatio": 0.2850877192982456, "figRatio": 0.0}}}