{"poster_size": 3110400, "doclen": 419, "figlen": 983563, "section": {"1": {"xy": [610, 7, 971, 112], "panel_size": 108752, "panel_aspectRatio": 8.669642857142858, "category": "Title", "figures": 0, "textlen": 0, "fig_size": 0, "title": "Rossmann Time Series", "textRatio": 0.0, "figRatio": 0.0}, "2": {"xy": [4, 260, 523, 197], "panel_size": 103031, "panel_aspectRatio": 2.6548223350253806, "category": "Introduction", "figures": 0, "textlen": 21, "fig_size": 0, "title": "Objective", "textRatio": 0.050119331742243436, "figRatio": 0.0}, "4": {"xy": [9, 466, 527, 965], "panel_size": 508555, "panel_aspectRatio": 0.5461139896373057, "category": "Method", "figures": 2, "textlen": 43, "fig_size": 281378, "title": "Dataset", "5": {"fig_size": 176816, "fig_aspectRatio": 1.494186046511628, "fig_size_poster": 0.9753320683111955}, "7": {"fig_size": 104562, "fig_aspectRatio": 2.1216216216216215, "fig_size_poster": 0.8937381404174574}, "textRatio": 0.1026252983293556, "figRatio": 0.28608030192270345}, "9": {"xy": [546, 265, 791, 386], "panel_size": 305326, "panel_aspectRatio": 2.0492227979274613, "category": "Method", "figures": 1, "textlen": 79, "fig_size": 90440, "title": "Choosing Optimal Complexity Parameter", "10": {"fig_size": 90440, "fig_aspectRatio": 1.596638655462185, "fig_size_poster": 0.4804045512010114}, "textRatio": 0.18854415274463007, "figRatio": 0.0919514052480624}, "13": {"xy": [549, 657, 794, 782], "panel_size": 620908, "panel_aspectRatio": 1.0153452685421995, "category": "Method", "figures": 4, "textlen": 78, "fig_size": 301174, "title": "Understanding the Effects of Time Series", "14": {"fig_size": 103768, "fig_aspectRatio": 1.8319327731092436, "fig_size_poster": 0.5491183879093199}, "15": {"fig_size": 55685, "fig_aspectRatio": 1.2046511627906977, "fig_size_poster": 0.3261964735516373}, "16": {"fig_size": 58473, "fig_aspectRatio": 1.2191780821917808, "fig_size_poster": 0.336272040302267}, "17": {"fig_size": 83248, "fig_aspectRatio": 2.6875, "fig_size_poster": 0.5957178841309824}, "textRatio": 0.18615751789976134, "figRatio": 0.30620712653892024}, "22": {"xy": [1343, 260, 810, 1176], "panel_size": 952560, "panel_aspectRatio": 0.6887755102040817, "category": "Result", "figures": 4, "textlen": 198, "fig_size": 310571, "title": "Results with Time Series", "24": {"fig_size": 88200, "fig_aspectRatio": 6.125, "fig_size_poster": 0.9074074074074074}, "25": {"fig_size": 78318, "fig_aspectRatio": 1.4934497816593886, "fig_size_poster": 0.4222222222222222}, "26": {"fig_size": 70959, "fig_aspectRatio": 1.5069124423963134, "fig_size_poster": 0.40370370370370373}, "28": {"fig_size": 73094, "fig_aspectRatio": 1.4185022026431717, "fig_size_poster": 0.39753086419753086}, "textRatio": 0.47255369928400953, "figRatio": 0.31576116629031387}}}