{"poster_size": 3110400, "doclen": 928, "figlen": 561710, "section": {"1": {"xy": [164, 65, 1850, 88], "panel_size": 162800, "panel_aspectRatio": 21.022727272727273, "category": "Title", "figures": 0, "textlen": 0, "fig_size": 0, "title": "Forecasting Bloomberg Analyst Recommendations and Public Equity Prices", "textRatio": 0.0, "figRatio": 0.0}, "2": {"xy": [12, 267, 773, 540], "panel_size": 417420, "panel_aspectRatio": 1.4314814814814816, "category": "Introduction", "figures": 1, "textlen": 210, "fig_size": 36992, "title": "Background and Motivation", "3": {"fig_size": 36992, "fig_aspectRatio": 2.0, "fig_size_poster": 0.351875808538163}, "textRatio": 0.22629310344827586, "figRatio": 0.06585604671449681}, "7": {"xy": [15, 834, 771, 585], "panel_size": 451035, "panel_aspectRatio": 1.317948717948718, "category": "Method", "figures": 1, "textlen": 244, "fig_size": 49920, "title": "Modeling approach", "8": {"fig_size": 49920, "fig_aspectRatio": 3.466666666666667, "fig_size_poster": 0.5395590142671854}, "textRatio": 0.2629310344827586, "figRatio": 0.08887148172544551}, "11": {"xy": [830, 271, 655, 458], "panel_size": 299990, "panel_aspectRatio": 1.4301310043668123, "category": "Method", "figures": 1, "textlen": 0, "fig_size": 219696, "title": "Models used for prediction", "12": {"fig_size": 219696, "fig_aspectRatio": 1.622282608695652, "fig_size_poster": 0.9114503816793893}, "textRatio": 0.0, "figRatio": 0.3911199729397732}, "13": {"xy": [811, 746, 698, 668], "panel_size": 466264, "panel_aspectRatio": 1.0449101796407185, "category": "Result", "figures": 4, "textlen": 123, "fig_size": 209265, "title": "Results:Classification", "14": {"fig_size": 58880, "fig_aspectRatio": 1.7391304347826086, "fig_size_poster": 0.4584527220630373}, "15": {"fig_size": 50718, "fig_aspectRatio": 2.0316455696202533, "fig_size_poster": 0.45988538681948427}, "16": {"fig_size": 86500, "fig_aspectRatio": 1.384, "fig_size_poster": 0.49570200573065903}, "17": {"fig_size": 13167, "fig_aspectRatio": 1.3434343434343434, "fig_size_poster": 0.19054441260744986}, "textRatio": 0.13254310344827586, "figRatio": 0.3725498922931762}, "20": {"xy": [1524, 265, 614, 261], "panel_size": 160254, "panel_aspectRatio": 2.3524904214559386, "category": "Result", "figures": 1, "textlen": 47, "fig_size": 45837, "title": "Results:Regression", "21": {"fig_size": 45837, "fig_aspectRatio": 4.6767676767676765, "fig_size_poster": 0.754071661237785}, "textRatio": 0.05064655172413793, "figRatio": 0.08160260632710829}, "23": {"xy": [1529, 541, 611, 259], "panel_size": 158249, "panel_aspectRatio": 2.359073359073359, "category": "Result", "figures": 0, "textlen": 98, "fig_size": 0, "title": "Evalution", "textRatio": 0.10560344827586207, "figRatio": 0.0}, "25": {"xy": [1530, 814, 610, 351], "panel_size": 214110, "panel_aspectRatio": 1.7378917378917378, "category": "Discussion", "figures": 0, "textlen": 137, "fig_size": 0, "title": "Challenges/Future Work", "textRatio": 0.1476293103448276, "figRatio": 0.0}, "27": {"xy": [1525, 1181, 611, 236], "panel_size": 144196, "panel_aspectRatio": 2.5889830508474576, "category": "Discussion", "figures": 0, "textlen": 69, "fig_size": 0, "title": "Acknowledgements", "textRatio": 0.07435344827586207, "figRatio": 0.0}}}