{"poster_size": 6000000, "doclen": 379, "figlen": 1239938, "section": {"1": {"xy": [551, 54, 1906, 106], "panel_size": 202036, "panel_aspectRatio": 17.9811320754717, "category": "Title", "figures": 0, "textlen": 0, "fig_size": 0, "title": "PREDICTING MOVIE POPULARITIES USING THEIR GENOMES", "textRatio": 0.0, "figRatio": 0.0}, "2": {"xy": [97, 516, 620, 222], "panel_size": 137640, "panel_aspectRatio": 2.7927927927927927, "category": "Introduction", "figures": 0, "textlen": 37, "fig_size": 0, "title": "ABSTRACT", "textRatio": 0.09762532981530343, "figRatio": 0.0}, "4": {"xy": [84, 749, 658, 1181], "panel_size": 777098, "panel_aspectRatio": 0.5571549534292972, "category": "Method", "figures": 2, "textlen": 105, "fig_size": 162307, "title": "DATASET", "6": {"fig_size": 84958, "fig_aspectRatio": 1.855140186915888, "fig_size_poster": 0.6033434650455927}, "8": {"fig_size": 77349, "fig_aspectRatio": 2.468926553672316, "fig_size_poster": 0.6641337386018237}, "textRatio": 0.2770448548812665, "figRatio": 0.13089928689982885}, "10": {"xy": [800, 509, 672, 1054], "panel_size": 708288, "panel_aspectRatio": 0.6375711574952562, "category": "Method", "figures": 1, "textlen": 107, "fig_size": 251850, "title": "METHODS", "12": {"fig_size": 251850, "fig_aspectRatio": 1.312785388127854, "fig_size_poster": 0.8556547619047619}, "textRatio": 0.28232189973614774, "figRatio": 0.2031149944594004}, "13": {"xy": [1516, 516, 719, 1068], "panel_size": 767892, "panel_aspectRatio": 0.6732209737827716, "category": "Result", "figures": 2, "textlen": 28, "fig_size": 477609, "title": "REGRESSION RESULTS", "14": {"fig_size": 249349, "fig_aspectRatio": 1.647814910025707, "fig_size_poster": 0.8915159944367177}, "16": {"fig_size": 228260, "fig_aspectRatio": 1.3985148514851484, "fig_size_poster": 0.7858136300417247}, "textRatio": 0.07387862796833773, "figRatio": 0.3851878077774856}, "17": {"xy": [853, 1607, 1182, 330], "panel_size": 390060, "panel_aspectRatio": 3.581818181818182, "category": "Result", "figures": 1, "textlen": 0, "fig_size": 253798, "title": "CLASSIFICATION RESULTS", "18": {"fig_size": 253798, "fig_aspectRatio": 4.969026548672566, "fig_size_poster": 0.9500846023688664}, "textRatio": 0.0, "figRatio": 0.20468604075365057}, "19": {"xy": [2272, 514, 675, 584], "panel_size": 394200, "panel_aspectRatio": 1.1558219178082192, "category": "Discussion", "figures": 1, "textlen": 67, "fig_size": 94374, "title": "DISCUSSION", "21": {"fig_size": 94374, "fig_aspectRatio": 4.36734693877551, "fig_size_poster": 0.9511111111111111}, "textRatio": 0.17678100263852242, "figRatio": 0.07611187010963451}, "23": {"xy": [2272, 1109, 658, 247], "panel_size": 162526, "panel_aspectRatio": 2.6639676113360324, "category": "Discussion", "figures": 0, "textlen": 35, "fig_size": 0, "title": "FUTURE WORK", "textRatio": 0.09234828496042216, "figRatio": 0.0}}}