{"poster_size": 10450944, "doclen": 516, "figlen": 3603735, "section": {"1": {"xy": [789, 29, 2684, 142], "panel_size": 381128, "panel_aspectRatio": 18.901408450704224, "category": "Title", "figures": 0, "textlen": 0, "fig_size": 0, "title": "Neural Network for Music Instrument ldentification", "textRatio": 0.0, "figRatio": 0.0}, "2": {"xy": [67, 357, 942, 683], "panel_size": 643386, "panel_aspectRatio": 1.3792093704245973, "category": "Introduction", "figures": 1, "textlen": 80, "fig_size": 61090, "title": "Motivation", "3": {"fig_size": 61090, "fig_aspectRatio": 1.4536585365853658, "fig_size_poster": 0.31634819532908703}, "textRatio": 0.15503875968992248, "figRatio": 0.016951856892918043}, "6": {"xy": [42, 1054, 983, 1397], "panel_size": 1373251, "panel_aspectRatio": 0.7036506800286327, "category": "Method", "figures": 2, "textlen": 121, "fig_size": 437892, "title": "Data Preprocessing", "7": {"fig_size": 360672, "fig_aspectRatio": 2.1666666666666665, "fig_size_poster": 0.8992878942014242}, "8": {"fig_size": 77220, "fig_aspectRatio": 1.4102564102564104, "fig_size_poster": 0.335707019328586}, "textRatio": 0.23449612403100775, "figRatio": 0.12151059941976866}, "12": {"xy": [1045, 357, 1944, 2111], "panel_size": 4103784, "panel_aspectRatio": 0.9208905731880626, "category": "Method", "figures": 9, "textlen": 125, "fig_size": 2523220, "title": "Tensorflow Neural Network", "13": {"fig_size": 291550, "fig_aspectRatio": 2.38, "fig_size_poster": 0.42849794238683125}, "14": {"fig_size": 187125, "fig_aspectRatio": 0.751503006012024, "fig_size_poster": 0.19290123456790123}, "15": {"fig_size": 497154, "fig_aspectRatio": 1.743445692883895, "fig_size_poster": 0.47890946502057613}, "16": {"fig_size": 296352, "fig_aspectRatio": 1.5238095238095237, "fig_size_poster": 0.345679012345679}, "17": {"fig_size": 264792, "fig_aspectRatio": 1.1885593220338984, "fig_size_poster": 0.28858024691358025}, "18": {"fig_size": 259376, "fig_aspectRatio": 1.2047413793103448, "fig_size_poster": 0.2875514403292181}, "19": {"fig_size": 239512, "fig_aspectRatio": 1.558673469387755, "fig_size_poster": 0.31430041152263377}, "20": {"fig_size": 245280, "fig_aspectRatio": 1.3904761904761904, "fig_size_poster": 0.3004115226337449}, "21": {"fig_size": 242079, "fig_aspectRatio": 1.4330900243309002, "fig_size_poster": 0.3029835390946502}, "textRatio": 0.24224806201550386, "figRatio": 0.7001680201235663}, "28": {"xy": [3020, 351, 939, 1239], "panel_size": 1163421, "panel_aspectRatio": 0.7578692493946732, "category": "Method", "figures": 3, "textlen": 79, "fig_size": 555403, "title": "SVM", "29": {"fig_size": 90450, "fig_aspectRatio": 5.037313432835821, "fig_size_poster": 0.7188498402555911}, "30": {"fig_size": 52819, "fig_aspectRatio": 1.081447963800905, "fig_size_poster": 0.25452609158679446}, "31": {"fig_size": 412134, "fig_aspectRatio": 2.062639821029083, "fig_size_poster": 0.9818956336528222}, "textRatio": 0.15310077519379844, "figRatio": 0.1541187129464292}, "35": {"xy": [3006, 1604, 1011, 864], "panel_size": 873504, "panel_aspectRatio": 1.1701388888888888, "category": "Discussion", "figures": 1, "textlen": 111, "fig_size": 26130, "title": "Analysis", "36": {"fig_size": 26130, "fig_aspectRatio": 1.455223880597015, "fig_size_poster": 0.19287833827893175}, "textRatio": 0.21511627906976744, "figRatio": 0.007250810617317866}}}