{"poster_size": 4478976, "doclen": 504, "figlen": 527941, "section": {"1": {"xy": [691, 50, 1235, 84], "panel_size": 103740, "panel_aspectRatio": 14.702380952380953, "category": "Title", "figures": 0, "textlen": 0, "fig_size": 0, "title": "Reinforcement Learning for Flight Ticket Prices", "textRatio": 0.0, "figRatio": 0.0}, "2": {"xy": [5, 308, 851, 793], "panel_size": 674843, "panel_aspectRatio": 1.073139974779319, "category": "Introduction", "figures": 0, "textlen": 150, "fig_size": 0, "title": "Problem + ML Framework", "textRatio": 0.2976190476190476, "figRatio": 0.0}, "4": {"xy": [17, 1113, 839, 614], "panel_size": 515146, "panel_aspectRatio": 1.3664495114006514, "category": "Introduction", "figures": 0, "textlen": 122, "fig_size": 0, "title": "Data", "textRatio": 0.24206349206349206, "figRatio": 0.0}, "6": {"xy": [874, 296, 849, 1108], "panel_size": 940692, "panel_aspectRatio": 0.766245487364621, "category": "Method", "figures": 3, "textlen": 135, "fig_size": 197700, "title": "Models", "7": {"fig_size": 43550, "fig_aspectRatio": 10.307692307692308, "fig_size_poster": 0.7891637220259128}, "8": {"fig_size": 32890, "fig_aspectRatio": 7.7846153846153845, "fig_size_poster": 0.5959952885747939}, "9": {"fig_size": 121260, "fig_aspectRatio": 2.195744680851064, "fig_size_poster": 0.607773851590106}, "textRatio": 0.26785714285714285, "figRatio": 0.3744736627767118}, "13": {"xy": [1739, 297, 849, 712], "panel_size": 604488, "panel_aspectRatio": 1.1924157303370786, "category": "Result", "figures": 3, "textlen": 0, "fig_size": 330241, "title": "Results", "14": {"fig_size": 140697, "fig_aspectRatio": 2.382716049382716, "fig_size_poster": 0.6819787985865724}, "15": {"fig_size": 90016, "fig_aspectRatio": 2.3917525773195876, "fig_size_poster": 0.5465253239104829}, "16": {"fig_size": 99528, "fig_aspectRatio": 1.2167832167832169, "fig_size_poster": 0.4098939929328622}, "textRatio": 0.0, "figRatio": 0.6255263372232882}, "17": {"xy": [1742, 1067, 836, 397], "panel_size": 331892, "panel_aspectRatio": 2.1057934508816123, "category": "Discussion", "figures": 0, "textlen": 97, "fig_size": 0, "title": "Conclusions & Future Work", "textRatio": 0.19246031746031747, "figRatio": 0.0}}}