{"poster_size": 3110400, "doclen": 1382, "figlen": 167051, "section": {"1": {"xy": [363, 64, 1192, 148], "panel_size": 176416, "panel_aspectRatio": 8.054054054054054, "category": "Title", "figures": 0, "textlen": 9, "fig_size": 0, "title": "Recognizing Emotions from Facial Features", "textRatio": 0.006512301013024602, "figRatio": 0.0}, "4": {"xy": [94, 260, 536, 274], "panel_size": 146864, "panel_aspectRatio": 1.9562043795620438, "category": "Introduction", "figures": 0, "textlen": 141, "fig_size": 0, "title": "Problem Overview\n", "textRatio": 0.1020260492040521, "figRatio": 0.0}, "6": {"xy": [86, 538, 536, 346], "panel_size": 185456, "panel_aspectRatio": 1.5491329479768785, "category": "Introduction", "figures": 0, "textlen": 194, "fig_size": 0, "title": "Previous Attempts\n", "textRatio": 0.14037626628075253, "figRatio": 0.0}, "8": {"xy": [82, 888, 599, 499], "panel_size": 298901, "panel_aspectRatio": 1.2004008016032064, "category": "Method", "figures": 1, "textlen": 224, "fig_size": 55622, "title": "Methodology", "10": {"fig_size": 55622, "fig_aspectRatio": 2.9635036496350367, "fig_size_poster": 0.67779632721202}, "textRatio": 0.16208393632416787, "figRatio": 0.33296418459033467}, "11": {"xy": [786, 255, 566, 208], "panel_size": 117728, "panel_aspectRatio": 2.7211538461538463, "category": "Result", "figures": 1, "textlen": 41, "fig_size": 37620, "title": "Key Result", "13": {"fig_size": 37620, "fig_aspectRatio": 1.3818181818181818, "fig_size_poster": 0.4028268551236749}, "textRatio": 0.029667149059334298, "figRatio": 0.22520068721528155}, "14": {"xy": [788, 464, 526, 287], "panel_size": 150962, "panel_aspectRatio": 1.8327526132404182, "category": "Result", "figures": 0, "textlen": 123, "fig_size": 0, "title": "Interpretation of Results\n", "textRatio": 0.08900144717800289, "figRatio": 0.0}, "16": {"xy": [758, 758, 573, 596], "panel_size": 341508, "panel_aspectRatio": 0.9614093959731543, "category": "Method", "figures": 0, "textlen": 308, "fig_size": 0, "title": "SVM", "textRatio": 0.22286541244573083, "figRatio": 0.0}, "18": {"xy": [1468, 245, 565, 500], "panel_size": 282500, "panel_aspectRatio": 1.13, "category": "Method", "figures": 1, "textlen": 150, "fig_size": 73809, "title": "CNN", "20": {"fig_size": 73809, "fig_aspectRatio": 3.820143884892086, "fig_size_poster": 0.9398230088495575}, "textRatio": 0.1085383502170767, "figRatio": 0.44183512819438375}, "22": {"xy": [1484, 746, 544, 406], "panel_size": 220864, "panel_aspectRatio": 1.3399014778325122, "category": "Discussion", "figures": 0, "textlen": 192, "fig_size": 0, "title": "Next Steps", "textRatio": 0.1389290882778582, "figRatio": 0.0}}}