{"poster_size": 10077696, "doclen": 882, "figlen": 1837919, "section": {"1": {"xy": [624, 24, 2596, 124], "panel_size": 321904, "panel_aspectRatio": 20.93548387096774, "category": "Title", "figures": 0, "textlen": 0, "fig_size": 0, "title": "Topological Data Analysis of Convolutional Neural Networks' Weight on Images", "textRatio": 0.0, "figRatio": 0.0}, "2": {"xy": [101, 353, 871, 478], "panel_size": 416338, "panel_aspectRatio": 1.8221757322175731, "category": "Introduction", "figures": 0, "textlen": 64, "fig_size": 0, "title": "Abstract", "textRatio": 0.07256235827664399, "figRatio": 0.0}, "4": {"xy": [68, 858, 913, 1038], "panel_size": 947694, "panel_aspectRatio": 0.8795761078998073, "category": "Introduction", "figures": 0, "textlen": 170, "fig_size": 0, "title": "Introduction", "textRatio": 0.1927437641723356, "figRatio": 0.0}, "6": {"xy": [75, 1920, 922, 664], "panel_size": 612208, "panel_aspectRatio": 1.3885542168674698, "category": "Method", "figures": 1, "textlen": 71, "fig_size": 24738, "title": "Methodology", "8": {"fig_size": 24738, "fig_aspectRatio": 2.860215053763441, "fig_size_poster": 0.2885032537960954}, "textRatio": 0.08049886621315193, "figRatio": 0.01345978794495296}, "9": {"xy": [1021, 320, 1811, 718], "panel_size": 1300298, "panel_aspectRatio": 2.522284122562674, "category": "Method", "figures": 3, "textlen": 77, "fig_size": 439272, "title": "Hypothesis", "11": {"fig_size": 156085, "fig_aspectRatio": 2.2226415094339624, "fig_size_poster": 0.3252346769740475}, "12": {"fig_size": 210146, "fig_aspectRatio": 1.6396648044692737, "fig_size_poster": 0.3241303147432358}, "13": {"fig_size": 73041, "fig_aspectRatio": 1.159362549800797, "fig_size_poster": 0.16068470458310327}, "textRatio": 0.0873015873015873, "figRatio": 0.23900509217217952}, "17": {"xy": [1032, 1096, 1800, 1462], "panel_size": 2631600, "panel_aspectRatio": 1.231190150478796, "category": "Result", "figures": 9, "textlen": 169, "fig_size": 1373909, "title": "Results", "19": {"fig_size": 151774, "fig_aspectRatio": 1.7679180887372015, "fig_size_poster": 0.2877777777777778}, "20": {"fig_size": 225774, "fig_aspectRatio": 2.036036036036036, "fig_size_poster": 0.37666666666666665}, "21": {"fig_size": 126240, "fig_aspectRatio": 2.191666666666667, "fig_size_poster": 0.2922222222222222}, "24": {"fig_size": 76884, "fig_aspectRatio": 0.8657718120805369, "fig_size_poster": 0.14333333333333334}, "25": {"fig_size": 176022, "fig_aspectRatio": 2.7283464566929134, "fig_size_poster": 0.385}, "27": {"fig_size": 155411, "fig_aspectRatio": 2.8626609442060085, "fig_size_poster": 0.3705555555555556}, "29": {"fig_size": 233996, "fig_aspectRatio": 3.116788321167883, "fig_size_poster": 0.47444444444444445}, "30": {"fig_size": 118440, "fig_aspectRatio": 1.4893617021276595, "fig_size_poster": 0.23333333333333334}, "31": {"fig_size": 109368, "fig_aspectRatio": 1.2653061224489797, "fig_size_poster": 0.20666666666666667}, "textRatio": 0.19160997732426305, "figRatio": 0.7475351198828675}, "32": {"xy": [2910, 338, 898, 720], "panel_size": 646560, "panel_aspectRatio": 1.2472222222222222, "category": "Result", "figures": 0, "textlen": 180, "fig_size": 0, "title": "Mathematical Background", "textRatio": 0.20408163265306123, "figRatio": 0.0}, "34": {"xy": [2901, 1071, 934, 936], "panel_size": 874224, "panel_aspectRatio": 0.9978632478632479, "category": "Discussion", "figures": 0, "textlen": 151, "fig_size": 0, "title": "Analysis", "textRatio": 0.1712018140589569, "figRatio": 0.0}}}