{"poster_size": 7962624, "doclen": 494, "figlen": 1831968, "section": {"1": {"xy": [43, 42, 2878, 144], "panel_size": 414432, "panel_aspectRatio": 19.98611111111111, "category": "Title", "figures": 0, "textlen": 0, "fig_size": 0, "title": "Listen to Your Data: Turning Chemical Dynamics Simulations into Music", "textRatio": 0.0, "figRatio": 0.0}, "2": {"xy": [29, 366, 800, 886], "panel_size": 708800, "panel_aspectRatio": 0.9029345372460497, "category": "Introduction", "figures": 0, "textlen": 135, "fig_size": 0, "title": "Abstract", "textRatio": 0.2732793522267207, "figRatio": 0.0}, "3": {"xy": [29, 1274, 802, 1000], "panel_size": 802000, "panel_aspectRatio": 0.802, "category": "Introduction", "figures": 2, "textlen": 72, "fig_size": 134346, "title": "Datasets", "10": {"fig_size": 82229, "fig_aspectRatio": 5.80672268907563, "fig_size_poster": 0.8615960099750624}, "13": {"fig_size": 52117, "fig_aspectRatio": 1.1706161137440758, "fig_size_poster": 0.30798004987531175}, "textRatio": 0.145748987854251, "figRatio": 0.0733342503799193}, "4": {"xy": [852, 374, 1840, 1339], "panel_size": 2463760, "panel_aspectRatio": 1.3741598207617625, "category": "Method", "figures": 9, "textlen": 68, "fig_size": 1159569, "title": "Models", "15": {"fig_size": 45984, "fig_aspectRatio": 4.989583333333333, "fig_size_poster": 0.26032608695652176}, "18": {"fig_size": 47808, "fig_aspectRatio": 1.7349397590361446, "fig_size_poster": 0.1565217391304348}, "19": {"fig_size": 148011, "fig_aspectRatio": 1.5501618122977345, "fig_size_poster": 0.26032608695652176}, "21": {"fig_size": 73188, "fig_aspectRatio": 1.5981308411214954, "fig_size_poster": 0.1858695652173913}, "22": {"fig_size": 101664, "fig_aspectRatio": 1.2256944444444444, "fig_size_poster": 0.19184782608695652}, "23": {"fig_size": 93492, "fig_aspectRatio": 1.4722222222222223, "fig_size_poster": 0.2016304347826087}, "24": {"fig_size": 92016, "fig_aspectRatio": 1.1408450704225352, "fig_size_poster": 0.17608695652173914}, "25": {"fig_size": 412056, "fig_aspectRatio": 1.2164948453608246, "fig_size_poster": 0.3847826086956522}, "26": {"fig_size": 145350, "fig_aspectRatio": 1.7894736842105263, "fig_size_poster": 0.27717391304347827}, "textRatio": 0.13765182186234817, "figRatio": 0.6329635670492061}, "5": {"xy": [854, 1718, 1831, 561], "panel_size": 1027191, "panel_aspectRatio": 3.263814616755793, "category": "Result", "figures": 3, "textlen": 11, "fig_size": 538053, "title": "Results", "28": {"fig_size": 201850, "fig_aspectRatio": 1.4986376021798364, "fig_size_poster": 0.3003823047515019}, "29": {"fig_size": 224903, "fig_aspectRatio": 1.7257617728531855, "fig_size_poster": 0.3402512288367013}, "30": {"fig_size": 111300, "fig_aspectRatio": 0.8086253369272237, "fig_size_poster": 0.1638448935008192}, "textRatio": 0.022267206477732792, "figRatio": 0.2937021825708746}, "6": {"xy": [2717, 378, 706, 832], "panel_size": 587392, "panel_aspectRatio": 0.8485576923076923, "category": "Discussion", "figures": 0, "textlen": 134, "fig_size": 0, "title": "Discussion", "textRatio": 0.27125506072874495, "figRatio": 0.0}, "7": {"xy": [2715, 1222, 709, 507], "panel_size": 359463, "panel_aspectRatio": 1.398422090729783, "category": "Discussion", "figures": 0, "textlen": 74, "fig_size": 0, "title": "Future Work", "textRatio": 0.14979757085020243, "figRatio": 0.0}}}