{"poster_size": 4478976, "doclen": 390, "figlen": 1172012, "section": {"1": {"xy": [343, 14, 2069, 114], "panel_size": 235866, "panel_aspectRatio": 18.149122807017545, "category": "Title", "figures": 0, "textlen": 0, "fig_size": 0, "title": "Ensembling Approaches to Hierarchical Electric Load Forecasting", "textRatio": 0.0, "figRatio": 0.0}, "2": {"xy": [30, 245, 719, 378], "panel_size": 271782, "panel_aspectRatio": 1.902116402116402, "category": "Introduction", "figures": 0, "textlen": 56, "fig_size": 0, "title": "Motivation", "textRatio": 0.14358974358974358, "figRatio": 0.0}, "4": {"xy": [24, 639, 735, 1014], "panel_size": 745290, "panel_aspectRatio": 0.7248520710059172, "category": "Method", "figures": 2, "textlen": 106, "fig_size": 280772, "title": "Dataset", "6": {"fig_size": 115808, "fig_aspectRatio": 1.2207792207792207, "fig_size_poster": 0.5115646258503401}, "8": {"fig_size": 164964, "fig_aspectRatio": 2.961864406779661, "fig_size_poster": 0.9510204081632653}, "textRatio": 0.2717948717948718, "figRatio": 0.2395641000262796}, "10": {"xy": [772, 251, 968, 1162], "panel_size": 1124816, "panel_aspectRatio": 0.8330464716006885, "category": "Method", "figures": 3, "textlen": 146, "fig_size": 248574, "title": "Models", "12": {"fig_size": 82005, "fig_aspectRatio": 3.012121212121212, "fig_size_poster": 0.5134297520661157}, "14": {"fig_size": 62988, "fig_aspectRatio": 2.0804597701149423, "fig_size_poster": 0.3739669421487603}, "16": {"fig_size": 103581, "fig_aspectRatio": 4.42483660130719, "fig_size_poster": 0.6993801652892562}, "textRatio": 0.37435897435897436, "figRatio": 0.21209168506807097}, "18": {"xy": [1752, 245, 825, 1206], "panel_size": 994950, "panel_aspectRatio": 0.6840796019900498, "category": "Result", "figures": 3, "textlen": 62, "fig_size": 642666, "title": "Results", "19": {"fig_size": 494080, "fig_aspectRatio": 1.20625, "fig_size_poster": 0.9357575757575758}, "20": {"fig_size": 66930, "fig_aspectRatio": 1.7783505154639174, "fig_size_poster": 0.41818181818181815}, "21": {"fig_size": 81656, "fig_aspectRatio": 1.4661016949152543, "fig_size_poster": 0.4193939393939394}, "textRatio": 0.15897435897435896, "figRatio": 0.5483442149056494}, "23": {"xy": [1753, 1463, 790, 184], "panel_size": 145360, "panel_aspectRatio": 4.293478260869565, "category": "Discussion", "figures": 0, "textlen": 20, "fig_size": 0, "title": "Next Steps", "textRatio": 0.05128205128205128, "figRatio": 0.0}}}