{"poster_size": 3110400, "doclen": 373, "figlen": 625996, "section": {"0": {"xy": [691, 39, 770, 77], "panel_size": 59290, "panel_aspectRatio": 10.0, "category": "Title", "figures": 0, "textlen": 0, "fig_size": 0, "title": "Computer Vision\tfor Card Games", "textRatio": 0.0, "figRatio": 0.0}, "1": {"xy": [42, 216, 653, 428], "panel_size": 279484, "panel_aspectRatio": 1.5257009345794392, "category": "Introduction", "figures": 2, "textlen": 55, "fig_size": 50479, "title": "Project Objective", "3": {"fig_size": 22594, "fig_aspectRatio": 1.1048951048951048, "fig_size_poster": 0.24196018376722817}, "4": {"fig_size": 27885, "fig_aspectRatio": 0.9763313609467456, "fig_size_poster": 0.25267993874425726}, "textRatio": 0.14745308310991956, "figRatio": 0.08063789544981118}, "5": {"xy": [50, 656, 652, 591], "panel_size": 385332, "panel_aspectRatio": 1.1032148900169205, "category": "Introduction", "figures": 1, "textlen": 99, "fig_size": 92379, "title": "Data Augmentation and Engineering", "7": {"fig_size": 92379, "fig_aspectRatio": 3.6540880503144653, "fig_size_poster": 0.8911042944785276}, "textRatio": 0.26541554959785524, "figRatio": 0.14757123048709578}, "9": {"xy": [731, 199, 702, 390], "panel_size": 273780, "panel_aspectRatio": 1.8, "category": "Method", "figures": 2, "textlen": 49, "fig_size": 22806, "title": "Classical Machine Learning Methods", "11": {"fig_size": 5346, "fig_aspectRatio": 4.909090909090909, "fig_size_poster": 0.23076923076923078}, "12": {"fig_size": 17460, "fig_aspectRatio": 4.85, "fig_size_poster": 0.41452991452991456}, "textRatio": 0.13136729222520108, "figRatio": 0.03643154269356354}, "14": {"xy": [724, 594, 709, 648], "panel_size": 459432, "panel_aspectRatio": 1.0941358024691359, "category": "Result", "figures": 1, "textlen": 50, "fig_size": 308430, "title": "Results from classical methods", "15": {"fig_size": 308430, "fig_aspectRatio": 1.5436241610738255, "fig_size_poster": 0.9732016925246827}, "textRatio": 0.13404825737265416, "figRatio": 0.49270282877206883}, "18": {"xy": [1450, 204, 660, 602], "panel_size": 397320, "panel_aspectRatio": 1.0963455149501662, "category": "Method", "figures": 2, "textlen": 70, "fig_size": 151902, "title": "Training a custom CNN from scratch:\n", "20": {"fig_size": 133772, "fig_aspectRatio": 2.9764150943396226, "fig_size_poster": 0.956060606060606}, "22": {"fig_size": 18130, "fig_aspectRatio": 3.310810810810811, "fig_size_poster": 0.3712121212121212}, "textRatio": 0.1876675603217158, "figRatio": 0.2426565025974607}, "24": {"xy": [1462, 816, 643, 431], "panel_size": 277133, "panel_aspectRatio": 1.4918793503480279, "category": "Result", "figures": 0, "textlen": 0, "fig_size": 0, "title": "Results Convolutional Neural Net", "textRatio": 0.0, "figRatio": 0.0}, "25": {"xy": [1514, 863, 507, 310], "panel_size": 157170, "panel_aspectRatio": 1.635483870967742, "category": "Result", "figures": 0, "textlen": 0, "fig_size": 0, "title": "", "textRatio": 0.0, "figRatio": 0.0}, "26": {"xy": [1524, 1187, 519, 48], "panel_size": 24912, "panel_aspectRatio": 10.8125, "category": "Method", "figures": 0, "textlen": 0, "fig_size": 0, "title": "\u25cf We managed to achieve 100.0% train, dev and test accuracy with the CNN after 17 epochs", "textRatio": 0.0, "figRatio": 0.0}, "27": {"xy": [729, 1251, 1373, 188], "panel_size": 258124, "panel_aspectRatio": 7.303191489361702, "category": "Discussion", "figures": 0, "textlen": 50, "fig_size": 0, "title": "Future Work", "textRatio": 0.13404825737265416, "figRatio": 0.0}}}