{"poster_size": 474888, "doclen": 289, "figlen": 92299, "section": {"1": {"xy": [69, 48, 252, 148], "panel_size": 37296, "panel_aspectRatio": 1.7027027027027026, "category": "Introduction", "figures": 0, "textlen": 37, "fig_size": 0, "title": "Introduction", "textRatio": 0.12802768166089964, "figRatio": 0.0}, "3": {"xy": [77, 209, 247, 175], "panel_size": 43225, "panel_aspectRatio": 1.4114285714285715, "category": "Method", "figures": 0, "textlen": 39, "fig_size": 0, "title": "Algorithm", "textRatio": 0.13494809688581316, "figRatio": 0.0}, "5": {"xy": [74, 400, 246, 155], "panel_size": 38130, "panel_aspectRatio": 1.5870967741935484, "category": "Method", "figures": 0, "textlen": 41, "fig_size": 0, "title": "INPUT", "textRatio": 0.14186851211072665, "figRatio": 0.0}, "7": {"xy": [332, 49, 241, 514], "panel_size": 123874, "panel_aspectRatio": 0.4688715953307393, "category": "Method", "figures": 1, "textlen": 66, "fig_size": 44863, "title": "Neural Network", "9": {"fig_size": 44863, "fig_aspectRatio": 1.0886699507389161, "fig_size_poster": 0.91701244813278}, "textRatio": 0.22837370242214533, "figRatio": 0.4860616041343893}, "10": {"xy": [578, 47, 248, 516], "panel_size": 127968, "panel_aspectRatio": 0.4806201550387597, "category": "Result", "figures": 1, "textlen": 106, "fig_size": 47436, "title": "Results & obervation", "11": {"fig_size": 47436, "fig_aspectRatio": 1.1741293532338308, "fig_size_poster": 0.9516129032258065}, "textRatio": 0.36678200692041524, "figRatio": 0.5139383958656106}}}