{"poster_size": 9721924, "doclen": 363, "figlen": 2859422, "section": {"1": {"xy": [270, 58, 2497, 314], "panel_size": 784058, "panel_aspectRatio": 7.952229299363057, "category": "Title", "figures": 0, "textlen": 10, "fig_size": 0, "title": "Learning Summary Statistics for Approximate Bayesian Computation", "textRatio": 0.027548209366391185, "figRatio": 0.0}, "3": {"xy": [49, 478, 962, 2032], "panel_size": 1954784, "panel_aspectRatio": 0.4734251968503937, "category": "Introduction", "figures": 3, "textlen": 106, "fig_size": 468776, "title": "1. Background Information", "5": {"fig_size": 26576, "fig_aspectRatio": 3.4318181818181817, "fig_size_poster": 0.31392931392931395}, "8": {"fig_size": 217535, "fig_aspectRatio": 2.220447284345048, "fig_size_poster": 0.7224532224532224}, "10": {"fig_size": 224665, "fig_aspectRatio": 3.742857142857143, "fig_size_poster": 0.9532224532224532}, "textRatio": 0.29201101928374656, "figRatio": 0.16394082440437263}, "11": {"xy": [61, 2518, 945, 536], "panel_size": 506520, "panel_aspectRatio": 1.7630597014925373, "category": "Method", "figures": 3, "textlen": 99, "fig_size": 59002, "title": "2. Method", "13": {"fig_size": 12012, "fig_aspectRatio": 7.897435897435898, "fig_size_poster": 0.32592592592592595}, "14": {"fig_size": 5100, "fig_aspectRatio": 4.411764705882353, "fig_size_poster": 0.15873015873015872}, "19": {"fig_size": 41890, "fig_aspectRatio": 8.309859154929578, "fig_size_poster": 0.6243386243386243}, "textRatio": 0.2727272727272727, "figRatio": 0.020634240066698794}, "21": {"xy": [1032, 472, 1056, 2633], "panel_size": 2780448, "panel_aspectRatio": 0.40106342575009496, "category": "Method", "figures": 4, "textlen": 58, "fig_size": 1463708, "title": "3. Evaluate with Moving Average Model", "23": {"fig_size": 22420, "fig_aspectRatio": 6.440677966101695, "fig_size_poster": 0.35984848484848486}, "25": {"fig_size": 298288, "fig_aspectRatio": 2.276243093922652, "fig_size_poster": 0.7803030303030303}, "26": {"fig_size": 925044, "fig_aspectRatio": 1.0424628450106157, "fig_size_poster": 0.9299242424242424}, "27": {"fig_size": 217956, "fig_aspectRatio": 3.6016260162601625, "fig_size_poster": 0.8390151515151515}, "textRatio": 0.15977961432506887, "figRatio": 0.5118894657731528}, "30": {"xy": [2119, 464, 942, 1642], "panel_size": 1546764, "panel_aspectRatio": 0.5736906211936662, "category": "Method", "figures": 3, "textlen": 36, "fig_size": 867936, "title": "4. Evaluate with Hidden MC model", "32": {"fig_size": 288828, "fig_aspectRatio": 1.591549295774648, "fig_size_poster": 0.7197452229299363}, "33": {"fig_size": 391608, "fig_aspectRatio": 1.9864864864864864, "fig_size_poster": 0.9363057324840764}, "35": {"fig_size": 187500, "fig_aspectRatio": 3.0, "fig_size_poster": 0.7961783439490446}, "textRatio": 0.09917355371900827, "figRatio": 0.30353546975577583}, "37": {"xy": [2120, 2106, 930, 628], "panel_size": 584040, "panel_aspectRatio": 1.480891719745223, "category": "Discussion", "figures": 0, "textlen": 54, "fig_size": 0, "title": "5.Conclusions and Insights", "textRatio": 0.1487603305785124, "figRatio": 0.0}}}