{"poster_size": 4478976, "doclen": 477, "figlen": 1160752, "section": {"0": {"xy": [536, 42, 1486, 70], "panel_size": 104020, "panel_aspectRatio": 21.228571428571428, "category": "Title", "figures": 0, "textlen": 0, "fig_size": 0, "title": "Latent Feature Extraction for Musical Genres from Raw Audio", "textRatio": 0.0, "figRatio": 0.0}, "1": {"xy": [16, 302, 851, 281], "panel_size": 239131, "panel_aspectRatio": 3.0284697508896796, "category": "Introduction", "figures": 0, "textlen": 70, "fig_size": 0, "title": "Motivation\n", "textRatio": 0.14675052410901468, "figRatio": 0.0}, "3": {"xy": [19, 598, 854, 343], "panel_size": 292922, "panel_aspectRatio": 2.489795918367347, "category": "Method", "figures": 1, "textlen": 40, "fig_size": 95480, "title": "Dataset Information and Feature Engineering", "5": {"fig_size": 95480, "fig_aspectRatio": 1.5524193548387097, "fig_size_poster": 0.45081967213114754}, "textRatio": 0.08385744234800839, "figRatio": 0.08225701958730203}, "6": {"xy": [16, 956, 851, 717], "panel_size": 610167, "panel_aspectRatio": 1.1868898186889818, "category": "Method", "figures": 4, "textlen": 73, "fig_size": 284005, "title": "Model Infrastructures\n", "8": {"fig_size": 11220, "fig_aspectRatio": 10.303030303030303, "fig_size_poster": 0.399529964747356}, "11": {"fig_size": 10819, "fig_aspectRatio": 11.258064516129032, "fig_size_poster": 0.4101057579318449}, "13": {"fig_size": 15840, "fig_aspectRatio": 12.222222222222221, "fig_size_poster": 0.5170387779083431}, "15": {"fig_size": 246126, "fig_aspectRatio": 2.3591331269349847, "fig_size_poster": 0.8954171562867215}, "textRatio": 0.1530398322851153, "figRatio": 0.2446732807697079}, "16": {"xy": [879, 303, 849, 1006], "panel_size": 854094, "panel_aspectRatio": 0.8439363817097415, "category": "Result", "figures": 2, "textlen": 125, "fig_size": 391207, "title": "Qualitative Results", "17": {"fig_size": 201441, "fig_aspectRatio": 3.248995983935743, "fig_size_poster": 0.9528857479387515}, "19": {"fig_size": 189766, "fig_aspectRatio": 3.3221757322175733, "fig_size_poster": 0.9352179034157833}, "textRatio": 0.2620545073375262, "figRatio": 0.33702892607550966}, "21": {"xy": [877, 1312, 845, 371], "panel_size": 313495, "panel_aspectRatio": 2.2776280323450133, "category": "Discussion", "figures": 0, "textlen": 90, "fig_size": 0, "title": "Error Analysis\n", "textRatio": 0.18867924528301888, "figRatio": 0.0}, "23": {"xy": [1742, 303, 829, 764], "panel_size": 633356, "panel_aspectRatio": 1.0850785340314135, "category": "Result", "figures": 3, "textlen": 26, "fig_size": 390060, "title": "Quantitative Results (Final Architecture)", "24": {"fig_size": 243350, "fig_aspectRatio": 2.468152866242038, "fig_size_poster": 0.9348612786489746}, "25": {"fig_size": 66385, "fig_aspectRatio": 9.188235294117646, "fig_size_poster": 0.9420989143546441}, "26": {"fig_size": 80325, "fig_aspectRatio": 4.407407407407407, "fig_size_poster": 0.7177322074788902}, "textRatio": 0.05450733752620545, "figRatio": 0.3360407735674804}, "28": {"xy": [1746, 1076, 816, 296], "panel_size": 241536, "panel_aspectRatio": 2.7567567567567566, "category": "Discussion", "figures": 0, "textlen": 53, "fig_size": 0, "title": "Future Work\n", "textRatio": 0.1111111111111111, "figRatio": 0.0}}}