{"poster_size": 3110400, "doclen": 273, "figlen": 726115, "section": {"1": {"xy": [763, 41, 1089, 112], "panel_size": 121968, "panel_aspectRatio": 9.723214285714286, "category": "Title", "figures": 0, "textlen": 0, "fig_size": 0, "title": "Divergent Recommendations", "textRatio": 0.0, "figRatio": 0.0}, "2": {"xy": [34, 286, 872, 264], "panel_size": 230208, "panel_aspectRatio": 3.303030303030303, "category": "Introduction", "figures": 0, "textlen": 71, "fig_size": 0, "title": "Problem Definition", "textRatio": 0.2600732600732601, "figRatio": 0.0}, "4": {"xy": [14, 566, 901, 846], "panel_size": 762246, "panel_aspectRatio": 1.0650118203309693, "category": "Method", "figures": 4, "textlen": 102, "fig_size": 291225, "title": "Preprocessing Data", "5": {"fig_size": 48984, "fig_aspectRatio": 1.9872611464968153, "fig_size_poster": 0.3462819089900111}, "6": {"fig_size": 129558, "fig_aspectRatio": 0.703962703962704, "fig_size_poster": 0.33518312985571586}, "7": {"fig_size": 55002, "fig_aspectRatio": 5.184466019417476, "fig_size_poster": 0.5926748057713651}, "8": {"fig_size": 57681, "fig_aspectRatio": 4.213675213675214, "fig_size_poster": 0.5471698113207547}, "textRatio": 0.37362637362637363, "figRatio": 0.4010728328157386}, "15": {"xy": [941, 276, 1191, 471], "panel_size": 560961, "panel_aspectRatio": 2.5286624203821657, "category": "Method", "figures": 3, "textlen": 34, "fig_size": 258229, "title": "Methodology", "16": {"fig_size": 39192, "fig_aspectRatio": 4.630434782608695, "fig_size_poster": 0.35768261964735515}, "17": {"fig_size": 99358, "fig_aspectRatio": 1.0894039735099337, "fig_size_poster": 0.2762384550797649}, "18": {"fig_size": 119679, "fig_aspectRatio": 1.4529616724738676, "fig_size_poster": 0.3501259445843829}, "textRatio": 0.12454212454212454, "figRatio": 0.3556309950903094}, "20": {"xy": [926, 761, 1192, 383], "panel_size": 456536, "panel_aspectRatio": 3.112271540469974, "category": "Method", "figures": 2, "textlen": 43, "fig_size": 176661, "title": "Making Divergent Recommendations", "21": {"fig_size": 134048, "fig_aspectRatio": 6.647887323943662, "fig_size_poster": 0.7919463087248322}, "22": {"fig_size": 42613, "fig_aspectRatio": 23.046511627906977, "fig_size_poster": 0.8313758389261745}, "textRatio": 0.1575091575091575, "figRatio": 0.24329617209395207}, "25": {"xy": [937, 1164, 957, 236], "panel_size": 225852, "panel_aspectRatio": 4.055084745762712, "category": "Discussion", "figures": 0, "textlen": 23, "fig_size": 0, "title": "Future Work", "textRatio": 0.08424908424908426, "figRatio": 0.0}}}