{"poster_size": 4478976, "doclen": 506, "figlen": 2267060, "section": {"1": {"xy": [408, 14, 1772, 83], "panel_size": 147076, "panel_aspectRatio": 21.349397590361445, "category": "Title", "figures": 0, "textlen": 0, "fig_size": 0, "title": "\u201cThis Game is in the Refrigerator: Predicting NBA Game Outcomes", "textRatio": 0.0, "figRatio": 0.0}, "2": {"xy": [15, 214, 889, 431], "panel_size": 383159, "panel_aspectRatio": 2.062645011600928, "category": "Introduction", "figures": 0, "textlen": 161, "fig_size": 0, "title": "ABSTRACT", "textRatio": 0.3181818181818182, "figRatio": 0.0}, "4": {"xy": [25, 647, 874, 1061], "panel_size": 927314, "panel_aspectRatio": 0.823751178133836, "category": "Method", "figures": 3, "textlen": 106, "fig_size": 636109, "title": "DATASET AND FEATURES", "6": {"fig_size": 242503, "fig_aspectRatio": 3.0711743772241995, "fig_size_poster": 0.9874141876430206}, "7": {"fig_size": 236775, "fig_aspectRatio": 3.130909090909091, "fig_size_poster": 0.9851258581235698}, "8": {"fig_size": 156831, "fig_aspectRatio": 4.683060109289618, "fig_size_poster": 0.9805491990846682}, "textRatio": 0.20948616600790515, "figRatio": 0.28058763332245285}, "10": {"xy": [908, 223, 779, 864], "panel_size": 673056, "panel_aspectRatio": 0.9016203703703703, "category": "Method", "figures": 1, "textlen": 85, "fig_size": 400191, "title": "MODELS", "12": {"fig_size": 400191, "fig_aspectRatio": 1.3572744014732965, "fig_size_poster": 0.9460847240051348}, "textRatio": 0.16798418972332016, "figRatio": 0.17652422079697935}, "13": {"xy": [921, 1097, 755, 600], "panel_size": 453000, "panel_aspectRatio": 1.2583333333333333, "category": "Result", "figures": 1, "textlen": 0, "fig_size": 385392, "title": "RESULTS", "14": {"fig_size": 385392, "fig_aspectRatio": 1.4362934362934363, "fig_size_poster": 0.9854304635761589}, "textRatio": 0.0, "figRatio": 0.16999638298060044}, "15": {"xy": [1691, 204, 884, 1087], "panel_size": 960908, "panel_aspectRatio": 0.8132474701011959, "category": "Result", "figures": 3, "textlen": 0, "fig_size": 845368, "title": "RESULTS (CONT)", "16": {"fig_size": 417216, "fig_aspectRatio": 1.7235772357723578, "fig_size_poster": 0.9592760180995475}, "17": {"fig_size": 195328, "fig_aspectRatio": 3.892857142857143, "fig_size_poster": 0.9864253393665159}, "18": {"fig_size": 232824, "fig_aspectRatio": 3.2659176029962547, "fig_size_poster": 0.9864253393665159}, "textRatio": 0.0, "figRatio": 0.37289176289996734}, "19": {"xy": [1693, 1297, 872, 400], "panel_size": 348800, "panel_aspectRatio": 2.18, "category": "Discussion", "figures": 0, "textlen": 154, "fig_size": 0, "title": "CONCLUSIONS/FUTURE WORK", "textRatio": 0.30434782608695654, "figRatio": 0.0}}}