{"poster_size": 3110400, "doclen": 499, "figlen": 712646, "section": {"0": {"xy": [272, 38, 1808, 75], "panel_size": 135600, "panel_aspectRatio": 24.106666666666666, "category": "Title", "figures": 0, "textlen": 0, "fig_size": 0, "title": "Prediction of Yelp Ratings ased on Reviewer Comments Segmented by Business Type", "textRatio": 0.0, "figRatio": 0.0}, "1": {"xy": [25, 260, 743, 387], "panel_size": 287541, "panel_aspectRatio": 1.9198966408268734, "category": "Introduction", "figures": 0, "textlen": 90, "fig_size": 0, "title": "Abstract", "textRatio": 0.18036072144288579, "figRatio": 0.0}, "3": {"xy": [21, 656, 747, 342], "panel_size": 255474, "panel_aspectRatio": 2.1842105263157894, "category": "Introduction", "figures": 0, "textlen": 73, "fig_size": 0, "title": "Introduction", "textRatio": 0.1462925851703407, "figRatio": 0.0}, "5": {"xy": [20, 1012, 738, 403], "panel_size": 297414, "panel_aspectRatio": 1.8312655086848635, "category": "Method", "figures": 1, "textlen": 34, "fig_size": 124254, "title": "Dataset and Primary Pre-Processing", "7": {"fig_size": 124254, "fig_aspectRatio": 3.9661016949152543, "fig_size_poster": 0.9512195121951219}, "textRatio": 0.06813627254509018, "figRatio": 0.17435585129222644}, "8": {"xy": [775, 258, 683, 574], "panel_size": 392042, "panel_aspectRatio": 1.1898954703832754, "category": "Method", "figures": 1, "textlen": 46, "fig_size": 180554, "title": "lnitial Approach", "10": {"fig_size": 180554, "fig_aspectRatio": 2.254416961130742, "fig_size_poster": 0.9341142020497804}, "textRatio": 0.09218436873747494, "figRatio": 0.25335720680393914}, "11": {"xy": [775, 836, 683, 603], "panel_size": 411849, "panel_aspectRatio": 1.1326699834162521, "category": "Method", "figures": 1, "textlen": 62, "fig_size": 187248, "title": "lterative Optimization", "13": {"fig_size": 187248, "fig_aspectRatio": 2.354609929078014, "fig_size_poster": 0.972181551976574}, "textRatio": 0.12424849699398798, "figRatio": 0.26275036974879534}, "14": {"xy": [1460, 260, 674, 693], "panel_size": 467082, "panel_aspectRatio": 0.9725829725829725, "category": "Method", "figures": 1, "textlen": 76, "fig_size": 220590, "title": "lterative Optimization (continued)", "15": {"fig_size": 220590, "fig_aspectRatio": 1.8859649122807018, "fig_size_poster": 0.956973293768546}, "textRatio": 0.1523046092184369, "figRatio": 0.3095365721550391}, "17": {"xy": [1466, 958, 670, 473], "panel_size": 316910, "panel_aspectRatio": 1.4164904862579282, "category": "Discussion", "figures": 0, "textlen": 118, "fig_size": 0, "title": "Moving Forward", "textRatio": 0.23647294589178355, "figRatio": 0.0}}}