{"poster_size": 4478976, "doclen": 380, "figlen": 777793, "section": {"1": {"xy": [293, 58, 2084, 102], "panel_size": 212568, "panel_aspectRatio": 20.431372549019606, "category": "Title", "figures": 0, "textlen": 0, "fig_size": 0, "title": "On Building a Response Prioritization Engine for Southwest Air", "textRatio": 0.0, "figRatio": 0.0}, "2": {"xy": [2, 323, 816, 441], "panel_size": 359856, "panel_aspectRatio": 1.8503401360544218, "category": "Introduction", "figures": 0, "textlen": 76, "fig_size": 0, "title": "Motivation: ", "textRatio": 0.2, "figRatio": 0.0}, "4": {"xy": [12, 780, 810, 298], "panel_size": 241380, "panel_aspectRatio": 2.7181208053691277, "category": "Introduction", "figures": 0, "textlen": 31, "fig_size": 0, "title": "Data:", "textRatio": 0.08157894736842106, "figRatio": 0.0}, "6": {"xy": [10, 1086, 809, 577], "panel_size": 466793, "panel_aspectRatio": 1.4020797227036395, "category": "Method", "figures": 0, "textlen": 40, "fig_size": 0, "title": "Methods:", "textRatio": 0.10526315789473684, "figRatio": 0.0}, "8": {"xy": [834, 328, 1738, 824], "panel_size": 1432112, "panel_aspectRatio": 2.1092233009708736, "category": "Result", "figures": 3, "textlen": 104, "fig_size": 777793, "title": "Results:", "9": {"fig_size": 498108, "fig_aspectRatio": 2.9344660194174756, "fig_size_poster": 0.6956271576524741}, "10": {"fig_size": 124645, "fig_aspectRatio": 1.88715953307393, "fig_size_poster": 0.2790563866513234}, "11": {"fig_size": 155040, "fig_aspectRatio": 1.3411764705882352, "fig_size_poster": 0.26237054085155354}, "textRatio": 0.2736842105263158, "figRatio": 1.0}, "15": {"xy": [830, 1169, 1748, 498], "panel_size": 870504, "panel_aspectRatio": 3.5100401606425704, "category": "Discussion", "figures": 0, "textlen": 129, "fig_size": 0, "title": "Discussion:", "textRatio": 0.3394736842105263, "figRatio": 0.0}}}