{"poster_size": 4478976, "doclen": 520, "figlen": 1693282, "section": {"1": {"xy": [405, 3, 1785, 89], "panel_size": 158865, "panel_aspectRatio": 20.0561797752809, "category": "Title", "figures": 0, "textlen": 0, "fig_size": 0, "title": "Learning to Rank Comments Within Subreddit Submissions", "textRatio": 0.0, "figRatio": 0.0}, "2": {"xy": [63, 189, 687, 347], "panel_size": 238389, "panel_aspectRatio": 1.9798270893371759, "category": "Introduction", "figures": 0, "textlen": 46, "fig_size": 0, "title": "Problem Statement", "textRatio": 0.08846153846153847, "figRatio": 0.0}, "4": {"xy": [66, 575, 743, 648], "panel_size": 481464, "panel_aspectRatio": 1.146604938271605, "category": "Introduction", "figures": 1, "textlen": 0, "fig_size": 363485, "title": "Data Collection", "5": {"fig_size": 363485, "fig_aspectRatio": 1.3288718929254302, "fig_size_poster": 0.9353970390309556}, "textRatio": 0.0, "figRatio": 0.21466300356349385}, "6": {"xy": [24, 1244, 818, 444], "panel_size": 363192, "panel_aspectRatio": 1.8423423423423424, "category": "Method", "figures": 2, "textlen": 71, "fig_size": 148169, "title": "Naive Bayes", "7": {"fig_size": 88256, "fig_aspectRatio": 2.2741116751269037, "fig_size_poster": 0.5476772616136919}, "8": {"fig_size": 59913, "fig_aspectRatio": 1.6772486772486772, "fig_size_poster": 0.38753056234718825}, "textRatio": 0.13653846153846153, "figRatio": 0.08750403063399953}, "10": {"xy": [861, 176, 808, 1536], "panel_size": 1241088, "panel_aspectRatio": 0.5260416666666666, "category": "Method", "figures": 8, "textlen": 208, "fig_size": 747044, "title": "Regression", "11": {"fig_size": 211874, "fig_aspectRatio": 2.683274021352313, "fig_size_poster": 0.9331683168316832}, "13": {"fig_size": 151998, "fig_aspectRatio": 1.7585034013605443, "fig_size_poster": 0.6398514851485149}, "14": {"fig_size": 44109, "fig_aspectRatio": 1.544378698224852, "fig_size_poster": 0.32301980198019803}, "16": {"fig_size": 114480, "fig_aspectRatio": 1.9875, "fig_size_poster": 0.5903465346534653}, "18": {"fig_size": 61904, "fig_aspectRatio": 1.3773584905660377, "fig_size_poster": 0.3613861386138614}, "19": {"fig_size": 118560, "fig_aspectRatio": 1.7538461538461538, "fig_size_poster": 0.5643564356435643}, "21": {"fig_size": 16819, "fig_aspectRatio": 0.8705035971223022, "fig_size_poster": 0.14975247524752475}, "23": {"fig_size": 27300, "fig_aspectRatio": 1.3928571428571428, "fig_size_poster": 0.24133663366336633}, "textRatio": 0.4, "figRatio": 0.4411810909228351}, "24": {"xy": [1691, 172, 873, 1127], "panel_size": 983871, "panel_aspectRatio": 0.774622892635315, "category": "Method", "figures": 2, "textlen": 93, "fig_size": 434584, "title": "Meme Clustering", "25": {"fig_size": 257904, "fig_aspectRatio": 2.45679012345679, "fig_size_poster": 0.9117983963344788}, "27": {"fig_size": 176680, "fig_aspectRatio": 2.2535714285714286, "fig_size_poster": 0.722794959908362}, "textRatio": 0.17884615384615385, "figRatio": 0.25665187487967156}, "28": {"xy": [1689, 1310, 885, 226], "panel_size": 200010, "panel_aspectRatio": 3.915929203539823, "category": "Discussion", "figures": 0, "textlen": 102, "fig_size": 0, "title": "Future Work", "textRatio": 0.19615384615384615, "figRatio": 0.0}}}