{"poster_size": 3110400, "doclen": 365, "figlen": 519618, "section": {"0": {"xy": [10, 3, 2145, 56], "panel_size": 120120, "panel_aspectRatio": 38.30357142857143, "category": "Title", "figures": 0, "textlen": 0, "fig_size": 0, "title": "Automated Semantic Segmentation of Volumetric Cardiovascular Features and Disease Assessment", "textRatio": 0.0, "figRatio": 0.0}, "1": {"xy": [14, 240, 667, 781], "panel_size": 520927, "panel_aspectRatio": 0.8540332906530089, "category": "Introduction", "figures": 1, "textlen": 81, "fig_size": 115330, "title": "Introduction", "2": {"fig_size": 115330, "fig_aspectRatio": 3.194736842105263, "fig_size_poster": 0.9100449775112444}, "textRatio": 0.2219178082191781, "figRatio": 0.2219515105327375}, "5": {"xy": [14, 1036, 658, 403], "panel_size": 265174, "panel_aspectRatio": 1.6327543424317619, "category": "Introduction", "figures": 1, "textlen": 17, "fig_size": 137241, "title": "PURPOSE", "6": {"fig_size": 137241, "fig_aspectRatio": 2.8099547511312215, "fig_size_poster": 0.9437689969604863}, "textRatio": 0.04657534246575343, "figRatio": 0.26411902589979563}, "8": {"xy": [687, 246, 804, 1188], "panel_size": 955152, "panel_aspectRatio": 0.6767676767676768, "category": "Method", "figures": 2, "textlen": 133, "fig_size": 267047, "title": "MODEL", "9": {"fig_size": 185250, "fig_aspectRatio": 2.964, "fig_size_poster": 0.9216417910447762}, "10": {"fig_size": 81797, "fig_aspectRatio": 3.3184713375796178, "fig_size_poster": 0.6480099502487562}, "textRatio": 0.3643835616438356, "figRatio": 0.5139294635674668}, "15": {"xy": [1499, 228, 648, 420], "panel_size": 272160, "panel_aspectRatio": 1.542857142857143, "category": "Method", "figures": 0, "textlen": 63, "fig_size": 0, "title": "DATASET", "textRatio": 0.1726027397260274, "figRatio": 0.0}, "17": {"xy": [1497, 665, 652, 752], "panel_size": 490304, "panel_aspectRatio": 0.8670212765957447, "category": "Result", "figures": 0, "textlen": 71, "fig_size": 0, "title": "CONCLUSION", "textRatio": 0.19452054794520549, "figRatio": 0.0}}}