{"poster_size": 4478976, "doclen": 630, "figlen": 969951, "section": {"1": {"xy": [671, 30, 1274, 230], "panel_size": 293020, "panel_aspectRatio": 5.539130434782609, "category": "Title", "figures": 0, "textlen": 13, "fig_size": 0, "title": "End-to-end Text to Speech Synthesis", "textRatio": 0.020634920634920634, "figRatio": 0.0}, "3": {"xy": [37, 291, 606, 391], "panel_size": 236946, "panel_aspectRatio": 1.5498721227621484, "category": "Introduction", "figures": 0, "textlen": 70, "fig_size": 0, "title": "Introduction", "textRatio": 0.1111111111111111, "figRatio": 0.0}, "6": {"xy": [32, 693, 610, 980], "panel_size": 597800, "panel_aspectRatio": 0.6224489795918368, "category": "Introduction", "figures": 4, "textlen": 106, "fig_size": 188097, "title": "Preprocess of dataset", "8": {"fig_size": 32625, "fig_aspectRatio": 1.5517241379310345, "fig_size_poster": 0.36885245901639346}, "9": {"fig_size": 57792, "fig_aspectRatio": 1.9534883720930232, "fig_size_poster": 0.5508196721311476}, "11": {"fig_size": 46920, "fig_aspectRatio": 1.6235294117647059, "fig_size_poster": 0.4524590163934426}, "12": {"fig_size": 50760, "fig_aspectRatio": 1.5666666666666667, "fig_size_poster": 0.46229508196721314}, "textRatio": 0.16825396825396827, "figRatio": 0.1939242291620917}, "13": {"xy": [658, 281, 1291, 818], "panel_size": 1056038, "panel_aspectRatio": 1.578239608801956, "category": "Method", "figures": 5, "textlen": 199, "fig_size": 454023, "title": "Models", "14": {"fig_size": 102803, "fig_aspectRatio": 2.0672645739910314, "fig_size_poster": 0.3570875290472502}, "16": {"fig_size": 99426, "fig_aspectRatio": 1.9295154185022025, "fig_size_poster": 0.33927188226181254}, "18": {"fig_size": 72910, "fig_aspectRatio": 1.3782608695652174, "fig_size_poster": 0.24554608830364058}, "19": {"fig_size": 94068, "fig_aspectRatio": 1.3097014925373134, "fig_size_poster": 0.27188226181254843}, "21": {"fig_size": 84816, "fig_aspectRatio": 1.631578947368421, "fig_size_poster": 0.2881487219209915}, "textRatio": 0.31587301587301586, "figRatio": 0.46808859416609705}, "23": {"xy": [668, 1103, 1267, 197], "panel_size": 249599, "panel_aspectRatio": 6.431472081218274, "category": "Method", "figures": 1, "textlen": 33, "fig_size": 65880, "title": "Postprocess of dataset", "25": {"fig_size": 65880, "fig_aspectRatio": 5.648148148148148, "fig_size_poster": 0.48145224940805054}, "textRatio": 0.05238095238095238, "figRatio": 0.06792095683183996}, "26": {"xy": [663, 1305, 1291, 346], "panel_size": 446686, "panel_aspectRatio": 3.73121387283237, "category": "Result", "figures": 2, "textlen": 59, "fig_size": 121308, "title": "Result", "28": {"fig_size": 74778, "fig_aspectRatio": 7.048543689320389, "fig_size_poster": 0.5623547637490317}, "29": {"fig_size": 46530, "fig_aspectRatio": 5.26595744680851, "fig_size_poster": 0.38342370255615804}, "textRatio": 0.09365079365079365, "figRatio": 0.12506611158708017}, "31": {"xy": [1964, 279, 622, 968], "panel_size": 602096, "panel_aspectRatio": 0.6425619834710744, "category": "Discussion", "figures": 2, "textlen": 150, "fig_size": 140643, "title": "Performance & Analysis", "34": {"fig_size": 68968, "fig_aspectRatio": 1.2703862660944205, "fig_size_poster": 0.4758842443729904}, "35": {"fig_size": 71675, "fig_aspectRatio": 1.297872340425532, "fig_size_poster": 0.4903536977491961}, "textRatio": 0.23809523809523808, "figRatio": 0.1450001082528911}}}