{"poster_size": 3193344, "doclen": 347, "figlen": 927335, "section": {"1": {"xy": [87, 26, 1390, 173], "panel_size": 240470, "panel_aspectRatio": 8.034682080924856, "category": "Title", "figures": 0, "textlen": 0, "fig_size": 0, "title": "Predicting Valuations of Venture Capital Funded Private Companies", "textRatio": 0.0, "figRatio": 0.0}, "2": {"xy": [76, 230, 1450, 216], "panel_size": 313200, "panel_aspectRatio": 6.712962962962963, "category": "Introduction", "figures": 0, "textlen": 123, "fig_size": 0, "title": "Motivation\n", "textRatio": 0.35446685878962536, "figRatio": 0.0}, "4": {"xy": [80, 479, 1429, 173], "panel_size": 247217, "panel_aspectRatio": 8.260115606936417, "category": "Method", "figures": 1, "textlen": 0, "fig_size": 115785, "title": "Training sample", "5": {"fig_size": 115785, "fig_aspectRatio": 16.80722891566265, "fig_size_poster": 0.9762071378586424}, "textRatio": 0.0, "figRatio": 0.12485779141302765}, "6": {"xy": [64, 660, 1466, 988], "panel_size": 1448408, "panel_aspectRatio": 1.4838056680161944, "category": "Result", "figures": 8, "textlen": 10, "fig_size": 811550, "title": "Results", "8": {"fig_size": 25056, "fig_aspectRatio": 2.1481481481481484, "fig_size_poster": 0.1582537517053206}, "9": {"fig_size": 97929, "fig_aspectRatio": 1.2580645161290323, "fig_size_poster": 0.23942701227830832}, "11": {"fig_size": 28728, "fig_aspectRatio": 2.462962962962963, "fig_size_poster": 0.18144611186903137}, "12": {"fig_size": 92736, "fig_aspectRatio": 1.2173913043478262, "fig_size_poster": 0.2291950886766712}, "14": {"fig_size": 28980, "fig_aspectRatio": 2.6285714285714286, "fig_size_poster": 0.1882673942701228}, "15": {"fig_size": 91728, "fig_aspectRatio": 1.2307692307692308, "fig_size_poster": 0.2291950886766712}, "16": {"fig_size": 221364, "fig_aspectRatio": 1.2027972027972027, "fig_size_poster": 0.3519781718963165}, "17": {"fig_size": 225029, "fig_aspectRatio": 1.234192037470726, "fig_size_poster": 0.35948158253751705}, "textRatio": 0.02881844380403458, "figRatio": 0.8751422085869723}, "18": {"xy": [53, 1690, 1456, 308], "panel_size": 448448, "panel_aspectRatio": 4.7272727272727275, "category": "Result", "figures": 0, "textlen": 214, "fig_size": 0, "title": "Results", "textRatio": 0.6167146974063401, "figRatio": 0.0}}}