{"poster_size": 4478976, "doclen": 537, "figlen": 1499027, "section": {"1": {"xy": [250, 17, 2110, 74], "panel_size": 156140, "panel_aspectRatio": 28.513513513513512, "category": "Title", "figures": 0, "textlen": 0, "fig_size": 0, "title": "Terrain Classification for Small-Legged Robots using Deep Learning on Tactile Data", "textRatio": 0.0, "figRatio": 0.0}, "2": {"xy": [11, 221, 859, 594], "panel_size": 510246, "panel_aspectRatio": 1.4461279461279462, "category": "Introduction", "figures": 1, "textlen": 110, "fig_size": 69560, "title": "Motivation", "6": {"fig_size": 69560, "fig_aspectRatio": 1.2595744680851064, "fig_size_poster": 0.3445867287543655}, "textRatio": 0.2048417132216015, "figRatio": 0.0464034336939895}, "7": {"xy": [11, 838, 857, 880], "panel_size": 754160, "panel_aspectRatio": 0.9738636363636364, "category": "Method", "figures": 2, "textlen": 83, "fig_size": 385674, "title": "Dataset and Features", "9": {"fig_size": 206394, "fig_aspectRatio": 3.410569105691057, "fig_size_poster": 0.9789964994165694}, "10": {"fig_size": 179280, "fig_aspectRatio": 1.3833333333333333, "fig_size_poster": 0.5810968494749125}, "textRatio": 0.15456238361266295, "figRatio": 0.2572828908351884}, "12": {"xy": [885, 212, 822, 940], "panel_size": 772680, "panel_aspectRatio": 0.874468085106383, "category": "Method", "figures": 2, "textlen": 139, "fig_size": 264143, "title": "Methods", "15": {"fig_size": 222721, "fig_aspectRatio": 2.7809187279151946, "fig_size_poster": 0.9574209245742092}, "17": {"fig_size": 41422, "fig_aspectRatio": 1.8657718120805369, "fig_size_poster": 0.3381995133819951}, "textRatio": 0.25884543761638734, "figRatio": 0.1762096346496761}, "19": {"xy": [889, 1169, 822, 558], "panel_size": 458676, "panel_aspectRatio": 1.4731182795698925, "category": "Method", "figures": 2, "textlen": 29, "fig_size": 294223, "title": "SVM Baseline", "21": {"fig_size": 137632, "fig_aspectRatio": 1.1107954545454546, "fig_size_poster": 0.47566909975669097}, "22": {"fig_size": 156591, "fig_aspectRatio": 1.078740157480315, "fig_size_poster": 0.5}, "textRatio": 0.054003724394785846, "figRatio": 0.19627598435518506}, "23": {"xy": [1729, 215, 857, 882], "panel_size": 755874, "panel_aspectRatio": 0.971655328798186, "category": "Result", "figures": 4, "textlen": 58, "fig_size": 485427, "title": "Results and Discussion", "24": {"fig_size": 131430, "fig_aspectRatio": 1.1572700296735905, "fig_size_poster": 0.45507584597432904}, "25": {"fig_size": 172400, "fig_aspectRatio": 1.0775, "fig_size_poster": 0.5029171528588098}, "26": {"fig_size": 123403, "fig_aspectRatio": 0.6768149882903981, "fig_size_poster": 0.3372228704784131}, "28": {"fig_size": 58194, "fig_aspectRatio": 5.179245283018868, "fig_size_poster": 0.6406067677946324}, "textRatio": 0.10800744878957169, "figRatio": 0.3238280564659609}, "29": {"xy": [1729, 1114, 859, 474], "panel_size": 407166, "panel_aspectRatio": 1.8122362869198312, "category": "Discussion", "figures": 0, "textlen": 118, "fig_size": 0, "title": "Conclusions and Future Work", "textRatio": 0.21973929236499068, "figRatio": 0.0}}}