{"poster_size": 4478976, "doclen": 318, "figlen": 660244, "section": {"1": {"xy": [844, 64, 907, 111], "panel_size": 100677, "panel_aspectRatio": 8.17117117117117, "category": "Title", "figures": 0, "textlen": 0, "fig_size": 0, "title": "Wine Rating Prediction", "textRatio": 0.0, "figRatio": 0.0}, "2": {"xy": [62, 349, 1207, 343], "panel_size": 414001, "panel_aspectRatio": 3.5189504373177845, "category": "Introduction", "figures": 0, "textlen": 46, "fig_size": 0, "title": "Predicting\n", "textRatio": 0.14465408805031446, "figRatio": 0.0}, "4": {"xy": [56, 728, 591, 948], "panel_size": 560268, "panel_aspectRatio": 0.6234177215189873, "category": "Method", "figures": 0, "textlen": 84, "fig_size": 0, "title": "Data & Features\n", "textRatio": 0.2641509433962264, "figRatio": 0.0}, "9": {"xy": [676, 731, 620, 951], "panel_size": 589620, "panel_aspectRatio": 0.6519453207150369, "category": "Method", "figures": 1, "textlen": 76, "fig_size": 35620, "title": "Models\n", "11": {"fig_size": 35620, "fig_aspectRatio": 8.430769230769231, "fig_size_poster": 0.8838709677419355}, "textRatio": 0.2389937106918239, "figRatio": 0.05394975190989998}, "13": {"xy": [1336, 344, 1215, 782], "panel_size": 950130, "panel_aspectRatio": 1.5537084398976981, "category": "Result", "figures": 1, "textlen": 36, "fig_size": 624624, "title": "Results", "15": {"fig_size": 624624, "fig_aspectRatio": 2.0952380952380953, "fig_size_poster": 0.9415637860082304}, "textRatio": 0.11320754716981132, "figRatio": 0.9460502480901001}, "16": {"xy": [1325, 1135, 1233, 366], "panel_size": 451278, "panel_aspectRatio": 3.3688524590163933, "category": "Discussion", "figures": 0, "textlen": 76, "fig_size": 0, "title": "Discussion and Future Work\n", "textRatio": 0.2389937106918239, "figRatio": 0.0}}}