{"poster_size": 8957952, "doclen": 390, "figlen": 2284922, "section": {"1": {"xy": [465, 40, 2617, 289], "panel_size": 756313, "panel_aspectRatio": 9.055363321799309, "category": "Title", "figures": 0, "textlen": 8, "fig_size": 0, "title": "Automatically Quantifying Radiographic Knee OA Severity", "textRatio": 0.020512820512820513, "figRatio": 0.0}, "3": {"xy": [65, 379, 806, 382], "panel_size": 307892, "panel_aspectRatio": 2.1099476439790577, "category": "Introduction", "figures": 0, "textlen": 20, "fig_size": 0, "title": "Objectives", "textRatio": 0.05128205128205128, "figRatio": 0.0}, "5": {"xy": [53, 770, 809, 469], "panel_size": 379421, "panel_aspectRatio": 1.724946695095949, "category": "Introduction", "figures": 0, "textlen": 35, "fig_size": 0, "title": "Motivation\n", "textRatio": 0.08974358974358974, "figRatio": 0.0}, "7": {"xy": [81, 1276, 772, 608], "panel_size": 469376, "panel_aspectRatio": 1.269736842105263, "category": "Introduction", "figures": 2, "textlen": 6, "fig_size": 308448, "title": "Osteoarthristis Staging", "8": {"fig_size": 225456, "fig_aspectRatio": 2.3766233766233764, "fig_size_poster": 0.9481865284974094}, "9": {"fig_size": 82992, "fig_aspectRatio": 6.616071428571429, "fig_size_poster": 0.9598445595854922}, "textRatio": 0.015384615384615385, "figRatio": 0.1349927918764842}, "11": {"xy": [55, 1944, 811, 591], "panel_size": 479301, "panel_aspectRatio": 1.3722504230118444, "category": "Introduction", "figures": 1, "textlen": 19, "fig_size": 246804, "title": "Dataset\n", "13": {"fig_size": 246804, "fig_aspectRatio": 2.5031847133757963, "fig_size_poster": 0.969173859432799}, "textRatio": 0.04871794871794872, "figRatio": 0.1080141904187539}, "14": {"xy": [905, 400, 802, 733], "panel_size": 587866, "panel_aspectRatio": 1.0941336971350615, "category": "Method", "figures": 0, "textlen": 64, "fig_size": 0, "title": "Methodology 1", "textRatio": 0.1641025641025641, "figRatio": 0.0}, "15": {"xy": [937, 1203, 1629, 521], "panel_size": 848709, "panel_aspectRatio": 3.126679462571977, "category": "Method", "figures": 1, "textlen": 6, "fig_size": 637974, "title": "Methodology 1", "16": {"fig_size": 637974, "fig_aspectRatio": 3.9477611940298507, "fig_size_poster": 0.9742173112338858}, "textRatio": 0.015384615384615385, "figRatio": 0.2792104063070862}, "19": {"xy": [1750, 405, 793, 767], "panel_size": 608231, "panel_aspectRatio": 1.0338983050847457, "category": "Method", "figures": 0, "textlen": 106, "fig_size": 0, "title": "Methodology 2\n", "textRatio": 0.2717948717948718, "figRatio": 0.0}, "21": {"xy": [904, 1778, 798, 800], "panel_size": 638400, "panel_aspectRatio": 0.9975, "category": "Method", "figures": 0, "textlen": 51, "fig_size": 0, "title": "Methodology 1\n", "textRatio": 0.13076923076923078, "figRatio": 0.0}, "23": {"xy": [1754, 1785, 805, 806], "panel_size": 648830, "panel_aspectRatio": 0.9987593052109182, "category": "Result", "figures": 1, "textlen": 12, "fig_size": 274820, "title": "Results - Methodology l\n", "25": {"fig_size": 274820, "fig_aspectRatio": 2.0741758241758244, "fig_size_poster": 0.937888198757764}, "textRatio": 0.03076923076923077, "figRatio": 0.12027544047455449}, "26": {"xy": [2589, 406, 831, 1248], "panel_size": 1037088, "panel_aspectRatio": 0.6658653846153846, "category": "Result", "figures": 3, "textlen": 14, "fig_size": 635394, "title": "Results - Methodology 1\n", "28": {"fig_size": 184500, "fig_aspectRatio": 3.048780487804878, "fig_size_poster": 0.9025270758122743}, "31": {"fig_size": 225594, "fig_aspectRatio": 2.4735099337748343, "fig_size_poster": 0.8989169675090253}, "32": {"fig_size": 225300, "fig_aspectRatio": 2.5033333333333334, "fig_size_poster": 0.9037304452466908}, "textRatio": 0.035897435897435895, "figRatio": 0.27808126491845236}, "33": {"xy": [2595, 1662, 809, 868], "panel_size": 702212, "panel_aspectRatio": 0.9320276497695853, "category": "Result", "figures": 1, "textlen": 49, "fig_size": 181482, "title": "Results - Methodology 2", "35": {"fig_size": 181482, "fig_aspectRatio": 2.0436241610738257, "fig_size_poster": 0.7527812113720643}, "textRatio": 0.12564102564102564, "figRatio": 0.07942590600466887}}}