{"poster_size": 4478976, "doclen": 108, "figlen": 1786698, "section": {"1": {"xy": [438, 8, 1735, 250], "panel_size": 433750, "panel_aspectRatio": 6.94, "category": "Title", "figures": 0, "textlen": 0, "fig_size": 0, "title": "Automated Detection of Hacks\n( Online Detection of Code Reuse Attacks )", "textRatio": 0.0, "figRatio": 0.0}, "3": {"xy": [30, 301, 696, 766], "panel_size": 533136, "panel_aspectRatio": 0.9086161879895561, "category": "Introduction", "figures": 1, "textlen": 0, "fig_size": 208530, "title": "In order for hackers and viruses to compromise a modern computer system, they must first redirect controlflow with a \u201ccode reuse attack.\u201dWe created a classifier that can detect when this attack happens, allowing us to alert the system before the attacker gains complete control.", "4": {"fig_size": 208530, "fig_aspectRatio": 1.903323262839879, "fig_size_poster": 0.9051724137931034}, "textRatio": 0.0, "figRatio": 0.11671250541501697}, "5": {"xy": [720, 301, 645, 772], "panel_size": 497940, "panel_aspectRatio": 0.8354922279792746, "category": "Method", "figures": 0, "textlen": 75, "fig_size": 0, "title": "Data Collection", "textRatio": 0.6944444444444444, "figRatio": 0.0}, "7": {"xy": [1381, 295, 1161, 782], "panel_size": 907902, "panel_aspectRatio": 1.4846547314578005, "category": "Method", "figures": 1, "textlen": 33, "fig_size": 595958, "title": "Machine Learning", "9": {"fig_size": 595958, "fig_aspectRatio": 2.153992395437262, "fig_size_poster": 0.9758828596037898}, "textRatio": 0.3055555555555556, "figRatio": 0.3335527324707365}, "10": {"xy": [81, 1087, 1106, 561], "panel_size": 620466, "panel_aspectRatio": 1.9714795008912656, "category": "Method", "figures": 1, "textlen": 0, "fig_size": 491706, "title": "Normal Code Execution", "11": {"fig_size": 491706, "fig_aspectRatio": 2.2937365010799136, "fig_size_poster": 0.9602169981916817}, "textRatio": 0.0, "figRatio": 0.27520375575502964}, "12": {"xy": [1399, 1099, 1096, 549], "panel_size": 601704, "panel_aspectRatio": 1.9963570127504553, "category": "Result", "figures": 1, "textlen": 0, "fig_size": 490504, "title": "Exploit Triggered in Executionoa", "13": {"fig_size": 490504, "fig_aspectRatio": 2.3080260303687634, "fig_size_poster": 0.9708029197080292}, "textRatio": 0.0, "figRatio": 0.27453100635921684}}}