{"poster_size": 7838208, "doclen": 536, "figlen": 2399814, "section": {"0": {"xy": [410, 68, 2030, 81], "panel_size": 164430, "panel_aspectRatio": 25.061728395061728, "category": "Title", "figures": 0, "textlen": 0, "fig_size": 0, "title": "Beyond Fuzzy Matching: Effective ways to Transfer Learning in NLP", "textRatio": 0.0, "figRatio": 0.0}, "1": {"xy": [13, 282, 742, 805], "panel_size": 597310, "panel_aspectRatio": 0.9217391304347826, "category": "Introduction", "figures": 0, "textlen": 82, "fig_size": 0, "title": "1.Problem and Work", "textRatio": 0.15298507462686567, "figRatio": 0.0}, "3": {"xy": [8, 1107, 738, 489], "panel_size": 360882, "panel_aspectRatio": 1.50920245398773, "category": "Method", "figures": 1, "textlen": 16, "fig_size": 224196, "title": "2.DataSet", "4": {"fig_size": 224196, "fig_aspectRatio": 2.2738853503184715, "fig_size_poster": 0.967479674796748}, "textRatio": 0.029850746268656716, "figRatio": 0.09342224022361734}, "7": {"xy": [5, 1604, 741, 867], "panel_size": 642447, "panel_aspectRatio": 0.8546712802768166, "category": "Method", "figures": 0, "textlen": 110, "fig_size": 0, "title": "3. Novel Findings", "textRatio": 0.20522388059701493, "figRatio": 0.0}, "9": {"xy": [760, 282, 1131, 980], "panel_size": 1108380, "panel_aspectRatio": 1.1540816326530612, "category": "Method", "figures": 0, "textlen": 181, "fig_size": 0, "title": "4. Other Findings", "textRatio": 0.3376865671641791, "figRatio": 0.0}, "11": {"xy": [749, 1262, 1142, 642], "panel_size": 733164, "panel_aspectRatio": 1.7788161993769471, "category": "Method", "figures": 1, "textlen": 7, "fig_size": 551173, "title": "5. FeatureBased TL Models", "12": {"fig_size": 551173, "fig_aspectRatio": 2.2313883299798793, "fig_size_poster": 0.9711033274956217}, "textRatio": 0.013059701492537313, "figRatio": 0.2296732163409331}, "14": {"xy": [758, 1924, 2258, 541], "panel_size": 1221578, "panel_aspectRatio": 4.173752310536044, "category": "Method", "figures": 2, "textlen": 18, "fig_size": 878535, "title": "6. FineTuneBased TL Models", "16": {"fig_size": 363216, "fig_aspectRatio": 3.5031055900621118, "fig_size_poster": 0.4995571302037201}, "17": {"fig_size": 515319, "fig_aspectRatio": 2.4038876889848813, "fig_size_poster": 0.4929140832595217}, "textRatio": 0.033582089552238806, "figRatio": 0.36608462155817073}, "18": {"xy": [1896, 279, 1127, 933], "panel_size": 1051491, "panel_aspectRatio": 1.2079314040728832, "category": "Result", "figures": 2, "textlen": 37, "fig_size": 619370, "title": "7. Some Interesting Results", "21": {"fig_size": 330993, "fig_aspectRatio": 3.702341137123746, "fig_size_poster": 0.9822537710736469}, "22": {"fig_size": 288377, "fig_aspectRatio": 3.6007067137809186, "fig_size_poster": 0.904170363797693}, "textRatio": 0.06902985074626866, "figRatio": 0.25809083537307476}, "23": {"xy": [1896, 1224, 1124, 338], "panel_size": 379912, "panel_aspectRatio": 3.3254437869822486, "category": "Discussion", "figures": 0, "textlen": 54, "fig_size": 0, "title": "8.Differential Learning Rate(LR) FineTuning", "textRatio": 0.10074626865671642, "figRatio": 0.0}, "25": {"xy": [1899, 1568, 1124, 350], "panel_size": 393400, "panel_aspectRatio": 3.2114285714285713, "category": "Discussion", "figures": 1, "textlen": 31, "fig_size": 126540, "title": "9. Contrastive Learning Fine Tuning", "27": {"fig_size": 126540, "fig_aspectRatio": 9.736842105263158, "fig_size_poster": 0.9875444839857651}, "textRatio": 0.05783582089552239, "figRatio": 0.052729086504204076}}}