{"poster_size": 4478976, "doclen": 303, "figlen": 1426276, "section": {"1": {"xy": [608, 34, 1402, 109], "panel_size": 152818, "panel_aspectRatio": 12.862385321100918, "category": "Title", "figures": 0, "textlen": 0, "fig_size": 0, "title": "Split-Comples Convolution Neural Networks", "textRatio": 0.0, "figRatio": 0.0}, "2": {"xy": [59, 279, 800, 467], "panel_size": 373600, "panel_aspectRatio": 1.7130620985010707, "category": "Introduction", "figures": 0, "textlen": 87, "fig_size": 0, "title": "Introduction", "textRatio": 0.2871287128712871, "figRatio": 0.0}, "5": {"xy": [52, 761, 813, 956], "panel_size": 777228, "panel_aspectRatio": 0.850418410041841, "category": "Method", "figures": 3, "textlen": 74, "fig_size": 365022, "title": "Setup", "6": {"fig_size": 89520, "fig_aspectRatio": 1.5541666666666667, "fig_size_poster": 0.45879458794587946}, "7": {"fig_size": 107257, "fig_aspectRatio": 1.3392226148409894, "fig_size_poster": 0.4661746617466175}, "8": {"fig_size": 168245, "fig_aspectRatio": 2.6284584980237153, "fig_size_poster": 0.8179581795817958}, "textRatio": 0.24422442244224424, "figRatio": 0.255926622897672}, "11": {"xy": [878, 265, 834, 496], "panel_size": 413664, "panel_aspectRatio": 1.6814516129032258, "category": "Method", "figures": 2, "textlen": 25, "fig_size": 178098, "title": "Implementation Overview", "12": {"fig_size": 100608, "fig_aspectRatio": 5.862595419847328, "fig_size_poster": 0.920863309352518}, "13": {"fig_size": 77490, "fig_aspectRatio": 4.2518518518518515, "fig_size_poster": 0.6882494004796164}, "textRatio": 0.08250825082508251, "figRatio": 0.12486923989466274}, "15": {"xy": [896, 766, 810, 944], "panel_size": 764640, "panel_aspectRatio": 0.8580508474576272, "category": "Method", "figures": 3, "textlen": 4, "fig_size": 646036, "title": "Training Curves", "16": {"fig_size": 211575, "fig_aspectRatio": 2.838827838827839, "fig_size_poster": 0.9567901234567902}, "17": {"fig_size": 216562, "fig_aspectRatio": 2.802158273381295, "fig_size_poster": 0.9617283950617284}, "18": {"fig_size": 217899, "fig_aspectRatio": 2.7992831541218637, "fig_size_poster": 0.9641975308641976}, "textRatio": 0.013201320132013201, "figRatio": 0.45295300488825446}, "20": {"xy": [1740, 272, 829, 434], "panel_size": 359786, "panel_aspectRatio": 1.9101382488479262, "category": "Result", "figures": 1, "textlen": 9, "fig_size": 237120, "title": "Results", "21": {"fig_size": 237120, "fig_aspectRatio": 2.4358974358974357, "fig_size_poster": 0.916767189384801}, "textRatio": 0.0297029702970297, "figRatio": 0.16625113231941083}, "23": {"xy": [1735, 712, 822, 748], "panel_size": 614856, "panel_aspectRatio": 1.0989304812834224, "category": "Discussion", "figures": 0, "textlen": 104, "fig_size": 0, "title": "Discussion", "textRatio": 0.3432343234323432, "figRatio": 0.0}}}