{"poster_size": 3110400, "doclen": 68, "figlen": 1349505, "section": {"1": {"xy": [32, 27, 1343, 214], "panel_size": 287402, "panel_aspectRatio": 6.275700934579439, "category": "Title", "figures": 0, "textlen": 0, "fig_size": 0, "title": "QianLi-Photo aesthetics evaluation system: a application of CNN and SVM", "textRatio": 0.0, "figRatio": 0.0}, "10": {"xy": [29, 245, 1400, 493], "panel_size": 690200, "panel_aspectRatio": 2.839756592292089, "category": "Introduction", "figures": 1, "textlen": 38, "fig_size": 144525, "title": "We're making machine learn to do aesthetics evaluation for people's photos !\n", "11": {"fig_size": 144525, "fig_aspectRatio": 7.2695035460992905, "fig_size_poster": 0.7321428571428571}, "textRatio": 0.5588235294117647, "figRatio": 0.10709482365756333}, "12": {"xy": [25, 750, 1386, 1327], "panel_size": 1839222, "panel_aspectRatio": 1.0444611906556143, "category": "Method", "figures": 3, "textlen": 30, "fig_size": 1204980, "title": "", "15": {"fig_size": 450492, "fig_aspectRatio": 3.7630057803468207, "fig_size_poster": 0.9393939393939394}, "18": {"fig_size": 398088, "fig_aspectRatio": 4.701030927835052, "fig_size_poster": 0.987012987012987}, "21": {"fig_size": 356400, "fig_aspectRatio": 5.113636363636363, "fig_size_poster": 0.974025974025974}, "textRatio": 0.4411764705882353, "figRatio": 0.8929051763424367}}}