{"poster_size": 875160, "doclen": 0, "figlen": 177628, "section": {"1": {"xy": [230, 42, 762, 85], "panel_size": 64770, "panel_aspectRatio": 8.964705882352941, "category": "Title", "figures": 0, "textlen": 0, "fig_size": 0, "title": "Automatic Segmentation and Diagnosis of\nMass Lesions in Mammograms", "textRatio": 0, "figRatio": 0.0}, "2": {"xy": [224, 164, 219, 132], "panel_size": 28908, "panel_aspectRatio": 1.6590909090909092, "category": "Introduction", "figures": 0, "textlen": 0, "fig_size": 0, "title": "Overview", "textRatio": 0, "figRatio": 0.0}, "3": {"xy": [225, 306, 224, 110], "panel_size": 24640, "panel_aspectRatio": 2.036363636363636, "category": "Method", "figures": 0, "textlen": 0, "fig_size": 0, "title": "Goals", "textRatio": 0, "figRatio": 0.0}, "5": {"xy": [228, 422, 222, 196], "panel_size": 43512, "panel_aspectRatio": 1.1326530612244898, "category": "Method", "figures": 1, "textlen": 0, "fig_size": 19760, "title": "Data", "6": {"fig_size": 19760, "fig_aspectRatio": 2.1894736842105265, "fig_size_poster": 0.9369369369369369}, "textRatio": 0, "figRatio": 0.11124372283648974}, "7": {"xy": [457, 163, 412, 230], "panel_size": 94760, "panel_aspectRatio": 1.791304347826087, "category": "Method", "figures": 1, "textlen": 0, "fig_size": 53176, "title": "Methods for Segmentation", "8": {"fig_size": 53176, "fig_aspectRatio": 1.5706521739130435, "fig_size_poster": 0.7014563106796117}, "textRatio": 0, "figRatio": 0.2993672168802216}, "9": {"xy": [461, 401, 407, 220], "panel_size": 89540, "panel_aspectRatio": 1.85, "category": "Method", "figures": 1, "textlen": 0, "fig_size": 38232, "title": "Methods fir Diagnosis", "10": {"fig_size": 38232, "fig_aspectRatio": 1.2203389830508475, "fig_size_poster": 0.5307125307125307}, "textRatio": 0, "figRatio": 0.21523633661359695}, "11": {"xy": [880, 163, 224, 463], "panel_size": 103712, "panel_aspectRatio": 0.4838012958963283, "category": "Result", "figures": 3, "textlen": 0, "fig_size": 66460, "title": "Results", "12": {"fig_size": 18832, "fig_aspectRatio": 0.6079545454545454, "fig_size_poster": 0.47767857142857145}, "13": {"fig_size": 19776, "fig_aspectRatio": 0.5364583333333334, "fig_size_poster": 0.45982142857142855}, "14": {"fig_size": 27852, "fig_aspectRatio": 1.5984848484848484, "fig_size_poster": 0.9419642857142857}, "textRatio": 0, "figRatio": 0.3741527236696917}}}