{"poster_size": 4478976, "doclen": 600, "figlen": 876880, "section": {"1": {"xy": [740, 32, 1121, 79], "panel_size": 88559, "panel_aspectRatio": 14.189873417721518, "category": "Title", "figures": 0, "textlen": 0, "fig_size": 0, "title": "Drashtikon: Extraocular Disease Classification", "textRatio": 0.0, "figRatio": 0.0}, "2": {"xy": [50, 297, 577, 371], "panel_size": 214067, "panel_aspectRatio": 1.5552560646900269, "category": "Introduction", "figures": 0, "textlen": 64, "fig_size": 0, "title": "INTRODUCTION", "textRatio": 0.10666666666666667, "figRatio": 0.0}, "4": {"xy": [53, 676, 572, 356], "panel_size": 203632, "panel_aspectRatio": 1.6067415730337078, "category": "Method", "figures": 0, "textlen": 47, "fig_size": 0, "title": "DATASET", "textRatio": 0.07833333333333334, "figRatio": 0.0}, "6": {"xy": [48, 1040, 586, 648], "panel_size": 379728, "panel_aspectRatio": 0.904320987654321, "category": "Method", "figures": 1, "textlen": 54, "fig_size": 144969, "title": "FEATURES", "8": {"fig_size": 144969, "fig_aspectRatio": 2.2648221343873516, "fig_size_poster": 0.9778156996587031}, "textRatio": 0.09, "figRatio": 0.16532364747741995}, "9": {"xy": [679, 293, 588, 654], "panel_size": 384552, "panel_aspectRatio": 0.8990825688073395, "category": "Method", "figures": 0, "textlen": 120, "fig_size": 0, "title": "FEATURES", "textRatio": 0.2, "figRatio": 0.0}, "11": {"xy": [681, 954, 586, 725], "panel_size": 424850, "panel_aspectRatio": 0.8082758620689655, "category": "Method", "figures": 5, "textlen": 69, "fig_size": 65104, "title": "MODELS", "13": {"fig_size": 21170, "fig_aspectRatio": 6.293103448275862, "fig_size_poster": 0.6228668941979523}, "14": {"fig_size": 10450, "fig_aspectRatio": 7.2368421052631575, "fig_size_poster": 0.46928327645051193}, "15": {"fig_size": 5740, "fig_aspectRatio": 4.685714285714286, "fig_size_poster": 0.27986348122866894}, "17": {"fig_size": 17316, "fig_aspectRatio": 6.403846153846154, "fig_size_poster": 0.568259385665529}, "19": {"fig_size": 10428, "fig_aspectRatio": 5.386363636363637, "fig_size_poster": 0.4044368600682594}, "textRatio": 0.115, "figRatio": 0.07424505063406624}, "21": {"xy": [1315, 295, 590, 312], "panel_size": 184080, "panel_aspectRatio": 1.891025641025641, "category": "Method", "figures": 0, "textlen": 52, "fig_size": 0, "title": "MODELS", "textRatio": 0.08666666666666667, "figRatio": 0.0}, "23": {"xy": [1311, 616, 604, 1073], "panel_size": 648092, "panel_aspectRatio": 0.5629077353215284, "category": "Result", "figures": 3, "textlen": 0, "fig_size": 581313, "title": "RESULTS", "24": {"fig_size": 155496, "fig_aspectRatio": 2.231060606060606, "fig_size_poster": 0.9751655629139073}, "25": {"fig_size": 252882, "fig_aspectRatio": 1.2713004484304933, "fig_size_poster": 0.9387417218543046}, "26": {"fig_size": 172935, "fig_aspectRatio": 1.859016393442623, "fig_size_poster": 0.9387417218543046}, "textRatio": 0.0, "figRatio": 0.6629333546209287}, "27": {"xy": [1954, 298, 598, 800], "panel_size": 478400, "panel_aspectRatio": 0.7475, "category": "Discussion", "figures": 3, "textlen": 125, "fig_size": 85494, "title": "DISCUSSION", "29": {"fig_size": 28388, "fig_aspectRatio": 1.2450331125827814, "fig_size_poster": 0.31438127090301005}, "30": {"fig_size": 28200, "fig_aspectRatio": 1.2533333333333334, "fig_size_poster": 0.31438127090301005}, "31": {"fig_size": 28906, "fig_aspectRatio": 1.3020134228187918, "fig_size_poster": 0.32441471571906355}, "textRatio": 0.20833333333333334, "figRatio": 0.09749794726758508}, "33": {"xy": [1958, 1103, 584, 355], "panel_size": 207320, "panel_aspectRatio": 1.6450704225352113, "category": "Discussion", "figures": 0, "textlen": 69, "fig_size": 0, "title": "FUTURE WORK", "textRatio": 0.115, "figRatio": 0.0}}}