{"poster_size": 4478976, "doclen": 394, "figlen": 1494876, "section": {"1": {"xy": [866, 18, 965, 98], "panel_size": 94570, "panel_aspectRatio": 9.846938775510203, "category": "Title", "figures": 0, "textlen": 0, "fig_size": 0, "title": "Quick, Draw! Doodle Recognition", "textRatio": 0.0, "figRatio": 0.0}, "2": {"xy": [37, 221, 563, 449], "panel_size": 252787, "panel_aspectRatio": 1.2538975501113585, "category": "Introduction", "figures": 1, "textlen": 38, "fig_size": 38021, "title": "Motivation", "3": {"fig_size": 38021, "fig_aspectRatio": 0.9796954314720813, "fig_size_poster": 0.3428063943161634}, "textRatio": 0.09644670050761421, "figRatio": 0.025434216617298024}, "6": {"xy": [29, 681, 578, 602], "panel_size": 347956, "panel_aspectRatio": 0.9601328903654485, "category": "Method", "figures": 1, "textlen": 49, "fig_size": 54234, "title": "Data", "8": {"fig_size": 54234, "fig_aspectRatio": 3.1603053435114505, "fig_size_poster": 0.7162629757785467}, "textRatio": 0.12436548223350254, "figRatio": 0.03627993224856108}, "10": {"xy": [29, 1296, 557, 398], "panel_size": 221686, "panel_aspectRatio": 1.399497487437186, "category": "Method", "figures": 1, "textlen": 33, "fig_size": 42186, "title": "Evaluation", "12": {"fig_size": 42186, "fig_aspectRatio": 5.325842696629214, "fig_size_poster": 0.8509874326750448}, "textRatio": 0.08375634517766498, "figRatio": 0.02822040088943832}, "14": {"xy": [627, 225, 1084, 598], "panel_size": 648232, "panel_aspectRatio": 1.8127090301003344, "category": "Method", "figures": 1, "textlen": 103, "fig_size": 204610, "title": "Models", "17": {"fig_size": 204610, "fig_aspectRatio": 1.3113924050632912, "fig_size_poster": 0.477859778597786}, "textRatio": 0.2614213197969543, "figRatio": 0.13687422903304355}, "19": {"xy": [626, 847, 1096, 845], "panel_size": 926120, "panel_aspectRatio": 1.2970414201183431, "category": "Result", "figures": 2, "textlen": 0, "fig_size": 812034, "title": "Results", "20": {"fig_size": 310104, "fig_aspectRatio": 3.636986301369863, "fig_size_poster": 0.968978102189781}, "21": {"fig_size": 501930, "fig_aspectRatio": 2.0484848484848484, "fig_size_poster": 0.9251824817518248}, "textRatio": 0.0, "figRatio": 0.543211610862707}, "22": {"xy": [1735, 223, 822, 1082], "panel_size": 889404, "panel_aspectRatio": 0.7597042513863216, "category": "Discussion", "figures": 2, "textlen": 137, "fig_size": 343791, "title": "Discussion", "24": {"fig_size": 188328, "fig_aspectRatio": 3.3813559322033897, "fig_size_poster": 0.9708029197080292}, "25": {"fig_size": 155463, "fig_aspectRatio": 2.9134199134199132, "fig_size_poster": 0.818734793187348}, "textRatio": 0.3477157360406091, "figRatio": 0.229979610348952}, "28": {"xy": [1733, 1336, 420, 358], "panel_size": 150360, "panel_aspectRatio": 1.1731843575418994, "category": "Discussion", "figures": 0, "textlen": 34, "fig_size": 0, "title": "Future Work", "textRatio": 0.08629441624365482, "figRatio": 0.0}}}