{"poster_size": 4478976, "doclen": 471, "figlen": 1029788, "section": {"0": {"xy": [419, 26, 1741, 89], "panel_size": 154949, "panel_aspectRatio": 19.56179775280899, "category": "Title", "figures": 0, "textlen": 0, "fig_size": 0, "title": "Balancing Classifier Fairness with Public Safety in Traffic Stops", "textRatio": 0.0, "figRatio": 0.0}, "1": {"xy": [35, 261, 549, 479], "panel_size": 262971, "panel_aspectRatio": 1.1461377870563674, "category": "Introduction", "figures": 0, "textlen": 75, "fig_size": 0, "title": "Motivation\n", "textRatio": 0.1592356687898089, "figRatio": 0.0}, "3": {"xy": [39, 753, 535, 362], "panel_size": 193670, "panel_aspectRatio": 1.477900552486188, "category": "Method", "figures": 0, "textlen": 57, "fig_size": 0, "title": "Measures of Fairness\n", "textRatio": 0.12101910828025478, "figRatio": 0.0}, "5": {"xy": [38, 1129, 540, 598], "panel_size": 322920, "panel_aspectRatio": 0.903010033444816, "category": "Method", "figures": 1, "textlen": 69, "fig_size": 67080, "title": "Dataset + Features\n", "7": {"fig_size": 67080, "fig_aspectRatio": 3.9692307692307693, "fig_size_poster": 0.9555555555555556}, "textRatio": 0.1464968152866242, "figRatio": 0.06513962097052986}, "8": {"xy": [591, 267, 685, 749], "panel_size": 513065, "panel_aspectRatio": 0.9145527369826435, "category": "Method", "figures": 1, "textlen": 100, "fig_size": 190950, "title": "Preliminary Feature Analysis\n", "10": {"fig_size": 190950, "fig_aspectRatio": 2.3508771929824563, "fig_size_poster": 0.9781021897810219}, "textRatio": 0.21231422505307856, "figRatio": 0.18542651497201365}, "11": {"xy": [588, 1053, 686, 666], "panel_size": 456876, "panel_aspectRatio": 1.03003003003003, "category": "Method", "figures": 1, "textlen": 51, "fig_size": 199225, "title": "Unconstrained Models\n", "13": {"fig_size": 199225, "fig_aspectRatio": 1.886153846153846, "fig_size_poster": 0.8935860058309038}, "textRatio": 0.10828025477707007, "figRatio": 0.1934621494909632}, "14": {"xy": [1288, 264, 701, 836], "panel_size": 586036, "panel_aspectRatio": 0.8385167464114832, "category": "Method", "figures": 3, "textlen": 75, "fig_size": 146519, "title": "Regularization-Based Fairness", "17": {"fig_size": 58440, "fig_aspectRatio": 4.058333333333334, "fig_size_poster": 0.6947218259629101}, "19": {"fig_size": 54639, "fig_aspectRatio": 3.9914529914529915, "fig_size_poster": 0.666191155492154}, "21": {"fig_size": 33440, "fig_aspectRatio": 11.054545454545455, "fig_size_poster": 0.8673323823109843}, "textRatio": 0.1592356687898089, "figRatio": 0.14228074127878748}, "22": {"xy": [1291, 1134, 697, 576], "panel_size": 401472, "panel_aspectRatio": 1.2100694444444444, "category": "Method", "figures": 1, "textlen": 44, "fig_size": 191235, "title": "Threshold-Based Fairness\n", "24": {"fig_size": 191235, "fig_aspectRatio": 2.354385964912281, "fig_size_poster": 0.9626972740315638}, "textRatio": 0.09341825902335456, "figRatio": 0.1857032709645092}, "25": {"xy": [2004, 269, 556, 675], "panel_size": 375300, "panel_aspectRatio": 0.8237037037037037, "category": "Result", "figures": 2, "textlen": 0, "fig_size": 234779, "title": "Regularization Results", "26": {"fig_size": 125334, "fig_aspectRatio": 1.4208754208754208, "fig_size_poster": 0.7589928057553957}, "27": {"fig_size": 109445, "fig_aspectRatio": 1.558490566037736, "fig_size_poster": 0.7428057553956835}, "textRatio": 0.0, "figRatio": 0.22798770232319662}, "28": {"xy": [2013, 971, 537, 528], "panel_size": 283536, "panel_aspectRatio": 1.0170454545454546, "category": "Discussion", "figures": 0, "textlen": 0, "fig_size": 0, "title": "Discussion\nInterestingly, threshold values optimizing our fairness metrics were the same for five of our six model types- suggesting a link between the two measures of fairness\nOur regularizer, despite not penalizing false positive or positive classification rate discrepancies, was found to be fairly effective at improving both metrics with proportionally smaller error rate increases.\nFurther research could include analysis withother classification models, with a dataset with richer features, and on the relationships among various measures of fairness and predictive accuracy.", "textRatio": 0.0, "figRatio": 0.0}}}