{"poster_size": 1166400, "doclen": 377, "figlen": 230242, "section": {"1": {"xy": [195, 5, 987, 51], "panel_size": 50337, "panel_aspectRatio": 19.352941176470587, "category": "Title", "figures": 0, "textlen": 0, "fig_size": 0, "title": "Application of Artificial Neural Network in Streamflow Forecasting", "textRatio": 0.0, "figRatio": 0.0}, "2": {"xy": [39, 86, 347, 211], "panel_size": 73217, "panel_aspectRatio": 1.6445497630331753, "category": "Introduction", "figures": 0, "textlen": 65, "fig_size": 0, "title": "Introduction", "textRatio": 0.1724137931034483, "figRatio": 0.0}, "4": {"xy": [44, 303, 341, 167], "panel_size": 56947, "panel_aspectRatio": 2.0419161676646707, "category": "Method", "figures": 2, "textlen": 0, "fig_size": 32612, "title": "Standard feed-forward network", "5": {"fig_size": 21824, "fig_aspectRatio": 1.4193548387096775, "fig_size_poster": 0.5161290322580645}, "6": {"fig_size": 10788, "fig_aspectRatio": 1.2473118279569892, "fig_size_poster": 0.34017595307917886}, "textRatio": 0.0, "figRatio": 0.14164227204419697}, "7": {"xy": [43, 476, 344, 266], "panel_size": 91504, "panel_aspectRatio": 1.2932330827067668, "category": "Method", "figures": 3, "textlen": 0, "fig_size": 56593, "title": "LSTM Network", "8": {"fig_size": 31280, "fig_aspectRatio": 2.365217391304348, "fig_size_poster": 0.7906976744186046}, "9": {"fig_size": 11390, "fig_aspectRatio": 1.576470588235294, "fig_size_poster": 0.38953488372093026}, "10": {"fig_size": 13923, "fig_aspectRatio": 1.6813186813186813, "fig_size_poster": 0.44476744186046513}, "textRatio": 0.0, "figRatio": 0.2457978996012891}, "11": {"xy": [406, 89, 302, 199], "panel_size": 60098, "panel_aspectRatio": 1.5175879396984924, "category": "Introduction", "figures": 0, "textlen": 44, "fig_size": 0, "title": "dataset & Features", "textRatio": 0.11671087533156499, "figRatio": 0.0}, "13": {"xy": [727, 85, 309, 206], "panel_size": 63654, "panel_aspectRatio": 1.5, "category": "Method", "figures": 1, "textlen": 23, "fig_size": 7008, "title": "Evaluation Setting", "14": {"fig_size": 7008, "fig_aspectRatio": 6.84375, "fig_size_poster": 0.7087378640776699}, "textRatio": 0.0610079575596817, "figRatio": 0.030437539632213063}, "16": {"xy": [401, 299, 628, 313], "panel_size": 196564, "panel_aspectRatio": 2.0063897763578273, "category": "Result", "figures": 4, "textlen": 93, "fig_size": 82729, "title": "Results", "17": {"fig_size": 28314, "fig_aspectRatio": 2.0683760683760686, "fig_size_poster": 0.3853503184713376}, "18": {"fig_size": 30752, "fig_aspectRatio": 2.0, "fig_size_poster": 0.39490445859872614}, "20": {"fig_size": 13680, "fig_aspectRatio": 2.638888888888889, "fig_size_poster": 0.30254777070063693}, "21": {"fig_size": 9983, "fig_aspectRatio": 2.2238805970149254, "fig_size_poster": 0.2372611464968153}, "textRatio": 0.246684350132626, "figRatio": 0.35931324432553574}, "22": {"xy": [1052, 92, 377, 444], "panel_size": 167388, "panel_aspectRatio": 0.8490990990990991, "category": "Method", "figures": 1, "textlen": 99, "fig_size": 51300, "title": "parameter Studies", "24": {"fig_size": 51300, "fig_aspectRatio": 0.43859649122807015, "fig_size_poster": 0.3978779840848806}, "textRatio": 0.2625994694960212, "figRatio": 0.22280904439676513}, "25": {"xy": [1050, 548, 386, 194], "panel_size": 74884, "panel_aspectRatio": 1.9896907216494846, "category": "Discussion", "figures": 0, "textlen": 53, "fig_size": 0, "title": "Conclusion and future work", "textRatio": 0.14058355437665782, "figRatio": 0.0}}}