{"poster_size": 3110400, "doclen": 285, "figlen": 712302, "section": {"1": {"xy": [638, 124, 880, 62], "panel_size": 54560, "panel_aspectRatio": 14.193548387096774, "category": "Title", "figures": 0, "textlen": 0, "fig_size": 0, "title": "Improving Search for ExploreCourses", "textRatio": 0.0, "figRatio": 0.0}, "2": {"xy": [74, 323, 487, 304], "panel_size": 148048, "panel_aspectRatio": 1.6019736842105263, "category": "Introduction", "figures": 0, "textlen": 38, "fig_size": 0, "title": "Overview", "textRatio": 0.13333333333333333, "figRatio": 0.0}, "6": {"xy": [75, 662, 481, 708], "panel_size": 340548, "panel_aspectRatio": 0.6793785310734464, "category": "Method", "figures": 0, "textlen": 66, "fig_size": 0, "title": "Dataset and Processing ", "textRatio": 0.23157894736842105, "figRatio": 0.0}, "8": {"xy": [595, 323, 740, 1044], "panel_size": 772560, "panel_aspectRatio": 0.7088122605363985, "category": "Method", "figures": 1, "textlen": 132, "fig_size": 231680, "title": "Methods", "13": {"fig_size": 231680, "fig_aspectRatio": 2.2625, "fig_size_poster": 0.9783783783783784}, "textRatio": 0.4631578947368421, "figRatio": 0.3252552990164284}, "16": {"xy": [1367, 325, 727, 1043], "panel_size": 758261, "panel_aspectRatio": 0.6970278044103547, "category": "Result", "figures": 2, "textlen": 49, "fig_size": 480622, "title": "Evaluation and Results ", "18": {"fig_size": 268920, "fig_aspectRatio": 1.6395061728395062, "fig_size_poster": 0.9133425034387895}, "20": {"fig_size": 211702, "fig_aspectRatio": 2.3211920529801326, "fig_size_poster": 0.9642365887207703}, "textRatio": 0.17192982456140352, "figRatio": 0.6747447009835715}}}