{"poster_size": 3110400, "doclen": 468, "figlen": 867801, "section": {"1": {"xy": [437, 23, 1290, 212], "panel_size": 273480, "panel_aspectRatio": 6.084905660377358, "category": "Title", "figures": 0, "textlen": 0, "fig_size": 0, "title": "lnitial Steps Towards Automating Legal Document Editing", "textRatio": 0.0, "figRatio": 0.0}, "2": {"xy": [24, 283, 557, 389], "panel_size": 216673, "panel_aspectRatio": 1.4318766066838047, "category": "Introduction", "figures": 0, "textlen": 51, "fig_size": 0, "title": "Summary", "textRatio": 0.10897435897435898, "figRatio": 0.0}, "3": {"xy": [22, 677, 559, 516], "panel_size": 288444, "panel_aspectRatio": 1.0833333333333333, "category": "Introduction", "figures": 1, "textlen": 16, "fig_size": 181583, "title": "Background on NDAs", "12": {"fig_size": 181583, "fig_aspectRatio": 1.3933518005540166, "fig_size_poster": 0.8998211091234347}, "textRatio": 0.03418803418803419, "figRatio": 0.2092449766709188}, "4": {"xy": [22, 1199, 562, 209], "panel_size": 117458, "panel_aspectRatio": 2.688995215311005, "category": "Introduction", "figures": 0, "textlen": 22, "fig_size": 0, "title": "Data Set", "textRatio": 0.04700854700854701, "figRatio": 0.0}, "5": {"xy": [594, 280, 972, 398], "panel_size": 386856, "panel_aspectRatio": 2.442211055276382, "category": "Introduction", "figures": 0, "textlen": 114, "fig_size": 0, "title": "Data Processing", "textRatio": 0.24358974358974358, "figRatio": 0.0}, "6": {"xy": [597, 680, 967, 407], "panel_size": 393569, "panel_aspectRatio": 2.3759213759213758, "category": "Method", "figures": 1, "textlen": 47, "fig_size": 220400, "title": "Methodology", "18": {"fig_size": 220400, "fig_aspectRatio": 4.094827586206897, "fig_size_poster": 0.9824198552223371}, "textRatio": 0.10042735042735043, "figRatio": 0.2539752777422474}, "7": {"xy": [602, 1089, 965, 349], "panel_size": 336785, "panel_aspectRatio": 2.7650429799426934, "category": "Result", "figures": 6, "textlen": 0, "fig_size": 242596, "title": "Classification Results For Training On All Sentences", "20": {"fig_size": 56108, "fig_aspectRatio": 2.036144578313253, "fig_size_poster": 0.35025906735751294}, "21": {"fig_size": 47520, "fig_aspectRatio": 1.7454545454545454, "fig_size_poster": 0.29844559585492225}, "22": {"fig_size": 48504, "fig_aspectRatio": 1.6395348837209303, "fig_size_poster": 0.2922279792746114}, "23": {"fig_size": 29900, "fig_aspectRatio": 2.99, "fig_size_poster": 0.30984455958549223}, "24": {"fig_size": 30385, "fig_aspectRatio": 2.8640776699029127, "fig_size_poster": 0.30569948186528495}, "25": {"fig_size": 30179, "fig_aspectRatio": 2.8446601941747574, "fig_size_poster": 0.30362694300518134}, "textRatio": 0.0, "figRatio": 0.27955257023211544}, "8": {"xy": [1584, 284, 558, 702], "panel_size": 391716, "panel_aspectRatio": 0.7948717948717948, "category": "Result", "figures": 3, "textlen": 32, "fig_size": 223222, "title": "Adjustments for Unbalanced Data", "30": {"fig_size": 69546, "fig_aspectRatio": 3.873134328358209, "fig_size_poster": 0.9301075268817204}, "31": {"fig_size": 76734, "fig_aspectRatio": 3.5510204081632653, "fig_size_poster": 0.9354838709677419}, "32": {"fig_size": 76942, "fig_aspectRatio": 3.6095890410958904, "fig_size_poster": 0.9444444444444444}, "textRatio": 0.06837606837606838, "figRatio": 0.2572271753547184}, "9": {"xy": [1584, 995, 565, 422], "panel_size": 238430, "panel_aspectRatio": 1.338862559241706, "category": "Result", "figures": 0, "textlen": 186, "fig_size": 0, "title": "Models in Actions", "textRatio": 0.3974358974358974, "figRatio": 0.0}}}