{"poster_size": 4478976, "doclen": 991, "figlen": 499859, "section": {"1": {"xy": [92, 21, 2406, 76], "panel_size": 182856, "panel_aspectRatio": 31.657894736842106, "category": "Title", "figures": 0, "textlen": 0, "fig_size": 0, "title": "Active Polling: lmproving Presidential Election Predictions by Targeting Polls with Active Learning", "textRatio": 0.0, "figRatio": 0.0}, "2": {"xy": [37, 214, 805, 488], "panel_size": 392840, "panel_aspectRatio": 1.6495901639344261, "category": "Introduction", "figures": 0, "textlen": 127, "fig_size": 0, "title": "Background: Polling", "textRatio": 0.12815338042381433, "figRatio": 0.0}, "4": {"xy": [33, 712, 807, 501], "panel_size": 404307, "panel_aspectRatio": 1.6107784431137724, "category": "Method", "figures": 0, "textlen": 100, "fig_size": 0, "title": "Data: Predictors from Publicly-Available Information", "textRatio": 0.10090817356205853, "figRatio": 0.0}, "6": {"xy": [40, 1226, 802, 476], "panel_size": 381752, "panel_aspectRatio": 1.684873949579832, "category": "Method", "figures": 0, "textlen": 151, "fig_size": 0, "title": "Data: Response From Simulated Polls", "textRatio": 0.15237134207870837, "figRatio": 0.0}, "8": {"xy": [864, 210, 865, 857], "panel_size": 741305, "panel_aspectRatio": 1.0093348891481915, "category": "Method", "figures": 0, "textlen": 246, "fig_size": 0, "title": "Models", "textRatio": 0.248234106962664, "figRatio": 0.0}, "10": {"xy": [870, 1086, 870, 624], "panel_size": 542880, "panel_aspectRatio": 1.3942307692307692, "category": "Result", "figures": 1, "textlen": 94, "fig_size": 271124, "title": "Results and Discussion: Linear Regression", "11": {"fig_size": 271124, "fig_aspectRatio": 2.6149068322981366, "fig_size_poster": 0.967816091954023}, "textRatio": 0.09485368314833502, "figRatio": 0.5424009570698937}, "13": {"xy": [1752, 208, 810, 600], "panel_size": 486000, "panel_aspectRatio": 1.35, "category": "Method", "figures": 1, "textlen": 95, "fig_size": 228735, "title": "Results and Discussion: Random Forest", "14": {"fig_size": 228735, "fig_aspectRatio": 2.5585284280936453, "fig_size_poster": 0.9444444444444444}, "textRatio": 0.0958627648839556, "figRatio": 0.4575990429301063}, "16": {"xy": [1753, 830, 809, 518], "panel_size": 419062, "panel_aspectRatio": 1.5617760617760619, "category": "Discussion", "figures": 0, "textlen": 178, "fig_size": 0, "title": "Conclusions and Future Work", "textRatio": 0.17961654894046417, "figRatio": 0.0}}}