{"poster_size": 4478976, "doclen": 552, "figlen": 1009274, "section": {"0": {"xy": [725, 59, 1160, 38], "panel_size": 44080, "panel_aspectRatio": 30.526315789473685, "category": "Title", "figures": 0, "textlen": 0, "fig_size": 0, "title": "Humanities Research Recommendations via Collaborative Topic Modeling", "textRatio": 0.0, "figRatio": 0.0}, "1": {"xy": [38, 184, 665, 398], "panel_size": 264670, "panel_aspectRatio": 1.670854271356784, "category": "Introduction", "figures": 0, "textlen": 36, "fig_size": 0, "title": "Overview of Recommendation Algorithms", "textRatio": 0.06521739130434782, "figRatio": 0.0}, "7": {"xy": [33, 608, 664, 353], "panel_size": 234392, "panel_aspectRatio": 1.8810198300283285, "category": "Introduction", "figures": 2, "textlen": 29, "fig_size": 48939, "title": "Dataset", "9": {"fig_size": 7755, "fig_aspectRatio": 3.5106382978723403, "fig_size_poster": 0.24849397590361447}, "10": {"fig_size": 41184, "fig_aspectRatio": 1.9861111111111112, "fig_size_poster": 0.4307228915662651}, "textRatio": 0.05253623188405797, "figRatio": 0.04848931013778221}, "13": {"xy": [31, 993, 671, 346], "panel_size": 232166, "panel_aspectRatio": 1.939306358381503, "category": "Method", "figures": 0, "textlen": 66, "fig_size": 0, "title": "Probabilistic Topic Modeling: Latent Dirichlet Allocation", "textRatio": 0.11956521739130435, "figRatio": 0.0}, "18": {"xy": [38, 1379, 667, 314], "panel_size": 209438, "panel_aspectRatio": 2.124203821656051, "category": "Method", "figures": 0, "textlen": 72, "fig_size": 0, "title": "Collaborative Filtering: Matrix Factorization", "textRatio": 0.13043478260869565, "figRatio": 0.0}, "23": {"xy": [733, 189, 1119, 224], "panel_size": 250656, "panel_aspectRatio": 4.995535714285714, "category": "Method", "figures": 1, "textlen": 57, "fig_size": 15916, "title": "Collaborative Topic Regression", "28": {"fig_size": 15916, "fig_aspectRatio": 7.521739130434782, "fig_size_poster": 0.3092046470062556}, "textRatio": 0.10326086956521739, "figRatio": 0.015769751326200815}, "29": {"xy": [734, 451, 546, 223], "panel_size": 121758, "panel_aspectRatio": 2.4484304932735426, "category": "Method", "figures": 0, "textlen": 26, "fig_size": 0, "title": "Empirical Study: Simulating User Feedback", "textRatio": 0.04710144927536232, "figRatio": 0.0}, "31": {"xy": [736, 698, 544, 230], "panel_size": 125120, "panel_aspectRatio": 2.365217391304348, "category": "Method", "figures": 0, "textlen": 24, "fig_size": 0, "title": "Empirical Study: Humanities Research", "textRatio": 0.043478260869565216, "figRatio": 0.0}, "33": {"xy": [738, 957, 541, 274], "panel_size": 148234, "panel_aspectRatio": 1.9744525547445255, "category": "Method", "figures": 1, "textlen": 26, "fig_size": 31339, "title": "LDA Topic Model", "36": {"fig_size": 31339, "fig_aspectRatio": 2.1404958677685952, "fig_size_poster": 0.4787430683918669}, "textRatio": 0.04710144927536232, "figRatio": 0.031051032722531246}, "37": {"xy": [739, 1261, 546, 431], "panel_size": 235326, "panel_aspectRatio": 1.2668213457076567, "category": "Method", "figures": 2, "textlen": 2, "fig_size": 243855, "title": "Sample Data", "39": {"fig_size": 113751, "fig_aspectRatio": 0.7754569190600522, "fig_size_poster": 0.5439560439560439}, "40": {"fig_size": 130104, "fig_aspectRatio": 1.683453237410072, "fig_size_poster": 0.8571428571428571}, "textRatio": 0.0036231884057971015, "figRatio": 0.2416142692668195}, "41": {"xy": [1323, 446, 536, 1241], "panel_size": 665176, "panel_aspectRatio": 0.43190975020145045, "category": "Method", "figures": 4, "textlen": 0, "fig_size": 505935, "title": "Sample data", "42": {"fig_size": 88392, "fig_aspectRatio": 1.3700787401574803, "fig_size_poster": 0.6492537313432836}, "43": {"fig_size": 183172, "fig_aspectRatio": 1.3977900552486189, "fig_size_poster": 0.9440298507462687}, "44": {"fig_size": 152100, "fig_aspectRatio": 1.69, "fig_size_poster": 0.9458955223880597}, "45": {"fig_size": 82271, "fig_aspectRatio": 3.1739130434782608, "fig_size_poster": 0.9533582089552238}, "textRatio": 0.0, "figRatio": 0.5012860729593748}, "46": {"xy": [1895, 189, 662, 386], "panel_size": 255532, "panel_aspectRatio": 1.7150259067357514, "category": "Method", "figures": 0, "textlen": 61, "fig_size": 0, "title": "Making and Validating Recommendations", "textRatio": 0.1105072463768116, "figRatio": 0.0}, "48": {"xy": [1895, 608, 657, 781], "panel_size": 513117, "panel_aspectRatio": 0.8412291933418694, "category": "Result", "figures": 2, "textlen": 98, "fig_size": 163290, "title": "data Overview+Analysis", "50": {"fig_size": 85722, "fig_aspectRatio": 1.15018315018315, "fig_size_poster": 0.4779299847792998}, "51": {"fig_size": 77568, "fig_aspectRatio": 1.18359375, "fig_size_poster": 0.4611872146118721}, "textRatio": 0.17753623188405798, "figRatio": 0.16178956358729146}, "53": {"xy": [1895, 1411, 666, 268], "panel_size": 178488, "panel_aspectRatio": 2.485074626865672, "category": "Discussion", "figures": 0, "textlen": 55, "fig_size": 0, "title": "Application + Current Work", "textRatio": 0.09963768115942029, "figRatio": 0.0}}}