{"poster_size": 3110400, "doclen": 117, "figlen": 1245205, "section": {"1": {"xy": [697, 32, 789, 48], "panel_size": 37872, "panel_aspectRatio": 16.4375, "category": "Title", "figures": 0, "textlen": 0, "fig_size": 0, "title": "U-N.O.1T: A U-NET EXPLORATION\uff0cIN DEPTH", "textRatio": 0.0, "figRatio": 0.0}, "2": {"xy": [15, 9, 431, 224], "panel_size": 96544, "panel_aspectRatio": 1.9241071428571428, "category": "Introduction", "figures": 0, "textlen": 16, "fig_size": 0, "title": "INTRODUCTION - PREDICTING\uff0cMOTIVATION", "textRatio": 0.13675213675213677, "figRatio": 0.0}, "4": {"xy": [18, 246, 420, 197], "panel_size": 82740, "panel_aspectRatio": 2.1319796954314723, "category": "Method", "figures": 0, "textlen": 13, "fig_size": 0, "title": "DATASET-FEATURES", "textRatio": 0.1111111111111111, "figRatio": 0.0}, "6": {"xy": [21, 449, 422, 231], "panel_size": 97482, "panel_aspectRatio": 1.826839826839827, "category": "Method", "figures": 1, "textlen": 0, "fig_size": 64242, "title": "MODEL-MATH", "7": {"fig_size": 64242, "fig_aspectRatio": 2.3313253012048194, "fig_size_poster": 0.9170616113744076}, "textRatio": 0.0, "figRatio": 0.05159150501323075}, "8": {"xy": [471, 144, 1201, 514], "panel_size": 617314, "panel_aspectRatio": 2.3365758754863815, "category": "Method", "figures": 1, "textlen": 0, "fig_size": 440800, "title": "IMPLEMENTATION - MoDEL - BIG PICTURE", "9": {"fig_size": 440800, "fig_aspectRatio": 3.0526315789473686, "fig_size_poster": 0.9658617818484596}, "textRatio": 0.0, "figRatio": 0.35399793608281366}, "10": {"xy": [6, 693, 1157, 467], "panel_size": 540319, "panel_aspectRatio": 2.4775160599571735, "category": "Method", "figures": 3, "textlen": 0, "fig_size": 413599, "title": "MODEL-SPECIFICS", "11": {"fig_size": 111160, "fig_aspectRatio": 0.7052896725440806, "fig_size_poster": 0.24200518582541056}, "12": {"fig_size": 104559, "fig_aspectRatio": 0.7127937336814621, "fig_size_poster": 0.23595505617977527}, "13": {"fig_size": 197880, "fig_aspectRatio": 1.3144329896907216, "fig_size_poster": 0.4407951598962835}, "textRatio": 0.0, "figRatio": 0.3321533402130573}, "14": {"xy": [15, 1178, 503, 231], "panel_size": 116193, "panel_aspectRatio": 2.1774891774891776, "category": "Discussion", "figures": 0, "textlen": 18, "fig_size": 0, "title": "FUTURE WORK", "textRatio": 0.15384615384615385, "figRatio": 0.0}, "16": {"xy": [532, 1184, 416, 219], "panel_size": 91104, "panel_aspectRatio": 1.8995433789954337, "category": "Introduction", "figures": 0, "textlen": 15, "fig_size": 0, "title": "MoDEL - IMPLEMENTATION DETAILS", "textRatio": 0.1282051282051282, "figRatio": 0.0}, "18": {"xy": [1692, 150, 443, 523], "panel_size": 231689, "panel_aspectRatio": 0.847036328871893, "category": "Discussion", "figures": 0, "textlen": 44, "fig_size": 0, "title": "REVIEW - DISCUSSION", "textRatio": 0.37606837606837606, "figRatio": 0.0}, "20": {"xy": [1212, 675, 914, 521], "panel_size": 476194, "panel_aspectRatio": 1.7543186180422266, "category": "Result", "figures": 5, "textlen": 0, "fig_size": 326564, "title": "ExPERIMENTAL ResULTS - PERFORMANCE METRICS", "21": {"fig_size": 43740, "fig_aspectRatio": 1.35, "fig_size_poster": 0.2658643326039387}, "22": {"fig_size": 44604, "fig_aspectRatio": 1.423728813559322, "fig_size_poster": 0.27571115973741794}, "23": {"fig_size": 41474, "fig_aspectRatio": 1.3089887640449438, "fig_size_poster": 0.2549234135667396}, "24": {"fig_size": 102840, "fig_aspectRatio": 7.141666666666667, "fig_size_poster": 0.937636761487965}, "25": {"fig_size": 93906, "fig_aspectRatio": 7.621621621621622, "fig_size_poster": 0.925601750547046}, "textRatio": 0.0, "figRatio": 0.2622572186908983}, "26": {"xy": [972, 1203, 634, 200], "panel_size": 126800, "panel_aspectRatio": 3.17, "category": "Introduction", "figures": 0, "textlen": 11, "fig_size": 0, "title": "ACKNOWLEDGEMENTS - LITERATURE", "textRatio": 0.09401709401709402, "figRatio": 0.0}}}