{"poster_size": 4478976, "doclen": 463, "figlen": 671602, "section": {"0": {"xy": [413, 26, 1784, 130], "panel_size": 231920, "panel_aspectRatio": 13.723076923076922, "category": "Title", "figures": 0, "textlen": 0, "fig_size": 0, "title": "Speaker ldentification with VoxCeleb DataSet", "textRatio": 0.0, "figRatio": 0.0}, "1": {"xy": [4, 336, 804, 607], "panel_size": 488028, "panel_aspectRatio": 1.3245469522240527, "category": "Introduction", "figures": 0, "textlen": 81, "fig_size": 0, "title": "Motivation", "textRatio": 0.17494600431965443, "figRatio": 0.0}, "3": {"xy": [32, 991, 770, 694], "panel_size": 534380, "panel_aspectRatio": 1.1095100864553313, "category": "Method", "figures": 0, "textlen": 104, "fig_size": 0, "title": "VoxCeleb Dataset", "textRatio": 0.22462203023758098, "figRatio": 0.0}, "5": {"xy": [825, 343, 772, 815], "panel_size": 629180, "panel_aspectRatio": 0.947239263803681, "category": "Method", "figures": 2, "textlen": 56, "fig_size": 261314, "title": "MFCC Feature Vectors", "6": {"fig_size": 120704, "fig_aspectRatio": 0.2804878048780488, "fig_size_poster": 0.23834196891191708}, "7": {"fig_size": 140610, "fig_aspectRatio": 2.112403100775194, "fig_size_poster": 0.7059585492227979}, "textRatio": 0.12095032397408208, "figRatio": 0.38909056256532887}, "9": {"xy": [836, 1178, 753, 524], "panel_size": 394572, "panel_aspectRatio": 1.4370229007633588, "category": "Method", "figures": 1, "textlen": 29, "fig_size": 214262, "title": "DNN Model", "10": {"fig_size": 214262, "fig_aspectRatio": 2.412751677852349, "fig_size_poster": 0.9548472775564409}, "textRatio": 0.06263498920086392, "figRatio": 0.3190312119380228}, "12": {"xy": [1637, 347, 912, 1011], "panel_size": 922032, "panel_aspectRatio": 0.9020771513353115, "category": "Result", "figures": 1, "textlen": 135, "fig_size": 196026, "title": "SVM Results and Discussions", "13": {"fig_size": 196026, "fig_aspectRatio": 3.9774774774774775, "fig_size_poster": 0.9682017543859649}, "textRatio": 0.2915766738660907, "figRatio": 0.2918782254966483}, "16": {"xy": [1641, 1386, 915, 307], "panel_size": 280905, "panel_aspectRatio": 2.980456026058632, "category": "Discussion", "figures": 0, "textlen": 58, "fig_size": 0, "title": "Future Work", "textRatio": 0.12526997840172785, "figRatio": 0.0}}}