{"poster_size": 4478976, "doclen": 279, "figlen": 1201018, "section": {"1": {"xy": [31, 220, 2530, 195], "panel_size": 493350, "panel_aspectRatio": 12.974358974358974, "category": "Introduction", "figures": 0, "textlen": 0, "fig_size": 0, "title": "1.Introduction", "textRatio": 0.0, "figRatio": 0.0}, "3": {"xy": [42, 437, 817, 488], "panel_size": 398696, "panel_aspectRatio": 1.6741803278688525, "category": "Method", "figures": 1, "textlen": 19, "fig_size": 266640, "title": "2.Dataset description", "4": {"fig_size": 266640, "fig_aspectRatio": 2.4484848484848483, "fig_size_poster": 0.988984088127295}, "textRatio": 0.06810035842293907, "figRatio": 0.22201166010834142}, "6": {"xy": [41, 953, 819, 377], "panel_size": 308763, "panel_aspectRatio": 2.1724137931034484, "category": "Method", "figures": 2, "textlen": 9, "fig_size": 145288, "title": "3.Feature extraction pipeline", "7": {"fig_size": 52910, "fig_aspectRatio": 2.5874125874125875, "fig_size_poster": 0.4517704517704518}, "8": {"fig_size": 92378, "fig_aspectRatio": 1.8914027149321266, "fig_size_poster": 0.5103785103785103}, "textRatio": 0.03225806451612903, "figRatio": 0.12097070984781244}, "10": {"xy": [886, 437, 1665, 635], "panel_size": 1057275, "panel_aspectRatio": 2.622047244094488, "category": "Method", "figures": 4, "textlen": 36, "fig_size": 543628, "title": "4.NER using Classification", "11": {"fig_size": 266008, "fig_aspectRatio": 2.472560975609756, "fig_size_poster": 0.4870870870870871}, "12": {"fig_size": 184140, "fig_aspectRatio": 1.5835777126099706, "fig_size_poster": 0.32432432432432434}, "13": {"fig_size": 9044, "fig_aspectRatio": 1.5657894736842106, "fig_size_poster": 0.07147147147147147}, "14": {"fig_size": 84436, "fig_aspectRatio": 8.277227722772277, "fig_size_poster": 0.5021021021021022}, "textRatio": 0.12903225806451613, "figRatio": 0.45263934428959435}, "16": {"xy": [882, 1102, 820, 586], "panel_size": 480520, "panel_aspectRatio": 1.3993174061433447, "category": "Method", "figures": 2, "textlen": 11, "fig_size": 245462, "title": "5.Probabilistic model(Conditional random field)", "17": {"fig_size": 195507, "fig_aspectRatio": 1.586894586894587, "fig_size_poster": 0.6792682926829269}, "18": {"fig_size": 49955, "fig_aspectRatio": 5.309278350515464, "fig_size_poster": 0.6280487804878049}, "textRatio": 0.03942652329749104, "figRatio": 0.20437828575425182}, "20": {"xy": [1731, 1099, 827, 587], "panel_size": 485449, "panel_aspectRatio": 1.4088586030664396, "category": "Result", "figures": 0, "textlen": 94, "fig_size": 0, "title": "6.Conclusion", "textRatio": 0.33691756272401435, "figRatio": 0.0}}}