{"poster_size": 4478976, "doclen": 433, "figlen": 790496, "section": {"0": {"xy": [351, 21, 1887, 92], "panel_size": 173604, "panel_aspectRatio": 20.51086956521739, "category": "Title", "figures": 0, "textlen": 0, "fig_size": 0, "title": "Multi-Modal Information Extraction (Question-Answer Framework", "textRatio": 0.0, "figRatio": 0.0}, "1": {"xy": [7, 275, 849, 342], "panel_size": 290358, "panel_aspectRatio": 2.482456140350877, "category": "Introduction", "figures": 0, "textlen": 52, "fig_size": 0, "title": "MOTIVATION\n\n", "textRatio": 0.12009237875288684, "figRatio": 0.0}, "3": {"xy": [14, 640, 846, 531], "panel_size": 449226, "panel_aspectRatio": 1.5932203389830508, "category": "Method", "figures": 3, "textlen": 21, "fig_size": 181317, "title": "PROBLEM DEFINITION\n", "5": {"fig_size": 78624, "fig_aspectRatio": 2.201058201058201, "fig_size_poster": 0.491725768321513}, "6": {"fig_size": 76416, "fig_aspectRatio": 2.0729166666666665, "fig_size_poster": 0.47044917257683216}, "10": {"fig_size": 26277, "fig_aspectRatio": 8.087719298245615, "fig_size_poster": 0.5449172576832151}, "textRatio": 0.04849884526558892, "figRatio": 0.2293711796138121}, "11": {"xy": [11, 1183, 848, 444], "panel_size": 376512, "panel_aspectRatio": 1.90990990990991, "category": "Method", "figures": 0, "textlen": 52, "fig_size": 0, "title": "CHALLENGES\n", "textRatio": 0.12009237875288684, "figRatio": 0.0}, "13": {"xy": [878, 273, 824, 1358], "panel_size": 1118992, "panel_aspectRatio": 0.6067746686303387, "category": "Method", "figures": 5, "textlen": 139, "fig_size": 262599, "title": "METHODS\n", "15": {"fig_size": 96492, "fig_aspectRatio": 2.7593582887700534, "fig_size_poster": 0.6262135922330098}, "17": {"fig_size": 38038, "fig_aspectRatio": 1.1483516483516483, "fig_size_poster": 0.2536407766990291}, "19": {"fig_size": 36668, "fig_aspectRatio": 0.8640776699029126, "fig_size_poster": 0.21601941747572814}, "21": {"fig_size": 53454, "fig_aspectRatio": 2.3443708609271523, "fig_size_poster": 0.42961165048543687}, "25": {"fig_size": 37947, "fig_aspectRatio": 1.9640287769784173, "fig_size_poster": 0.3313106796116505}, "textRatio": 0.3210161662817552, "figRatio": 0.33219522932437356}, "27": {"xy": [1727, 274, 844, 635], "panel_size": 535940, "panel_aspectRatio": 1.3291338582677166, "category": "Result", "figures": 2, "textlen": 40, "fig_size": 346580, "title": "RESULTS AND ANALYSIS", "28": {"fig_size": 221650, "fig_aspectRatio": 2.930909090909091, "fig_size_poster": 0.9549763033175356}, "29": {"fig_size": 124930, "fig_aspectRatio": 5.2, "fig_size_poster": 0.9549763033175356}, "textRatio": 0.09237875288683603, "figRatio": 0.43843359106181434}, "31": {"xy": [1727, 915, 838, 403], "panel_size": 337714, "panel_aspectRatio": 2.0794044665012406, "category": "Discussion", "figures": 0, "textlen": 75, "fig_size": 0, "title": "DISCUSSION\n", "textRatio": 0.17321016166281755, "figRatio": 0.0}, "33": {"xy": [1732, 1328, 842, 306], "panel_size": 257652, "panel_aspectRatio": 2.7516339869281046, "category": "Discussion", "figures": 0, "textlen": 54, "fig_size": 0, "title": "FUTURE WORK", "textRatio": 0.12471131639722864, "figRatio": 0.0}}}