{"poster_size": 3110400, "doclen": 1205, "figlen": 478857, "section": {"1": {"xy": [37, 18, 2094, 73], "panel_size": 152862, "panel_aspectRatio": 28.684931506849313, "category": "Title", "figures": 0, "textlen": 0, "fig_size": 0, "title": "Exploring Model Architectures and View-Specific Models for Chest Radiograph Diaanoses", "textRatio": 0.0, "figRatio": 0.0}, "2": {"xy": [4, 190, 581, 363], "panel_size": 210903, "panel_aspectRatio": 1.600550964187328, "category": "Introduction", "figures": 2, "textlen": 98, "fig_size": 39847, "title": "Motivation", "4": {"fig_size": 20368, "fig_aspectRatio": 1.1343283582089552, "fig_size_poster": 0.26161790017211706}, "5": {"fig_size": 19479, "fig_aspectRatio": 1.1705426356589148, "fig_size_poster": 0.25989672977624784}, "textRatio": 0.08132780082987552, "figRatio": 0.08321273365535013}, "6": {"xy": [5, 558, 584, 137], "panel_size": 80008, "panel_aspectRatio": 4.262773722627737, "category": "Introduction", "figures": 0, "textlen": 29, "fig_size": 0, "title": "Project Summary", "textRatio": 0.024066390041493777, "figRatio": 0.0}, "8": {"xy": [7, 707, 578, 490], "panel_size": 283220, "panel_aspectRatio": 1.1795918367346938, "category": "Method", "figures": 0, "textlen": 190, "fig_size": 0, "title": "Data and Model lmplementation", "textRatio": 0.15767634854771784, "figRatio": 0.0}, "10": {"xy": [612, 190, 933, 505], "panel_size": 471165, "panel_aspectRatio": 1.8475247524752476, "category": "Method", "figures": 3, "textlen": 136, "fig_size": 169390, "title": "View-Specific Models", "12": {"fig_size": 50304, "fig_aspectRatio": 3.0703125, "fig_size_poster": 0.4212218649517685}, "14": {"fig_size": 34798, "fig_aspectRatio": 2.15748031496063, "fig_size_poster": 0.2936763129689175}, "16": {"fig_size": 84288, "fig_aspectRatio": 9.145833333333334, "fig_size_poster": 0.9410503751339764}, "textRatio": 0.11286307053941909, "figRatio": 0.35373817235625665}, "17": {"xy": [616, 708, 933, 724], "panel_size": 675492, "panel_aspectRatio": 1.2886740331491713, "category": "Method", "figures": 2, "textlen": 281, "fig_size": 183549, "title": "Exploring Model Architectures", "19": {"fig_size": 68238, "fig_aspectRatio": 1.3721973094170403, "fig_size_poster": 0.3279742765273312}, "23": {"fig_size": 115311, "fig_aspectRatio": 6.518796992481203, "fig_size_poster": 0.9292604501607717}, "textRatio": 0.23319502074688797, "figRatio": 0.38330649859979077}, "24": {"xy": [1566, 191, 591, 890], "panel_size": 525990, "panel_aspectRatio": 0.6640449438202247, "category": "Result", "figures": 2, "textlen": 331, "fig_size": 86071, "title": "Analysis", "26": {"fig_size": 31476, "fig_aspectRatio": 0.9398907103825137, "fig_size_poster": 0.2910321489001692}, "27": {"fig_size": 54595, "fig_aspectRatio": 1.7039106145251397, "fig_size_poster": 0.5160744500846024}, "textRatio": 0.27468879668049795, "figRatio": 0.17974259538860243}, "29": {"xy": [1574, 1088, 583, 344], "panel_size": 200552, "panel_aspectRatio": 1.694767441860465, "category": "Discussion", "figures": 0, "textlen": 140, "fig_size": 0, "title": "Future", "textRatio": 0.11618257261410789, "figRatio": 0.0}}}