{"poster_size": 2985984, "doclen": 385, "figlen": 473426, "section": {"1": {"xy": [513, 6, 1302, 126], "panel_size": 164052, "panel_aspectRatio": 10.333333333333334, "category": "Title", "figures": 0, "textlen": 6, "fig_size": 0, "title": "Prioritized Experience Replay via Learnability Approximation", "textRatio": 0.015584415584415584, "figRatio": 0.0}, "3": {"xy": [16, 141, 1521, 262], "panel_size": 398502, "panel_aspectRatio": 5.805343511450381, "category": "Introduction", "figures": 0, "textlen": 81, "fig_size": 0, "title": "Introduction", "textRatio": 0.21038961038961038, "figRatio": 0.0}, "6": {"xy": [1551, 147, 739, 430], "panel_size": 317770, "panel_aspectRatio": 1.7186046511627906, "category": "Result", "figures": 1, "textlen": 5, "fig_size": 255904, "title": "Experimental results: Can we achieve lower sample complexity?", "7": {"fig_size": 255904, "fig_aspectRatio": 2.065340909090909, "fig_size_poster": 0.9837618403247632}, "textRatio": 0.012987012987012988, "figRatio": 0.5405364301918357}, "9": {"xy": [1552, 579, 720, 275], "panel_size": 198000, "panel_aspectRatio": 2.618181818181818, "category": "Discussion", "figures": 0, "textlen": 50, "fig_size": 0, "title": "Discussion", "textRatio": 0.12987012987012986, "figRatio": 0.0}, "11": {"xy": [1549, 868, 744, 229], "panel_size": 170376, "panel_aspectRatio": 3.2489082969432315, "category": "Introduction", "figures": 0, "textlen": 26, "fig_size": 0, "title": "Future directions:", "textRatio": 0.06753246753246753, "figRatio": 0.0}, "13": {"xy": [7, 415, 414, 842], "panel_size": 348588, "panel_aspectRatio": 0.4916864608076009, "category": "Method", "figures": 0, "textlen": 73, "fig_size": 0, "title": "Prior work on ER", "textRatio": 0.18961038961038962, "figRatio": 0.0}, "15": {"xy": [424, 417, 513, 844], "panel_size": 432972, "panel_aspectRatio": 0.6078199052132701, "category": "Method", "figures": 0, "textlen": 97, "fig_size": 0, "title": "Our prioritization algorithm", "textRatio": 0.2519480519480519, "figRatio": 0.0}, "17": {"xy": [947, 412, 595, 845], "panel_size": 502775, "panel_aspectRatio": 0.7041420118343196, "category": "Method", "figures": 5, "textlen": 47, "fig_size": 217522, "title": "CLER (step by step)", "18": {"fig_size": 46315, "fig_aspectRatio": 1.8789808917197452, "fig_size_poster": 0.4957983193277311}, "19": {"fig_size": 46032, "fig_aspectRatio": 1.630952380952381, "fig_size_poster": 0.46050420168067224}, "20": {"fig_size": 62200, "fig_aspectRatio": 1.555, "fig_size_poster": 0.5226890756302521}, "21": {"fig_size": 54200, "fig_aspectRatio": 1.355, "fig_size_poster": 0.45546218487394957}, "22": {"fig_size": 8775, "fig_aspectRatio": 4.333333333333333, "fig_size_poster": 0.3277310924369748}, "textRatio": 0.12207792207792208, "figRatio": 0.45946356980816433}}}