{"poster_size": 3110400, "doclen": 589, "figlen": 281592, "section": {"1": {"xy": [222, 120, 824, 149], "panel_size": 122776, "panel_aspectRatio": 5.530201342281879, "category": "Title", "figures": 0, "textlen": 0, "fig_size": 0, "title": "A Bayesian Approach to PredictingOccupational Transitions", "textRatio": 0.0, "figRatio": 0.0}, "2": {"xy": [82, 420, 616, 407], "panel_size": 250712, "panel_aspectRatio": 1.5135135135135136, "category": "Introduction", "figures": 0, "textlen": 110, "fig_size": 0, "title": "1 Introduction", "textRatio": 0.1867572156196944, "figRatio": 0.0}, "4": {"xy": [75, 853, 623, 1076], "panel_size": 670348, "panel_aspectRatio": 0.578996282527881, "category": "Method", "figures": 4, "textlen": 174, "fig_size": 140499, "title": "Models", "6": {"fig_size": 58232, "fig_aspectRatio": 4.327586206896552, "fig_size_poster": 0.8057784911717496}, "7": {"fig_size": 29220, "fig_aspectRatio": 8.116666666666667, "fig_size_poster": 0.7817014446227929}, "9": {"fig_size": 22446, "fig_aspectRatio": 6.672413793103448, "fig_size_poster": 0.6211878009630819}, "11": {"fig_size": 30601, "fig_aspectRatio": 6.070422535211268, "fig_size_poster": 0.6918138041733547}, "textRatio": 0.29541595925297115, "figRatio": 0.4989452825364357}, "13": {"xy": [737, 409, 647, 213], "panel_size": 137811, "panel_aspectRatio": 3.0375586854460095, "category": "Method", "figures": 0, "textlen": 31, "fig_size": 0, "title": "Models", "textRatio": 0.05263157894736842, "figRatio": 0.0}, "15": {"xy": [738, 633, 635, 462], "panel_size": 293370, "panel_aspectRatio": 1.3744588744588744, "category": "Method", "figures": 0, "textlen": 102, "fig_size": 0, "title": "Data", "textRatio": 0.1731748726655348, "figRatio": 0.0}, "17": {"xy": [729, 1105, 639, 553], "panel_size": 353367, "panel_aspectRatio": 1.1555153707052441, "category": "Result", "figures": 2, "textlen": 89, "fig_size": 141093, "title": "5 Results", "19": {"fig_size": 80199, "fig_aspectRatio": 4.533834586466165, "fig_size_poster": 0.9436619718309859}, "21": {"fig_size": 60894, "fig_aspectRatio": 5.852941176470588, "fig_size_poster": 0.9342723004694836}, "textRatio": 0.15110356536502548, "figRatio": 0.5010547174635643}, "23": {"xy": [738, 1673, 624, 245], "panel_size": 152880, "panel_aspectRatio": 2.546938775510204, "category": "Discussion", "figures": 0, "textlen": 83, "fig_size": 0, "title": "6 Future Work", "textRatio": 0.14091680814940577, "figRatio": 0.0}}}