{"poster_size": 4478976, "doclen": 514, "figlen": 1331808, "section": {"1": {"xy": [375, 97, 2116, 110], "panel_size": 232760, "panel_aspectRatio": 19.236363636363638, "category": "Title", "figures": 0, "textlen": 0, "fig_size": 0, "title": "Target Tracking with Kalman Filtering, KNN and LSTMs", "textRatio": 0.0, "figRatio": 0.0}, "2": {"xy": [47, 356, 833, 633], "panel_size": 527289, "panel_aspectRatio": 1.315955766192733, "category": "Introduction", "figures": 1, "textlen": 74, "fig_size": 208000, "title": "Prediction Task", "3": {"fig_size": 208000, "fig_aspectRatio": 3.076923076923077, "fig_size_poster": 0.9603841536614646}, "textRatio": 0.14396887159533073, "figRatio": 0.15617866839664576}, "5": {"xy": [113, 1025, 700, 309], "panel_size": 216300, "panel_aspectRatio": 2.26537216828479, "category": "Introduction", "figures": 0, "textlen": 72, "fig_size": 0, "title": "Data", "textRatio": 0.14007782101167315, "figRatio": 0.0}, "7": {"xy": [112, 1345, 714, 352], "panel_size": 251328, "panel_aspectRatio": 2.028409090909091, "category": "Discussion", "figures": 0, "textlen": 77, "fig_size": 0, "title": "Discussion/Future Work", "textRatio": 0.14980544747081712, "figRatio": 0.0}, "9": {"xy": [886, 343, 689, 409], "panel_size": 281801, "panel_aspectRatio": 1.684596577017115, "category": "Method", "figures": 0, "textlen": 128, "fig_size": 0, "title": "Kalman Filter", "textRatio": 0.2490272373540856, "figRatio": 0.0}, "11": {"xy": [889, 760, 793, 608], "panel_size": 482144, "panel_aspectRatio": 1.3042763157894737, "category": "Method", "figures": 2, "textlen": 39, "fig_size": 321296, "title": "Kn nearest Neighbors(KNN)", "12": {"fig_size": 194532, "fig_aspectRatio": 2.9224806201550386, "fig_size_poster": 0.9508196721311475}, "13": {"fig_size": 126764, "fig_aspectRatio": 4.284883720930233, "fig_size_poster": 0.9293820933165196}, "textRatio": 0.07587548638132295, "figRatio": 0.24124798769792644}, "15": {"xy": [891, 1375, 772, 335], "panel_size": 258620, "panel_aspectRatio": 2.3044776119402983, "category": "Method", "figures": 0, "textlen": 83, "fig_size": 0, "title": "Dual LSTMs-Mean and Variance", "textRatio": 0.1614785992217899, "figRatio": 0.0}, "17": {"xy": [1686, 325, 839, 1353], "panel_size": 1135167, "panel_aspectRatio": 0.6201034737620104, "category": "Result", "figures": 3, "textlen": 41, "fig_size": 802512, "title": "Results", "18": {"fig_size": 369566, "fig_aspectRatio": 1.3988326848249026, "fig_size_poster": 0.8569725864123957}, "19": {"fig_size": 184626, "fig_aspectRatio": 2.6692015209125475, "fig_size_poster": 0.8367103694874851}, "20": {"fig_size": 248320, "fig_aspectRatio": 2.425, "fig_size_poster": 0.9249106078665077}, "textRatio": 0.07976653696498054, "figRatio": 0.6025733439054278}}}