{"poster_size": 4478976, "doclen": 318, "figlen": 1002852, "section": {"1": {"xy": [753, 44, 1075, 111], "panel_size": 119325, "panel_aspectRatio": 9.684684684684685, "category": "Title", "figures": 0, "textlen": 0, "fig_size": 0, "title": "Music Speech Discrimination", "textRatio": 0.0, "figRatio": 0.0}, "2": {"xy": [22, 359, 819, 472], "panel_size": 386568, "panel_aspectRatio": 1.7351694915254237, "category": "Introduction", "figures": 2, "textlen": 46, "fig_size": 97276, "title": "Introduction", "5": {"fig_size": 50908, "fig_aspectRatio": 1.6067415730337078, "fig_size_poster": 0.3492063492063492}, "6": {"fig_size": 46368, "fig_aspectRatio": 1.6428571428571428, "fig_size_poster": 0.336996336996337}, "textRatio": 0.14465408805031446, "figRatio": 0.09699935783146467}, "8": {"xy": [29, 843, 804, 860], "panel_size": 691440, "panel_aspectRatio": 0.9348837209302325, "category": "Method", "figures": 4, "textlen": 83, "fig_size": 286270, "title": "Methodology", "12": {"fig_size": 82030, "fig_aspectRatio": 4.8538461538461535, "fig_size_poster": 0.7848258706467661}, "13": {"fig_size": 78624, "fig_aspectRatio": 4.9523809523809526, "fig_size_poster": 0.7761194029850746}, "15": {"fig_size": 62826, "fig_aspectRatio": 1.2747747747747749, "fig_size_poster": 0.35199004975124376}, "16": {"fig_size": 62790, "fig_aspectRatio": 1.1869565217391305, "fig_size_poster": 0.33955223880597013}, "textRatio": 0.2610062893081761, "figRatio": 0.2854558798307228}, "18": {"xy": [877, 354, 827, 1346], "panel_size": 1113142, "panel_aspectRatio": 0.6144130757800892, "category": "Method", "figures": 2, "textlen": 100, "fig_size": 369894, "title": "Processing Steps", "20": {"fig_size": 175329, "fig_aspectRatio": 1.3305785123966942, "fig_size_poster": 0.5840386940749698}, "22": {"fig_size": 194565, "fig_aspectRatio": 1.526610644257703, "fig_size_poster": 0.6590084643288996}, "textRatio": 0.31446540880503143, "figRatio": 0.36884206243792705}, "25": {"xy": [1739, 348, 823, 800], "panel_size": 658400, "panel_aspectRatio": 1.02875, "category": "Result", "figures": 3, "textlen": 53, "fig_size": 249412, "title": "Results", "27": {"fig_size": 104832, "fig_aspectRatio": 1.9145299145299146, "fig_size_poster": 0.5443499392466585}, "28": {"fig_size": 60606, "fig_aspectRatio": 1.2297297297297298, "fig_size_poster": 0.33171324422843257}, "30": {"fig_size": 83974, "fig_aspectRatio": 5.735537190082645, "fig_size_poster": 0.8432563791008505}, "textRatio": 0.16666666666666666, "figRatio": 0.24870269989988553}, "32": {"xy": [1739, 1161, 831, 231], "panel_size": 191961, "panel_aspectRatio": 3.5974025974025974, "category": "Discussion", "figures": 0, "textlen": 36, "fig_size": 0, "title": "Future Work", "textRatio": 0.11320754716981132, "figRatio": 0.0}}}