{"poster_size": 3110400, "doclen": 487, "figlen": 686327, "section": {"1": {"xy": [457, 89, 1257, 50], "panel_size": 62850, "panel_aspectRatio": 25.14, "category": "Title", "figures": 0, "textlen": 0, "fig_size": 0, "title": "Predicting Gene Function Using SVMs and Bayesian Networks", "textRatio": 0.0, "figRatio": 0.0}, "2": {"xy": [39, 265, 534, 641], "panel_size": 342294, "panel_aspectRatio": 0.8330733229329174, "category": "Introduction", "figures": 1, "textlen": 86, "fig_size": 84500, "title": "Introduction/ Related Work", "4": {"fig_size": 84500, "fig_aspectRatio": 1.352, "fig_size_poster": 0.6329588014981273}, "textRatio": 0.17659137577002054, "figRatio": 0.12311915457209173}, "5": {"xy": [37, 921, 541, 456], "panel_size": 246696, "panel_aspectRatio": 1.1864035087719298, "category": "Method", "figures": 0, "textlen": 66, "fig_size": 0, "title": "Data and Features", "textRatio": 0.13552361396303902, "figRatio": 0.0}, "7": {"xy": [594, 267, 927, 631], "panel_size": 584937, "panel_aspectRatio": 1.4690966719492868, "category": "Result", "figures": 1, "textlen": 96, "fig_size": 299155, "title": "SVM Results ", "9": {"fig_size": 299155, "fig_aspectRatio": 2.665671641791045, "fig_size_poster": 0.9633225458468176}, "textRatio": 0.1971252566735113, "figRatio": 0.4358782329705811}, "11": {"xy": [595, 925, 931, 450], "panel_size": 418950, "panel_aspectRatio": 2.068888888888889, "category": "Result", "figures": 2, "textlen": 45, "fig_size": 230432, "title": "Bayesian Results", "13": {"fig_size": 104832, "fig_aspectRatio": 1.2638888888888888, "fig_size_poster": 0.39097744360902253}, "14": {"fig_size": 125600, "fig_aspectRatio": 1.2738853503184713, "fig_size_poster": 0.4296455424274973}, "textRatio": 0.09240246406570841, "figRatio": 0.3357466630338017}, "15": {"xy": [1551, 263, 578, 660], "panel_size": 381480, "panel_aspectRatio": 0.8757575757575757, "category": "Method", "figures": 1, "textlen": 124, "fig_size": 72240, "title": "Methods", "18": {"fig_size": 72240, "fig_aspectRatio": 1.2541666666666667, "fig_size_poster": 0.5207612456747405}, "textRatio": 0.2546201232032854, "figRatio": 0.10525594942352552}, "20": {"xy": [1553, 934, 576, 287], "panel_size": 165312, "panel_aspectRatio": 2.0069686411149825, "category": "Discussion", "figures": 0, "textlen": 70, "fig_size": 0, "title": "Conclusions", "textRatio": 0.1437371663244353, "figRatio": 0.0}}}