{"poster_size": 8036464, "doclen": 500, "figlen": 1690610, "section": {"0": {"xy": [593, 17, 2252, 117], "panel_size": 263484, "panel_aspectRatio": 19.247863247863247, "category": "Title", "figures": 0, "textlen": 0, "fig_size": 0, "title": "CLUSTERING A CUSTOMER BASE USING TWITTER DATA", "textRatio": 0.0, "figRatio": 0.0}, "1": {"xy": [23, 257, 837, 1030], "panel_size": 862110, "panel_aspectRatio": 0.8126213592233009, "category": "Introduction", "figures": 0, "textlen": 83, "fig_size": 0, "title": "I. INTRODUCTION", "textRatio": 0.166, "figRatio": 0.0}, "4": {"xy": [863, 255, 1649, 1035], "panel_size": 1706715, "panel_aspectRatio": 1.5932367149758455, "category": "Introduction", "figures": 1, "textlen": 110, "fig_size": 336784, "title": "II. DATA SET AND FEATURES", "6": {"fig_size": 336784, "fig_aspectRatio": 1.3689516129032258, "fig_size_poster": 0.4117647058823529}, "textRatio": 0.22, "figRatio": 0.19920856968786416}, "9": {"xy": [2522, 255, 821, 1257], "panel_size": 1031997, "panel_aspectRatio": 0.6531424025457438, "category": "Method", "figures": 2, "textlen": 85, "fig_size": 253322, "title": "III. METHODS", "11": {"fig_size": 114144, "fig_aspectRatio": 3.7701149425287355, "fig_size_poster": 0.7990255785627284}, "14": {"fig_size": 139178, "fig_aspectRatio": 3.410891089108911, "fig_size_poster": 0.8392204628501827}, "textRatio": 0.17, "figRatio": 0.14984059008286948}, "16": {"xy": [23, 1310, 2488, 1056], "panel_size": 2627328, "panel_aspectRatio": 2.356060606060606, "category": "Result", "figures": 3, "textlen": 139, "fig_size": 1100504, "title": "IV. RESULTS", "18": {"fig_size": 359136, "fig_aspectRatio": 1.318007662835249, "fig_size_poster": 0.2765273311897106}, "20": {"fig_size": 397712, "fig_aspectRatio": 1.3843283582089552, "fig_size_poster": 0.2982315112540193}, "22": {"fig_size": 343656, "fig_aspectRatio": 1.2906976744186047, "fig_size_poster": 0.26768488745980706}, "textRatio": 0.278, "figRatio": 0.6509508402292664}, "23": {"xy": [2521, 1524, 828, 840], "panel_size": 695520, "panel_aspectRatio": 0.9857142857142858, "category": "Discussion", "figures": 0, "textlen": 83, "fig_size": 0, "title": "V. CONCLUSION", "textRatio": 0.166, "figRatio": 0.0}}}