{"poster_size": 3110400, "doclen": 482, "figlen": 688099, "section": {"1": {"xy": [548, 0, 1031, 75], "panel_size": 77325, "panel_aspectRatio": 13.746666666666666, "category": "Title", "figures": 0, "textlen": 0, "fig_size": 0, "title": " Recurrent Neural Physics Simulator", "textRatio": 0.0, "figRatio": 0.0}, "2": {"xy": [17, 200, 1050, 227], "panel_size": 238350, "panel_aspectRatio": 4.6255506607929515, "category": "Introduction", "figures": 0, "textlen": 76, "fig_size": 0, "title": "Background", "textRatio": 0.15767634854771784, "figRatio": 0.0}, "4": {"xy": [16, 438, 1054, 255], "panel_size": 268770, "panel_aspectRatio": 4.133333333333334, "category": "Method", "figures": 2, "textlen": 60, "fig_size": 62876, "title": "Task and Models", "6": {"fig_size": 8816, "fig_aspectRatio": 24.42105263157895, "fig_size_poster": 0.44022770398481975}, "7": {"fig_size": 54060, "fig_aspectRatio": 1.2028301886792452, "fig_size_poster": 0.24193548387096775}, "textRatio": 0.12448132780082988, "figRatio": 0.09137638624674647}, "8": {"xy": [16, 719, 1059, 390], "panel_size": 413010, "panel_aspectRatio": 2.7153846153846155, "category": "Result", "figures": 4, "textlen": 48, "fig_size": 174057, "title": "cGRU Model results", "9": {"fig_size": 41584, "fig_aspectRatio": 1.2282608695652173, "fig_size_poster": 0.21340887629839472}, "10": {"fig_size": 42120, "fig_aspectRatio": 1.1076923076923078, "fig_size_poster": 0.20396600566572237}, "11": {"fig_size": 36848, "fig_aspectRatio": 1.0425531914893618, "fig_size_poster": 0.18508026440037773}, "12": {"fig_size": 53505, "fig_aspectRatio": 1.273170731707317, "fig_size_poster": 0.24645892351274787}, "textRatio": 0.0995850622406639, "figRatio": 0.2529534267598122}, "15": {"xy": [15, 1134, 1062, 297], "panel_size": 315414, "panel_aspectRatio": 3.5757575757575757, "category": "Discussion", "figures": 1, "textlen": 91, "fig_size": 51600, "title": "Discussion", "17": {"fig_size": 51600, "fig_aspectRatio": 1.1162790697674418, "fig_size_poster": 0.22598870056497175}, "textRatio": 0.1887966804979253, "figRatio": 0.07498920940155414}, "18": {"xy": [1092, 203, 1054, 444], "panel_size": 467976, "panel_aspectRatio": 2.373873873873874, "category": "Method", "figures": 1, "textlen": 97, "fig_size": 165110, "title": "Model Architectures", "20": {"fig_size": 165110, "fig_aspectRatio": 1.058227848101266, "fig_size_poster": 0.396584440227704}, "textRatio": 0.2012448132780083, "figRatio": 0.23995093729245356}, "21": {"xy": [1092, 659, 1050, 210], "panel_size": 220500, "panel_aspectRatio": 5.0, "category": "Method", "figures": 1, "textlen": 76, "fig_size": 41396, "title": "Analysis: Collison handling", "22": {"fig_size": 41396, "fig_aspectRatio": 1.6582278481012658, "fig_size_poster": 0.24952380952380954}, "textRatio": 0.15767634854771784, "figRatio": 0.06015994791447161}, "24": {"xy": [1094, 886, 1043, 386], "panel_size": 402598, "panel_aspectRatio": 2.7020725388601035, "category": "Result", "figures": 3, "textlen": 34, "fig_size": 193060, "title": "Relational Network (rGRU, rcGRU) Reults", "25": {"fig_size": 62784, "fig_aspectRatio": 0.7569444444444444, "fig_size_poster": 0.20901246404602108}, "26": {"fig_size": 56580, "fig_aspectRatio": 1.3463414634146342, "fig_size_poster": 0.26462128475551294}, "27": {"fig_size": 73696, "fig_aspectRatio": 1.9183673469387754, "fig_size_poster": 0.3604985618408437}, "textRatio": 0.07053941908713693, "figRatio": 0.28057009238496206}}}