{"poster_size": 4478976, "doclen": 395, "figlen": 1529227, "section": {"1": {"xy": [334, 21, 1931, 69], "panel_size": 133239, "panel_aspectRatio": 27.985507246376812, "category": "Title", "figures": 0, "textlen": 0, "fig_size": 0, "title": "TF-Finder: Predicting the Underlying Transcription Factors in Genomic Sequencing Data", "textRatio": 0.0, "figRatio": 0.0}, "2": {"xy": [18, 166, 836, 521], "panel_size": 435556, "panel_aspectRatio": 1.6046065259117082, "category": "Introduction", "figures": 0, "textlen": 90, "fig_size": 0, "title": "Summary", "textRatio": 0.22784810126582278, "figRatio": 0.0}, "4": {"xy": [18, 692, 831, 482], "panel_size": 400542, "panel_aspectRatio": 1.7240663900414939, "category": "Introduction", "figures": 0, "textlen": 77, "fig_size": 0, "title": "Background", "textRatio": 0.1949367088607595, "figRatio": 0.0}, "6": {"xy": [14, 1180, 836, 547], "panel_size": 457292, "panel_aspectRatio": 1.5283363802559415, "category": "Method", "figures": 1, "textlen": 77, "fig_size": 103675, "title": "Data", "7": {"fig_size": 103675, "fig_aspectRatio": 1.3709090909090909, "fig_size_poster": 0.45095693779904306}, "textRatio": 0.1949367088607595, "figRatio": 0.06779569024088641}, "10": {"xy": [872, 166, 857, 1505], "panel_size": 1289785, "panel_aspectRatio": 0.5694352159468439, "category": "Method", "figures": 1, "textlen": 0, "fig_size": 1136016, "title": "Methods", "11": {"fig_size": 1136016, "fig_aspectRatio": 0.6034985422740525, "fig_size_poster": 0.9661610268378062}, "textRatio": 0.0, "figRatio": 0.7428694366500199}, "12": {"xy": [1738, 167, 854, 433], "panel_size": 369782, "panel_aspectRatio": 1.9722863741339491, "category": "Result", "figures": 1, "textlen": 0, "fig_size": 289536, "title": "Results", "13": {"fig_size": 289536, "fig_aspectRatio": 2.3908045977011496, "fig_size_poster": 0.9742388758782201}, "textRatio": 0.0, "figRatio": 0.1893348731090937}, "14": {"xy": [1741, 609, 824, 368], "panel_size": 303232, "panel_aspectRatio": 2.239130434782609, "category": "Discussion", "figures": 0, "textlen": 98, "fig_size": 0, "title": "Discussion", "textRatio": 0.2481012658227848, "figRatio": 0.0}, "16": {"xy": [1741, 981, 833, 335], "panel_size": 279055, "panel_aspectRatio": 2.4865671641791045, "category": "Discussion", "figures": 0, "textlen": 53, "fig_size": 0, "title": "Future Work", "textRatio": 0.1341772151898734, "figRatio": 0.0}}}