{"poster_size": 8018220, "doclen": 411, "figlen": 539788, "section": {"1": {"xy": [127, 100, 1766, 185], "panel_size": 326710, "panel_aspectRatio": 9.545945945945945, "category": "Title", "figures": 0, "textlen": 0, "fig_size": 0, "title": "Scalable Deep Learning for image classification with K-means and Logistic Regression", "textRatio": 0.0, "figRatio": 0.0}, "2": {"xy": [141, 432, 718, 265], "panel_size": 190270, "panel_aspectRatio": 2.709433962264151, "category": "Introduction", "figures": 0, "textlen": 67, "fig_size": 0, "title": "Abstract", "textRatio": 0.1630170316301703, "figRatio": 0.0}, "4": {"xy": [119, 727, 744, 278], "panel_size": 206832, "panel_aspectRatio": 2.676258992805755, "category": "Introduction", "figures": 0, "textlen": 53, "fig_size": 0, "title": "Introduction", "textRatio": 0.12895377128953772, "figRatio": 0.0}, "6": {"xy": [116, 1030, 736, 300], "panel_size": 220800, "panel_aspectRatio": 2.453333333333333, "category": "Method", "figures": 0, "textlen": 39, "fig_size": 0, "title": "General Approach", "textRatio": 0.0948905109489051, "figRatio": 0.0}, "8": {"xy": [111, 1344, 765, 283], "panel_size": 216495, "panel_aspectRatio": 2.7031802120141344, "category": "Method", "figures": 0, "textlen": 45, "fig_size": 0, "title": "Materials and Methods", "textRatio": 0.10948905109489052, "figRatio": 0.0}, "10": {"xy": [917, 433, 746, 918], "panel_size": 684828, "panel_aspectRatio": 0.8126361655773421, "category": "Method", "figures": 4, "textlen": 84, "fig_size": 224112, "title": "Materials and Methods", "11": {"fig_size": 17271, "fig_aspectRatio": 5.315789473684211, "fig_size_poster": 0.4061662198391421}, "12": {"fig_size": 28224, "fig_aspectRatio": 2.25, "fig_size_poster": 0.3378016085790885}, "13": {"fig_size": 91485, "fig_aspectRatio": 3.128654970760234, "fig_size_poster": 0.7171581769436998}, "14": {"fig_size": 87132, "fig_aspectRatio": 4.642335766423358, "fig_size_poster": 0.8525469168900804}, "textRatio": 0.20437956204379562, "figRatio": 0.41518522086448756}, "17": {"xy": [911, 1368, 756, 276], "panel_size": 208656, "panel_aspectRatio": 2.739130434782609, "category": "Result", "figures": 0, "textlen": 40, "fig_size": 0, "title": "Results", "textRatio": 0.09732360097323602, "figRatio": 0.0}, "19": {"xy": [1714, 440, 749, 1150], "panel_size": 861350, "panel_aspectRatio": 0.6513043478260869, "category": "Result", "figures": 2, "textlen": 83, "fig_size": 315676, "title": "Results", "20": {"fig_size": 216720, "fig_aspectRatio": 1.4470284237726099, "fig_size_poster": 0.7476635514018691}, "21": {"fig_size": 98956, "fig_aspectRatio": 0.8265895953757225, "fig_size_poster": 0.3818424566088118}, "textRatio": 0.20194647201946472, "figRatio": 0.5848147791355125}}}