{"poster_size": 4478976, "doclen": 945, "figlen": 780780, "section": {"1": {"xy": [703, 70, 1240, 72], "panel_size": 89280, "panel_aspectRatio": 17.22222222222222, "category": "Title", "figures": 0, "textlen": 0, "fig_size": 0, "title": "Investigating Autism and the Human Microbiome", "textRatio": 0.0, "figRatio": 0.0}, "2": {"xy": [37, 318, 620, 278], "panel_size": 172360, "panel_aspectRatio": 2.2302158273381294, "category": "Introduction", "figures": 0, "textlen": 67, "fig_size": 0, "title": "Introduction", "textRatio": 0.07089947089947089, "figRatio": 0.0}, "4": {"xy": [36, 615, 620, 221], "panel_size": 137020, "panel_aspectRatio": 2.8054298642533935, "category": "Method", "figures": 0, "textlen": 48, "fig_size": 0, "title": "Data", "textRatio": 0.050793650793650794, "figRatio": 0.0}, "6": {"xy": [37, 847, 612, 842], "panel_size": 515304, "panel_aspectRatio": 0.7268408551068883, "category": "Method", "figures": 2, "textlen": 100, "fig_size": 223635, "title": "Naive Bayes as a First Approach", "7": {"fig_size": 108460, "fig_aspectRatio": 3.1016042780748663, "fig_size_poster": 0.9477124183006536}, "8": {"fig_size": 115175, "fig_aspectRatio": 1.5682656826568266, "fig_size_poster": 0.6944444444444444}, "textRatio": 0.10582010582010581, "figRatio": 0.28642511334819026}, "10": {"xy": [664, 323, 617, 1362], "panel_size": 840354, "panel_aspectRatio": 0.45301027900146845, "category": "Method", "figures": 1, "textlen": 374, "fig_size": 130644, "title": "Boosting and Bias/Variance Diagnostics", "12": {"fig_size": 130644, "fig_aspectRatio": 2.513157894736842, "fig_size_poster": 0.9286871961102107}, "textRatio": 0.39576719576719577, "figRatio": 0.16732498270959809}, "14": {"xy": [1306, 314, 622, 557], "panel_size": 346454, "panel_aspectRatio": 1.1166965888689409, "category": "Method", "figures": 1, "textlen": 116, "fig_size": 127779, "title": "Boosting Continued", "16": {"fig_size": 127779, "fig_aspectRatio": 2.569506726457399, "fig_size_poster": 0.9212218649517685}, "textRatio": 0.12275132275132275, "figRatio": 0.16365557519403673}, "17": {"xy": [1301, 897, 617, 471], "panel_size": 290607, "panel_aspectRatio": 1.3099787685774946, "category": "Method", "figures": 1, "textlen": 0, "fig_size": 187170, "title": "Correlation Heatmap", "18": {"fig_size": 187170, "fig_aspectRatio": 1.3896457765667576, "fig_size_poster": 0.826580226904376}, "textRatio": 0.0, "figRatio": 0.23972181664489356}, "19": {"xy": [1303, 1392, 611, 290], "panel_size": 177190, "panel_aspectRatio": 2.106896551724138, "category": "Result", "figures": 1, "textlen": 0, "fig_size": 111552, "title": "Results", "20": {"fig_size": 111552, "fig_aspectRatio": 3.0260416666666665, "fig_size_poster": 0.9509001636661211}, "textRatio": 0.0, "figRatio": 0.14287251210328133}, "21": {"xy": [1948, 319, 620, 406], "panel_size": 251720, "panel_aspectRatio": 1.5270935960591132, "category": "Discussion", "figures": 0, "textlen": 131, "fig_size": 0, "title": "Discussion", "textRatio": 0.13862433862433862, "figRatio": 0.0}, "23": {"xy": [1943, 735, 614, 433], "panel_size": 265862, "panel_aspectRatio": 1.418013856812933, "category": "Discussion", "figures": 0, "textlen": 109, "fig_size": 0, "title": "Future Work", "textRatio": 0.11534391534391535, "figRatio": 0.0}}}