{"poster_size": 4478976, "doclen": 425, "figlen": 650403, "section": {"0": {"xy": [423, 54, 1731, 96], "panel_size": 166176, "panel_aspectRatio": 18.03125, "category": "Title", "figures": 0, "textlen": 0, "fig_size": 0, "title": "Deep CNNs for Detecting Diabetic Retinopathy", "textRatio": 0.0, "figRatio": 0.0}, "1": {"xy": [32, 357, 806, 758], "panel_size": 610948, "panel_aspectRatio": 1.0633245382585752, "category": "Introduction", "figures": 1, "textlen": 76, "fig_size": 151960, "title": "What is Diabetic Retinopathy?", "3": {"fig_size": 151960, "fig_aspectRatio": 2.8232758620689653, "fig_size_poster": 0.8126550868486352}, "textRatio": 0.17882352941176471, "figRatio": 0.23363975873420018}, "4": {"xy": [32, 1154, 806, 554], "panel_size": 446524, "panel_aspectRatio": 1.4548736462093863, "category": "Method", "figures": 0, "textlen": 93, "fig_size": 0, "title": "Models", "textRatio": 0.2188235294117647, "figRatio": 0.0}, "6": {"xy": [857, 345, 496, 278], "panel_size": 137888, "panel_aspectRatio": 1.7841726618705036, "category": "Introduction", "figures": 0, "textlen": 27, "fig_size": 0, "title": "Goal", "textRatio": 0.06352941176470588, "figRatio": 0.0}, "8": {"xy": [857, 636, 499, 319], "panel_size": 159181, "panel_aspectRatio": 1.5642633228840126, "category": "Method", "figures": 0, "textlen": 41, "fig_size": 0, "title": "Dataset", "textRatio": 0.09647058823529411, "figRatio": 0.0}, "10": {"xy": [864, 980, 487, 722], "panel_size": 351614, "panel_aspectRatio": 0.6745152354570637, "category": "Method", "figures": 1, "textlen": 54, "fig_size": 86963, "title": "Data Preprocessing", "12": {"fig_size": 86963, "fig_aspectRatio": 2.1959798994974875, "fig_size_poster": 0.8973305954825462}, "textRatio": 0.12705882352941175, "figRatio": 0.1337063328428682}, "13": {"xy": [1375, 358, 1175, 495], "panel_size": 581625, "panel_aspectRatio": 2.3737373737373737, "category": "Result", "figures": 1, "textlen": 0, "fig_size": 411480, "title": "Results", "14": {"fig_size": 411480, "fig_aspectRatio": 3.175, "fig_size_poster": 0.9727659574468085}, "textRatio": 0.0, "figRatio": 0.6326539084229317}, "15": {"xy": [1366, 883, 645, 817], "panel_size": 526965, "panel_aspectRatio": 0.7894736842105263, "category": "Discussion", "figures": 0, "textlen": 105, "fig_size": 0, "title": "Discussion", "textRatio": 0.24705882352941178, "figRatio": 0.0}, "17": {"xy": [2044, 878, 507, 531], "panel_size": 269217, "panel_aspectRatio": 0.9548022598870056, "category": "Discussion", "figures": 0, "textlen": 29, "fig_size": 0, "title": "Future Work", "textRatio": 0.06823529411764706, "figRatio": 0.0}}}