{"poster_size": 12096000, "doclen": 188, "figlen": 4446280, "section": {"1": {"xy": [182, 113, 1056, 92], "panel_size": 97152, "panel_aspectRatio": 11.478260869565217, "category": "Title", "figures": 0, "textlen": 0, "fig_size": 0, "title": "Facial Keypoint Detection ", "textRatio": 0.0, "figRatio": 0.0}, "2": {"xy": [151, 513, 1287, 1021], "panel_size": 1314027, "panel_aspectRatio": 1.2605288932419196, "category": "Introduction", "figures": 1, "textlen": 31, "fig_size": 558285, "title": "Introduction and Application", "4": {"fig_size": 558285, "fig_aspectRatio": 2.696703296703297, "fig_size_poster": 0.9533799533799534}, "textRatio": 0.16489361702127658, "figRatio": 0.12556226778340546}, "6": {"xy": [167, 1697, 1231, 1287], "panel_size": 1584297, "panel_aspectRatio": 0.9564879564879565, "category": "Method", "figures": 1, "textlen": 0, "fig_size": 1406515, "title": "Algorithms", "7": {"fig_size": 1406515, "fig_aspectRatio": 1.0152931180968565, "fig_size_poster": 0.9707554833468724}, "textRatio": 0.0, "figRatio": 0.3163352285506086}, "8": {"xy": [138, 3024, 1329, 908], "panel_size": 1206732, "panel_aspectRatio": 1.4636563876651982, "category": "Method", "figures": 1, "textlen": 78, "fig_size": 392897, "title": "Notes", "11": {"fig_size": 392897, "fig_aspectRatio": 3.5861027190332324, "fig_size_poster": 0.8931527464258842}, "textRatio": 0.4148936170212766, "figRatio": 0.08836533011866099}, "13": {"xy": [1554, 511, 1342, 2000], "panel_size": 2684000, "panel_aspectRatio": 0.671, "category": "Method", "figures": 11, "textlen": 25, "fig_size": 1377408, "title": "PCLWR", "15": {"fig_size": 30668, "fig_aspectRatio": 4.560975609756097, "fig_size_poster": 0.2786885245901639}, "16": {"fig_size": 71514, "fig_aspectRatio": 2.3620689655172415, "fig_size_poster": 0.30625931445603577}, "17": {"fig_size": 307395, "fig_aspectRatio": 1.2545454545454546, "fig_size_poster": 0.46274217585692995}, "19": {"fig_size": 34974, "fig_aspectRatio": 4.620689655172414, "fig_size_poster": 0.2995529061102832}, "20": {"fig_size": 44861, "fig_aspectRatio": 3.5132743362831858, "fig_size_poster": 0.29582712369597614}, "21": {"fig_size": 34626, "fig_aspectRatio": 4.574712643678161, "fig_size_poster": 0.2965722801788376}, "22": {"fig_size": 29274, "fig_aspectRatio": 2.8137254901960786, "fig_size_poster": 0.21385991058122206}, "23": {"fig_size": 53907, "fig_aspectRatio": 3.80672268907563, "fig_size_poster": 0.3375558867362146}, "24": {"fig_size": 334628, "fig_aspectRatio": 1.476890756302521, "fig_size_poster": 0.5238450074515648}, "25": {"fig_size": 318451, "fig_aspectRatio": 1.4477611940298507, "fig_size_poster": 0.5059612518628912}, "27": {"fig_size": 117110, "fig_aspectRatio": 2.0502092050209204, "fig_size_poster": 0.3651266766020864}, "textRatio": 0.13297872340425532, "figRatio": 0.3097888572019756}, "28": {"xy": [1561, 2545, 1329, 679], "panel_size": 902391, "panel_aspectRatio": 1.9572901325478644, "category": "Result", "figures": 2, "textlen": 0, "fig_size": 711175, "title": "Results ", "29": {"fig_size": 356975, "fig_aspectRatio": 1.201834862385321, "fig_size_poster": 0.4928517682468021}, "30": {"fig_size": 354200, "fig_aspectRatio": 1.170909090909091, "fig_size_poster": 0.48457486832204666}, "textRatio": 0.0, "figRatio": 0.15994831634534937}, "31": {"xy": [1564, 3329, 1290, 558], "panel_size": 719820, "panel_aspectRatio": 2.3118279569892475, "category": "Discussion", "figures": 0, "textlen": 54, "fig_size": 0, "title": "Summary", "textRatio": 0.2872340425531915, "figRatio": 0.0}}}