{"poster_size": 3110400, "doclen": 547, "figlen": 474728, "section": {"1": {"xy": [334, 157, 757, 71], "panel_size": 53747, "panel_aspectRatio": 10.661971830985916, "category": "Title", "figures": 0, "textlen": 0, "fig_size": 0, "title": "Shunpo Chang, Simon Kim, Genki Kondo", "textRatio": 0.0, "figRatio": 0.0}, "2": {"xy": [28, 350, 759, 179], "panel_size": 135861, "panel_aspectRatio": 4.240223463687151, "category": "Introduction", "figures": 0, "textlen": 15, "fig_size": 0, "title": "Goal", "textRatio": 0.027422303473491772, "figRatio": 0.0}, "4": {"xy": [16, 544, 784, 466], "panel_size": 365344, "panel_aspectRatio": 1.6824034334763949, "category": "Method", "figures": 2, "textlen": 92, "fig_size": 71206, "title": "Method", "6": {"fig_size": 18384, "fig_aspectRatio": 7.979166666666667, "fig_size_poster": 0.4885204081632653}, "7": {"fig_size": 52822, "fig_aspectRatio": 8.909090909090908, "fig_size_poster": 0.875}, "textRatio": 0.16819012797074953, "figRatio": 0.14999325929795587}, "9": {"xy": [808, 350, 617, 659], "panel_size": 406603, "panel_aspectRatio": 0.936267071320182, "category": "Method", "figures": 0, "textlen": 64, "fig_size": 0, "title": "Data preparetion\n", "textRatio": 0.1170018281535649, "figRatio": 0.0}, "13": {"xy": [27, 1016, 1374, 863], "panel_size": 1185762, "panel_aspectRatio": 1.5921205098493627, "category": "Method", "figures": 9, "textlen": 323, "fig_size": 403522, "title": "Models\n", "16": {"fig_size": 38512, "fig_aspectRatio": 1.3975903614457832, "fig_size_poster": 0.16885007278020378}, "18": {"fig_size": 61936, "fig_aspectRatio": 2.481012658227848, "fig_size_poster": 0.2852983988355167}, "20": {"fig_size": 21824, "fig_aspectRatio": 5.67741935483871, "fig_size_poster": 0.2561863173216885}, "22": {"fig_size": 35328, "fig_aspectRatio": 4.173913043478261, "fig_size_poster": 0.2794759825327511}, "24": {"fig_size": 94833, "fig_aspectRatio": 1.4357976653696498, "fig_size_poster": 0.2685589519650655}, "27": {"fig_size": 14098, "fig_aspectRatio": 5.018867924528302, "fig_size_poster": 0.19359534206695778}, "29": {"fig_size": 46529, "fig_aspectRatio": 3.2857142857142856, "fig_size_poster": 0.28457059679767105}, "30": {"fig_size": 69872, "fig_aspectRatio": 2.2556818181818183, "fig_size_poster": 0.2889374090247453}, "32": {"fig_size": 20590, "fig_aspectRatio": 6.120689655172414, "fig_size_poster": 0.25836972343522563}, "textRatio": 0.5904936014625228, "figRatio": 0.8500067407020441}, "33": {"xy": [33, 1906, 1381, 222], "panel_size": 306582, "panel_aspectRatio": 6.2207207207207205, "category": "Result", "figures": 0, "textlen": 53, "fig_size": 0, "title": "Results", "textRatio": 0.09689213893967093, "figRatio": 0.0}}}