{"poster_size": 3110400, "doclen": 487, "figlen": 737959, "section": {"1": {"xy": [407, 39, 1376, 90], "panel_size": 123840, "panel_aspectRatio": 15.28888888888889, "category": "Title", "figures": 0, "textlen": 0, "fig_size": 0, "title": "Predicting Yelp User's Rating Based on Previous Reviews", "textRatio": 0.0, "figRatio": 0.0}, "2": {"xy": [13, 201, 703, 1222], "panel_size": 859066, "panel_aspectRatio": 0.5752864157119476, "category": "Introduction", "figures": 1, "textlen": 241, "fig_size": 25564, "title": "Motivation Data Metric Models", "6": {"fig_size": 25564, "fig_aspectRatio": 4.311688311688312, "fig_size_poster": 0.4722617354196302}, "textRatio": 0.4948665297741273, "figRatio": 0.03464149092293745}, "8": {"xy": [750, 203, 681, 1205], "panel_size": 820605, "panel_aspectRatio": 0.5651452282157676, "category": "Method", "figures": 5, "textlen": 130, "fig_size": 323075, "title": "Models\n", "10": {"fig_size": 50372, "fig_aspectRatio": 5.244897959183674, "fig_size_poster": 0.7547723935389133}, "11": {"fig_size": 60822, "fig_aspectRatio": 5.1192660550458715, "fig_size_poster": 0.8193832599118943}, "12": {"fig_size": 64356, "fig_aspectRatio": 4.185483870967742, "fig_size_poster": 0.762114537444934}, "13": {"fig_size": 88425, "fig_aspectRatio": 4.851851851851852, "fig_size_poster": 0.9618208516886931}, "14": {"fig_size": 59100, "fig_aspectRatio": 5.91, "fig_size_poster": 0.8678414096916299}, "textRatio": 0.2669404517453799, "figRatio": 0.4377953246725089}, "16": {"xy": [1451, 201, 670, 681], "panel_size": 456270, "panel_aspectRatio": 0.9838472834067548, "category": "Result", "figures": 2, "textlen": 0, "fig_size": 389320, "title": "Result", "17": {"fig_size": 190200, "fig_aspectRatio": 2.1133333333333333, "fig_size_poster": 0.9462686567164179}, "18": {"fig_size": 199120, "fig_aspectRatio": 2.1546052631578947, "fig_size_poster": 0.9776119402985075}, "textRatio": 0.0, "figRatio": 0.5275631844045536}, "19": {"xy": [1456, 886, 664, 396], "panel_size": 262944, "panel_aspectRatio": 1.6767676767676767, "category": "Discussion", "figures": 0, "textlen": 116, "fig_size": 0, "title": "Discussion and Future Work", "textRatio": 0.23819301848049282, "figRatio": 0.0}}}