{"poster_size": 4478976, "doclen": 300, "figlen": 1833729, "section": {"1": {"xy": [238, 28, 2175, 86], "panel_size": 187050, "panel_aspectRatio": 25.290697674418606, "category": "Title", "figures": 0, "textlen": 0, "fig_size": 0, "title": "Predicting Eruption Events at Volcanoes from Earthquake Data", "textRatio": 0.0, "figRatio": 0.0}, "2": {"xy": [38, 195, 747, 384], "panel_size": 286848, "panel_aspectRatio": 1.9453125, "category": "Introduction", "figures": 0, "textlen": 100, "fig_size": 0, "title": "Introduction", "textRatio": 0.3333333333333333, "figRatio": 0.0}, "4": {"xy": [35, 591, 781, 583], "panel_size": 455323, "panel_aspectRatio": 1.3396226415094339, "category": "Method", "figures": 1, "textlen": 56, "fig_size": 249600, "title": "Dataset", "9": {"fig_size": 249600, "fig_aspectRatio": 2.3630769230769233, "fig_size_poster": 0.9833546734955185}, "textRatio": 0.18666666666666668, "figRatio": 0.1361160782209367}, "10": {"xy": [28, 1178, 785, 522], "panel_size": 409770, "panel_aspectRatio": 1.503831417624521, "category": "Method", "figures": 1, "textlen": 55, "fig_size": 82125, "title": "Algorithms deployed", "12": {"fig_size": 82125, "fig_aspectRatio": 1.6222222222222222, "fig_size_poster": 0.46496815286624205}, "textRatio": 0.18333333333333332, "figRatio": 0.044785788957910355}, "14": {"xy": [823, 200, 890, 755], "panel_size": 671950, "panel_aspectRatio": 1.1788079470198676, "category": "Introduction", "figures": 1, "textlen": 0, "fig_size": 572560, "title": "Binary Classification: ls it erupting?", "15": {"fig_size": 572560, "fig_aspectRatio": 1.238235294117647, "fig_size_poster": 0.946067415730337}, "textRatio": 0.0, "figRatio": 0.3122380678933474}, "16": {"xy": [839, 958, 877, 319], "panel_size": 279763, "panel_aspectRatio": 2.749216300940439, "category": "Method", "figures": 1, "textlen": 0, "fig_size": 211926, "title": "Parameter tuning example", "17": {"fig_size": 211926, "fig_aspectRatio": 3.473684210526316, "fig_size_poster": 0.9783352337514253}, "textRatio": 0.0, "figRatio": 0.11557105766446406}, "18": {"xy": [1728, 195, 851, 1062], "panel_size": 903762, "panel_aspectRatio": 0.8013182674199624, "category": "Result", "figures": 3, "textlen": 0, "fig_size": 717518, "title": "Predicting the time to eruption", "19": {"fig_size": 238336, "fig_aspectRatio": 2.5789473684210527, "fig_size_poster": 0.9212690951821386}, "20": {"fig_size": 258136, "fig_aspectRatio": 2.399390243902439, "fig_size_poster": 0.9247943595769683}, "21": {"fig_size": 221046, "fig_aspectRatio": 3.1240601503759398, "fig_size_poster": 0.9764982373678026}, "textRatio": 0.0, "figRatio": 0.39128900726334154}, "22": {"xy": [832, 1292, 1716, 413], "panel_size": 708708, "panel_aspectRatio": 4.154963680387409, "category": "Discussion", "figures": 0, "textlen": 89, "fig_size": 0, "title": "Challenges and Future Work", "textRatio": 0.2966666666666667, "figRatio": 0.0}}}