{"poster_size": 3110400, "doclen": 169, "figlen": 1288526, "section": {"1": {"xy": [541, 67, 1090, 70], "panel_size": 76300, "panel_aspectRatio": 15.571428571428571, "category": "Title", "figures": 0, "textlen": 0, "fig_size": 0, "title": "Predicting Momentum Shifts in NBA Games", "textRatio": 0.0, "figRatio": 0.0}, "2": {"xy": [14, 261, 674, 228], "panel_size": 153672, "panel_aspectRatio": 2.956140350877193, "category": "Introduction", "figures": 0, "textlen": 53, "fig_size": 0, "title": "Motivation and Task Definition:", "textRatio": 0.3136094674556213, "figRatio": 0.0}, "4": {"xy": [15, 500, 673, 561], "panel_size": 377553, "panel_aspectRatio": 1.1996434937611409, "category": "Introduction", "figures": 2, "textlen": 0, "fig_size": 303616, "title": "Sample Data:", "5": {"fig_size": 87906, "fig_aspectRatio": 4.615942028985507, "fig_size_poster": 0.9465081723625557}, "6": {"fig_size": 215710, "fig_aspectRatio": 1.5756756756756756, "fig_size_poster": 0.8662704309063893}, "textRatio": 0.0, "figRatio": 0.23563048009896578}, "7": {"xy": [23, 1063, 675, 149], "panel_size": 100575, "panel_aspectRatio": 4.530201342281879, "category": "Method", "figures": 0, "textlen": 24, "fig_size": 0, "title": "Pre-Processing:", "textRatio": 0.14201183431952663, "figRatio": 0.0}, "9": {"xy": [29, 1223, 586, 155], "panel_size": 90830, "panel_aspectRatio": 3.7806451612903227, "category": "Method", "figures": 0, "textlen": 16, "fig_size": 0, "title": "Methods:\n", "textRatio": 0.09467455621301775, "figRatio": 0.0}, "11": {"xy": [703, 253, 657, 902], "panel_size": 592614, "panel_aspectRatio": 0.7283813747228381, "category": "Result", "figures": 2, "textlen": 32, "fig_size": 393399, "title": "Results and Analysis:\n", "12": {"fig_size": 275730, "fig_aspectRatio": 1.3318681318681318, "fig_size_poster": 0.9223744292237442}, "13": {"fig_size": 117669, "fig_aspectRatio": 3.5136612021857925, "fig_size_poster": 0.9786910197869102}, "textRatio": 0.1893491124260355, "figRatio": 0.3053093224350925}, "15": {"xy": [717, 1166, 672, 210], "panel_size": 141120, "panel_aspectRatio": 3.2, "category": "Discussion", "figures": 0, "textlen": 27, "fig_size": 0, "title": "Challenges:\n", "textRatio": 0.15976331360946747, "figRatio": 0.0}, "19": {"xy": [1395, 244, 728, 1128], "panel_size": 821184, "panel_aspectRatio": 0.6453900709219859, "category": "Discussion", "figures": 3, "textlen": 17, "fig_size": 591511, "title": "Future Work:", "20": {"fig_size": 190562, "fig_aspectRatio": 2.089403973509934, "fig_size_poster": 0.8667582417582418}, "21": {"fig_size": 192419, "fig_aspectRatio": 1.914826498422713, "fig_size_poster": 0.8337912087912088}, "22": {"fig_size": 208530, "fig_aspectRatio": 2.1015873015873017, "fig_size_poster": 0.9093406593406593}, "textRatio": 0.10059171597633136, "figRatio": 0.4590601974659417}}}