{"poster_size": 4478976, "doclen": 532, "figlen": 933939, "section": {"1": {"xy": [580, 34, 1532, 95], "panel_size": 145540, "panel_aspectRatio": 16.126315789473683, "category": "Title", "figures": 0, "textlen": 0, "fig_size": 0, "title": "Predicting MTA Bus Arrival TImes in New York City", "textRatio": 0.0, "figRatio": 0.0}, "2": {"xy": [49, 249, 810, 480], "panel_size": 388800, "panel_aspectRatio": 1.6875, "category": "Introduction", "figures": 0, "textlen": 80, "fig_size": 0, "title": "Motivation and Goals", "textRatio": 0.15037593984962405, "figRatio": 0.0}, "4": {"xy": [40, 757, 826, 935], "panel_size": 772310, "panel_aspectRatio": 0.8834224598930481, "category": "Method", "figures": 1, "textlen": 132, "fig_size": 256410, "title": "Dataset and Features", "5": {"fig_size": 256410, "fig_aspectRatio": 2.3545454545454545, "fig_size_poster": 0.940677966101695}, "textRatio": 0.24812030075187969, "figRatio": 0.2745468387121643}, "7": {"xy": [901, 250, 809, 1442], "panel_size": 1166578, "panel_aspectRatio": 0.5610263522884882, "category": "Method", "figures": 1, "textlen": 208, "fig_size": 140767, "title": "Machine Learning Models Used", "8": {"fig_size": 140767, "fig_aspectRatio": 3.858638743455497, "fig_size_poster": 0.9110012360939431}, "textRatio": 0.39097744360902253, "figRatio": 0.15072397661945802}, "11": {"xy": [1754, 253, 793, 960], "panel_size": 761280, "panel_aspectRatio": 0.8260416666666667, "category": "Result", "figures": 1, "textlen": 35, "fig_size": 536762, "title": "Results", "12": {"fig_size": 536762, "fig_aspectRatio": 1.1017191977077363, "fig_size_poster": 0.969735182849937}, "textRatio": 0.06578947368421052, "figRatio": 0.5747291846683777}, "14": {"xy": [1756, 1236, 784, 454], "panel_size": 355936, "panel_aspectRatio": 1.7268722466960353, "category": "Discussion", "figures": 0, "textlen": 77, "fig_size": 0, "title": "Discussion and Future Work", "textRatio": 0.14473684210526316, "figRatio": 0.0}}}