{"poster_size": 4478976, "doclen": 320, "figlen": 1105172, "section": {"1": {"xy": [30, 29, 1137, 116], "panel_size": 131892, "panel_aspectRatio": 9.801724137931034, "category": "Title", "figures": 0, "textlen": 0, "fig_size": 0, "title": "Galaxy Morphology", "textRatio": 0.0, "figRatio": 0.0}, "2": {"xy": [62, 312, 793, 807], "panel_size": 639951, "panel_aspectRatio": 0.9826517967781908, "category": "Introduction", "figures": 1, "textlen": 35, "fig_size": 295200, "title": "Background", "4": {"fig_size": 295200, "fig_aspectRatio": 1.4577777777777778, "fig_size_poster": 0.8272383354350568}, "textRatio": 0.109375, "figRatio": 0.2671077443149121}, "5": {"xy": [60, 1124, 786, 593], "panel_size": 466098, "panel_aspectRatio": 1.3254637436762227, "category": "Method", "figures": 1, "textlen": 56, "fig_size": 141984, "title": "Preprocessing", "7": {"fig_size": 141984, "fig_aspectRatio": 0.6594827586206896, "fig_size_poster": 0.3893129770992366}, "textRatio": 0.175, "figRatio": 0.12847231019244063}, "8": {"xy": [901, 315, 806, 252], "panel_size": 203112, "panel_aspectRatio": 3.1984126984126986, "category": "Method", "figures": 0, "textlen": 37, "fig_size": 0, "title": "Dataset", "textRatio": 0.115625, "figRatio": 0.0}, "10": {"xy": [901, 577, 800, 301], "panel_size": 240800, "panel_aspectRatio": 2.6578073089700998, "category": "Method", "figures": 2, "textlen": 10, "fig_size": 144611, "title": "Clustering", "12": {"fig_size": 117045, "fig_aspectRatio": 1.4013840830449826, "fig_size_poster": 0.50625}, "13": {"fig_size": 27566, "fig_aspectRatio": 4.64935064935065, "fig_size_poster": 0.4475}, "textRatio": 0.03125, "figRatio": 0.13084931576261433}, "14": {"xy": [901, 893, 801, 381], "panel_size": 305181, "panel_aspectRatio": 2.1023622047244093, "category": "Method", "figures": 0, "textlen": 49, "fig_size": 0, "title": "Classification", "textRatio": 0.153125, "figRatio": 0.0}, "16": {"xy": [897, 1288, 792, 422], "panel_size": 334224, "panel_aspectRatio": 1.8767772511848342, "category": "Method", "figures": 0, "textlen": 66, "fig_size": 0, "title": "Regression", "textRatio": 0.20625, "figRatio": 0.0}, "19": {"xy": [1767, 320, 824, 1195], "panel_size": 984680, "panel_aspectRatio": 0.6895397489539749, "category": "Result", "figures": 3, "textlen": 67, "fig_size": 523377, "title": "Results and Discussion", "21": {"fig_size": 92870, "fig_aspectRatio": 1.4741035856573705, "fig_size_poster": 0.44902912621359226}, "23": {"fig_size": 65780, "fig_aspectRatio": 1.0276679841897234, "fig_size_poster": 0.3155339805825243}, "25": {"fig_size": 364727, "fig_aspectRatio": 1.6723768736616702, "fig_size_poster": 0.9478155339805825}, "textRatio": 0.209375, "figRatio": 0.473570629730033}}}