{"poster_size": 3110400, "doclen": 415, "figlen": 1010759, "section": {"1": {"xy": [479, 14, 1276, 116], "panel_size": 148016, "panel_aspectRatio": 11.0, "category": "Title", "figures": 0, "textlen": 0, "fig_size": 0, "title": "Toxic Comment Detection and Classification", "textRatio": 0.0, "figRatio": 0.0}, "2": {"xy": [12, 251, 656, 272], "panel_size": 178432, "panel_aspectRatio": 2.411764705882353, "category": "Introduction", "figures": 0, "textlen": 56, "fig_size": 0, "title": "Introduction", "textRatio": 0.13493975903614458, "figRatio": 0.0}, "4": {"xy": [15, 531, 646, 897], "panel_size": 579462, "panel_aspectRatio": 0.7201783723522854, "category": "Method", "figures": 6, "textlen": 64, "fig_size": 345689, "title": "Data Sets", "6": {"fig_size": 58520, "fig_aspectRatio": 1.6210526315789473, "fig_size_poster": 0.47678018575851394}, "7": {"fig_size": 59280, "fig_aspectRatio": 1.558974358974359, "fig_size_poster": 0.47058823529411764}, "9": {"fig_size": 57148, "fig_aspectRatio": 1.7252747252747254, "fig_size_poster": 0.48606811145510836}, "10": {"fig_size": 56291, "fig_aspectRatio": 1.718232044198895, "fig_size_poster": 0.48142414860681115}, "11": {"fig_size": 58212, "fig_aspectRatio": 1.6296296296296295, "fig_size_poster": 0.47678018575851394}, "12": {"fig_size": 56238, "fig_aspectRatio": 1.6978021978021978, "fig_size_poster": 0.47832817337461303}, "textRatio": 0.15421686746987953, "figRatio": 0.34200932170774634}, "13": {"xy": [684, 246, 787, 1179], "panel_size": 927873, "panel_aspectRatio": 0.6675148430873622, "category": "Method", "figures": 8, "textlen": 146, "fig_size": 484394, "title": "Approaches", "15": {"fig_size": 14586, "fig_aspectRatio": 3.3484848484848486, "fig_size_poster": 0.28081321473951715}, "16": {"fig_size": 9434, "fig_aspectRatio": 3.358490566037736, "fig_size_poster": 0.22617534942820838}, "17": {"fig_size": 5152, "fig_aspectRatio": 2.4347826086956523, "fig_size_poster": 0.1423125794155019}, "18": {"fig_size": 7440, "fig_aspectRatio": 2.066666666666667, "fig_size_poster": 0.15756035578144853}, "19": {"fig_size": 238770, "fig_aspectRatio": 2.4063492063492062, "fig_size_poster": 0.963151207115629}, "20": {"fig_size": 45084, "fig_aspectRatio": 0.9230769230769231, "fig_size_poster": 0.25921219822109276}, "21": {"fig_size": 115878, "fig_aspectRatio": 2.4608294930875574, "fig_size_poster": 0.6785260482846251}, "22": {"fig_size": 48050, "fig_aspectRatio": 12.5, "fig_size_poster": 0.9847522236340533}, "textRatio": 0.35180722891566263, "figRatio": 0.47923787965281534}, "23": {"xy": [1477, 231, 675, 1015], "panel_size": 685125, "panel_aspectRatio": 0.6650246305418719, "category": "Result", "figures": 6, "textlen": 116, "fig_size": 180676, "title": "Results", "25": {"fig_size": 18666, "fig_aspectRatio": 5.016393442622951, "fig_size_poster": 0.4533333333333333}, "26": {"fig_size": 29748, "fig_aspectRatio": 6.626865671641791, "fig_size_poster": 0.6577777777777778}, "27": {"fig_size": 20618, "fig_aspectRatio": 1.3852459016393444, "fig_size_poster": 0.25037037037037035}, "28": {"fig_size": 37101, "fig_aspectRatio": 5.385542168674699, "fig_size_poster": 0.6622222222222223}, "29": {"fig_size": 30954, "fig_aspectRatio": 6.895522388059701, "fig_size_poster": 0.6844444444444444}, "30": {"fig_size": 43589, "fig_aspectRatio": 5.263736263736264, "fig_size_poster": 0.7096296296296296}, "textRatio": 0.27951807228915665, "figRatio": 0.17875279863943827}, "31": {"xy": [1486, 1248, 666, 177], "panel_size": 117882, "panel_aspectRatio": 3.76271186440678, "category": "Discussion", "figures": 0, "textlen": 33, "fig_size": 0, "title": "Conclusions", "textRatio": 0.07951807228915662, "figRatio": 0.0}}}