{"poster_size": 4478976, "doclen": 596, "figlen": 1058247, "section": {"0": {"xy": [557, 54, 1989, 83], "panel_size": 165087, "panel_aspectRatio": 23.96385542168675, "category": "Title", "figures": 0, "textlen": 0, "fig_size": 0, "title": "Novel approaches to sentiment analysis for stock prediction", "textRatio": 0.0, "figRatio": 0.0}, "1": {"xy": [52, 327, 770, 330], "panel_size": 254100, "panel_aspectRatio": 2.3333333333333335, "category": "Introduction", "figures": 0, "textlen": 67, "fig_size": 0, "title": "Introduction", "textRatio": 0.11241610738255034, "figRatio": 0.0}, "3": {"xy": [49, 666, 775, 488], "panel_size": 378200, "panel_aspectRatio": 1.5881147540983607, "category": "Method", "figures": 3, "textlen": 21, "fig_size": 247371, "title": "Data Set", "4": {"fig_size": 54288, "fig_aspectRatio": 1.0086206896551724, "fig_size_poster": 0.30193548387096775}, "5": {"fig_size": 61191, "fig_aspectRatio": 4.47008547008547, "fig_size_poster": 0.6748387096774193}, "6": {"fig_size": 131892, "fig_aspectRatio": 4.35632183908046, "fig_size_poster": 0.9780645161290322}, "textRatio": 0.03523489932885906, "figRatio": 0.23375544650728988}, "8": {"xy": [40, 1171, 792, 508], "panel_size": 402336, "panel_aspectRatio": 1.5590551181102361, "category": "Method", "figures": 1, "textlen": 66, "fig_size": 128163, "title": "Model Overview", "9": {"fig_size": 128163, "fig_aspectRatio": 0.9944289693593314, "fig_size_poster": 0.45075757575757575}, "textRatio": 0.11073825503355705, "figRatio": 0.12110877706244383}, "12": {"xy": [852, 337, 888, 600], "panel_size": 532800, "panel_aspectRatio": 1.48, "category": "Method", "figures": 1, "textlen": 150, "fig_size": 121210, "title": "Text Representation", "13": {"fig_size": 121210, "fig_aspectRatio": 1.261290322580645, "fig_size_poster": 0.4403153153153153}, "textRatio": 0.2516778523489933, "figRatio": 0.1145384773120075}, "16": {"xy": [844, 954, 907, 722], "panel_size": 654854, "panel_aspectRatio": 1.2562326869806095, "category": "Method", "figures": 2, "textlen": 133, "fig_size": 158936, "title": "Stock Movement Prediction", "17": {"fig_size": 79516, "fig_aspectRatio": 2.134715025906736, "fig_size_poster": 0.45424476295479604}, "18": {"fig_size": 79420, "fig_aspectRatio": 1.8181818181818181, "fig_size_poster": 0.4189636163175303}, "textRatio": 0.2231543624161074, "figRatio": 0.1501879995879979}, "21": {"xy": [1769, 343, 789, 834], "panel_size": 658026, "panel_aspectRatio": 0.9460431654676259, "category": "Result", "figures": 5, "textlen": 77, "fig_size": 402567, "title": "Results and Analysis", "22": {"fig_size": 216315, "fig_aspectRatio": 2.663157894736842, "fig_size_poster": 0.9619771863117871}, "23": {"fig_size": 32379, "fig_aspectRatio": 1.945736434108527, "fig_size_poster": 0.3181242078580482}, "24": {"fig_size": 32640, "fig_aspectRatio": 1.9921875, "fig_size_poster": 0.3231939163498099}, "25": {"fig_size": 32000, "fig_aspectRatio": 1.953125, "fig_size_poster": 0.31685678073510776}, "26": {"fig_size": 89233, "fig_aspectRatio": 2.723756906077348, "fig_size_poster": 0.6248415716096325}, "textRatio": 0.12919463087248323, "figRatio": 0.38040929953026087}, "30": {"xy": [1763, 1196, 783, 309], "panel_size": 241947, "panel_aspectRatio": 2.533980582524272, "category": "Discussion", "figures": 0, "textlen": 82, "fig_size": 0, "title": "Future Work", "textRatio": 0.13758389261744966, "figRatio": 0.0}}}