{"poster_size": 4478976, "doclen": 371, "figlen": 1387036, "section": {"1": {"xy": [201, 32, 2207, 102], "panel_size": 225114, "panel_aspectRatio": 21.637254901960784, "category": "Title", "figures": 0, "textlen": 0, "fig_size": 0, "title": "Clustering Reduced Order Models for Computational Fluid Dynamics", "textRatio": 0.0, "figRatio": 0.0}, "2": {"xy": [50, 279, 848, 1404], "panel_size": 1190592, "panel_aspectRatio": 0.603988603988604, "category": "Introduction", "figures": 4, "textlen": 163, "fig_size": 348682, "title": "overview", "4": {"fig_size": 46813, "fig_aspectRatio": 1.6390532544378698, "fig_size_poster": 0.3266509433962264}, "5": {"fig_size": 78540, "fig_aspectRatio": 3.311688311688312, "fig_size_poster": 0.6014150943396226}, "8": {"fig_size": 105183, "fig_aspectRatio": 1.3512544802867383, "fig_size_poster": 0.44457547169811323}, "9": {"fig_size": 118146, "fig_aspectRatio": 1.395189003436426, "fig_size_poster": 0.47877358490566035}, "textRatio": 0.4393530997304582, "figRatio": 0.2513864095812942}, "10": {"xy": [911, 289, 820, 1390], "panel_size": 1139800, "panel_aspectRatio": 0.5899280575539568, "category": "Method", "figures": 4, "textlen": 109, "fig_size": 520939, "title": "key issues", "11": {"fig_size": 124032, "fig_aspectRatio": 1.1888544891640866, "fig_size_poster": 0.4682926829268293}, "12": {"fig_size": 116123, "fig_aspectRatio": 1.1853035143769968, "fig_size_poster": 0.4524390243902439}, "14": {"fig_size": 184952, "fig_aspectRatio": 3.1065573770491803, "fig_size_poster": 0.9243902439024391}, "16": {"fig_size": 95832, "fig_aspectRatio": 6.545454545454546, "fig_size_poster": 0.9658536585365853}, "textRatio": 0.29380053908355797, "figRatio": 0.375577129937507}, "19": {"xy": [1748, 282, 833, 1116], "panel_size": 929628, "panel_aspectRatio": 0.746415770609319, "category": "Result", "figures": 8, "textlen": 60, "fig_size": 517415, "title": "Experiments & Results", "21": {"fig_size": 38380, "fig_aspectRatio": 3.762376237623762, "fig_size_poster": 0.4561824729891957}, "22": {"fig_size": 30400, "fig_aspectRatio": 4.75, "fig_size_poster": 0.4561824729891957}, "24": {"fig_size": 50456, "fig_aspectRatio": 2.7279411764705883, "fig_size_poster": 0.44537815126050423}, "25": {"fig_size": 58905, "fig_aspectRatio": 2.5163398692810457, "fig_size_poster": 0.46218487394957986}, "27": {"fig_size": 65208, "fig_aspectRatio": 1.0688259109311742, "fig_size_poster": 0.3169267707082833}, "28": {"fig_size": 54740, "fig_aspectRatio": 1.0347826086956522, "fig_size_poster": 0.2857142857142857}, "29": {"fig_size": 67230, "fig_aspectRatio": 1.0843373493975903, "fig_size_poster": 0.3241296518607443}, "30": {"fig_size": 152096, "fig_aspectRatio": 3.9591836734693877, "fig_size_poster": 0.9315726290516206}, "textRatio": 0.16172506738544473, "figRatio": 0.37303646048119876}, "31": {"xy": [1776, 1405, 801, 267], "panel_size": 213867, "panel_aspectRatio": 3.0, "category": "Discussion", "figures": 0, "textlen": 39, "fig_size": 0, "title": "Conclusions and Future Work", "textRatio": 0.10512129380053908, "figRatio": 0.0}}}