{"poster_size": 8034080, "doclen": 542, "figlen": 1367394, "section": {"1": {"xy": [1084, 56, 1202, 170], "panel_size": 204340, "panel_aspectRatio": 7.070588235294117, "category": "Title", "figures": 0, "textlen": 0, "fig_size": 0, "title": "Predicting Used Car Prices", "textRatio": 0.0, "figRatio": 0.0}, "2": {"xy": [39, 399, 1092, 1898], "panel_size": 2072616, "panel_aspectRatio": 0.5753424657534246, "category": "Introduction", "figures": 1, "textlen": 190, "fig_size": 536760, "title": "Introduction", "5": {"fig_size": 536760, "fig_aspectRatio": 1.6637323943661972, "fig_size_poster": 0.8653846153846154}, "textRatio": 0.3505535055350554, "figRatio": 0.39254231040943577}, "6": {"xy": [1149, 403, 1088, 1919], "panel_size": 2087872, "panel_aspectRatio": 0.5669619593538301, "category": "Method", "figures": 1, "textlen": 184, "fig_size": 414162, "title": "Methodology", "7": {"fig_size": 414162, "fig_aspectRatio": 2.601503759398496, "fig_size_poster": 0.9540441176470589}, "textRatio": 0.33948339483394835, "figRatio": 0.3028841723746045}, "10": {"xy": [2247, 395, 1080, 1076], "panel_size": 1162080, "panel_aspectRatio": 1.003717472118959, "category": "Result", "figures": 1, "textlen": 99, "fig_size": 416472, "title": "Results", "11": {"fig_size": 416472, "fig_aspectRatio": 2.5771144278606966, "fig_size_poster": 0.9592592592592593}, "textRatio": 0.18265682656826568, "figRatio": 0.3045735172159597}, "13": {"xy": [2247, 1493, 1100, 574], "panel_size": 631400, "panel_aspectRatio": 1.916376306620209, "category": "Discussion", "figures": 0, "textlen": 69, "fig_size": 0, "title": "Future Work and References", "textRatio": 0.12730627306273062, "figRatio": 0.0}}}