{"poster_size": 4478976, "doclen": 254, "figlen": 1415988, "section": {"1": {"xy": [371, 41, 1846, 169], "panel_size": 311974, "panel_aspectRatio": 10.923076923076923, "category": "Title", "figures": 0, "textlen": 0, "fig_size": 0, "title": "The Dusk of Survey Data and the Dawn of Aerial Imagery in Economics: Cost-efficient housing price learning in the developing world", "textRatio": 0.0, "figRatio": 0.0}, "2": {"xy": [31, 387, 593, 558], "panel_size": 330894, "panel_aspectRatio": 1.0627240143369177, "category": "Introduction", "figures": 0, "textlen": 67, "fig_size": 0, "title": "Motivation", "textRatio": 0.2637795275590551, "figRatio": 0.0}, "4": {"xy": [37, 967, 600, 734], "panel_size": 440400, "panel_aspectRatio": 0.8174386920980926, "category": "Method", "figures": 1, "textlen": 22, "fig_size": 242440, "title": "Data and raw features", "6": {"fig_size": 242440, "fig_aspectRatio": 1.2522727272727272, "fig_size_poster": 0.9183333333333333}, "textRatio": 0.08661417322834646, "figRatio": 0.17121614024977613}, "7": {"xy": [655, 381, 1302, 1320], "panel_size": 1718640, "panel_aspectRatio": 0.9863636363636363, "category": "Method", "figures": 4, "textlen": 94, "fig_size": 830936, "title": "Model: Deep Features, Transfer Learning and Fine-Tuning", "9": {"fig_size": 146264, "fig_aspectRatio": 1.0345744680851063, "fig_size_poster": 0.29877112135176653}, "10": {"fig_size": 152484, "fig_aspectRatio": 1.0128865979381443, "fig_size_poster": 0.30184331797235026}, "11": {"fig_size": 149076, "fig_aspectRatio": 1.094850948509485, "fig_size_poster": 0.3102918586789555}, "13": {"fig_size": 383112, "fig_aspectRatio": 3.9105431309904155, "fig_size_poster": 0.9400921658986175}, "textRatio": 0.3700787401574803, "figRatio": 0.5868241821258372}, "14": {"xy": [1986, 383, 572, 757], "panel_size": 433004, "panel_aspectRatio": 0.7556142668428005, "category": "Result", "figures": 2, "textlen": 0, "fig_size": 342612, "title": "Results", "17": {"fig_size": 170422, "fig_aspectRatio": 1.574468085106383, "fig_size_poster": 0.9055944055944056}, "18": {"fig_size": 172190, "fig_aspectRatio": 1.5343283582089553, "fig_size_poster": 0.8986013986013986}, "textRatio": 0.0, "figRatio": 0.24195967762438664}, "19": {"xy": [1984, 1150, 589, 362], "panel_size": 213218, "panel_aspectRatio": 1.62707182320442, "category": "Discussion", "figures": 0, "textlen": 71, "fig_size": 0, "title": "Conclusions and Future Work", "textRatio": 0.2795275590551181, "figRatio": 0.0}}}