{"poster_size": 3110400, "doclen": 797, "figlen": 1264925, "section": {"0": {"xy": [841, 21, 528, 74], "panel_size": 39072, "panel_aspectRatio": 7.135135135135135, "category": "Title", "figures": 0, "textlen": 0, "fig_size": 0, "title": "Training Minesweeper", "textRatio": 0.0, "figRatio": 0.0}, "1": {"xy": [15, 188, 438, 527], "panel_size": 230826, "panel_aspectRatio": 0.8311195445920304, "category": "Introduction", "figures": 0, "textlen": 177, "fig_size": 0, "title": "Introduction", "textRatio": 0.22208281053952322, "figRatio": 0.0}, "3": {"xy": [14, 800, 444, 583], "panel_size": 258852, "panel_aspectRatio": 0.7615780445969125, "category": "Result", "figures": 0, "textlen": 194, "fig_size": 0, "title": "Data", "textRatio": 0.24341279799247176, "figRatio": 0.0}, "5": {"xy": [1704, 183, 454, 619], "panel_size": 281026, "panel_aspectRatio": 0.7334410339256866, "category": "Method", "figures": 0, "textlen": 230, "fig_size": 0, "title": "methods", "textRatio": 0.28858218318695106, "figRatio": 0.0}, "7": {"xy": [1713, 851, 443, 530], "panel_size": 234790, "panel_aspectRatio": 0.8358490566037736, "category": "Method", "figures": 0, "textlen": 196, "fig_size": 0, "title": "Analysis", "textRatio": 0.24592220828105396, "figRatio": 0.0}, "10": {"xy": [476, 180, 1207, 1211], "panel_size": 1461677, "panel_aspectRatio": 0.9966969446738233, "category": "Method", "figures": 6, "textlen": 0, "fig_size": 1264925, "title": "N/A", "11": {"fig_size": 187252, "fig_aspectRatio": 1.6390532544378698, "fig_size_poster": 0.45898922949461474}, "12": {"fig_size": 207760, "fig_aspectRatio": 1.509433962264151, "fig_size_poster": 0.463960231980116}, "13": {"fig_size": 201077, "fig_aspectRatio": 1.5429362880886426, "fig_size_poster": 0.4614747307373654}, "14": {"fig_size": 228312, "fig_aspectRatio": 1.597883597883598, "fig_size_poster": 0.5004142502071252}, "15": {"fig_size": 213843, "fig_aspectRatio": 1.6778711484593838, "fig_size_poster": 0.49627174813587405}, "16": {"fig_size": 226681, "fig_aspectRatio": 1.646900269541779, "fig_size_poster": 0.5062137531068766}, "textRatio": 0.0, "figRatio": 1.0}}}