{"poster_size": 3110400, "doclen": 330, "figlen": 538878, "section": {"1": {"xy": [176, 21, 1810, 149], "panel_size": 269690, "panel_aspectRatio": 12.14765100671141, "category": "Title", "figures": 0, "textlen": 0, "fig_size": 0, "title": "ALAPPROACH\nAUTOMATIC NATURAL MUSIC TRANSCRIPTION", "textRatio": 0.0, "figRatio": 0.0}, "2": {"xy": [37, 254, 1359, 302], "panel_size": 410418, "panel_aspectRatio": 4.5, "category": "Introduction", "figures": 0, "textlen": 76, "fig_size": 0, "title": "Background", "textRatio": 0.23030303030303031, "figRatio": 0.0}, "4": {"xy": [37, 578, 674, 833], "panel_size": 561442, "panel_aspectRatio": 0.8091236494597839, "category": "Method", "figures": 1, "textlen": 96, "fig_size": 135240, "title": "Acoustic Model", "5": {"fig_size": 135240, "fig_aspectRatio": 2.5565217391304347, "fig_size_poster": 0.8724035608308606}, "textRatio": 0.2909090909090909, "figRatio": 0.2509658958057297}, "8": {"xy": [758, 586, 674, 815], "panel_size": 549310, "panel_aspectRatio": 0.8269938650306748, "category": "Method", "figures": 4, "textlen": 70, "fig_size": 202089, "title": "Score Generation", "10": {"fig_size": 81360, "fig_aspectRatio": 0.7079646017699115, "fig_size_poster": 0.3560830860534125}, "12": {"fig_size": 38115, "fig_aspectRatio": 9.603174603174603, "fig_size_poster": 0.8976261127596439}, "13": {"fig_size": 52724, "fig_aspectRatio": 5.489795918367347, "fig_size_poster": 0.798219584569733}, "14": {"fig_size": 29890, "fig_aspectRatio": 2.0081967213114753, "fig_size_poster": 0.36350148367952523}, "textRatio": 0.21212121212121213, "figRatio": 0.3750180931490987}, "16": {"xy": [1488, 256, 655, 841], "panel_size": 550855, "panel_aspectRatio": 0.7788347205707491, "category": "Result", "figures": 3, "textlen": 63, "fig_size": 201549, "title": "", "17": {"fig_size": 96534, "fig_aspectRatio": 2.7903225806451615, "fig_size_poster": 0.7923664122137405}, "18": {"fig_size": 71103, "fig_aspectRatio": 3.7883211678832116, "fig_size_poster": 0.7923664122137405}, "19": {"fig_size": 33912, "fig_aspectRatio": 1.375796178343949, "fig_size_poster": 0.3297709923664122}, "textRatio": 0.19090909090909092, "figRatio": 0.3740160110451716}, "20": {"xy": [1488, 1117, 631, 192], "panel_size": 121152, "panel_aspectRatio": 3.2864583333333335, "category": "Discussion", "figures": 0, "textlen": 25, "fig_size": 0, "title": "Next Steps", "textRatio": 0.07575757575757576, "figRatio": 0.0}}}