{"poster_size": 8957952, "doclen": 1108, "figlen": 1889559, "section": {"1": {"xy": [1253, 24, 967, 79], "panel_size": 76393, "panel_aspectRatio": 12.240506329113924, "category": "Title", "figures": 0, "textlen": 0, "fig_size": 0, "title": "Electric Guitar Pickups Recognition", "textRatio": 0.0, "figRatio": 0.0}, "2": {"xy": [43, 207, 879, 261], "panel_size": 229419, "panel_aspectRatio": 3.367816091954023, "category": "Introduction", "figures": 0, "textlen": 17, "fig_size": 0, "title": "Objective", "textRatio": 0.015342960288808664, "figRatio": 0.0}, "4": {"xy": [31, 478, 838, 2084], "panel_size": 1746392, "panel_aspectRatio": 0.4021113243761996, "category": "Method", "figures": 3, "textlen": 269, "fig_size": 377133, "title": "Data Extraction", "6": {"fig_size": 210105, "fig_aspectRatio": 2.1174603174603175, "fig_size_poster": 0.7959427207637232}, "9": {"fig_size": 88236, "fig_aspectRatio": 3.017543859649123, "fig_size_poster": 0.6157517899761337}, "10": {"fig_size": 78792, "fig_aspectRatio": 2.7916666666666665, "fig_size_poster": 0.5596658711217184}, "textRatio": 0.2427797833935018, "figRatio": 0.19958784033734855}, "13": {"xy": [949, 207, 741, 975], "panel_size": 722475, "panel_aspectRatio": 0.76, "category": "Method", "figures": 2, "textlen": 13, "fig_size": 419101, "title": "Data Extraction", "14": {"fig_size": 198100, "fig_aspectRatio": 1.6171428571428572, "fig_size_poster": 0.7638326585695007}, "16": {"fig_size": 221001, "fig_aspectRatio": 1.3341523341523343, "fig_size_poster": 0.7327935222672065}, "textRatio": 0.011732851985559567, "figRatio": 0.22179831378644435}, "18": {"xy": [888, 1189, 829, 1343], "panel_size": 1113347, "panel_aspectRatio": 0.6172747580044676, "category": "Result", "figures": 4, "textlen": 167, "fig_size": 357451, "title": "SVM", "20": {"fig_size": 85425, "fig_aspectRatio": 1.3137254901960784, "fig_size_poster": 0.4041013268998794}, "22": {"fig_size": 85750, "fig_aspectRatio": 1.372, "fig_size_poster": 0.413751507840772}, "24": {"fig_size": 86526, "fig_aspectRatio": 1.3517786561264822, "fig_size_poster": 0.41254523522316044}, "26": {"fig_size": 99750, "fig_aspectRatio": 1.4097744360902256, "fig_size_poster": 0.45235223160434257}, "textRatio": 0.15072202166064982, "figRatio": 0.1891716532799452}, "28": {"xy": [1721, 203, 826, 1394], "panel_size": 1151444, "panel_aspectRatio": 0.5925394548063128, "category": "Result", "figures": 3, "textlen": 204, "fig_size": 334852, "title": "SVM", "30": {"fig_size": 85932, "fig_aspectRatio": 1.3531746031746033, "fig_size_poster": 0.4128329297820823}, "32": {"fig_size": 84992, "fig_aspectRatio": 1.296875, "fig_size_poster": 0.4019370460048426}, "36": {"fig_size": 163928, "fig_aspectRatio": 2.6653225806451615, "fig_size_poster": 0.8002421307506054}, "textRatio": 0.18411552346570398, "figRatio": 0.17721171977165043}, "37": {"xy": [1730, 1610, 825, 917], "panel_size": 756525, "panel_aspectRatio": 0.8996728462377317, "category": "Result", "figures": 1, "textlen": 186, "fig_size": 27426, "title": "Bayesian Network", "39": {"fig_size": 27426, "fig_aspectRatio": 15.547619047619047, "fig_size_poster": 0.7915151515151515}, "textRatio": 0.16787003610108303, "figRatio": 0.014514497827270807}, "41": {"xy": [2568, 200, 864, 1485], "panel_size": 1283040, "panel_aspectRatio": 0.5818181818181818, "category": "Result", "figures": 3, "textlen": 173, "fig_size": 373596, "title": "Bayesian Network", "43": {"fig_size": 30855, "fig_aspectRatio": 10.2, "fig_size_poster": 0.6493055555555556}, "45": {"fig_size": 213476, "fig_aspectRatio": 1.9367469879518073, "fig_size_poster": 0.7442129629629629}, "48": {"fig_size": 129265, "fig_aspectRatio": 2.051792828685259, "fig_size_poster": 0.5960648148148148}, "textRatio": 0.15613718411552346, "figRatio": 0.19771597499734064}, "50": {"xy": [2572, 1695, 867, 400], "panel_size": 346800, "panel_aspectRatio": 2.1675, "category": "Discussion", "figures": 0, "textlen": 79, "fig_size": 0, "title": "Conclusion", "textRatio": 0.07129963898916968, "figRatio": 0.0}}}