{"poster_size": 291600, "doclen": 452, "figlen": 40247, "section": {"1": {"xy": [122, 5, 471, 26], "panel_size": 12246, "panel_aspectRatio": 18.115384615384617, "category": "Title", "figures": 0, "textlen": 0, "fig_size": 0, "title": "Predicting Thorax Disease with NIH Chest X-Ray", "textRatio": 0.0, "figRatio": 0.0}, "2": {"xy": [4, 76, 183, 119], "panel_size": 21777, "panel_aspectRatio": 1.5378151260504203, "category": "Introduction", "figures": 0, "textlen": 66, "fig_size": 0, "title": "Background", "textRatio": 0.14601769911504425, "figRatio": 0.0}, "5": {"xy": [3, 198, 185, 102], "panel_size": 18870, "panel_aspectRatio": 1.8137254901960784, "category": "Method", "figures": 0, "textlen": 56, "fig_size": 0, "title": "Problem Statement", "textRatio": 0.12389380530973451, "figRatio": 0.0}, "7": {"xy": [4, 302, 188, 101], "panel_size": 18988, "panel_aspectRatio": 1.8613861386138615, "category": "Method", "figures": 0, "textlen": 64, "fig_size": 0, "title": "Datasets", "textRatio": 0.1415929203539823, "figRatio": 0.0}, "9": {"xy": [192, 74, 527, 149], "panel_size": 78523, "panel_aspectRatio": 3.5369127516778525, "category": "Method", "figures": 1, "textlen": 190, "fig_size": 16695, "title": "Methods", "11": {"fig_size": 16695, "fig_aspectRatio": 1.5142857142857142, "fig_size_poster": 0.301707779886148}, "textRatio": 0.42035398230088494, "figRatio": 0.4148135264740229}, "13": {"xy": [192, 225, 527, 61], "panel_size": 32147, "panel_aspectRatio": 8.639344262295081, "category": "Result", "figures": 1, "textlen": 0, "fig_size": 23552, "title": "Experimental Evaluation and Findings", "14": {"fig_size": 23552, "fig_aspectRatio": 11.130434782608695, "fig_size_poster": 0.9715370018975332}, "textRatio": 0.0, "figRatio": 0.5851864735259771}, "15": {"xy": [199, 287, 520, 77], "panel_size": 40040, "panel_aspectRatio": 6.753246753246753, "category": "Discussion", "figures": 0, "textlen": 76, "fig_size": 0, "title": "Conclusiona and Future Directions", "textRatio": 0.168141592920354, "figRatio": 0.0}}}