{"poster_size": 4476384, "doclen": 345, "figlen": 1042993, "section": {"1": {"xy": [401, 31, 897, 154], "panel_size": 138138, "panel_aspectRatio": 5.824675324675325, "category": "Title", "figures": 0, "textlen": 0, "fig_size": 0, "title": "New Method of Deriving IDF Curve & Analyze Rainfall Intensity", "textRatio": 0.0, "figRatio": 0.0}, "2": {"xy": [47, 303, 777, 326], "panel_size": 253302, "panel_aspectRatio": 2.3834355828220857, "category": "Introduction", "figures": 0, "textlen": 51, "fig_size": 0, "title": "IDF Curve?", "textRatio": 0.14782608695652175, "figRatio": 0.0}, "4": {"xy": [48, 657, 776, 710], "panel_size": 550960, "panel_aspectRatio": 1.0929577464788733, "category": "Introduction", "figures": 6, "textlen": 58, "fig_size": 50292, "title": "Existing Methods to Derive Rainfall Intensity.", "6": {"fig_size": 5060, "fig_aspectRatio": 1.6727272727272726, "fig_size_poster": 0.11855670103092783}, "7": {"fig_size": 4050, "fig_aspectRatio": 1.62, "fig_size_poster": 0.10438144329896908}, "8": {"fig_size": 4800, "fig_aspectRatio": 2.0833333333333335, "fig_size_poster": 0.12886597938144329}, "9": {"fig_size": 7605, "fig_aspectRatio": 5.0, "fig_size_poster": 0.25128865979381443}, "10": {"fig_size": 3927, "fig_aspectRatio": 1.5098039215686274, "fig_size_poster": 0.09922680412371133}, "17": {"fig_size": 24850, "fig_aspectRatio": 5.071428571428571, "fig_size_poster": 0.4574742268041237}, "textRatio": 0.1681159420289855, "figRatio": 0.048218923808692866}, "19": {"xy": [41, 1387, 791, 1119], "panel_size": 885129, "panel_aspectRatio": 0.7068811438784629, "category": "Method", "figures": 2, "textlen": 84, "fig_size": 419052, "title": "Hydrological Frequency Analysis & Derive IDF Curve", "21": {"fig_size": 301552, "fig_aspectRatio": 1.8753117206982544, "fig_size_poster": 0.9506953223767383}, "23": {"fig_size": 117500, "fig_aspectRatio": 2.127659574468085, "fig_size_poster": 0.6321112515802781}, "textRatio": 0.24347826086956523, "figRatio": 0.40177834367057114}, "25": {"xy": [860, 321, 692, 702], "panel_size": 485784, "panel_aspectRatio": 0.9857549857549858, "category": "Method", "figures": 5, "textlen": 28, "fig_size": 173081, "title": "Hydrological Frequency Analysis & Derive IDF Curve", "27": {"fig_size": 68632, "fig_aspectRatio": 2.027173913043478, "fig_size_poster": 0.5390173410404624}, "29": {"fig_size": 58201, "fig_aspectRatio": 3.975206611570248, "fig_size_poster": 0.6950867052023122}, "31": {"fig_size": 16920, "fig_aspectRatio": 4.7, "fig_size_poster": 0.407514450867052}, "34": {"fig_size": 13728, "fig_aspectRatio": 7.090909090909091, "fig_size_poster": 0.4508670520231214}, "36": {"fig_size": 15600, "fig_aspectRatio": 4.333333333333333, "fig_size_poster": 0.37572254335260113}, "textRatio": 0.08115942028985507, "figRatio": 0.16594646368671698}, "37": {"xy": [860, 1032, 792, 879], "panel_size": 696168, "panel_aspectRatio": 0.9010238907849829, "category": "Result", "figures": 1, "textlen": 41, "fig_size": 400568, "title": "Derived IDF Curves by 2 Regions Rainfall Data", "38": {"fig_size": 400568, "fig_aspectRatio": 0.9658385093167702, "fig_size_poster": 0.7853535353535354}, "textRatio": 0.11884057971014493, "figRatio": 0.384056268834019}, "41": {"xy": [861, 1935, 796, 309], "panel_size": 245964, "panel_aspectRatio": 2.576051779935275, "category": "Discussion", "figures": 0, "textlen": 53, "fig_size": 0, "title": "Comparing With Previous Methods", "textRatio": 0.1536231884057971, "figRatio": 0.0}, "43": {"xy": [860, 2254, 793, 185], "panel_size": 146705, "panel_aspectRatio": 4.286486486486487, "category": "Discussion", "figures": 0, "textlen": 30, "fig_size": 0, "title": "Future Work", "textRatio": 0.08695652173913043, "figRatio": 0.0}}}