{"poster_size": 8036464, "doclen": 434, "figlen": 2441234, "section": {"1": {"xy": [1061, 5, 1235, 132], "panel_size": 163020, "panel_aspectRatio": 9.356060606060606, "category": "Title", "figures": 0, "textlen": 0, "fig_size": 0, "title": "Plant Leaf Recognition", "textRatio": 0.0, "figRatio": 0.0}, "2": {"xy": [39, 267, 822, 520], "panel_size": 427440, "panel_aspectRatio": 1.5807692307692307, "category": "Introduction", "figures": 3, "textlen": 31, "fig_size": 87524, "title": "Problem", "4": {"fig_size": 27864, "fig_aspectRatio": 1.0617283950617284, "fig_size_poster": 0.20924574209245742}, "5": {"fig_size": 27060, "fig_aspectRatio": 1.0060975609756098, "fig_size_poster": 0.20072992700729927}, "6": {"fig_size": 32600, "fig_aspectRatio": 1.2269938650306749, "fig_size_poster": 0.24330900243309003}, "textRatio": 0.07142857142857142, "figRatio": 0.035852359913060364}, "7": {"xy": [40, 798, 823, 1543], "panel_size": 1269889, "panel_aspectRatio": 0.5333765392093325, "category": "Method", "figures": 2, "textlen": 94, "fig_size": 336150, "title": "Method", "8": {"fig_size": 161046, "fig_aspectRatio": 3.758454106280193, "fig_size_poster": 0.945321992709599}, "10": {"fig_size": 175104, "fig_aspectRatio": 3.3684210526315788, "fig_size_poster": 0.9331713244228432}, "textRatio": 0.21658986175115208, "figRatio": 0.1376967550017737}, "11": {"xy": [865, 266, 1656, 644], "panel_size": 1066464, "panel_aspectRatio": 2.5714285714285716, "category": "Result", "figures": 2, "textlen": 0, "fig_size": 728472, "title": "Experimental Results", "12": {"fig_size": 342900, "fig_aspectRatio": 1.6933333333333334, "fig_size_poster": 0.4601449275362319}, "13": {"fig_size": 385572, "fig_aspectRatio": 1.5059288537549407, "fig_size_poster": 0.4601449275362319}, "textRatio": 0.0, "figRatio": 0.29840318461892634}, "14": {"xy": [873, 932, 1638, 1410], "panel_size": 2309580, "panel_aspectRatio": 1.1617021276595745, "category": "Method", "figures": 1, "textlen": 152, "fig_size": 1200000, "title": "Transfer Learning - ConvNet", "16": {"fig_size": 1200000, "fig_aspectRatio": 2.1333333333333333, "fig_size_poster": 0.9768009768009768}, "textRatio": 0.35023041474654376, "figRatio": 0.49155468095233806}, "18": {"xy": [2529, 260, 822, 610], "panel_size": 501420, "panel_aspectRatio": 1.3475409836065573, "category": "Method", "figures": 1, "textlen": 40, "fig_size": 89088, "title": "Dataset", "20": {"fig_size": 89088, "fig_aspectRatio": 5.4375, "fig_size_poster": 0.8467153284671532}, "textRatio": 0.09216589861751152, "figRatio": 0.036493019513901576}, "21": {"xy": [2545, 904, 808, 920], "panel_size": 743360, "panel_aspectRatio": 0.8782608695652174, "category": "Discussion", "figures": 0, "textlen": 87, "fig_size": 0, "title": "Discussions", "textRatio": 0.20046082949308755, "figRatio": 0.0}, "23": {"xy": [2531, 1852, 812, 502], "panel_size": 407624, "panel_aspectRatio": 1.6175298804780875, "category": "Discussion", "figures": 0, "textlen": 30, "fig_size": 0, "title": "Future Works", "textRatio": 0.06912442396313365, "figRatio": 0.0}}}