{"poster_size": 4478976, "doclen": 607, "figlen": 801732, "section": {"1": {"xy": [262, 14, 2224, 205], "panel_size": 455920, "panel_aspectRatio": 10.848780487804879, "category": "Title", "figures": 0, "textlen": 7, "fig_size": 0, "title": "Modeling Approaches for Time Series Forecasting and Anomaly Detection", "textRatio": 0.011532125205930808, "figRatio": 0.0}, "3": {"xy": [29, 258, 815, 257], "panel_size": 209455, "panel_aspectRatio": 3.1712062256809337, "category": "Introduction", "figures": 0, "textlen": 51, "fig_size": 0, "title": "Background", "textRatio": 0.08401976935749589, "figRatio": 0.0}, "5": {"xy": [40, 538, 800, 448], "panel_size": 358400, "panel_aspectRatio": 1.7857142857142858, "category": "Introduction", "figures": 0, "textlen": 118, "fig_size": 0, "title": "Problem Statement", "textRatio": 0.19439868204283361, "figRatio": 0.0}, "7": {"xy": [42, 1019, 802, 627], "panel_size": 502854, "panel_aspectRatio": 1.2791068580542264, "category": "Introduction", "figures": 1, "textlen": 128, "fig_size": 142450, "title": "Datasets", "9": {"fig_size": 142450, "fig_aspectRatio": 1.0405405405405406, "fig_size_poster": 0.4800498753117207}, "textRatio": 0.21087314662273476, "figRatio": 0.177677827503455}, "11": {"xy": [868, 258, 844, 274], "panel_size": 231256, "panel_aspectRatio": 3.0802919708029197, "category": "Method", "figures": 0, "textlen": 53, "fig_size": 0, "title": "Models-KNN", "textRatio": 0.08731466227347612, "figRatio": 0.0}, "13": {"xy": [866, 556, 856, 507], "panel_size": 433992, "panel_aspectRatio": 1.6883629191321499, "category": "Method", "figures": 0, "textlen": 88, "fig_size": 0, "title": "Models-LSTM", "textRatio": 0.14497528830313014, "figRatio": 0.0}, "15": {"xy": [866, 1086, 858, 555], "panel_size": 476190, "panel_aspectRatio": 1.545945945945946, "category": "Method", "figures": 2, "textlen": 73, "fig_size": 205902, "title": "Models-Seq2seq CNN", "18": {"fig_size": 128205, "fig_aspectRatio": 1.9111969111969112, "fig_size_poster": 0.5769230769230769}, "20": {"fig_size": 77697, "fig_aspectRatio": 1.0898876404494382, "fig_size_poster": 0.33916083916083917}, "textRatio": 0.12026359143327842, "figRatio": 0.2568214814925686}, "22": {"xy": [1736, 254, 818, 786], "panel_size": 642948, "panel_aspectRatio": 1.0407124681933841, "category": "Result", "figures": 2, "textlen": 20, "fig_size": 453380, "title": "Results and Discussion", "24": {"fig_size": 365240, "fig_aspectRatio": 1.7260869565217392, "fig_size_poster": 0.9706601466992665}, "27": {"fig_size": 88140, "fig_aspectRatio": 6.902654867256637, "fig_size_poster": 0.9535452322738386}, "textRatio": 0.032948929159802305, "figRatio": 0.5655006910039764}, "28": {"xy": [1743, 1071, 799, 570], "panel_size": 455430, "panel_aspectRatio": 1.4017543859649122, "category": "Discussion", "figures": 0, "textlen": 69, "fig_size": 0, "title": "Conclusions and Future Work", "textRatio": 0.11367380560131796, "figRatio": 0.0}}}