{"poster_size": 4478976, "doclen": 280, "figlen": 1187675, "section": {"1": {"xy": [533, 16, 1712, 81], "panel_size": 138672, "panel_aspectRatio": 21.135802469135804, "category": "Title", "figures": 0, "textlen": 0, "fig_size": 0, "title": "Evaluating Current Machine Learning Techniques On Predicting Chaotic Systems", "textRatio": 0.0, "figRatio": 0.0}, "2": {"xy": [22, 330, 545, 537], "panel_size": 292665, "panel_aspectRatio": 1.0148975791433892, "category": "Introduction", "figures": 0, "textlen": 61, "fig_size": 0, "title": "Objective", "textRatio": 0.21785714285714286, "figRatio": 0.0}, "4": {"xy": [28, 879, 536, 842], "panel_size": 451312, "panel_aspectRatio": 0.6365795724465558, "category": "Introduction", "figures": 1, "textlen": 38, "fig_size": 191619, "title": "Double Pendulum Background", "6": {"fig_size": 191619, "fig_aspectRatio": 0.9337748344370861, "fig_size_poster": 0.789179104477612}, "textRatio": 0.1357142857142857, "figRatio": 0.16133959206011744}, "7": {"xy": [658, 320, 639, 569], "panel_size": 363591, "panel_aspectRatio": 1.1230228471001757, "category": "Introduction", "figures": 0, "textlen": 73, "fig_size": 0, "title": "Data and Data Processing", "textRatio": 0.26071428571428573, "figRatio": 0.0}, "9": {"xy": [667, 894, 627, 828], "panel_size": 519156, "panel_aspectRatio": 0.7572463768115942, "category": "Method", "figures": 4, "textlen": 0, "fig_size": 349711, "title": "Models", "10": {"fig_size": 76725, "fig_aspectRatio": 3.193548387096774, "fig_size_poster": 0.7894736842105263}, "11": {"fig_size": 48140, "fig_aspectRatio": 2.2896551724137932, "fig_size_poster": 0.529505582137161}, "12": {"fig_size": 109214, "fig_aspectRatio": 2.6502463054187193, "fig_size_poster": 0.8580542264752791}, "13": {"fig_size": 115632, "fig_aspectRatio": 2.410958904109589, "fig_size_poster": 0.8421052631578947}, "textRatio": 0.0, "figRatio": 0.29445008104068876}, "14": {"xy": [1317, 316, 628, 1409], "panel_size": 884852, "panel_aspectRatio": 0.44570617459190914, "category": "Result", "figures": 4, "textlen": 0, "fig_size": 646345, "title": "Results", "15": {"fig_size": 192055, "fig_aspectRatio": 1.523943661971831, "fig_size_poster": 0.8614649681528662}, "16": {"fig_size": 185110, "fig_aspectRatio": 1.546242774566474, "fig_size_poster": 0.8519108280254777}, "17": {"fig_size": 174460, "fig_aspectRatio": 1.8754098360655738, "fig_size_poster": 0.910828025477707}, "18": {"fig_size": 94720, "fig_aspectRatio": 1.4453125, "fig_size_poster": 0.589171974522293}, "textRatio": 0.0, "figRatio": 0.5442103268991938}, "19": {"xy": [1975, 320, 598, 666], "panel_size": 398268, "panel_aspectRatio": 0.8978978978978979, "category": "Discussion", "figures": 0, "textlen": 82, "fig_size": 0, "title": "Discussion", "textRatio": 0.29285714285714287, "figRatio": 0.0}, "21": {"xy": [2023, 992, 534, 364], "panel_size": 194376, "panel_aspectRatio": 1.467032967032967, "category": "Discussion", "figures": 0, "textlen": 26, "fig_size": 0, "title": "Future Work", "textRatio": 0.09285714285714286, "figRatio": 0.0}}}