{"poster_size": 3665655, "doclen": 717, "figlen": 1047257, "section": {"1": {"xy": [240, 21, 1684, 70], "panel_size": 117880, "panel_aspectRatio": 24.057142857142857, "category": "Title", "figures": 0, "textlen": 0, "fig_size": 0, "title": "Commercial Building Electricity Load Forecasting using ARIMA and Linear Regression", "textRatio": 0.0, "figRatio": 0.0}, "2": {"xy": [16, 191, 674, 458], "panel_size": 308692, "panel_aspectRatio": 1.4716157205240175, "category": "Introduction", "figures": 0, "textlen": 203, "fig_size": 0, "title": "Problem Statement and Data Processing", "textRatio": 0.28312412831241285, "figRatio": 0.0}, "3": {"xy": [15, 654, 676, 1032], "panel_size": 697632, "panel_aspectRatio": 0.6550387596899225, "category": "Method", "figures": 3, "textlen": 335, "fig_size": 161299, "title": "Methodology", "11": {"fig_size": 12300, "fig_aspectRatio": 4.92, "fig_size_poster": 0.363905325443787}, "13": {"fig_size": 73112, "fig_aspectRatio": 1.1983805668016194, "fig_size_poster": 0.4378698224852071}, "14": {"fig_size": 75887, "fig_aspectRatio": 1.1312741312741312, "fig_size_poster": 0.4334319526627219}, "textRatio": 0.46722454672245467, "figRatio": 0.15402045534190748}, "4": {"xy": [701, 188, 859, 944], "panel_size": 810896, "panel_aspectRatio": 0.909957627118644, "category": "Result", "figures": 3, "textlen": 0, "fig_size": 352380, "title": "ARIMA Results", "16": {"fig_size": 117177, "fig_aspectRatio": 1.4839857651245552, "fig_size_poster": 0.48544819557625146}, "17": {"fig_size": 116340, "fig_aspectRatio": 1.516245487364621, "fig_size_poster": 0.4889406286379511}, "18": {"fig_size": 118863, "fig_aspectRatio": 1.5053380782918149, "fig_size_poster": 0.49243306169965073}, "textRatio": 0.0, "figRatio": 0.33647901136015324}, "5": {"xy": [700, 1136, 861, 552], "panel_size": 475272, "panel_aspectRatio": 1.559782608695652, "category": "Result", "figures": 1, "textlen": 0, "fig_size": 229425, "title": "Linear Regression Results", "19": {"fig_size": 229425, "fig_aspectRatio": 1.4411027568922306, "fig_size_poster": 0.667828106852497}, "textRatio": 0.0, "figRatio": 0.21907230030450978}, "7": {"xy": [1567, 186, 573, 680], "panel_size": 389640, "panel_aspectRatio": 0.8426470588235294, "category": "Result", "figures": 2, "textlen": 0, "fig_size": 304153, "title": "Scenarios and Comparison", "20": {"fig_size": 167445, "fig_aspectRatio": 1.8, "fig_size_poster": 0.9581151832460733}, "21": {"fig_size": 136708, "fig_aspectRatio": 1.6713286713286712, "fig_size_poster": 0.8342059336823735}, "textRatio": 0.0, "figRatio": 0.2904282329934295}, "8": {"xy": [1567, 869, 578, 410], "panel_size": 236980, "panel_aspectRatio": 1.4097560975609755, "category": "Discussion", "figures": 0, "textlen": 179, "fig_size": 0, "title": "Future Works", "textRatio": 0.2496513249651325, "figRatio": 0.0}}}