{"poster_size": 4478976, "doclen": 292, "figlen": 1359758, "section": {"1": {"xy": [371, 30, 1852, 71], "panel_size": 131492, "panel_aspectRatio": 26.08450704225352, "category": "Title", "figures": 0, "textlen": 0, "fig_size": 0, "title": "Clustering Bach Chorales: Insights into SATB and Bach's Style", "textRatio": 0.0, "figRatio": 0.0}, "2": {"xy": [54, 214, 797, 233], "panel_size": 185701, "panel_aspectRatio": 3.4206008583690988, "category": "Introduction", "figures": 0, "textlen": 32, "fig_size": 0, "title": "Goals", "textRatio": 0.1095890410958904, "figRatio": 0.0}, "4": {"xy": [52, 460, 826, 1242], "panel_size": 1025892, "panel_aspectRatio": 0.6650563607085346, "category": "Method", "figures": 2, "textlen": 98, "fig_size": 201304, "title": "Methodology", "5": {"fig_size": 166410, "fig_aspectRatio": 3.6, "fig_size_poster": 0.937046004842615}, "7": {"fig_size": 34894, "fig_aspectRatio": 1.6369863013698631, "fig_size_poster": 0.28934624697336564}, "textRatio": 0.3356164383561644, "figRatio": 0.14804399018060566}, "9": {"xy": [891, 210, 806, 787], "panel_size": 634322, "panel_aspectRatio": 1.0241423125794156, "category": "Result", "figures": 2, "textlen": 15, "fig_size": 358088, "title": "Clustering Voices", "11": {"fig_size": 262592, "fig_aspectRatio": 1.8873994638069704, "fig_size_poster": 0.8734491315136477}, "12": {"fig_size": 95496, "fig_aspectRatio": 3.1907514450867054, "fig_size_poster": 0.684863523573201}, "textRatio": 0.05136986301369863, "figRatio": 0.26334686025013276}, "14": {"xy": [906, 1015, 806, 636], "panel_size": 512616, "panel_aspectRatio": 1.2672955974842768, "category": "Result", "figures": 1, "textlen": 72, "fig_size": 72118, "title": "Voice Prediction", "16": {"fig_size": 72118, "fig_aspectRatio": 6.299065420560748, "fig_size_poster": 0.8362282878411911}, "textRatio": 0.2465753424657534, "figRatio": 0.053037378710035166}, "18": {"xy": [1727, 212, 819, 1140], "panel_size": 933660, "panel_aspectRatio": 0.718421052631579, "category": "Result", "figures": 4, "textlen": 31, "fig_size": 728248, "title": "Clustering Chorales", "19": {"fig_size": 329872, "fig_aspectRatio": 1.8349056603773586, "fig_size_poster": 0.9499389499389499}, "20": {"fig_size": 245700, "fig_aspectRatio": 2.3261538461538462, "fig_size_poster": 0.9230769230769231}, "21": {"fig_size": 102051, "fig_aspectRatio": 1.4980842911877394, "fig_size_poster": 0.47741147741147744}, "23": {"fig_size": 50625, "fig_aspectRatio": 2.7777777777777777, "fig_size_poster": 0.45787545787545786}, "textRatio": 0.10616438356164383, "figRatio": 0.5355717708592265}, "24": {"xy": [1745, 1365, 806, 326], "panel_size": 262756, "panel_aspectRatio": 2.4723926380368098, "category": "Discussion", "figures": 0, "textlen": 44, "fig_size": 0, "title": "Future Work", "textRatio": 0.1506849315068493, "figRatio": 0.0}}}