{"poster_size": 4478976, "doclen": 380, "figlen": 1319430, "section": {"1": {"xy": [543, 47, 1504, 90], "panel_size": 135360, "panel_aspectRatio": 16.711111111111112, "category": "Title", "figures": 0, "textlen": 0, "fig_size": 0, "title": "Earthquake-Induced Structural Damage Classifier", "textRatio": 0.0, "figRatio": 0.0}, "2": {"xy": [75, 299, 577, 509], "panel_size": 293693, "panel_aspectRatio": 1.1335952848722985, "category": "Introduction", "figures": 0, "textlen": 85, "fig_size": 0, "title": "Motivation", "textRatio": 0.2236842105263158, "figRatio": 0.0}, "4": {"xy": [80, 812, 572, 851], "panel_size": 486772, "panel_aspectRatio": 0.6721504112808461, "category": "Method", "figures": 2, "textlen": 66, "fig_size": 186452, "title": "Data Extraction", "5": {"fig_size": 51522, "fig_aspectRatio": 5.956989247311828, "fig_size_poster": 0.9685314685314685}, "6": {"fig_size": 134930, "fig_aspectRatio": 1.965648854961832, "fig_size_poster": 0.9003496503496503}, "textRatio": 0.1736842105263158, "figRatio": 0.1413125364740835}, "9": {"xy": [699, 286, 1222, 1374], "panel_size": 1679028, "panel_aspectRatio": 0.8893740902474527, "category": "Method", "figures": 5, "textlen": 104, "fig_size": 952374, "title": "Damage State Classification Algorithm", "10": {"fig_size": 145908, "fig_aspectRatio": 2.2976190476190474, "fig_size_poster": 0.47381342062193127}, "11": {"fig_size": 374861, "fig_aspectRatio": 0.8276374442793462, "fig_size_poster": 0.455810147299509}, "12": {"fig_size": 153546, "fig_aspectRatio": 1.4447852760736197, "fig_size_poster": 0.38543371522094927}, "13": {"fig_size": 175015, "fig_aspectRatio": 1.388732394366197, "fig_size_poster": 0.4034369885433715}, "14": {"fig_size": 103044, "fig_aspectRatio": 2.978494623655914, "fig_size_poster": 0.4533551554828151}, "textRatio": 0.2736842105263158, "figRatio": 0.7218071439939974}, "22": {"xy": [1963, 299, 560, 594], "panel_size": 332640, "panel_aspectRatio": 0.9427609427609428, "category": "Result", "figures": 0, "textlen": 86, "fig_size": 0, "title": "Conclusion", "textRatio": 0.22631578947368422, "figRatio": 0.0}, "24": {"xy": [1945, 908, 567, 745], "panel_size": 422415, "panel_aspectRatio": 0.7610738255033557, "category": "Discussion", "figures": 1, "textlen": 39, "fig_size": 180604, "title": "Future Work", "25": {"fig_size": 180604, "fig_aspectRatio": 1.6993865030674846, "fig_size_poster": 0.9770723104056437}, "textRatio": 0.10263157894736842, "figRatio": 0.1368803195319191}}}