{"poster_size": 3110400, "doclen": 348, "figlen": 857364, "section": {"1": {"xy": [90, 100, 1977, 58], "panel_size": 114666, "panel_aspectRatio": 34.08620689655172, "category": "Introduction", "figures": 0, "textlen": 0, "fig_size": 0, "title": "Realty Mogul: Real Estate Price Prediction with Regression and Classification", "textRatio": 0.0, "figRatio": 0.0}, "2": {"xy": [94, 247, 528, 458], "panel_size": 241824, "panel_aspectRatio": 1.1528384279475983, "category": "Introduction", "figures": 0, "textlen": 71, "fig_size": 0, "title": "Motivation", "textRatio": 0.20402298850574713, "figRatio": 0.0}, "4": {"xy": [88, 711, 525, 666], "panel_size": 349650, "panel_aspectRatio": 0.7882882882882883, "category": "Introduction", "figures": 0, "textlen": 77, "fig_size": 0, "title": "Data and Features", "textRatio": 0.22126436781609196, "figRatio": 0.0}, "5": {"xy": [626, 254, 929, 617], "panel_size": 573193, "panel_aspectRatio": 1.505672609400324, "category": "Method", "figures": 3, "textlen": 0, "fig_size": 471068, "title": "Models", "6": {"fig_size": 259380, "fig_aspectRatio": 0.9446564885496184, "fig_size_poster": 0.5328310010764262}, "7": {"fig_size": 92800, "fig_aspectRatio": 1.7241379310344827, "fig_size_poster": 0.43057050592034446}, "8": {"fig_size": 118888, "fig_aspectRatio": 1.2532467532467533, "fig_size_poster": 0.4155005382131324}, "textRatio": 0.0, "figRatio": 0.5494375784380963}, "9": {"xy": [621, 875, 934, 489], "panel_size": 456726, "panel_aspectRatio": 1.9100204498977504, "category": "Result", "figures": 1, "textlen": 0, "fig_size": 386296, "title": "Results", "10": {"fig_size": 386296, "fig_aspectRatio": 2.032110091743119, "fig_size_poster": 0.9486081370449678}, "textRatio": 0.0, "figRatio": 0.4505624215619037}, "12": {"xy": [1568, 238, 507, 817], "panel_size": 414219, "panel_aspectRatio": 0.620563035495716, "category": "Discussion", "figures": 0, "textlen": 154, "fig_size": 0, "title": "Discussion", "textRatio": 0.4425287356321839, "figRatio": 0.0}, "14": {"xy": [1574, 1057, 497, 309], "panel_size": 153573, "panel_aspectRatio": 1.6084142394822007, "category": "Discussion", "figures": 0, "textlen": 46, "fig_size": 0, "title": "Future", "textRatio": 0.13218390804597702, "figRatio": 0.0}}}