{"poster_size": 3110400, "doclen": 576, "figlen": 311966, "section": {"1": {"xy": [308, 50, 1549, 283], "panel_size": 438367, "panel_aspectRatio": 5.4734982332155475, "category": "Title", "figures": 0, "textlen": 10, "fig_size": 0, "title": "CB;DR Clickbait Detection using Parallel Neural Networks", "textRatio": 0.017361111111111112, "figRatio": 0.0}, "3": {"xy": [52, 364, 499, 374], "panel_size": 186626, "panel_aspectRatio": 1.3342245989304813, "category": "Introduction", "figures": 0, "textlen": 74, "fig_size": 0, "title": "PROBLEM", "textRatio": 0.1284722222222222, "figRatio": 0.0}, "5": {"xy": [48, 747, 503, 361], "panel_size": 181583, "panel_aspectRatio": 1.3933518005540166, "category": "Method", "figures": 1, "textlen": 71, "fig_size": 9359, "title": "TF-IDF", "10": {"fig_size": 9359, "fig_aspectRatio": 3.8979591836734695, "fig_size_poster": 0.3797216699801193}, "textRatio": 0.1232638888888889, "figRatio": 0.0300000641095504}, "14": {"xy": [52, 1113, 507, 318], "panel_size": 161226, "panel_aspectRatio": 1.5943396226415094, "category": "Method", "figures": 0, "textlen": 62, "fig_size": 0, "title": "GloVe\n", "textRatio": 0.1076388888888889, "figRatio": 0.0}, "16": {"xy": [582, 363, 555, 287], "panel_size": 159285, "panel_aspectRatio": 1.9337979094076656, "category": "Introduction", "figures": 0, "textlen": 57, "fig_size": 0, "title": "DATA", "textRatio": 0.09895833333333333, "figRatio": 0.0}, "18": {"xy": [574, 669, 562, 465], "panel_size": 261330, "panel_aspectRatio": 1.2086021505376343, "category": "Method", "figures": 1, "textlen": 65, "fig_size": 99180, "title": "MODEL ARCHITECTURE", "20": {"fig_size": 99180, "fig_aspectRatio": 0.6868421052631579, "fig_size_poster": 0.46441281138790036}, "textRatio": 0.11284722222222222, "figRatio": 0.31791926043222657}, "21": {"xy": [580, 1154, 556, 274], "panel_size": 152344, "panel_aspectRatio": 2.0291970802919708, "category": "Method", "figures": 0, "textlen": 45, "fig_size": 0, "title": "FUTURE WORK", "textRatio": 0.078125, "figRatio": 0.0}, "23": {"xy": [1170, 355, 963, 198], "panel_size": 190674, "panel_aspectRatio": 4.863636363636363, "category": "Method", "figures": 1, "textlen": 64, "fig_size": 22914, "title": "BASELINES\n", "25": {"fig_size": 22914, "fig_aspectRatio": 1.763157894736842, "fig_size_poster": 0.2087227414330218}, "textRatio": 0.1111111111111111, "figRatio": 0.0734503118929627}, "26": {"xy": [1170, 560, 392, 384], "panel_size": 150528, "panel_aspectRatio": 1.0208333333333333, "category": "Method", "figures": 1, "textlen": 28, "fig_size": 36663, "title": "CNN", "28": {"fig_size": 36663, "fig_aspectRatio": 2.5041322314049586, "fig_size_poster": 0.7729591836734694}, "textRatio": 0.04861111111111111, "figRatio": 0.1175224223152523}, "29": {"xy": [1572, 561, 540, 374], "panel_size": 201960, "panel_aspectRatio": 1.4438502673796791, "category": "Result", "figures": 1, "textlen": 0, "fig_size": 143850, "title": "RESULTS", "30": {"fig_size": 143850, "fig_aspectRatio": 1.916058394160584, "fig_size_poster": 0.9722222222222222}, "textRatio": 0.0, "figRatio": 0.46110794125000804}, "31": {"xy": [1165, 954, 471, 472], "panel_size": 222312, "panel_aspectRatio": 0.9978813559322034, "category": "Discussion", "figures": 0, "textlen": 100, "fig_size": 0, "title": "DISCUSSION", "textRatio": 0.1736111111111111, "figRatio": 0.0}}}