{"poster_size": 4478976, "doclen": 122, "figlen": 1438006, "section": {"1": {"xy": [406, 38, 1789, 105], "panel_size": 187845, "panel_aspectRatio": 17.038095238095238, "category": "Title", "figures": 0, "textlen": 0, "fig_size": 0, "title": "Optimized Stock Price Prediction from News", "textRatio": 0.0, "figRatio": 0.0}, "2": {"xy": [33, 282, 808, 410], "panel_size": 331280, "panel_aspectRatio": 1.9707317073170731, "category": "Introduction", "figures": 0, "textlen": 36, "fig_size": 0, "title": "Abstract", "textRatio": 0.29508196721311475, "figRatio": 0.0}, "4": {"xy": [33, 729, 810, 963], "panel_size": 780030, "panel_aspectRatio": 0.8411214953271028, "category": "Method", "figures": 5, "textlen": 0, "fig_size": 565445, "title": "Classification Pipeline", "5": {"fig_size": 168130, "fig_aspectRatio": 3.6372093023255814, "fig_size_poster": 0.9654320987654321}, "6": {"fig_size": 95150, "fig_aspectRatio": 1.2581818181818183, "fig_size_poster": 0.4271604938271605}, "7": {"fig_size": 92960, "fig_aspectRatio": 1.1857142857142857, "fig_size_poster": 0.40987654320987654}, "8": {"fig_size": 99645, "fig_aspectRatio": 1.336996336996337, "fig_size_poster": 0.4506172839506173}, "9": {"fig_size": 109560, "fig_aspectRatio": 1.571969696969697, "fig_size_poster": 0.5123456790123457}, "textRatio": 0.0, "figRatio": 0.3932146319278223}, "10": {"xy": [890, 283, 814, 590], "panel_size": 480260, "panel_aspectRatio": 1.3796610169491526, "category": "Method", "figures": 1, "textlen": 0, "fig_size": 358416, "title": "Test Accuracy", "11": {"fig_size": 358416, "fig_aspectRatio": 1.7236842105263157, "fig_size_poster": 0.9656019656019657}, "textRatio": 0.0, "figRatio": 0.24924513527759967}, "12": {"xy": [890, 906, 815, 787], "panel_size": 641405, "panel_aspectRatio": 1.0355781448538754, "category": "Method", "figures": 1, "textlen": 39, "fig_size": 100405, "title": "Optimizations", "14": {"fig_size": 100405, "fig_aspectRatio": 2.172093023255814, "fig_size_poster": 0.5730061349693252}, "textRatio": 0.319672131147541, "figRatio": 0.06982237904431553}, "16": {"xy": [1764, 281, 816, 692], "panel_size": 564672, "panel_aspectRatio": 1.1791907514450868, "category": "Method", "figures": 1, "textlen": 0, "fig_size": 413740, "title": "Most Relevant Terms", "17": {"fig_size": 413740, "fig_aspectRatio": 1.3777372262773722, "fig_size_poster": 0.9252450980392157}, "textRatio": 0.0, "figRatio": 0.28771785375026254}, "18": {"xy": [1764, 996, 816, 690], "panel_size": 563040, "panel_aspectRatio": 1.182608695652174, "category": "Result", "figures": 0, "textlen": 47, "fig_size": 0, "title": "Analysis & Future Work", "textRatio": 0.38524590163934425, "figRatio": 0.0}}}