{"poster_size": 8036464, "doclen": 566, "figlen": 1887030, "section": {"1": {"xy": [755, 22, 2115, 139], "panel_size": 293985, "panel_aspectRatio": 15.215827338129497, "category": "Title", "figures": 0, "textlen": 0, "fig_size": 0, "title": "Automatic Response Generation for Conversational e-Commerce Agents\nA Reinforcement Learning based approach to entertainment in NLG", "textRatio": 0.0, "figRatio": 0.0}, "2": {"xy": [14, 271, 836, 1326], "panel_size": 1108536, "panel_aspectRatio": 0.6304675716440422, "category": "Introduction", "figures": 1, "textlen": 54, "fig_size": 635950, "title": "OBJECTIVE", "4": {"fig_size": 635950, "fig_aspectRatio": 0.9813664596273292, "fig_size_poster": 0.9449760765550239}, "textRatio": 0.09540636042402827, "figRatio": 0.33701107030624844}, "6": {"xy": [24, 1607, 826, 746], "panel_size": 616196, "panel_aspectRatio": 1.1072386058981234, "category": "Introduction", "figures": 0, "textlen": 90, "fig_size": 0, "title": "DATASET", "textRatio": 0.15901060070671377, "figRatio": 0.0}, "9": {"xy": [863, 230, 1643, 1341], "panel_size": 2203263, "panel_aspectRatio": 1.2252050708426547, "category": "Method", "figures": 2, "textlen": 178, "fig_size": 799140, "title": "RL APPROACH", "11": {"fig_size": 72688, "fig_aspectRatio": 5.220338983050848, "fig_size_poster": 0.37492391965916005}, "14": {"fig_size": 726452, "fig_aspectRatio": 0.820403825717322, "fig_size_poster": 0.4698721850273889}, "textRatio": 0.31448763250883394, "figRatio": 0.4234908824978935}, "15": {"xy": [874, 1599, 820, 734], "panel_size": 601880, "panel_aspectRatio": 1.11716621253406, "category": "Result", "figures": 1, "textlen": 0, "fig_size": 451940, "title": "RESULTS", "16": {"fig_size": 451940, "fig_aspectRatio": 1.2983050847457627, "fig_size_poster": 0.9341463414634147}, "textRatio": 0.0, "figRatio": 0.23949804719585804}, "17": {"xy": [1712, 1584, 794, 715], "panel_size": 567710, "panel_aspectRatio": 1.1104895104895105, "category": "Result", "figures": 0, "textlen": 53, "fig_size": 0, "title": "GENERATED RESPONSES", "textRatio": 0.09363957597173145, "figRatio": 0.0}, "19": {"xy": [2532, 268, 805, 793], "panel_size": 638365, "panel_aspectRatio": 1.0151324085750315, "category": "Discussion", "figures": 0, "textlen": 78, "fig_size": 0, "title": "Discussions", "textRatio": 0.13780918727915195, "figRatio": 0.0}, "21": {"xy": [2527, 1086, 810, 908], "panel_size": 735480, "panel_aspectRatio": 0.8920704845814978, "category": "Discussion", "figures": 0, "textlen": 113, "fig_size": 0, "title": "FUTURE WORK", "textRatio": 0.19964664310954064, "figRatio": 0.0}}}