{"poster_size": 4478976, "doclen": 143, "figlen": 1524351, "section": {"1": {"xy": [90, 64, 1425, 97], "panel_size": 138225, "panel_aspectRatio": 14.690721649484535, "category": "Title", "figures": 0, "textlen": 0, "fig_size": 0, "title": "Finding Poverty in Satellite Images", "textRatio": 0.0, "figRatio": 0.0}, "2": {"xy": [29, 339, 817, 281], "panel_size": 229577, "panel_aspectRatio": 2.907473309608541, "category": "Introduction", "figures": 0, "textlen": 34, "fig_size": 0, "title": "Motivation", "textRatio": 0.23776223776223776, "figRatio": 0.0}, "4": {"xy": [22, 646, 839, 1081], "panel_size": 906959, "panel_aspectRatio": 0.7761332099907493, "category": "Method", "figures": 2, "textlen": 17, "fig_size": 463620, "title": "high-level Overview", "6": {"fig_size": 201930, "fig_aspectRatio": 3.12992125984252, "fig_size_poster": 0.9475566150178785}, "8": {"fig_size": 261690, "fig_aspectRatio": 2.403030303030303, "fig_size_poster": 0.9451728247914184}, "textRatio": 0.11888111888111888, "figRatio": 0.30414254984580325}, "9": {"xy": [884, 339, 828, 1373], "panel_size": 1136844, "panel_aspectRatio": 0.6030589949016751, "category": "Method", "figures": 6, "textlen": 19, "fig_size": 735735, "title": "predicting Consumption", "10": {"fig_size": 143532, "fig_aspectRatio": 1.367283950617284, "fig_size_poster": 0.535024154589372}, "12": {"fig_size": 165845, "fig_aspectRatio": 3.946341463414634, "fig_size_poster": 0.9770531400966184}, "13": {"fig_size": 123574, "fig_aspectRatio": 1.645985401459854, "fig_size_poster": 0.5446859903381642}, "14": {"fig_size": 80253, "fig_aspectRatio": 1.3817427385892116, "fig_size_poster": 0.40217391304347827}, "15": {"fig_size": 79425, "fig_aspectRatio": 1.568888888888889, "fig_size_poster": 0.42632850241545894}, "16": {"fig_size": 143106, "fig_aspectRatio": 4.273224043715847, "fig_size_poster": 0.9444444444444444}, "textRatio": 0.13286713286713286, "figRatio": 0.48265458545964807}, "17": {"xy": [1742, 339, 826, 810], "panel_size": 669060, "panel_aspectRatio": 1.019753086419753, "category": "Method", "figures": 2, "textlen": 32, "fig_size": 324996, "title": "Predicting Assets", "19": {"fig_size": 195888, "fig_aspectRatio": 1.7351190476190477, "fig_size_poster": 0.7058111380145279}, "20": {"fig_size": 129108, "fig_aspectRatio": 5.1069182389937104, "fig_size_poster": 0.9830508474576272}, "textRatio": 0.22377622377622378, "figRatio": 0.2132028646945487}, "22": {"xy": [1737, 1168, 834, 310], "panel_size": 258540, "panel_aspectRatio": 2.6903225806451614, "category": "Result", "figures": 0, "textlen": 41, "fig_size": 0, "title": "Conclusion", "textRatio": 0.2867132867132867, "figRatio": 0.0}}}