{"poster_size": 4478976, "doclen": 444, "figlen": 1820748, "section": {"1": {"xy": [389, 47, 1810, 108], "panel_size": 195480, "panel_aspectRatio": 16.75925925925926, "category": "Title", "figures": 0, "textlen": 0, "fig_size": 0, "title": "Social Sense: Quantifying Website Intent", "textRatio": 0.0, "figRatio": 0.0}, "2": {"xy": [38, 327, 626, 1044], "panel_size": 653544, "panel_aspectRatio": 0.5996168582375478, "category": "Introduction", "figures": 2, "textlen": 101, "fig_size": 226641, "title": "Data Conditioning", "4": {"fig_size": 178374, "fig_aspectRatio": 1.0559610705596107, "fig_size_poster": 0.6932907348242812}, "6": {"fig_size": 48267, "fig_aspectRatio": 5.580645161290323, "fig_size_poster": 0.829073482428115}, "textRatio": 0.22747747747747749, "figRatio": 0.12447686335506067}, "7": {"xy": [686, 308, 636, 795], "panel_size": 505620, "panel_aspectRatio": 0.8, "category": "Method", "figures": 0, "textlen": 206, "fig_size": 0, "title": "Methods", "textRatio": 0.46396396396396394, "figRatio": 0.0}, "9": {"xy": [32, 1380, 1309, 321], "panel_size": 420189, "panel_aspectRatio": 4.077881619937695, "category": "Method", "figures": 1, "textlen": 0, "fig_size": 353772, "title": "", "10": {"fig_size": 353772, "fig_aspectRatio": 4.544802867383512, "fig_size_poster": 0.9686783804430863}, "textRatio": 0.0, "figRatio": 0.19430036446559326}, "11": {"xy": [686, 1110, 663, 265], "panel_size": 175695, "panel_aspectRatio": 2.5018867924528303, "category": "Result", "figures": 1, "textlen": 0, "fig_size": 153135, "title": "", "12": {"fig_size": 153135, "fig_aspectRatio": 2.4698795180722892, "fig_size_poster": 0.9276018099547512}, "textRatio": 0.0, "figRatio": 0.08410554343599444}, "14": {"xy": [1363, 301, 556, 1409], "panel_size": 783404, "panel_aspectRatio": 0.39460610361958837, "category": "Result", "figures": 2, "textlen": 0, "fig_size": 703916, "title": "", "15": {"fig_size": 229244, "fig_aspectRatio": 1.1524663677130045, "fig_size_poster": 0.9244604316546763}, "16": {"fig_size": 474672, "fig_aspectRatio": 0.5873192436040044, "fig_size_poster": 0.9496402877697842}, "textRatio": 0.0, "figRatio": 0.38660814126941234}, "17": {"xy": [1941, 312, 630, 768], "panel_size": 483840, "panel_aspectRatio": 0.8203125, "category": "Result", "figures": 1, "textlen": 70, "fig_size": 238450, "title": "Results", "18": {"fig_size": 238450, "fig_aspectRatio": 1.0568421052631578, "fig_size_poster": 0.7968253968253968}, "textRatio": 0.15765765765765766, "figRatio": 0.1309626593026602}, "20": {"xy": [1931, 1090, 637, 612], "panel_size": 389844, "panel_aspectRatio": 1.0408496732026145, "category": "Result", "figures": 1, "textlen": 67, "fig_size": 144834, "title": "Conclusions", "21": {"fig_size": 144834, "fig_aspectRatio": 2.5355648535564854, "fig_size_poster": 0.9513343799058085}, "textRatio": 0.15090090090090091, "figRatio": 0.07954642817127906}}}