{"poster_size": 8036464, "doclen": 724, "figlen": 908865, "section": {"0": {"xy": [1113, 24, 1325, 108], "panel_size": 143100, "panel_aspectRatio": 12.268518518518519, "category": "Title", "figures": 0, "textlen": 0, "fig_size": 0, "title": "MUSIC GENRE CLASSIFICATION", "textRatio": 0.0, "figRatio": 0.0}, "1": {"xy": [20, 252, 830, 690], "panel_size": 572700, "panel_aspectRatio": 1.2028985507246377, "category": "Introduction", "figures": 0, "textlen": 87, "fig_size": 0, "title": "PREDICTING", "textRatio": 0.12016574585635359, "figRatio": 0.0}, "3": {"xy": [28, 952, 822, 1015], "panel_size": 834330, "panel_aspectRatio": 0.8098522167487685, "category": "Introduction", "figures": 0, "textlen": 135, "fig_size": 0, "title": "FEATURES", "textRatio": 0.18646408839779005, "figRatio": 0.0}, "4": {"xy": [861, 249, 822, 693], "panel_size": 569646, "panel_aspectRatio": 1.1861471861471862, "category": "Introduction", "figures": 0, "textlen": 80, "fig_size": 0, "title": "DATA", "textRatio": 0.11049723756906077, "figRatio": 0.0}, "5": {"xy": [864, 952, 819, 535], "panel_size": 438165, "panel_aspectRatio": 1.530841121495327, "category": "Method", "figures": 0, "textlen": 83, "fig_size": 0, "title": "COMPOSER CLASSIFICATION", "textRatio": 0.11464088397790055, "figRatio": 0.0}, "6": {"xy": [864, 1497, 819, 597], "panel_size": 488943, "panel_aspectRatio": 1.3718592964824121, "category": "Discussion", "figures": 0, "textlen": 74, "fig_size": 0, "title": "DISCUSSION", "textRatio": 0.10220994475138122, "figRatio": 0.0}, "7": {"xy": [860, 2107, 1655, 250], "panel_size": 413750, "panel_aspectRatio": 6.62, "category": "Discussion", "figures": 0, "textlen": 39, "fig_size": 0, "title": "FUTURE RESEARCH", "textRatio": 0.05386740331491713, "figRatio": 0.0}, "8": {"xy": [1693, 252, 1652, 680], "panel_size": 1123360, "panel_aspectRatio": 2.429411764705882, "category": "Method", "figures": 1, "textlen": 160, "fig_size": 22425, "title": "MODELS", "16": {"fig_size": 22425, "fig_aspectRatio": 5.3076923076923075, "fig_size_poster": 0.20883777239709442}, "textRatio": 0.22099447513812154, "figRatio": 0.024673631397402255}, "9": {"xy": [1690, 939, 1655, 1160], "panel_size": 1919800, "panel_aspectRatio": 1.4267241379310345, "category": "Result", "figures": 2, "textlen": 66, "fig_size": 886440, "title": "RESULTS", "21": {"fig_size": 656616, "fig_aspectRatio": 2.605577689243028, "fig_size_poster": 0.7903323262839879}, "23": {"fig_size": 229824, "fig_aspectRatio": 2.7708333333333335, "fig_size_poster": 0.48217522658610273}, "textRatio": 0.09116022099447514, "figRatio": 0.9753263686025977}}}