{"poster_size": 4478976, "doclen": 284, "figlen": 1203261, "section": {"1": {"xy": [805, 35, 1027, 84], "panel_size": 86268, "panel_aspectRatio": 12.226190476190476, "category": "Title", "figures": 0, "textlen": 0, "fig_size": 0, "title": "Modeling Language Games", "textRatio": 0.0, "figRatio": 0.0}, "2": {"xy": [41, 284, 803, 409], "panel_size": 328427, "panel_aspectRatio": 1.9633251833740832, "category": "Introduction", "figures": 0, "textlen": 76, "fig_size": 0, "title": "Background", "textRatio": 0.2676056338028169, "figRatio": 0.0}, "4": {"xy": [42, 706, 800, 806], "panel_size": 644800, "panel_aspectRatio": 0.9925558312655087, "category": "Method", "figures": 3, "textlen": 59, "fig_size": 321100, "title": "Data", "6": {"fig_size": 212184, "fig_aspectRatio": 1.1971496437054632, "fig_size_poster": 0.63}, "7": {"fig_size": 51456, "fig_aspectRatio": 1.2736318407960199, "fig_size_poster": 0.32}, "8": {"fig_size": 57460, "fig_aspectRatio": 1.1764705882352942, "fig_size_poster": 0.325}, "textRatio": 0.20774647887323944, "figRatio": 0.2668581463207068}, "9": {"xy": [872, 269, 882, 411], "panel_size": 362502, "panel_aspectRatio": 2.145985401459854, "category": "Method", "figures": 0, "textlen": 54, "fig_size": 0, "title": "Trajectories of participation\nMethods", "textRatio": 0.19014084507042253, "figRatio": 0.0}, "11": {"xy": [1767, 261, 779, 368], "panel_size": 286672, "panel_aspectRatio": 2.1168478260869565, "category": "Method", "figures": 1, "textlen": 24, "fig_size": 66738, "title": "Change in community norms\nMethods", "13": {"fig_size": 66738, "fig_aspectRatio": 6.948979591836735, "fig_size_poster": 0.8741976893453145}, "textRatio": 0.08450704225352113, "figRatio": 0.0554642758304308}, "14": {"xy": [870, 681, 865, 548], "panel_size": 474020, "panel_aspectRatio": 1.5784671532846715, "category": "Result", "figures": 4, "textlen": 0, "fig_size": 384406, "title": "Results", "15": {"fig_size": 209950, "fig_aspectRatio": 3.4412955465587043, "fig_size_poster": 0.9826589595375722}, "16": {"fig_size": 60006, "fig_aspectRatio": 1.2511415525114156, "fig_size_poster": 0.31676300578034683}, "17": {"fig_size": 57334, "fig_aspectRatio": 1.2064220183486238, "fig_size_poster": 0.3040462427745665}, "18": {"fig_size": 57116, "fig_aspectRatio": 1.201834862385321, "fig_size_poster": 0.30289017341040464}, "textRatio": 0.0, "figRatio": 0.31947017313783127}, "19": {"xy": [875, 1235, 862, 166], "panel_size": 143092, "panel_aspectRatio": 5.192771084337349, "category": "Discussion", "figures": 0, "textlen": 23, "fig_size": 0, "title": "Discussion", "textRatio": 0.08098591549295775, "figRatio": 0.0}, "21": {"xy": [1790, 636, 756, 648], "panel_size": 489888, "panel_aspectRatio": 1.1666666666666667, "category": "Result", "figures": 4, "textlen": 0, "fig_size": 431017, "title": "Results", "22": {"fig_size": 107456, "fig_aspectRatio": 1.2602739726027397, "fig_size_poster": 0.48677248677248675}, "23": {"fig_size": 113321, "fig_aspectRatio": 1.2675585284280937, "fig_size_poster": 0.5013227513227513}, "24": {"fig_size": 104144, "fig_aspectRatio": 1.3003533568904593, "fig_size_poster": 0.48677248677248675}, "25": {"fig_size": 106096, "fig_aspectRatio": 1.1480263157894737, "fig_size_poster": 0.46164021164021163}, "textRatio": 0.0, "figRatio": 0.35820740471103113}, "26": {"xy": [1790, 1301, 784, 119], "panel_size": 93296, "panel_aspectRatio": 6.588235294117647, "category": "Discussion", "figures": 0, "textlen": 16, "fig_size": 0, "title": "Discussion", "textRatio": 0.056338028169014086, "figRatio": 0.0}, "28": {"xy": [861, 1422, 1695, 119], "panel_size": 201705, "panel_aspectRatio": 14.243697478991596, "category": "Discussion", "figures": 0, "textlen": 32, "fig_size": 0, "title": "Future Work", "textRatio": 0.11267605633802817, "figRatio": 0.0}}}