{"poster_size": 10140000, "doclen": 653, "figlen": 2541180, "section": {"0": {"xy": [73, 30, 2445, 145], "panel_size": 354525, "panel_aspectRatio": 16.862068965517242, "category": "Title", "figures": 0, "textlen": 0, "fig_size": 0, "title": "Using AI to Make Predictions and Decision on Stock Market", "textRatio": 0.0, "figRatio": 0.0}, "1": {"xy": [36, 300, 595, 948], "panel_size": 564060, "panel_aspectRatio": 0.6276371308016878, "category": "Introduction", "figures": 0, "textlen": 80, "fig_size": 0, "title": "Project Introduction", "textRatio": 0.1225114854517611, "figRatio": 0.0}, "3": {"xy": [663, 303, 1193, 990], "panel_size": 1181070, "panel_aspectRatio": 1.2050505050505051, "category": "Method", "figures": 1, "textlen": 87, "fig_size": 368160, "title": "Predictions based on Time Series Data", "4": {"fig_size": 368160, "fig_aspectRatio": 3.782051282051282, "fig_size_poster": 0.989103101424979}, "textRatio": 0.1332312404287902, "figRatio": 0.14487757655892144}, "8": {"xy": [25, 1303, 917, 1387], "panel_size": 1271879, "panel_aspectRatio": 0.6611391492429705, "category": "Method", "figures": 1, "textlen": 27, "fig_size": 757588, "title": "Predictions based on Technical Indicatiors", "10": {"fig_size": 757588, "fig_aspectRatio": 1.0315052508751459, "fig_size_poster": 0.9640130861504908}, "textRatio": 0.04134762633996937, "figRatio": 0.2981244933456111}, "11": {"xy": [22, 2700, 733, 1150], "panel_size": 842950, "panel_aspectRatio": 0.6373913043478261, "category": "Method", "figures": 1, "textlen": 0, "fig_size": 797330, "title": "Predictions based on Technical Indicators", "12": {"fig_size": 797330, "fig_aspectRatio": 0.6322350845948352, "fig_size_poster": 0.9686221009549796}, "textRatio": 0.0, "figRatio": 0.3137636845874751}, "13": {"xy": [955, 1350, 1593, 953], "panel_size": 1518129, "panel_aspectRatio": 1.671563483735572, "category": "Result", "figures": 0, "textlen": 202, "fig_size": 0, "title": "Prediction Model and Results", "textRatio": 0.3093415007656968, "figRatio": 0.0}, "15": {"xy": [938, 2290, 1634, 990], "panel_size": 1617660, "panel_aspectRatio": 1.6505050505050505, "category": "Result", "figures": 2, "textlen": 147, "fig_size": 618102, "title": "Prediction Model and Results", "16": {"fig_size": 308790, "fig_aspectRatio": 1.397872340425532, "fig_size_poster": 0.40208078335373315}, "18": {"fig_size": 309312, "fig_aspectRatio": 0.9322916666666666, "fig_size_poster": 0.32864137086903306}, "textRatio": 0.225114854517611, "figRatio": 0.24323424550799236}, "20": {"xy": [805, 3290, 1773, 237], "panel_size": 420201, "panel_aspectRatio": 7.481012658227848, "category": "Title", "figures": 0, "textlen": 0, "fig_size": 0, "title": "NOTE. When we ran support vector regression with rbf kernel on 10% of the training data, we were actually able to achieve a correct rate of 68% on test data. However, the commputation is quadratic to the sample size when the sample is small, and it becomes near exponential when the cache is incapable of holding all required data, we hope to find more powerful computation resources and finish SVR before the final report.", "textRatio": 0.0, "figRatio": 0.0}, "21": {"xy": [1888, 303, 680, 1037], "panel_size": 705160, "panel_aspectRatio": 0.6557377049180327, "category": "Discussion", "figures": 0, "textlen": 110, "fig_size": 0, "title": "Making decisions", "textRatio": 0.16845329249617153, "figRatio": 0.0}}}