{"poster_size": 4478976, "doclen": 193, "figlen": 1855342, "section": {"1": {"xy": [502, 1, 1855, 186], "panel_size": 345030, "panel_aspectRatio": 9.973118279569892, "category": "Title", "figures": 0, "textlen": 0, "fig_size": 0, "title": "American Immigrants Classification and Naturalization Time Prediction of Different Groups", "textRatio": 0.0, "figRatio": 0.0}, "2": {"xy": [40, 263, 1135, 471], "panel_size": 534585, "panel_aspectRatio": 2.4097664543524417, "category": "Introduction", "figures": 1, "textlen": 48, "fig_size": 186800, "title": "Problem", "4": {"fig_size": 186800, "fig_aspectRatio": 1.1675, "fig_size_poster": 0.41145374449339206}, "textRatio": 0.24870466321243523, "figRatio": 0.10068224618426144}, "5": {"xy": [26, 743, 1145, 964], "panel_size": 1103780, "panel_aspectRatio": 1.187759336099585, "category": "Method", "figures": 6, "textlen": 21, "fig_size": 834970, "title": "Kernal Matrix Analysis & K-Means Cluster", "6": {"fig_size": 14637, "fig_aspectRatio": 5.627450980392157, "fig_size_poster": 0.25065502183406113}, "7": {"fig_size": 31392, "fig_aspectRatio": 3.40625, "fig_size_poster": 0.28558951965065504}, "8": {"fig_size": 86245, "fig_aspectRatio": 1.5617021276595744, "fig_size_poster": 0.3205240174672489}, "9": {"fig_size": 87120, "fig_aspectRatio": 1.5125, "fig_size_poster": 0.3170305676855895}, "11": {"fig_size": 313794, "fig_aspectRatio": 1.570469798657718, "fig_size_poster": 0.6131004366812227}, "12": {"fig_size": 301782, "fig_aspectRatio": 1.5730593607305936, "fig_size_poster": 0.6017467248908297}, "textRatio": 0.10880829015544041, "figRatio": 0.4500356268547793}, "13": {"xy": [1178, 274, 740, 105], "panel_size": 77700, "panel_aspectRatio": 7.0476190476190474, "category": "Method", "figures": 0, "textlen": 4, "fig_size": 0, "title": "Dataset", "textRatio": 0.02072538860103627, "figRatio": 0.0}, "15": {"xy": [1187, 394, 731, 673], "panel_size": 491963, "panel_aspectRatio": 1.0861812778603268, "category": "Method", "figures": 8, "textlen": 10, "fig_size": 322250, "title": "Linear Regression", "16": {"fig_size": 12084, "fig_aspectRatio": 4.30188679245283, "fig_size_poster": 0.3119015047879617}, "17": {"fig_size": 11730, "fig_aspectRatio": 5.543478260869565, "fig_size_poster": 0.3488372093023256}, "18": {"fig_size": 15794, "fig_aspectRatio": 5.622641509433962, "fig_size_poster": 0.4076607387140903}, "19": {"fig_size": 55706, "fig_aspectRatio": 1.861271676300578, "fig_size_poster": 0.44049247606019154}, "20": {"fig_size": 52793, "fig_aspectRatio": 3.0763358778625953, "fig_size_poster": 0.5512995896032832}, "21": {"fig_size": 58259, "fig_aspectRatio": 2.6241610738255035, "fig_size_poster": 0.5348837209302325}, "22": {"fig_size": 73726, "fig_aspectRatio": 2.020942408376963, "fig_size_poster": 0.5280437756497948}, "23": {"fig_size": 42158, "fig_aspectRatio": 3.682242990654206, "fig_size_poster": 0.5389876880984952}, "textRatio": 0.05181347150259067, "figRatio": 0.17368765435159664}, "25": {"xy": [1180, 1093, 737, 619], "panel_size": 456203, "panel_aspectRatio": 1.1906300484652665, "category": "Method", "figures": 4, "textlen": 16, "fig_size": 296086, "title": "Decision Regression", "26": {"fig_size": 48339, "fig_aspectRatio": 3.1951219512195124, "fig_size_poster": 0.5332428765264586}, "27": {"fig_size": 8200, "fig_aspectRatio": 5.125, "fig_size_poster": 0.2781546811397558}, "28": {"fig_size": 79101, "fig_aspectRatio": 2.2620320855614975, "fig_size_poster": 0.5739484396200815}, "29": {"fig_size": 160446, "fig_aspectRatio": 1.1470588235294117, "fig_size_poster": 0.582089552238806}, "textRatio": 0.08290155440414508, "figRatio": 0.15958567207555266}, "31": {"xy": [1937, 261, 642, 711], "panel_size": 456462, "panel_aspectRatio": 0.9029535864978903, "category": "Method", "figures": 2, "textlen": 17, "fig_size": 215236, "title": "Statsitic Distrution", "32": {"fig_size": 112209, "fig_aspectRatio": 1.0241691842900302, "fig_size_poster": 0.5280373831775701}, "33": {"fig_size": 103027, "fig_aspectRatio": 1.4237918215613383, "fig_size_poster": 0.5965732087227414}, "textRatio": 0.08808290155440414, "figRatio": 0.11600880053380994}, "36": {"xy": [1936, 998, 634, 512], "panel_size": 324608, "panel_aspectRatio": 1.23828125, "category": "Result", "figures": 0, "textlen": 77, "fig_size": 0, "title": "Conclusion", "textRatio": 0.39896373056994816, "figRatio": 0.0}}}