{"poster_size": 3779136, "doclen": 518, "figlen": 957499, "section": {"1": {"xy": [259, 12, 2161, 106], "panel_size": 229066, "panel_aspectRatio": 20.38679245283019, "category": "Title", "figures": 0, "textlen": 0, "fig_size": 0, "title": "Transfer Learning with Random Network Distillation", "textRatio": 0.0, "figRatio": 0.0}, "3": {"xy": [45, 267, 1797, 364], "panel_size": 654108, "panel_aspectRatio": 4.936813186813187, "category": "Introduction", "figures": 3, "textlen": 167, "fig_size": 90356, "title": "Motivation", "7": {"fig_size": 28440, "fig_aspectRatio": 7.9, "fig_size_poster": 0.2637729549248748}, "8": {"fig_size": 55076, "fig_aspectRatio": 5.73469387755102, "fig_size_poster": 0.3127434613244296}, "10": {"fig_size": 6840, "fig_aspectRatio": 7.6, "fig_size_poster": 0.12687813021702837}, "textRatio": 0.3223938223938224, "figRatio": 0.09436667818974223}, "12": {"xy": [51, 637, 1800, 381], "panel_size": 685800, "panel_aspectRatio": 4.724409448818897, "category": "Method", "figures": 1, "textlen": 225, "fig_size": 129228, "title": "Sonic Benchmark", "14": {"fig_size": 129228, "fig_aspectRatio": 0.9807162534435262, "fig_size_poster": 0.19777777777777777}, "textRatio": 0.4343629343629344, "figRatio": 0.134964109623091}, "16": {"xy": [58, 1025, 1766, 413], "panel_size": 729358, "panel_aspectRatio": 4.276029055690072, "category": "Result", "figures": 3, "textlen": 0, "fig_size": 535961, "title": "Results", "17": {"fig_size": 160259, "fig_aspectRatio": 4.5828877005347595, "fig_size_poster": 0.485277463193658}, "18": {"fig_size": 166920, "fig_aspectRatio": 4.38974358974359, "fig_size_poster": 0.48471121177802945}, "19": {"fig_size": 208782, "fig_aspectRatio": 13.15079365079365, "fig_size_poster": 0.9382785956964892}, "textRatio": 0.0, "figRatio": 0.5597509762412285}, "20": {"xy": [1862, 259, 723, 743], "panel_size": 537189, "panel_aspectRatio": 0.9730820995962315, "category": "Method", "figures": 1, "textlen": 83, "fig_size": 201954, "title": "arichitectures", "21": {"fig_size": 201954, "fig_aspectRatio": 2.3848797250859106, "fig_size_poster": 0.9598893499308437}, "textRatio": 0.16023166023166024, "figRatio": 0.21091823594593834}, "23": {"xy": [1863, 1024, 706, 239], "panel_size": 168734, "panel_aspectRatio": 2.9539748953974896, "category": "Discussion", "figures": 0, "textlen": 43, "fig_size": 0, "title": "future plans", "textRatio": 0.08301158301158301, "figRatio": 0.0}}}