{"poster_size": 3110400, "doclen": 374, "figlen": 461065, "section": {"1": {"xy": [51, 53, 1376, 97], "panel_size": 133472, "panel_aspectRatio": 14.185567010309278, "category": "Title", "figures": 0, "textlen": 0, "fig_size": 0, "title": "Predicting Insurance Claims in Brazi", "textRatio": 0.0, "figRatio": 0.0}, "2": {"xy": [41, 241, 710, 243], "panel_size": 172530, "panel_aspectRatio": 2.921810699588477, "category": "Introduction", "figures": 0, "textlen": 50, "fig_size": 0, "title": "Introduction", "textRatio": 0.13368983957219252, "figRatio": 0.0}, "4": {"xy": [43, 517, 706, 578], "panel_size": 408068, "panel_aspectRatio": 1.221453287197232, "category": "Introduction", "figures": 3, "textlen": 78, "fig_size": 82068, "title": "Data", "7": {"fig_size": 24400, "fig_aspectRatio": 1.639344262295082, "fig_size_poster": 0.28328611898017}, "8": {"fig_size": 29380, "fig_aspectRatio": 1.7384615384615385, "fig_size_poster": 0.32011331444759206}, "9": {"fig_size": 28288, "fig_aspectRatio": 1.7265625, "fig_size_poster": 0.3130311614730878}, "textRatio": 0.20855614973262032, "figRatio": 0.1779965948402069}, "10": {"xy": [29, 1119, 714, 312], "panel_size": 222768, "panel_aspectRatio": 2.2884615384615383, "category": "Method", "figures": 1, "textlen": 36, "fig_size": 22936, "title": "baseline", "12": {"fig_size": 22936, "fig_aspectRatio": 2.595744680851064, "fig_size_poster": 0.34173669467787116}, "textRatio": 0.0962566844919786, "figRatio": 0.049745697461312396}, "14": {"xy": [762, 225, 699, 670], "panel_size": 468330, "panel_aspectRatio": 1.0432835820895523, "category": "Method", "figures": 0, "textlen": 90, "fig_size": 0, "title": "Model", "textRatio": 0.24064171122994651, "figRatio": 0.0}, "16": {"xy": [749, 905, 712, 494], "panel_size": 351728, "panel_aspectRatio": 1.4412955465587045, "category": "Method", "figures": 1, "textlen": 31, "fig_size": 188760, "title": "Training", "18": {"fig_size": 188760, "fig_aspectRatio": 2.3076923076923075, "fig_size_poster": 0.9269662921348315}, "textRatio": 0.08288770053475936, "figRatio": 0.40939997614219253}, "19": {"xy": [1476, 233, 669, 468], "panel_size": 313092, "panel_aspectRatio": 1.4294871794871795, "category": "Result", "figures": 1, "textlen": 18, "fig_size": 167301, "title": "Evaluation", "21": {"fig_size": 167301, "fig_aspectRatio": 2.4559386973180075, "fig_size_poster": 0.9581464872944694}, "textRatio": 0.0481283422459893, "figRatio": 0.36285773155628814}, "22": {"xy": [1474, 711, 677, 355], "panel_size": 240335, "panel_aspectRatio": 1.9070422535211267, "category": "Discussion", "figures": 0, "textlen": 55, "fig_size": 0, "title": "Discussion", "textRatio": 0.14705882352941177, "figRatio": 0.0}, "24": {"xy": [1466, 1084, 693, 278], "panel_size": 192654, "panel_aspectRatio": 2.4928057553956835, "category": "Discussion", "figures": 0, "textlen": 16, "fig_size": 0, "title": "Future Work", "textRatio": 0.0427807486631016, "figRatio": 0.0}}}