{"poster_size": 4478976, "doclen": 422, "figlen": 1385956, "section": {"1": {"xy": [790, 36, 1029, 189], "panel_size": 194481, "panel_aspectRatio": 5.444444444444445, "category": "Title", "figures": 0, "textlen": 15, "fig_size": 0, "title": "Kuzushiji Character Recognition", "textRatio": 0.035545023696682464, "figRatio": 0.0}, "3": {"xy": [12, 263, 765, 376], "panel_size": 287640, "panel_aspectRatio": 2.0345744680851063, "category": "Introduction", "figures": 0, "textlen": 82, "fig_size": 0, "title": "Motivation", "textRatio": 0.1943127962085308, "figRatio": 0.0}, "5": {"xy": [24, 652, 749, 1022], "panel_size": 765478, "panel_aspectRatio": 0.7328767123287672, "category": "Introduction", "figures": 2, "textlen": 65, "fig_size": 448639, "title": "Goal", "7": {"fig_size": 268711, "fig_aspectRatio": 1.870712401055409, "fig_size_poster": 0.9465954606141522}, "8": {"fig_size": 179928, "fig_aspectRatio": 2.8333333333333335, "fig_size_poster": 0.9532710280373832}, "textRatio": 0.15402843601895735, "figRatio": 0.3237036384993463}, "9": {"xy": [811, 257, 665, 518], "panel_size": 344470, "panel_aspectRatio": 1.2837837837837838, "category": "Method", "figures": 0, "textlen": 107, "fig_size": 0, "title": "Data", "textRatio": 0.25355450236966826, "figRatio": 0.0}, "11": {"xy": [775, 800, 741, 469], "panel_size": 347529, "panel_aspectRatio": 1.579957356076759, "category": "Method", "figures": 0, "textlen": 80, "fig_size": 0, "title": "Models", "textRatio": 0.1895734597156398, "figRatio": 0.0}, "13": {"xy": [781, 1278, 406, 400], "panel_size": 162400, "panel_aspectRatio": 1.015, "category": "Method", "figures": 1, "textlen": 0, "fig_size": 144364, "title": "Models", "14": {"fig_size": 144364, "fig_aspectRatio": 1.032085561497326, "fig_size_poster": 0.9507389162561576}, "textRatio": 0.0, "figRatio": 0.10416203689006}, "15": {"xy": [1188, 1269, 239, 139], "panel_size": 33221, "panel_aspectRatio": 1.7194244604316546, "category": "Method", "figures": 0, "textlen": 6, "fig_size": 0, "title": "Models", "textRatio": 0.014218009478672985, "figRatio": 0.0}, "17": {"xy": [1522, 251, 1049, 1235], "panel_size": 1295515, "panel_aspectRatio": 0.8493927125506073, "category": "Result", "figures": 4, "textlen": 67, "fig_size": 792953, "title": "Result", "19": {"fig_size": 176625, "fig_aspectRatio": 1.256, "fig_size_poster": 0.4489990467111535}, "20": {"fig_size": 120000, "fig_aspectRatio": 0.75, "fig_size_poster": 0.2859866539561487}, "21": {"fig_size": 327940, "fig_aspectRatio": 2.2710526315789474, "fig_size_poster": 0.8226882745471878}, "22": {"fig_size": 168388, "fig_aspectRatio": 5.691860465116279, "fig_size_poster": 0.9332697807435653}, "textRatio": 0.15876777251184834, "figRatio": 0.5721343246105937}}}