{"poster_size": 4478976, "doclen": 357, "figlen": 945545, "section": {"0": {"xy": [559, 54, 1871, 76], "panel_size": 142196, "panel_aspectRatio": 24.61842105263158, "category": "Title", "figures": 0, "textlen": 0, "fig_size": 0, "title": "Bots in the Net: Applying Machine Learning to Identify Social Media Trolls", "textRatio": 0.0, "figRatio": 0.0}, "1": {"xy": [19, 302, 1040, 447], "panel_size": 464880, "panel_aspectRatio": 2.3266219239373602, "category": "Introduction", "figures": 0, "textlen": 73, "fig_size": 0, "title": "Introduction", "textRatio": 0.20448179271708683, "figRatio": 0.0}, "2": {"xy": [17, 758, 1044, 660], "panel_size": 689040, "panel_aspectRatio": 1.5818181818181818, "category": "Introduction", "figures": 1, "textlen": 60, "fig_size": 197280, "title": "Dataset", "11": {"fig_size": 197280, "fig_aspectRatio": 2.3784722222222223, "fig_size_poster": 0.6561302681992337}, "textRatio": 0.16806722689075632, "figRatio": 0.20864157707988515}, "3": {"xy": [17, 1425, 1048, 296], "panel_size": 310208, "panel_aspectRatio": 3.5405405405405403, "category": "Introduction", "figures": 0, "textlen": 49, "fig_size": 0, "title": "Featurization", "textRatio": 0.13725490196078433, "figRatio": 0.0}, "4": {"xy": [1072, 297, 831, 468], "panel_size": 388908, "panel_aspectRatio": 1.7756410256410255, "category": "Method", "figures": 3, "textlen": 12, "fig_size": 162576, "title": "Models", "16": {"fig_size": 35442, "fig_aspectRatio": 8.136363636363637, "fig_size_poster": 0.6462093862815884}, "17": {"fig_size": 87606, "fig_aspectRatio": 2.532258064516129, "fig_size_poster": 0.5667870036101083}, "18": {"fig_size": 39528, "fig_aspectRatio": 3.388888888888889, "fig_size_poster": 0.4404332129963899}, "textRatio": 0.03361344537815126, "figRatio": 0.17193893468846008}, "5": {"xy": [1077, 778, 828, 378], "panel_size": 312984, "panel_aspectRatio": 2.1904761904761907, "category": "Result", "figures": 1, "textlen": 11, "fig_size": 194712, "title": "Results", "20": {"fig_size": 194712, "fig_aspectRatio": 3.2704918032786887, "fig_size_poster": 0.9637681159420289}, "textRatio": 0.03081232492997199, "figRatio": 0.20592568307166767}, "6": {"xy": [1079, 1167, 847, 554], "panel_size": 469238, "panel_aspectRatio": 1.5288808664259927, "category": "Discussion", "figures": 0, "textlen": 99, "fig_size": 0, "title": "Discussion", "textRatio": 0.2773109243697479, "figRatio": 0.0}, "7": {"xy": [1910, 320, 678, 694], "panel_size": 470532, "panel_aspectRatio": 0.9769452449567724, "category": "Method", "figures": 2, "textlen": 16, "fig_size": 390977, "title": "Models", "23": {"fig_size": 240524, "fig_aspectRatio": 1.639686684073107, "fig_size_poster": 0.9262536873156342}, "25": {"fig_size": 150453, "fig_aspectRatio": 2.868995633187773, "fig_size_poster": 0.9690265486725663}, "textRatio": 0.04481792717086835, "figRatio": 0.41349380515998707}, "8": {"xy": [1939, 1020, 613, 374], "panel_size": 229262, "panel_aspectRatio": 1.63903743315508, "category": "Discussion", "figures": 0, "textlen": 37, "fig_size": 0, "title": "Future Work", "textRatio": 0.10364145658263306, "figRatio": 0.0}}}