{"poster_size": 4478976, "doclen": 374, "figlen": 1143840, "section": {"1": {"xy": [150, 51, 2300, 80], "panel_size": 184000, "panel_aspectRatio": 28.75, "category": "Title", "figures": 0, "textlen": 0, "fig_size": 0, "title": "Learning of visualization of object recognition features and image reconstruction", "textRatio": 0.0, "figRatio": 0.0}, "2": {"xy": [48, 287, 473, 321], "panel_size": 151833, "panel_aspectRatio": 1.4735202492211839, "category": "Introduction", "figures": 0, "textlen": 22, "fig_size": 0, "title": "Backround", "textRatio": 0.058823529411764705, "figRatio": 0.0}, "4": {"xy": [50, 614, 471, 244], "panel_size": 114924, "panel_aspectRatio": 1.930327868852459, "category": "Introduction", "figures": 0, "textlen": 22, "fig_size": 0, "title": "Introduction to HOG", "textRatio": 0.058823529411764705, "figRatio": 0.0}, "6": {"xy": [39, 874, 482, 813], "panel_size": 391866, "panel_aspectRatio": 0.5928659286592866, "category": "Method", "figures": 1, "textlen": 64, "fig_size": 65988, "title": "Multi-class SVM", "8": {"fig_size": 65988, "fig_aspectRatio": 2.7115384615384617, "fig_size_poster": 0.8775933609958506}, "textRatio": 0.1711229946524064, "figRatio": 0.0576898866974402}, "10": {"xy": [550, 293, 481, 918], "panel_size": 441558, "panel_aspectRatio": 0.5239651416122004, "category": "Method", "figures": 1, "textlen": 83, "fig_size": 116220, "title": "Pairwise Dictionary", "12": {"fig_size": 116220, "fig_aspectRatio": 1.7192307692307693, "fig_size_poster": 0.9293139293139293}, "textRatio": 0.22192513368983957, "figRatio": 0.10160511959714645}, "13": {"xy": [543, 1229, 480, 453], "panel_size": 217440, "panel_aspectRatio": 1.0596026490066226, "category": "Result", "figures": 1, "textlen": 22, "fig_size": 62084, "title": "Conv. Neural Network", "15": {"fig_size": 62084, "fig_aspectRatio": 2.253012048192771, "fig_size_poster": 0.7791666666666667}, "textRatio": 0.058823529411764705, "figRatio": 0.0542768219331375}, "16": {"xy": [1057, 285, 1504, 1420], "panel_size": 2135680, "panel_aspectRatio": 1.0591549295774647, "category": "Result", "figures": 7, "textlen": 161, "fig_size": 899548, "title": "Result", "18": {"fig_size": 117288, "fig_aspectRatio": 1.117283950617284, "fig_size_poster": 0.24069148936170212}, "21": {"fig_size": 83376, "fig_aspectRatio": 1.787037037037037, "fig_size_poster": 0.2566489361702128}, "23": {"fig_size": 148330, "fig_aspectRatio": 1.3957055214723926, "fig_size_poster": 0.3025265957446808}, "25": {"fig_size": 142902, "fig_aspectRatio": 1.526143790849673, "fig_size_poster": 0.31050531914893614}, "27": {"fig_size": 54501, "fig_aspectRatio": 4.423423423423423, "fig_size_poster": 0.32646276595744683}, "29": {"fig_size": 231380, "fig_aspectRatio": 0.9145129224652088, "fig_size_poster": 0.3058510638297872}, "31": {"fig_size": 121771, "fig_aspectRatio": 1.9959514170040487, "fig_size_poster": 0.32779255319148937}, "textRatio": 0.4304812834224599, "figRatio": 0.7864281717722759}}}