{"poster_size": 4007920, "doclen": 199, "figlen": 1652434, "section": {"1": {"xy": [541, 100, 1784, 166], "panel_size": 296144, "panel_aspectRatio": 10.74698795180723, "category": "Title", "figures": 0, "textlen": 0, "fig_size": 0, "title": "CS229 Spring 2018-2019\nModeling Student Learning in Mobile App with Machine Learning", "textRatio": 0.0, "figRatio": 0.0}, "2": {"xy": [23, 345, 758, 289], "panel_size": 219062, "panel_aspectRatio": 2.6228373702422147, "category": "Introduction", "figures": 0, "textlen": 50, "fig_size": 0, "title": "Problem Statement", "textRatio": 0.25125628140703515, "figRatio": 0.0}, "3": {"xy": [21, 650, 760, 753], "panel_size": 572280, "panel_aspectRatio": 1.0092961487383798, "category": "Introduction", "figures": 1, "textlen": 86, "fig_size": 216150, "title": "Motivation", "14": {"fig_size": 216150, "fig_aspectRatio": 1.9848484848484849, "fig_size_poster": 0.8618421052631579}, "textRatio": 0.4321608040201005, "figRatio": 0.13080703979705088}, "4": {"xy": [21, 1424, 760, 237], "panel_size": 180120, "panel_aspectRatio": 3.2067510548523206, "category": "Introduction", "figures": 0, "textlen": 47, "fig_size": 0, "title": "Dataset", "textRatio": 0.23618090452261306, "figRatio": 0.0}, "5": {"xy": [807, 346, 762, 1039], "panel_size": 791718, "panel_aspectRatio": 0.7333974975938402, "category": "Method", "figures": 3, "textlen": 16, "fig_size": 448490, "title": "Models", "11": {"fig_size": 312765, "fig_aspectRatio": 1.6528735632183909, "fig_size_poster": 0.9435695538057742}, "12": {"fig_size": 86352, "fig_aspectRatio": 3.0595238095238093, "fig_size_poster": 0.6745406824146981}, "13": {"fig_size": 49373, "fig_aspectRatio": 5.247422680412371, "fig_size_poster": 0.6679790026246719}, "textRatio": 0.08040201005025126, "figRatio": 0.2714117477611814}, "6": {"xy": [811, 1403, 756, 256], "panel_size": 193536, "panel_aspectRatio": 2.953125, "category": "Result", "figures": 1, "textlen": 0, "fig_size": 120650, "title": "Results", "10": {"fig_size": 120650, "fig_aspectRatio": 3.3421052631578947, "fig_size_poster": 0.83994708994709}, "textRatio": 0.0, "figRatio": 0.07301350613700759}, "7": {"xy": [1602, 350, 760, 1316], "panel_size": 1000160, "panel_aspectRatio": 0.5775075987841946, "category": "Result", "figures": 2, "textlen": 0, "fig_size": 867144, "title": "Results", "8": {"fig_size": 564348, "fig_aspectRatio": 0.9134860050890585, "fig_size_poster": 0.9447368421052632}, "9": {"fig_size": 302796, "fig_aspectRatio": 1.3824786324786325, "fig_size_poster": 0.8513157894736842}, "textRatio": 0.0, "figRatio": 0.5247677063047601}}}