{"poster_size": 484704, "doclen": 199, "figlen": 163121, "section": {"1": {"xy": [156, 70, 463, 28], "panel_size": 12964, "panel_aspectRatio": 16.535714285714285, "category": "Title", "figures": 0, "textlen": 0, "fig_size": 0, "title": "Detecting Credit Card Fraud with Machine Learning", "textRatio": 0.0, "figRatio": 0.0}, "2": {"xy": [20, 135, 232, 100], "panel_size": 23200, "panel_aspectRatio": 2.32, "category": "Introduction", "figures": 0, "textlen": 45, "fig_size": 0, "title": "Objectives", "textRatio": 0.22613065326633167, "figRatio": 0.0}, "4": {"xy": [20, 234, 232, 172], "panel_size": 39904, "panel_aspectRatio": 1.3488372093023255, "category": "Method", "figures": 3, "textlen": 0, "fig_size": 29316, "title": "Data", "5": {"fig_size": 9216, "fig_aspectRatio": 1.7777777777777777, "fig_size_poster": 0.5517241379310345}, "6": {"fig_size": 5124, "fig_aspectRatio": 1.3770491803278688, "fig_size_poster": 0.3620689655172414}, "7": {"fig_size": 14976, "fig_aspectRatio": 2.888888888888889, "fig_size_poster": 0.896551724137931}, "textRatio": 0.0, "figRatio": 0.17971934943998627}, "8": {"xy": [25, 410, 221, 149], "panel_size": 32929, "panel_aspectRatio": 1.483221476510067, "category": "Method", "figures": 3, "textlen": 9, "fig_size": 17931, "title": "Models", "9": {"fig_size": 6930, "fig_aspectRatio": 6.363636363636363, "fig_size_poster": 0.9502262443438914}, "10": {"fig_size": 5751, "fig_aspectRatio": 7.888888888888889, "fig_size_poster": 0.9638009049773756}, "11": {"fig_size": 5250, "fig_aspectRatio": 8.4, "fig_size_poster": 0.9502262443438914}, "textRatio": 0.04522613065326633, "figRatio": 0.10992453454797359}, "13": {"xy": [260, 284, 243, 268], "panel_size": 65124, "panel_aspectRatio": 0.9067164179104478, "category": "Result", "figures": 7, "textlen": 0, "fig_size": 50910, "title": "Results:Stage 1", "14": {"fig_size": 10591, "fig_aspectRatio": 1.3370786516853932, "fig_size_poster": 0.4897119341563786}, "15": {"fig_size": 11259, "fig_aspectRatio": 1.7160493827160495, "fig_size_poster": 0.5720164609053497}, "16": {"fig_size": 8487, "fig_aspectRatio": 1.7826086956521738, "fig_size_poster": 0.5061728395061729}, "17": {"fig_size": 5472, "fig_aspectRatio": 1.6842105263157894, "fig_size_poster": 0.3950617283950617}, "18": {"fig_size": 4611, "fig_aspectRatio": 1.6415094339622642, "fig_size_poster": 0.35802469135802467}, "19": {"fig_size": 4400, "fig_aspectRatio": 1.76, "fig_size_poster": 0.36213991769547327}, "20": {"fig_size": 6090, "fig_aspectRatio": 1.2428571428571429, "fig_size_poster": 0.35802469135802467}, "textRatio": 0.0, "figRatio": 0.31209960704017264}, "21": {"xy": [260, 128, 236, 73], "panel_size": 17228, "panel_aspectRatio": 3.232876712328767, "category": "Method", "figures": 0, "textlen": 30, "fig_size": 0, "title": "Sampling Methods", "textRatio": 0.1507537688442211, "figRatio": 0.0}, "23": {"xy": [262, 202, 240, 85], "panel_size": 20400, "panel_aspectRatio": 2.823529411764706, "category": "Method", "figures": 0, "textlen": 50, "fig_size": 0, "title": "Implementation", "textRatio": 0.25125628140703515, "figRatio": 0.0}, "25": {"xy": [512, 134, 258, 302], "panel_size": 77916, "panel_aspectRatio": 0.8543046357615894, "category": "Result", "figures": 7, "textlen": 0, "fig_size": 64964, "title": "Results:Stage 2", "26": {"fig_size": 21209, "fig_aspectRatio": 0.7604790419161677, "fig_size_poster": 0.49224806201550386}, "27": {"fig_size": 20447, "fig_aspectRatio": 0.7888198757763976, "fig_size_poster": 0.49224806201550386}, "28": {"fig_size": 13500, "fig_aspectRatio": 4.62962962962963, "fig_size_poster": 0.9689922480620154}, "29": {"fig_size": 2544, "fig_aspectRatio": 1.1041666666666667, "fig_size_poster": 0.2054263565891473}, "30": {"fig_size": 2070, "fig_aspectRatio": 0.9782608695652174, "fig_size_poster": 0.1744186046511628}, "31": {"fig_size": 2303, "fig_aspectRatio": 0.9591836734693877, "fig_size_poster": 0.1821705426356589}, "32": {"fig_size": 2891, "fig_aspectRatio": 1.2040816326530612, "fig_size_poster": 0.22868217054263565}, "textRatio": 0.0, "figRatio": 0.3982565089718675}, "33": {"xy": [516, 437, 252, 86], "panel_size": 21672, "panel_aspectRatio": 2.9302325581395348, "category": "Discussion", "figures": 0, "textlen": 65, "fig_size": 0, "title": "Discussion and Future Work", "textRatio": 0.32663316582914576, "figRatio": 0.0}}}