{"poster_size": 8957952, "doclen": 304, "figlen": 3097592, "section": {"1": {"xy": [895, 21, 1689, 130], "panel_size": 219570, "panel_aspectRatio": 12.992307692307692, "category": "Title", "figures": 0, "textlen": 0, "fig_size": 0, "title": "Vision-Based Hygiene Monitoring in Hospital", "textRatio": 0.0, "figRatio": 0.0}, "3": {"xy": [75, 341, 835, 1040], "panel_size": 868400, "panel_aspectRatio": 0.8028846153846154, "category": "Introduction", "figures": 0, "textlen": 111, "fig_size": 0, "title": "Introduction", "textRatio": 0.3651315789473684, "figRatio": 0.0}, "5": {"xy": [969, 327, 1522, 1057], "panel_size": 1608754, "panel_aspectRatio": 1.4399243140964995, "category": "Method", "figures": 2, "textlen": 96, "fig_size": 718855, "title": "Approach", "7": {"fig_size": 328923, "fig_aspectRatio": 6.383259911894273, "fig_size_poster": 0.9520367936925098}, "9": {"fig_size": 389932, "fig_aspectRatio": 4.834507042253521, "fig_size_poster": 0.9021024967148489}, "textRatio": 0.3157894736842105, "figRatio": 0.23206897486822023}, "10": {"xy": [69, 1446, 1633, 827], "panel_size": 1350491, "panel_aspectRatio": 1.9746070133010882, "category": "Method", "figures": 2, "textlen": 45, "fig_size": 715797, "title": "Pilot Dataset", "12": {"fig_size": 342333, "fig_aspectRatio": 4.397849462365591, "fig_size_poster": 0.7513778322106552}, "14": {"fig_size": 373464, "fig_aspectRatio": 5.010989010989011, "fig_size_poster": 0.8377219840783834}, "textRatio": 0.14802631578947367, "figRatio": 0.23108175640949485}, "15": {"xy": [1775, 1431, 1635, 1123], "panel_size": 1836105, "panel_aspectRatio": 1.4559216384683882, "category": "Result", "figures": 2, "textlen": 16, "fig_size": 1301210, "title": "Results", "17": {"fig_size": 386100, "fig_aspectRatio": 5.711538461538462, "fig_size_poster": 0.908256880733945}, "19": {"fig_size": 915110, "fig_aspectRatio": 2.584873949579832, "fig_size_poster": 0.9406727828746178}, "textRatio": 0.05263157894736842, "figRatio": 0.42007146196142037}, "20": {"xy": [2555, 336, 839, 1036], "panel_size": 869204, "panel_aspectRatio": 0.8098455598455598, "category": "Discussion", "figures": 2, "textlen": 36, "fig_size": 361730, "title": "Hospital Sensor Setup", "22": {"fig_size": 137330, "fig_aspectRatio": 1.429032258064516, "fig_size_poster": 0.5280095351609059}, "23": {"fig_size": 224400, "fig_aspectRatio": 1.6042780748663101, "fig_size_poster": 0.7151370679380215}, "textRatio": 0.11842105263157894, "figRatio": 0.11677780676086456}}}