{"poster_size": 7912760, "doclen": 297, "figlen": 2407556, "section": {"0": {"xy": [358, 33, 1621, 118], "panel_size": 191278, "panel_aspectRatio": 13.73728813559322, "category": "Title", "figures": 0, "textlen": 0, "fig_size": 0, "title": "Machine learning for thyroid cancer diagnosis", "textRatio": 0.0, "figRatio": 0.0}, "1": {"xy": [4, 403, 1167, 360], "panel_size": 420120, "panel_aspectRatio": 3.2416666666666667, "category": "Introduction", "figures": 0, "textlen": 39, "fig_size": 0, "title": "Abstract", "textRatio": 0.13131313131313133, "figRatio": 0.0}, "3": {"xy": [0, 777, 1165, 472], "panel_size": 549880, "panel_aspectRatio": 2.468220338983051, "category": "Method", "figures": 2, "textlen": 0, "fig_size": 414933, "title": "Structure of the Data", "4": {"fig_size": 205335, "fig_aspectRatio": 1.6666666666666667, "fig_size_poster": 0.5021459227467812}, "5": {"fig_size": 209598, "fig_aspectRatio": 1.4067357512953367, "fig_size_poster": 0.4660944206008584}, "textRatio": 0.0, "figRatio": 0.1723461468809033}, "6": {"xy": [6, 1256, 1163, 766], "panel_size": 890858, "panel_aspectRatio": 1.5182767624020888, "category": "Method", "figures": 1, "textlen": 29, "fig_size": 294309, "title": "Mutual Information", "8": {"fig_size": 294309, "fig_aspectRatio": 1.2935010482180294, "fig_size_poster": 0.530524505588994}, "textRatio": 0.09764309764309764, "figRatio": 0.12224388550048265}, "9": {"xy": [6, 2031, 1160, 955], "panel_size": 1107800, "panel_aspectRatio": 1.2146596858638743, "category": "Method", "figures": 1, "textlen": 55, "fig_size": 350034, "title": "Principal Components Analysis", "11": {"fig_size": 350034, "fig_aspectRatio": 1.3249027237354085, "fig_size_poster": 0.5870689655172414}, "textRatio": 0.18518518518518517, "figRatio": 0.14538976455791683}, "12": {"xy": [1172, 397, 1168, 1259], "panel_size": 1470512, "panel_aspectRatio": 0.9277204130262113, "category": "Method", "figures": 2, "textlen": 126, "fig_size": 460906, "title": "Logistic Regression", "16": {"fig_size": 236500, "fig_aspectRatio": 1.2790697674418605, "fig_size_poster": 0.4708904109589041}, "17": {"fig_size": 224406, "fig_aspectRatio": 1.3284671532846715, "fig_size_poster": 0.4674657534246575}, "textRatio": 0.42424242424242425, "figRatio": 0.19144144518341422}, "18": {"xy": [1175, 1664, 1164, 1322], "panel_size": 1538808, "panel_aspectRatio": 0.8804841149773072, "category": "Method", "figures": 3, "textlen": 48, "fig_size": 887374, "title": "Support Vector Machines", "20": {"fig_size": 273894, "fig_aspectRatio": 1.198744769874477, "fig_size_poster": 0.49226804123711343}, "21": {"fig_size": 320355, "fig_aspectRatio": 0.9964726631393298, "fig_size_poster": 0.4853951890034364}, "22": {"fig_size": 293125, "fig_aspectRatio": 1.3326226012793176, "fig_size_poster": 0.5369415807560137}, "textRatio": 0.16161616161616163, "figRatio": 0.368578757877283}}}