{"poster_size": 4478976, "doclen": 180, "figlen": 1750869, "section": {"1": {"xy": [310, 25, 1788, 86], "panel_size": 153768, "panel_aspectRatio": 20.790697674418606, "category": "Title", "figures": 0, "textlen": 0, "fig_size": 0, "title": "Making Medical Image Reconstruction Adversarially Robust", "textRatio": 0.0, "figRatio": 0.0}, "2": {"xy": [38, 242, 824, 250], "panel_size": 206000, "panel_aspectRatio": 3.296, "category": "Introduction", "figures": 0, "textlen": 33, "fig_size": 0, "title": "OVERVIEW", "textRatio": 0.18333333333333332, "figRatio": 0.0}, "4": {"xy": [42, 519, 821, 352], "panel_size": 288992, "panel_aspectRatio": 2.3323863636363638, "category": "Introduction", "figures": 2, "textlen": 0, "fig_size": 229170, "title": "RANDOMIZED SMOOTHINGGUARANTEE", "5": {"fig_size": 132302, "fig_aspectRatio": 4.801204819277109, "fig_size_poster": 0.9707673568818515}, "6": {"fig_size": 96868, "fig_aspectRatio": 6.508196721311475, "fig_size_poster": 0.9671132764920828}, "textRatio": 0.0, "figRatio": 0.1308892898326488}, "7": {"xy": [38, 897, 828, 593], "panel_size": 491004, "panel_aspectRatio": 1.3962900505902192, "category": "Introduction", "figures": 1, "textlen": 65, "fig_size": 103320, "title": "DATA", "8": {"fig_size": 103320, "fig_aspectRatio": 3.6607142857142856, "fig_size_poster": 0.7427536231884058}, "textRatio": 0.3611111111111111, "figRatio": 0.059010696973902675}, "11": {"xy": [37, 1508, 829, 184], "panel_size": 152536, "panel_aspectRatio": 4.505434782608695, "category": "Method", "figures": 1, "textlen": 0, "fig_size": 92112, "title": "THE MRI_VN SYSTEM[2]", "12": {"fig_size": 92112, "fig_aspectRatio": 7.087719298245614, "fig_size_poster": 0.9746682750301568}, "textRatio": 0.0, "figRatio": 0.05260930429403913}, "13": {"xy": [885, 234, 819, 421], "panel_size": 344799, "panel_aspectRatio": 1.9453681710213777, "category": "Method", "figures": 2, "textlen": 15, "fig_size": 177090, "title": "IN PRACTICE:DEFENDING MRI-VN", "14": {"fig_size": 95280, "fig_aspectRatio": 6.616666666666666, "fig_size_poster": 0.9694749694749695}, "15": {"fig_size": 81810, "fig_aspectRatio": 4.488888888888889, "fig_size_poster": 0.73992673992674}, "textRatio": 0.08333333333333333, "figRatio": 0.10114406046368975}, "18": {"xy": [888, 675, 823, 221], "panel_size": 181883, "panel_aspectRatio": 3.723981900452489, "category": "Method", "figures": 1, "textlen": 14, "fig_size": 34980, "title": "ADVERSARIAL ATTACKS", "19": {"fig_size": 34980, "fig_aspectRatio": 8.030303030303031, "fig_size_poster": 0.6439854191980559}, "textRatio": 0.07777777777777778, "figRatio": 0.01997865060150131}, "22": {"xy": [888, 919, 1666, 771], "panel_size": 1284486, "panel_aspectRatio": 2.16083009079118, "category": "Result", "figures": 3, "textlen": 0, "fig_size": 1114197, "title": "RESULTS", "23": {"fig_size": 607087, "fig_aspectRatio": 1.2496413199426113, "fig_size_poster": 0.5228091236494598}, "24": {"fig_size": 267750, "fig_aspectRatio": 2.100840336134454, "fig_size_poster": 0.45018007202881155}, "25": {"fig_size": 239360, "fig_aspectRatio": 2.3375, "fig_size_poster": 0.4489795918367347}, "textRatio": 0.0, "figRatio": 0.6363679978342183}, "26": {"xy": [1725, 240, 825, 238], "panel_size": 196350, "panel_aspectRatio": 3.466386554621849, "category": "Discussion", "figures": 0, "textlen": 28, "fig_size": 0, "title": "DISCUSSION", "textRatio": 0.15555555555555556, "figRatio": 0.0}, "28": {"xy": [1731, 493, 819, 249], "panel_size": 203931, "panel_aspectRatio": 3.289156626506024, "category": "Discussion", "figures": 0, "textlen": 25, "fig_size": 0, "title": "FUTURE WORK", "textRatio": 0.1388888888888889, "figRatio": 0.0}}}