{"poster_size": 3110400, "doclen": 328, "figlen": 1171273, "section": {"1": {"xy": [242, 130, 1799, 87], "panel_size": 156513, "panel_aspectRatio": 20.67816091954023, "category": "Title", "figures": 0, "textlen": 0, "fig_size": 0, "title": "Exploring the Efficacy of Machine Learning in General Game Playing", "textRatio": 0.0, "figRatio": 0.0}, "2": {"xy": [10, 360, 1059, 334], "panel_size": 353706, "panel_aspectRatio": 3.1706586826347305, "category": "Introduction", "figures": 1, "textlen": 84, "fig_size": 137655, "title": "Hunter", "4": {"fig_size": 137655, "fig_aspectRatio": 1.3873015873015873, "fig_size_poster": 0.4126534466477809}, "textRatio": 0.25609756097560976, "figRatio": 0.11752597387628674}, "5": {"xy": [8, 706, 1069, 337], "panel_size": 360253, "panel_aspectRatio": 3.172106824925816, "category": "Method", "figures": 1, "textlen": 81, "fig_size": 152944, "title": "Hamilton", "7": {"fig_size": 152944, "fig_aspectRatio": 1.5316455696202531, "fig_size_poster": 0.45275958840037417}, "textRatio": 0.24695121951219512, "figRatio": 0.1305792927865664}, "8": {"xy": [1079, 359, 1078, 674], "panel_size": 726572, "panel_aspectRatio": 1.599406528189911, "category": "Result", "figures": 4, "textlen": 0, "fig_size": 679282, "title": "", "9": {"fig_size": 169060, "fig_aspectRatio": 1.6930379746835442, "fig_size_poster": 0.4962894248608534}, "10": {"fig_size": 178314, "fig_aspectRatio": 1.551622418879056, "fig_size_poster": 0.48794063079777367}, "11": {"fig_size": 167796, "fig_aspectRatio": 1.6803797468354431, "fig_size_poster": 0.49257884972170685}, "12": {"fig_size": 164112, "fig_aspectRatio": 1.685897435897436, "fig_size_poster": 0.48794063079777367}, "textRatio": 0.0, "figRatio": 0.5799518984899336}, "13": {"xy": [7, 1053, 2149, 377], "panel_size": 810173, "panel_aspectRatio": 5.70026525198939, "category": "Method", "figures": 2, "textlen": 163, "fig_size": 201392, "title": "Two-Player Game: Nalve Bayes vs. Kernelized SVM", "15": {"fig_size": 75168, "fig_aspectRatio": 1.103448275862069, "fig_size_poster": 0.13401582131223824}, "17": {"fig_size": 126224, "fig_aspectRatio": 3.7282608695652173, "fig_size_poster": 0.31921824104234525}, "textRatio": 0.4969512195121951, "figRatio": 0.17194283484721323}}}