{"poster_size": 3110400, "doclen": 326, "figlen": 1403705, "section": {"1": {"xy": [29, 61, 898, 78], "panel_size": 70044, "panel_aspectRatio": 11.512820512820513, "category": "Title", "figures": 0, "textlen": 0, "fig_size": 0, "title": "Re-Evolutionary Algorithms", "textRatio": 0.0, "figRatio": 0.0}, "2": {"xy": [15, 306, 704, 468], "panel_size": 329472, "panel_aspectRatio": 1.5042735042735043, "category": "Introduction", "figures": 1, "textlen": 169, "fig_size": 39984, "title": "Introduction", "4": {"fig_size": 39984, "fig_aspectRatio": 3.1875, "fig_size_poster": 0.5071022727272727}, "textRatio": 0.5184049079754601, "figRatio": 0.028484617494416564}, "5": {"xy": [13, 778, 700, 655], "panel_size": 458500, "panel_aspectRatio": 1.0687022900763359, "category": "Method", "figures": 2, "textlen": 0, "fig_size": 345598, "title": "Evolutionary Strategies", "6": {"fig_size": 138567, "fig_aspectRatio": 2.2712550607287447, "fig_size_poster": 0.8014285714285714}, "7": {"fig_size": 207031, "fig_aspectRatio": 2.0344827586206895, "fig_size_poster": 0.9271428571428572}, "textRatio": 0.0, "figRatio": 0.24620415258191714}, "8": {"xy": [729, 308, 702, 457], "panel_size": 320814, "panel_aspectRatio": 1.536105032822757, "category": "Method", "figures": 3, "textlen": 53, "fig_size": 187941, "title": "The Actor-Critic Architecture\n\n", "10": {"fig_size": 47322, "fig_aspectRatio": 1.207070707070707, "fig_size_poster": 0.34045584045584043}, "11": {"fig_size": 51042, "fig_aspectRatio": 1.558011049723757, "fig_size_poster": 0.4017094017094017}, "12": {"fig_size": 89577, "fig_aspectRatio": 1.237918215613383, "fig_size_poster": 0.47435897435897434}, "textRatio": 0.16257668711656442, "figRatio": 0.13388924311019765}, "12": {"xy": [729, 772, 697, 657], "panel_size": 457929, "panel_aspectRatio": 1.060882800608828, "category": "Method", "figures": 2, "textlen": 0, "fig_size": 378246, "title": "Evolutionary Actor-Critic", "13": {"fig_size": 223610, "fig_aspectRatio": 0.6423728813559322, "fig_size_poster": 0.5437589670014347}, "14": {"fig_size": 154636, "fig_aspectRatio": 0.464471403812825, "fig_size_poster": 0.38450502152080346}, "textRatio": 0.0, "figRatio": 0.26946260076013123}, "15": {"xy": [1451, 302, 690, 698], "panel_size": 481620, "panel_aspectRatio": 0.9885386819484241, "category": "Result", "figures": 1, "textlen": 93, "fig_size": 342881, "title": "Results & Conclusions", "16": {"fig_size": 342881, "fig_aspectRatio": 1.3131115459882583, "fig_size_poster": 0.972463768115942}, "textRatio": 0.2852760736196319, "figRatio": 0.24426856070185687}, "18": {"xy": [1443, 1014, 698, 284], "panel_size": 198232, "panel_aspectRatio": 2.4577464788732395, "category": "Discussion", "figures": 2, "textlen": 11, "fig_size": 109055, "title": "Future Work", "19": {"fig_size": 68310, "fig_aspectRatio": 1.5942028985507246, "fig_size_poster": 0.47277936962750716}, "20": {"fig_size": 40745, "fig_aspectRatio": 1.9379310344827587, "fig_size_poster": 0.40257879656160456}, "textRatio": 0.03374233128834356, "figRatio": 0.07769082535148054}}}