{"poster_size": 3110400, "doclen": 460, "figlen": 1244657, "section": {"1": {"xy": [694, 21, 766, 111], "panel_size": 85026, "panel_aspectRatio": 6.900900900900901, "category": "Title", "figures": 0, "textlen": 0, "fig_size": 0, "title": "Using Bayesian Learning to Safely Plan through Partially Observable Environments", "textRatio": 0.0, "figRatio": 0.0}, "2": {"xy": [1, 3, 665, 1051], "panel_size": 698915, "panel_aspectRatio": 0.6327307326355851, "category": "Introduction", "figures": 2, "textlen": 180, "fig_size": 329012, "title": "Intro to Path Planning with Uncertainty", "7": {"fig_size": 166355, "fig_aspectRatio": 0.7072164948453609, "fig_size_poster": 0.5157894736842106}, "9": {"fig_size": 162657, "fig_aspectRatio": 2.089605734767025, "fig_size_poster": 0.8766917293233083}, "textRatio": 0.391304347826087, "figRatio": 0.26433949272771534}, "3": {"xy": [671, 217, 828, 1094], "panel_size": 905832, "panel_aspectRatio": 0.7568555758683729, "category": "Method", "figures": 4, "textlen": 122, "fig_size": 378927, "title": "", "16": {"fig_size": 83776, "fig_aspectRatio": 1.1323529411764706, "fig_size_poster": 0.3719806763285024}, "18": {"fig_size": 38301, "fig_aspectRatio": 14.72549019607843, "fig_size_poster": 0.9070048309178744}, "20": {"fig_size": 52850, "fig_aspectRatio": 10.785714285714286, "fig_size_poster": 0.9118357487922706}, "24": {"fig_size": 204000, "fig_aspectRatio": 3.264, "fig_size_poster": 0.9855072463768116}, "textRatio": 0.26521739130434785, "figRatio": 0.30444291077782876}, "4": {"xy": [1504, 2, 649, 1046], "panel_size": 678854, "panel_aspectRatio": 0.6204588910133844, "category": "Result", "figures": 5, "textlen": 46, "fig_size": 396689, "title": "Simulation Results: Baseline vs. Machine Learning", "25": {"fig_size": 176494, "fig_aspectRatio": 1.3770949720670391, "fig_size_poster": 0.7596302003081664}, "29": {"fig_size": 66123, "fig_aspectRatio": 1.1772151898734178, "fig_size_poster": 0.42989214175654855}, "30": {"fig_size": 66550, "fig_aspectRatio": 1.1363636363636365, "fig_size_poster": 0.423728813559322}, "32": {"fig_size": 47263, "fig_aspectRatio": 2.0728476821192054, "fig_size_poster": 0.48228043143297383}, "33": {"fig_size": 40259, "fig_aspectRatio": 2.4960629921259843, "fig_size_poster": 0.4884437596302003}, "textRatio": 0.1, "figRatio": 0.3187135090229678}, "5": {"xy": [4, 1061, 651, 372], "panel_size": 242172, "panel_aspectRatio": 1.75, "category": "Method", "figures": 2, "textlen": 18, "fig_size": 140029, "title": "", "12": {"fig_size": 74176, "fig_aspectRatio": 1.2459016393442623, "fig_size_poster": 0.46697388632872505}, "14": {"fig_size": 65853, "fig_aspectRatio": 1.1152263374485596, "fig_size_poster": 0.4162826420890937}, "textRatio": 0.0391304347826087, "figRatio": 0.11250408747148813}, "6": {"xy": [1508, 1086, 648, 342], "panel_size": 221616, "panel_aspectRatio": 1.894736842105263, "category": "Discussion", "figures": 0, "textlen": 94, "fig_size": 0, "title": "Conclusions", "textRatio": 0.20434782608695654, "figRatio": 0.0}}}