{"poster_size": 4478976, "doclen": 420, "figlen": 626710, "section": {"1": {"xy": [504, 16, 1597, 81], "panel_size": 129357, "panel_aspectRatio": 19.71604938271605, "category": "Title", "figures": 0, "textlen": 0, "fig_size": 0, "title": "Recruiting @ Stanford - Is there free food? & Generate that subject line", "textRatio": 0.0, "figRatio": 0.0}, "2": {"xy": [16, 280, 822, 332], "panel_size": 272904, "panel_aspectRatio": 2.4759036144578315, "category": "Introduction", "figures": 0, "textlen": 17, "fig_size": 0, "title": "Problem Statement", "textRatio": 0.04047619047619048, "figRatio": 0.0}, "4": {"xy": [13, 644, 821, 295], "panel_size": 242195, "panel_aspectRatio": 2.783050847457627, "category": "Method", "figures": 0, "textlen": 29, "fig_size": 0, "title": "Dataset", "textRatio": 0.06904761904761905, "figRatio": 0.0}, "6": {"xy": [14, 955, 829, 671], "panel_size": 556259, "panel_aspectRatio": 1.2354694485842026, "category": "Method", "figures": 1, "textlen": 22, "fig_size": 92748, "title": "Tasks + Evaluation Metrics", "8": {"fig_size": 92748, "fig_aspectRatio": 2.9604519774011298, "fig_size_poster": 0.632086851628468}, "textRatio": 0.05238095238095238, "figRatio": 0.14799189417753028}, "11": {"xy": [867, 277, 909, 562], "panel_size": 510858, "panel_aspectRatio": 1.6174377224199288, "category": "Method", "figures": 5, "textlen": 70, "fig_size": 197926, "title": "gen_subject", "12": {"fig_size": 98739, "fig_aspectRatio": 2.3043478260869565, "fig_size_poster": 0.5247524752475248}, "15": {"fig_size": 13303, "fig_aspectRatio": 4.735849056603773, "fig_size_poster": 0.2761276127612761}, "17": {"fig_size": 6762, "fig_aspectRatio": 3.1956521739130435, "fig_size_poster": 0.1617161716171617}, "19": {"fig_size": 22852, "fig_aspectRatio": 6.793103448275862, "fig_size_poster": 0.43344334433443343}, "21": {"fig_size": 56270, "fig_aspectRatio": 7.788235294117647, "fig_size_poster": 0.7282728272827282}, "textRatio": 0.16666666666666666, "figRatio": 0.3158175232563706}, "22": {"xy": [866, 845, 918, 800], "panel_size": 734400, "panel_aspectRatio": 1.1475, "category": "Result", "figures": 5, "textlen": 106, "fig_size": 336036, "title": "has_food", "24": {"fig_size": 39964, "fig_aspectRatio": 4.247422680412371, "fig_size_poster": 0.44880174291938996}, "26": {"fig_size": 24192, "fig_aspectRatio": 7.714285714285714, "fig_size_poster": 0.47058823529411764}, "27": {"fig_size": 80626, "fig_aspectRatio": 2.434065934065934, "fig_size_poster": 0.48257080610021785}, "29": {"fig_size": 97482, "fig_aspectRatio": 1.826839826839827, "fig_size_poster": 0.4596949891067538}, "30": {"fig_size": 93772, "fig_aspectRatio": 1.6554621848739495, "fig_size_poster": 0.42919389978213507}, "textRatio": 0.2523809523809524, "figRatio": 0.5361905825660992}, "31": {"xy": [1796, 279, 776, 341], "panel_size": 264616, "panel_aspectRatio": 2.275659824046921, "category": "Result", "figures": 0, "textlen": 35, "fig_size": 0, "title": "has_food supervision signal", "textRatio": 0.08333333333333333, "figRatio": 0.0}, "33": {"xy": [1802, 650, 776, 397], "panel_size": 308072, "panel_aspectRatio": 1.9546599496221662, "category": "Discussion", "figures": 0, "textlen": 100, "fig_size": 0, "title": "Discussion", "textRatio": 0.23809523809523808, "figRatio": 0.0}, "35": {"xy": [1802, 1068, 786, 279], "panel_size": 219294, "panel_aspectRatio": 2.817204301075269, "category": "Discussion", "figures": 0, "textlen": 41, "fig_size": 0, "title": "Future Work", "textRatio": 0.09761904761904762, "figRatio": 0.0}}}