{"poster_size": 3110400, "doclen": 327, "figlen": 1151990, "section": {"1": {"xy": [34, 27, 2081, 240], "panel_size": 499440, "panel_aspectRatio": 8.670833333333333, "category": "Title", "figures": 0, "textlen": 2, "fig_size": 0, "title": "IDENTIFYING VOLCANOES FROM ELEVATION PROFILE\n", "textRatio": 0.0061162079510703364, "figRatio": 0.0}, "4": {"xy": [23, 300, 685, 718], "panel_size": 491830, "panel_aspectRatio": 0.9540389972144847, "category": "Introduction", "figures": 2, "textlen": 114, "fig_size": 163756, "title": "DATA", "6": {"fig_size": 80764, "fig_aspectRatio": 1.3565573770491803, "fig_size_poster": 0.4832116788321168}, "7": {"fig_size": 82992, "fig_aspectRatio": 1.360323886639676, "fig_size_poster": 0.4905109489051095}, "textRatio": 0.3486238532110092, "figRatio": 0.14215053950121095}, "9": {"xy": [23, 1026, 706, 335], "panel_size": 236510, "panel_aspectRatio": 2.1074626865671644, "category": "Method", "figures": 0, "textlen": 117, "fig_size": 0, "title": "FEATURES", "textRatio": 0.3577981651376147, "figRatio": 0.0}, "12": {"xy": [732, 292, 708, 1089], "panel_size": 771012, "panel_aspectRatio": 0.650137741046832, "category": "Method", "figures": 2, "textlen": 21, "fig_size": 594168, "title": "MODEL COMPARISON", "14": {"fig_size": 249168, "fig_aspectRatio": 1.9441340782122905, "fig_size_poster": 0.9830508474576272}, "15": {"fig_size": 345000, "fig_aspectRatio": 1.38, "fig_size_poster": 0.9745762711864406}, "textRatio": 0.06422018348623854, "figRatio": 0.5157753105495707}, "17": {"xy": [1451, 292, 674, 617], "panel_size": 415858, "panel_aspectRatio": 1.092382495948136, "category": "Introduction", "figures": 2, "textlen": 33, "fig_size": 211377, "title": "RAW ELEVATION OR SCORES?", "19": {"fig_size": 118085, "fig_aspectRatio": 2.7033492822966507, "fig_size_poster": 0.8382789317507419}, "20": {"fig_size": 93292, "fig_aspectRatio": 3.3855421686746987, "fig_size_poster": 0.8338278931750742}, "textRatio": 0.10091743119266056, "figRatio": 0.1834885719494093}, "21": {"xy": [1451, 915, 680, 480], "panel_size": 326400, "panel_aspectRatio": 1.4166666666666667, "category": "Result", "figures": 2, "textlen": 40, "fig_size": 182689, "title": "REGULARIZATION OF SVM\n", "23": {"fig_size": 92092, "fig_aspectRatio": 1.0301003344481605, "fig_size_poster": 0.45294117647058824}, "24": {"fig_size": 90597, "fig_aspectRatio": 0.9867986798679867, "fig_size_poster": 0.43970588235294117}, "textRatio": 0.12232415902140673, "figRatio": 0.15858557799980902}}}