{"poster_size": 4478976, "doclen": 349, "figlen": 1029054, "section": {"1": {"xy": [373, 50, 1667, 172], "panel_size": 286724, "panel_aspectRatio": 9.69186046511628, "category": "Title", "figures": 0, "textlen": 0, "fig_size": 0, "title": "Predicting of Research Impact: A Case Study for Nanotechnology", "textRatio": 0.0, "figRatio": 0.0}, "2": {"xy": [29, 353, 748, 1369], "panel_size": 1024012, "panel_aspectRatio": 0.5463842220598978, "category": "Introduction", "figures": 0, "textlen": 188, "fig_size": 0, "title": "Overview", "textRatio": 0.5386819484240688, "figRatio": 0.0}, "9": {"xy": [777, 350, 507, 1372], "panel_size": 695604, "panel_aspectRatio": 0.369533527696793, "category": "Method", "figures": 2, "textlen": 92, "fig_size": 127425, "title": "Theory/Algorithms", "10": {"fig_size": 43617, "fig_aspectRatio": 5.043010752688172, "fig_size_poster": 0.9250493096646942}, "11": {"fig_size": 83808, "fig_aspectRatio": 2.2268041237113403, "fig_size_poster": 0.8520710059171598}, "textRatio": 0.2636103151862464, "figRatio": 0.12382732101522369}, "15": {"xy": [1301, 350, 1261, 1366], "panel_size": 1722526, "panel_aspectRatio": 0.9231332357247438, "category": "Result", "figures": 6, "textlen": 69, "fig_size": 901629, "title": "Results", "16": {"fig_size": 161163, "fig_aspectRatio": 1.110236220472441, "fig_size_poster": 0.3354480570975416}, "17": {"fig_size": 113088, "fig_aspectRatio": 2.175438596491228, "fig_size_poster": 0.39333862014274384}, "18": {"fig_size": 157850, "fig_aspectRatio": 1.0649350649350648, "fig_size_poster": 0.3251387787470262}, "19": {"fig_size": 131610, "fig_aspectRatio": 1.277258566978193, "fig_size_poster": 0.3251387787470262}, "20": {"fig_size": 79800, "fig_aspectRatio": 1.1278195488721805, "fig_size_poster": 0.23790642347343377}, "21": {"fig_size": 258118, "fig_aspectRatio": 2.0139664804469275, "fig_size_poster": 0.5717684377478192}, "textRatio": 0.1977077363896848, "figRatio": 0.8761726789847764}}}