{"poster_size": 4478976, "doclen": 417, "figlen": 958361, "section": {"1": {"xy": [331, 40, 1946, 86], "panel_size": 167356, "panel_aspectRatio": 22.627906976744185, "category": "Title", "figures": 0, "textlen": 0, "fig_size": 0, "title": "Machine Translation from lnuktitut to English: Parsing Strategy", "textRatio": 0.0, "figRatio": 0.0}, "2": {"xy": [31, 358, 768, 394], "panel_size": 302592, "panel_aspectRatio": 1.9492385786802031, "category": "Introduction", "figures": 1, "textlen": 82, "fig_size": 19200, "title": "Motivation", "4": {"fig_size": 19200, "fig_aspectRatio": 18.75, "fig_size_poster": 0.78125}, "textRatio": 0.19664268585131894, "figRatio": 0.020034204229930058}, "5": {"xy": [32, 771, 763, 623], "panel_size": 475349, "panel_aspectRatio": 1.2247191011235956, "category": "Method", "figures": 1, "textlen": 0, "fig_size": 370650, "title": "Approach", "6": {"fig_size": 370650, "fig_aspectRatio": 1.3447619047619048, "fig_size_poster": 0.9252948885976409}, "textRatio": 0.0, "figRatio": 0.3867540519699779}, "7": {"xy": [32, 1403, 760, 292], "panel_size": 221920, "panel_aspectRatio": 2.6027397260273974, "category": "Method", "figures": 0, "textlen": 33, "fig_size": 0, "title": "Data Preparation", "textRatio": 0.07913669064748201, "figRatio": 0.0}, "9": {"xy": [810, 360, 841, 317], "panel_size": 266597, "panel_aspectRatio": 2.6529968454258674, "category": "Method", "figures": 0, "textlen": 73, "fig_size": 0, "title": "Byte Pair Encoding(BPE)", "textRatio": 0.1750599520383693, "figRatio": 0.0}, "11": {"xy": [806, 691, 849, 419], "panel_size": 355731, "panel_aspectRatio": 2.0262529832935563, "category": "Method", "figures": 1, "textlen": 48, "fig_size": 153846, "title": "Neural Machine Translation", "12": {"fig_size": 153846, "fig_aspectRatio": 3.9242424242424243, "fig_size_poster": 0.9151943462897526}, "textRatio": 0.11510791366906475, "figRatio": 0.16053032208113643}, "14": {"xy": [813, 1127, 847, 268], "panel_size": 226996, "panel_aspectRatio": 3.16044776119403, "category": "Method", "figures": 0, "textlen": 55, "fig_size": 0, "title": "Experiments", "textRatio": 0.13189448441247004, "figRatio": 0.0}, "16": {"xy": [808, 1409, 848, 277], "panel_size": 234896, "panel_aspectRatio": 3.0613718411552346, "category": "Result", "figures": 1, "textlen": 0, "fig_size": 149110, "title": "Results", "17": {"fig_size": 149110, "fig_aspectRatio": 4.356756756756757, "fig_size_poster": 0.9504716981132075}, "textRatio": 0.0, "figRatio": 0.15558855170442035}, "18": {"xy": [1670, 360, 891, 384], "panel_size": 342144, "panel_aspectRatio": 2.3203125, "category": "Result", "figures": 1, "textlen": 0, "fig_size": 265555, "title": "Results: BLEU Graphs", "19": {"fig_size": 265555, "fig_aspectRatio": 2.817589576547231, "fig_size_poster": 0.9708193041526375}, "textRatio": 0.0, "figRatio": 0.27709287001453525}, "20": {"xy": [1673, 759, 894, 476], "panel_size": 425544, "panel_aspectRatio": 1.8781512605042017, "category": "Discussion", "figures": 0, "textlen": 82, "fig_size": 0, "title": "Analysis", "textRatio": 0.19664268585131894, "figRatio": 0.0}, "22": {"xy": [1672, 1255, 893, 195], "panel_size": 174135, "panel_aspectRatio": 4.579487179487179, "category": "Discussion", "figures": 0, "textlen": 44, "fig_size": 0, "title": "Complementary Project", "textRatio": 0.10551558752997602, "figRatio": 0.0}}}