{"poster_size": 4478976, "doclen": 169, "figlen": 1956890, "section": {"1": {"xy": [408, 52, 1892, 114], "panel_size": 215688, "panel_aspectRatio": 16.596491228070175, "category": "Title", "figures": 0, "textlen": 0, "fig_size": 0, "title": "Deep Reinforcement Learning for Flappy Bird", "textRatio": 0.0, "figRatio": 0.0}, "2": {"xy": [27, 356, 976, 665], "panel_size": 649040, "panel_aspectRatio": 1.4676691729323308, "category": "Introduction", "figures": 0, "textlen": 158, "fig_size": 0, "title": "Abstract", "textRatio": 0.9349112426035503, "figRatio": 0.0}, "6": {"xy": [31, 1041, 957, 648], "panel_size": 620136, "panel_aspectRatio": 1.4768518518518519, "category": "Method", "figures": 3, "textlen": 11, "fig_size": 351714, "title": "Reinforcement Learning", "7": {"fig_size": 66880, "fig_aspectRatio": 8.636363636363637, "fig_size_poster": 0.7941483803552769}, "9": {"fig_size": 81962, "fig_aspectRatio": 7.158878504672897, "fig_size_poster": 0.800417972831766}, "10": {"fig_size": 202872, "fig_aspectRatio": 3.611814345991561, "fig_size_poster": 0.8944618599791013}, "textRatio": 0.0650887573964497, "figRatio": 0.17973110394554626}, "11": {"xy": [1029, 355, 1537, 646], "panel_size": 992902, "panel_aspectRatio": 2.3792569659442724, "category": "Method", "figures": 1, "textlen": 0, "fig_size": 841784, "title": "Pipeline", "12": {"fig_size": 841784, "fig_aspectRatio": 2.723021582733813, "fig_size_poster": 0.9850357839947951}, "textRatio": 0.0, "figRatio": 0.4301641890959635}, "13": {"xy": [1019, 1036, 1554, 661], "panel_size": 1027194, "panel_aspectRatio": 2.350983358547655, "category": "Method", "figures": 2, "textlen": 0, "fig_size": 763392, "title": "Experimental Results", "14": {"fig_size": 327488, "fig_aspectRatio": 1.4453781512605042, "fig_size_poster": 0.44272844272844275}, "15": {"fig_size": 435904, "fig_aspectRatio": 1.410071942446043, "fig_size_poster": 0.5045045045045045}, "textRatio": 0.0, "figRatio": 0.39010470695849025}}}