{"poster_size": 3110400, "doclen": 379, "figlen": 670508, "section": {"1": {"xy": [318, 9, 1667, 187], "panel_size": 311729, "panel_aspectRatio": 8.914438502673796, "category": "Title", "figures": 0, "textlen": 9, "fig_size": 0, "title": "Grammatical Error Correction using Neural Networks\n", "textRatio": 0.023746701846965697, "figRatio": 0.0}, "3": {"xy": [9, 216, 648, 467], "panel_size": 302616, "panel_aspectRatio": 1.3875802997858673, "category": "Introduction", "figures": 0, "textlen": 72, "fig_size": 0, "title": "Objective", "textRatio": 0.18997361477572558, "figRatio": 0.0}, "5": {"xy": [9, 692, 646, 491], "panel_size": 317186, "panel_aspectRatio": 1.3156822810590632, "category": "Introduction", "figures": 1, "textlen": 40, "fig_size": 104576, "title": "Dataset", "7": {"fig_size": 104576, "fig_aspectRatio": 3.5348837209302326, "fig_size_poster": 0.9411764705882353}, "textRatio": 0.10554089709762533, "figRatio": 0.15596532778132402}, "9": {"xy": [14, 1200, 634, 230], "panel_size": 145820, "panel_aspectRatio": 2.756521739130435, "category": "Method", "figures": 0, "textlen": 35, "fig_size": 0, "title": "Preprocessing", "textRatio": 0.09234828496042216, "figRatio": 0.0}, "11": {"xy": [669, 216, 734, 564], "panel_size": 413976, "panel_aspectRatio": 1.301418439716312, "category": "Method", "figures": 1, "textlen": 106, "fig_size": 35340, "title": "Model", "13": {"fig_size": 35340, "fig_aspectRatio": 4.086021505376344, "fig_size_poster": 0.5177111716621253}, "textRatio": 0.2796833773087071, "figRatio": 0.052706306263310805}, "15": {"xy": [665, 793, 743, 620], "panel_size": 460660, "panel_aspectRatio": 1.1983870967741936, "category": "Method", "figures": 2, "textlen": 0, "fig_size": 310224, "title": "NNGLM Architecture", "16": {"fig_size": 181056, "fig_aspectRatio": 1.3369565217391304, "fig_size_poster": 0.6621803499327052}, "17": {"fig_size": 129168, "fig_aspectRatio": 3.8152173913043477, "fig_size_poster": 0.9448183041722745}, "textRatio": 0.0, "figRatio": 0.4626700949131107}, "18": {"xy": [1412, 224, 729, 600], "panel_size": 437400, "panel_aspectRatio": 1.215, "category": "Result", "figures": 2, "textlen": 52, "fig_size": 220368, "title": "Result", "20": {"fig_size": 111384, "fig_aspectRatio": 4.576923076923077, "fig_size_poster": 0.9794238683127572}, "22": {"fig_size": 108984, "fig_aspectRatio": 4.717105263157895, "fig_size_poster": 0.9835390946502057}, "textRatio": 0.13720316622691292, "figRatio": 0.32865827104225454}, "24": {"xy": [1417, 835, 717, 171], "panel_size": 122607, "panel_aspectRatio": 4.192982456140351, "category": "Discussion", "figures": 0, "textlen": 27, "fig_size": 0, "title": "Discussion", "textRatio": 0.0712401055408971, "figRatio": 0.0}, "27": {"xy": [1421, 1010, 716, 190], "panel_size": 136040, "panel_aspectRatio": 3.768421052631579, "category": "Introduction", "figures": 0, "textlen": 38, "fig_size": 0, "title": "Future Work", "textRatio": 0.10026385224274406, "figRatio": 0.0}}}