{"poster_size": 8036464, "doclen": 561, "figlen": 1807215, "section": {"1": {"xy": [901, 22, 1859, 118], "panel_size": 219362, "panel_aspectRatio": 15.754237288135593, "category": "Title", "figures": 0, "textlen": 0, "fig_size": 0, "title": "Crude OIl PRICES PREDICTIONS USING NLP", "textRatio": 0.0, "figRatio": 0.0}, "2": {"xy": [9, 269, 1671, 634], "panel_size": 1059414, "panel_aspectRatio": 2.635646687697161, "category": "Introduction", "figures": 0, "textlen": 176, "fig_size": 0, "title": "Problem", "textRatio": 0.3137254901960784, "figRatio": 0.0}, "5": {"xy": [28, 905, 1638, 919], "panel_size": 1505322, "panel_aspectRatio": 1.7823721436343851, "category": "Method", "figures": 1, "textlen": 168, "fig_size": 310792, "title": "NLP METHOD: LATENT DIRICHLET ALLOCATION(LDA)", "8": {"fig_size": 310792, "fig_aspectRatio": 1.7287735849056605, "fig_size_poster": 0.4474969474969475}, "textRatio": 0.2994652406417112, "figRatio": 0.17197289752464429}, "10": {"xy": [30, 1875, 800, 465], "panel_size": 372000, "panel_aspectRatio": 1.7204301075268817, "category": "Discussion", "figures": 0, "textlen": 48, "fig_size": 0, "title": "FUTURE WORKS", "textRatio": 0.0855614973262032, "figRatio": 0.0}, "12": {"xy": [1719, 269, 1609, 785], "panel_size": 1263065, "panel_aspectRatio": 2.0496815286624206, "category": "Method", "figures": 1, "textlen": 124, "fig_size": 272080, "title": "preprocessing", "14": {"fig_size": 272080, "fig_aspectRatio": 1.8842105263157896, "fig_size_poster": 0.4449968924798011}, "textRatio": 0.22103386809269163, "figRatio": 0.15055209258444624}, "16": {"xy": [1697, 1105, 1620, 1211], "panel_size": 1961820, "panel_aspectRatio": 1.3377374071015689, "category": "Result", "figures": 6, "textlen": 45, "fig_size": 1224343, "title": "Results", "17": {"fig_size": 408694, "fig_aspectRatio": 4.996503496503497, "fig_size_poster": 0.8820987654320988}, "19": {"fig_size": 120663, "fig_aspectRatio": 1.128440366972477, "fig_size_poster": 0.22777777777777777}, "20": {"fig_size": 104272, "fig_aspectRatio": 1.1282894736842106, "fig_size_poster": 0.21172839506172839}, "21": {"fig_size": 126021, "fig_aspectRatio": 0.988795518207283, "fig_size_poster": 0.21790123456790123}, "22": {"fig_size": 121797, "fig_aspectRatio": 1.0115273775216138, "fig_size_poster": 0.21666666666666667}, "23": {"fig_size": 342896, "fig_aspectRatio": 1.5926724137931034, "fig_size_poster": 0.4561728395061728}, "textRatio": 0.08021390374331551, "figRatio": 0.6774750098909095}}}