{"poster_size": 3110400, "doclen": 709, "figlen": 1127214, "section": {"1": {"xy": [412, 12, 1337, 94], "panel_size": 125678, "panel_aspectRatio": 14.22340425531915, "category": "Title", "figures": 0, "textlen": 0, "fig_size": 0, "title": "Automatic image Colorization", "textRatio": 0.0, "figRatio": 0.0}, "2": {"xy": [0, 215, 712, 580], "panel_size": 412960, "panel_aspectRatio": 1.2275862068965517, "category": "Introduction", "figures": 1, "textlen": 234, "fig_size": 154512, "title": "Problem Statement", "3": {"fig_size": 154512, "fig_aspectRatio": 3.135135135135135, "fig_size_poster": 0.9775280898876404}, "textRatio": 0.3300423131170663, "figRatio": 0.13707423789981316}, "5": {"xy": [0, 804, 708, 626], "panel_size": 443208, "panel_aspectRatio": 1.1309904153354633, "category": "Method", "figures": 1, "textlen": 180, "fig_size": 47040, "title": "Approach", "9": {"fig_size": 47040, "fig_aspectRatio": 5.104166666666667, "fig_size_poster": 0.692090395480226}, "textRatio": 0.2538787023977433, "figRatio": 0.04173120631929696}, "12": {"xy": [738, 215, 693, 332], "panel_size": 230076, "panel_aspectRatio": 2.0873493975903616, "category": "Method", "figures": 0, "textlen": 104, "fig_size": 0, "title": "Implementation", "textRatio": 0.1466854724964739, "figRatio": 0.0}, "15": {"xy": [725, 563, 706, 873], "panel_size": 616338, "panel_aspectRatio": 0.8087056128293242, "category": "Method", "figures": 1, "textlen": 0, "fig_size": 549600, "title": "Algorithm Flowchart", "16": {"fig_size": 549600, "fig_aspectRatio": 0.85875, "fig_size_poster": 0.9730878186968839}, "textRatio": 0.0, "figRatio": 0.4875737881183165}, "17": {"xy": [1451, 213, 701, 845], "panel_size": 592345, "panel_aspectRatio": 0.829585798816568, "category": "Result", "figures": 1, "textlen": 91, "fig_size": 376062, "title": "Results and Analysis", "18": {"fig_size": 376062, "fig_aspectRatio": 1.2992565055762082, "fig_size_poster": 0.9971469329529244}, "textRatio": 0.12834978843441466, "figRatio": 0.33362076766257337}, "20": {"xy": [1446, 1072, 713, 355], "panel_size": 253115, "panel_aspectRatio": 2.008450704225352, "category": "Discussion", "figures": 0, "textlen": 100, "fig_size": 0, "title": "Future Steps", "textRatio": 0.14104372355430184, "figRatio": 0.0}}}