{"poster_size": 4478976, "doclen": 797, "figlen": 992925, "section": {"1": {"xy": [478, 27, 1924, 118], "panel_size": 227032, "panel_aspectRatio": 16.305084745762713, "category": "Title", "figures": 0, "textlen": 0, "fig_size": 0, "title": "Weekly Climate Indices: Generation and Prediction", "textRatio": 0.0, "figRatio": 0.0}, "2": {"xy": [40, 293, 781, 443], "panel_size": 345983, "panel_aspectRatio": 1.762979683972912, "category": "Introduction", "figures": 0, "textlen": 120, "fig_size": 0, "title": "Problem Outline", "textRatio": 0.15056461731493098, "figRatio": 0.0}, "4": {"xy": [32, 745, 785, 435], "panel_size": 341475, "panel_aspectRatio": 1.8045977011494252, "category": "Method", "figures": 1, "textlen": 0, "fig_size": 281780, "title": "Data", "5": {"fig_size": 281780, "fig_aspectRatio": 2.115068493150685, "fig_size_poster": 0.9834394904458599}, "textRatio": 0.0, "figRatio": 0.2837877986756301}, "6": {"xy": [35, 1191, 1733, 517], "panel_size": 895961, "panel_aspectRatio": 3.3520309477756287, "category": "Method", "figures": 6, "textlen": 212, "fig_size": 288845, "title": "Part 1: Generation of Surface Skin Temperature Indices", "8": {"fig_size": 64152, "fig_aspectRatio": 1.0864197530864197, "fig_size_poster": 0.15233698788228506}, "9": {"fig_size": 45936, "fig_aspectRatio": 1.4829545454545454, "fig_size_poster": 0.15060588574725908}, "11": {"fig_size": 45000, "fig_aspectRatio": 1.3888888888888888, "fig_size_poster": 0.14425851125216388}, "12": {"fig_size": 43855, "fig_aspectRatio": 1.3687150837988826, "fig_size_poster": 0.1413733410271206}, "13": {"fig_size": 43152, "fig_aspectRatio": 1.4252873563218391, "fig_size_poster": 0.14310444316214657}, "14": {"fig_size": 46750, "fig_aspectRatio": 1.3368983957219251, "fig_size_poster": 0.14425851125216388}, "textRatio": 0.2659974905897114, "figRatio": 0.2909031397134728}, "16": {"xy": [823, 292, 944, 881], "panel_size": 831664, "panel_aspectRatio": 1.0715096481271282, "category": "Method", "figures": 3, "textlen": 188, "fig_size": 210835, "title": "Part 2: Predicting NAO Indices", "18": {"fig_size": 119251, "fig_aspectRatio": 1.3890784982935154, "fig_size_poster": 0.4311440677966102}, "21": {"fig_size": 25344, "fig_aspectRatio": 19.555555555555557, "fig_size_poster": 0.7457627118644068}, "22": {"fig_size": 66240, "fig_aspectRatio": 2.5875, "fig_size_poster": 0.4385593220338983}, "textRatio": 0.23588456712672523, "figRatio": 0.21233728630057658}, "23": {"xy": [1771, 293, 786, 884], "panel_size": 694824, "panel_aspectRatio": 0.8891402714932126, "category": "Result", "figures": 3, "textlen": 175, "fig_size": 211465, "title": "Results & Discussion", "25": {"fig_size": 48345, "fig_aspectRatio": 1.7757575757575759, "fig_size_poster": 0.3727735368956743}, "26": {"fig_size": 79344, "fig_aspectRatio": 1.1647509578544062, "fig_size_poster": 0.38676844783715014}, "27": {"fig_size": 83776, "fig_aspectRatio": 1.1323529411764706, "fig_size_poster": 0.39185750636132316}, "textRatio": 0.21957340025094102, "figRatio": 0.21297177531032052}, "28": {"xy": [1776, 1187, 788, 357], "panel_size": 281316, "panel_aspectRatio": 2.2072829131652663, "category": "Discussion", "figures": 0, "textlen": 102, "fig_size": 0, "title": "Future Work", "textRatio": 0.12797992471769135, "figRatio": 0.0}}}