{"poster_size": 4478976, "doclen": 871, "figlen": 517391, "section": {"1": {"xy": [263, 157, 1184, 140], "panel_size": 165760, "panel_aspectRatio": 8.457142857142857, "category": "Title", "figures": 0, "textlen": 0, "fig_size": 0, "title": "Drug and Chemical Compound Named Entity Recognition with Convolutional Networks", "textRatio": 0.0, "figRatio": 0.0}, "2": {"xy": [43, 480, 545, 1007], "panel_size": 548815, "panel_aspectRatio": 0.5412115193644489, "category": "Introduction", "figures": 0, "textlen": 171, "fig_size": 0, "title": "Introduction", "textRatio": 0.19632606199770378, "figRatio": 0.0}, "4": {"xy": [56, 1503, 530, 1080], "panel_size": 572400, "panel_aspectRatio": 0.49074074074074076, "category": "Introduction", "figures": 0, "textlen": 217, "fig_size": 0, "title": "Data Set", "textRatio": 0.24913892078071181, "figRatio": 0.0}, "8": {"xy": [611, 477, 522, 2090], "panel_size": 1090980, "panel_aspectRatio": 0.24976076555023924, "category": "Method", "figures": 6, "textlen": 226, "fig_size": 289885, "title": "Methods", "9": {"fig_size": 43605, "fig_aspectRatio": 6.035294117647059, "fig_size_poster": 0.9827586206896551}, "10": {"fig_size": 31680, "fig_aspectRatio": 4.95, "fig_size_poster": 0.7586206896551724}, "11": {"fig_size": 21560, "fig_aspectRatio": 7.127272727272727, "fig_size_poster": 0.7509578544061303}, "12": {"fig_size": 16520, "fig_aspectRatio": 5.267857142857143, "fig_size_poster": 0.5651340996168582}, "13": {"fig_size": 143520, "fig_aspectRatio": 1.8840579710144927, "fig_size_poster": 0.9961685823754789}, "14": {"fig_size": 33000, "fig_aspectRatio": 4.261363636363637, "fig_size_poster": 0.7183908045977011}, "textRatio": 0.25947187141216993, "figRatio": 0.5602822623509106}, "21": {"xy": [1148, 468, 533, 1415], "panel_size": 754195, "panel_aspectRatio": 0.37667844522968197, "category": "Method", "figures": 2, "textlen": 155, "fig_size": 227506, "title": "Experiments & Results", "22": {"fig_size": 78489, "fig_aspectRatio": 2.6842105263157894, "fig_size_poster": 0.8611632270168855}, "23": {"fig_size": 149017, "fig_aspectRatio": 1.281524926686217, "fig_size_poster": 0.8198874296435272}, "textRatio": 0.17795637198622274, "figRatio": 0.4397177376490894}, "26": {"xy": [1156, 1898, 538, 674], "panel_size": 362612, "panel_aspectRatio": 0.798219584569733, "category": "Discussion", "figures": 0, "textlen": 102, "fig_size": 0, "title": "Future Work", "textRatio": 0.11710677382319173, "figRatio": 0.0}}}