{"poster_size": 4478976, "doclen": 448, "figlen": 849132, "section": {"1": {"xy": [655, 69, 1456, 156], "panel_size": 227136, "panel_aspectRatio": 9.333333333333334, "category": "Title", "figures": 0, "textlen": 0, "fig_size": 0, "title": "CNN Image Recognition Architecture Simplification using Patch-Based Data Reduction Techniques", "textRatio": 0.0, "figRatio": 0.0}, "2": {"xy": [41, 360, 630, 380], "panel_size": 239400, "panel_aspectRatio": 1.6578947368421053, "category": "Introduction", "figures": 0, "textlen": 56, "fig_size": 0, "title": "Motivation", "textRatio": 0.125, "figRatio": 0.0}, "4": {"xy": [38, 758, 631, 415], "panel_size": 261865, "panel_aspectRatio": 1.5204819277108435, "category": "Method", "figures": 2, "textlen": 30, "fig_size": 62622, "title": "Data / Features", "6": {"fig_size": 15756, "fig_aspectRatio": 0.1716171617161716, "fig_size_poster": 0.08240887480190175}, "7": {"fig_size": 46866, "fig_aspectRatio": 4.093457943925234, "fig_size_poster": 0.694136291600634}, "textRatio": 0.06696428571428571, "figRatio": 0.07374825115529741}, "8": {"xy": [54, 1194, 602, 489], "panel_size": 294378, "panel_aspectRatio": 1.231083844580777, "category": "Method", "figures": 2, "textlen": 70, "fig_size": 9223, "title": "Methods", "10": {"fig_size": 2623, "fig_aspectRatio": 1.4186046511627908, "fig_size_poster": 0.10132890365448505}, "11": {"fig_size": 6600, "fig_aspectRatio": 3.409090909090909, "fig_size_poster": 0.24916943521594684}, "textRatio": 0.15625, "figRatio": 0.010861679927266903}, "12": {"xy": [688, 354, 1226, 772], "panel_size": 946472, "panel_aspectRatio": 1.5880829015544042, "category": "Method", "figures": 7, "textlen": 116, "fig_size": 311434, "title": "Models", "14": {"fig_size": 38624, "fig_aspectRatio": 1.9154929577464788, "fig_size_poster": 0.22185970636215335}, "15": {"fig_size": 49335, "fig_aspectRatio": 2.4125874125874125, "fig_size_poster": 0.2814029363784666}, "16": {"fig_size": 110565, "fig_aspectRatio": 1.8724279835390947, "fig_size_poster": 0.37112561174551384}, "17": {"fig_size": 27740, "fig_aspectRatio": 3.0736842105263156, "fig_size_poster": 0.23817292006525284}, "18": {"fig_size": 27063, "fig_aspectRatio": 3.129032258064516, "fig_size_poster": 0.23735725938009788}, "19": {"fig_size": 26970, "fig_aspectRatio": 3.118279569892473, "fig_size_poster": 0.2365415986949429}, "20": {"fig_size": 31137, "fig_aspectRatio": 2.7196261682242993, "fig_size_poster": 0.23735725938009788}, "textRatio": 0.25892857142857145, "figRatio": 0.3667674754926207}, "21": {"xy": [681, 1143, 1232, 536], "panel_size": 660352, "panel_aspectRatio": 2.298507462686567, "category": "Result", "figures": 5, "textlen": 0, "fig_size": 465853, "title": "Results", "22": {"fig_size": 78996, "fig_aspectRatio": 1.5330396475770924, "fig_size_poster": 0.2824675324675325}, "23": {"fig_size": 59940, "fig_aspectRatio": 1.85, "fig_size_poster": 0.2702922077922078}, "24": {"fig_size": 152971, "fig_aspectRatio": 1.8571428571428572, "fig_size_poster": 0.43262987012987014}, "25": {"fig_size": 69552, "fig_aspectRatio": 0.9130434782608695, "fig_size_poster": 0.20454545454545456}, "26": {"fig_size": 104394, "fig_aspectRatio": 6.47244094488189, "fig_size_poster": 0.6672077922077922}, "textRatio": 0.0, "figRatio": 0.548622593424815}, "27": {"xy": [1940, 355, 620, 536], "panel_size": 332320, "panel_aspectRatio": 1.1567164179104477, "category": "Discussion", "figures": 0, "textlen": 108, "fig_size": 0, "title": "Discussion", "textRatio": 0.24107142857142858, "figRatio": 0.0}, "29": {"xy": [1932, 909, 635, 422], "panel_size": 267970, "panel_aspectRatio": 1.504739336492891, "category": "Discussion", "figures": 0, "textlen": 68, "fig_size": 0, "title": "Future Directions", "textRatio": 0.15178571428571427, "figRatio": 0.0}}}