{"poster_size": 4478976, "doclen": 426, "figlen": 1558308, "section": {"1": {"xy": [636, 24, 1366, 62], "panel_size": 84692, "panel_aspectRatio": 22.032258064516128, "category": "Title", "figures": 0, "textlen": 0, "fig_size": 0, "title": "Real-time Detailed Video Analysis of Fruit Flies", "textRatio": 0.0, "figRatio": 0.0}, "2": {"xy": [16, 212, 864, 214], "panel_size": 184896, "panel_aspectRatio": 4.037383177570093, "category": "Introduction", "figures": 1, "textlen": 56, "fig_size": 24300, "title": "Problem", "3": {"fig_size": 24300, "fig_aspectRatio": 0.9259259259259259, "fig_size_poster": 0.1736111111111111}, "textRatio": 0.13145539906103287, "figRatio": 0.015593836391778776}, "5": {"xy": [34, 426, 850, 186], "panel_size": 158100, "panel_aspectRatio": 4.56989247311828, "category": "Introduction", "figures": 1, "textlen": 59, "fig_size": 22200, "title": "data", "6": {"fig_size": 22200, "fig_aspectRatio": 1.0135135135135136, "fig_size_poster": 0.17647058823529413}, "textRatio": 0.13849765258215962, "figRatio": 0.014246220901131227}, "8": {"xy": [24, 622, 862, 330], "panel_size": 284460, "panel_aspectRatio": 2.6121212121212123, "category": "Method", "figures": 1, "textlen": 0, "fig_size": 163072, "title": "Approach", "9": {"fig_size": 163072, "fig_aspectRatio": 3.769230769230769, "fig_size_poster": 0.9095127610208816}, "textRatio": 0.0, "figRatio": 0.10464683490041764}, "10": {"xy": [22, 970, 872, 296], "panel_size": 258112, "panel_aspectRatio": 2.945945945945946, "category": "Result", "figures": 2, "textlen": 0, "fig_size": 193100, "title": "Results Summary", "11": {"fig_size": 139160, "fig_aspectRatio": 1.7253521126760563, "fig_size_poster": 0.5619266055045872}, "12": {"fig_size": 53940, "fig_aspectRatio": 1.5591397849462365, "fig_size_poster": 0.33256880733944955}, "textRatio": 0.0, "figRatio": 0.12391645297335314}, "13": {"xy": [26, 1268, 858, 200], "panel_size": 171600, "panel_aspectRatio": 4.29, "category": "Discussion", "figures": 0, "textlen": 84, "fig_size": 0, "title": "Discussion", "textRatio": 0.19718309859154928, "figRatio": 0.0}, "15": {"xy": [26, 1482, 846, 150], "panel_size": 126900, "panel_aspectRatio": 5.64, "category": "Discussion", "figures": 0, "textlen": 42, "fig_size": 0, "title": "Future Work", "textRatio": 0.09859154929577464, "figRatio": 0.0}, "17": {"xy": [906, 154, 800, 508], "panel_size": 406400, "panel_aspectRatio": 1.5748031496062993, "category": "Method", "figures": 2, "textlen": 43, "fig_size": 151652, "title": "Fly/ NotFly", "19": {"fig_size": 22116, "fig_aspectRatio": 1.7017543859649122, "fig_size_poster": 0.2425}, "20": {"fig_size": 129536, "fig_aspectRatio": 4.181818181818182, "fig_size_poster": 0.92}, "textRatio": 0.10093896713615023, "figRatio": 0.09731837351794383}, "21": {"xy": [908, 664, 816, 960], "panel_size": 783360, "panel_aspectRatio": 0.85, "category": "Method", "figures": 6, "textlen": 51, "fig_size": 463856, "title": "Orientation", "23": {"fig_size": 132096, "fig_aspectRatio": 4.465116279069767, "fig_size_poster": 0.9411764705882353}, "24": {"fig_size": 80560, "fig_aspectRatio": 7.169811320754717, "fig_size_poster": 0.9313725490196079}, "25": {"fig_size": 28728, "fig_aspectRatio": 1.8095238095238095, "fig_size_poster": 0.27941176470588236}, "26": {"fig_size": 31992, "fig_aspectRatio": 2.0806451612903225, "fig_size_poster": 0.3161764705882353}, "27": {"fig_size": 86320, "fig_aspectRatio": 1.2769230769230768, "fig_size_poster": 0.4068627450980392}, "28": {"fig_size": 104160, "fig_aspectRatio": 1.3285714285714285, "fig_size_poster": 0.45588235294117646}, "textRatio": 0.11971830985915492, "figRatio": 0.29766644334752823}, "29": {"xy": [1732, 162, 840, 486], "panel_size": 408240, "panel_aspectRatio": 1.728395061728395, "category": "Method", "figures": 4, "textlen": 59, "fig_size": 128392, "title": "Male-Female vs female - Male", "30": {"fig_size": 14580, "fig_aspectRatio": 5.0, "fig_size_poster": 0.32142857142857145}, "31": {"fig_size": 89916, "fig_aspectRatio": 6.4576271186440675, "fig_size_poster": 0.9071428571428571}, "32": {"fig_size": 12880, "fig_aspectRatio": 6.086956521739131, "fig_size_poster": 0.3333333333333333}, "33": {"fig_size": 11016, "fig_aspectRatio": 9.529411764705882, "fig_size_poster": 0.38571428571428573}, "textRatio": 0.13849765258215962, "figRatio": 0.08239192765486669}, "35": {"xy": [1734, 664, 844, 848], "panel_size": 715712, "panel_aspectRatio": 0.9952830188679245, "category": "Method", "figures": 6, "textlen": 32, "fig_size": 411736, "title": "Wing Angle", "36": {"fig_size": 99696, "fig_aspectRatio": 1.3880597014925373, "fig_size_poster": 0.44075829383886256}, "37": {"fig_size": 100360, "fig_aspectRatio": 1.4846153846153847, "fig_size_poster": 0.45734597156398105}, "38": {"fig_size": 80136, "fig_aspectRatio": 7.132075471698113, "fig_size_poster": 0.8957345971563981}, "39": {"fig_size": 95648, "fig_aspectRatio": 6.426229508196721, "fig_size_poster": 0.9289099526066351}, "41": {"fig_size": 18360, "fig_aspectRatio": 2.2666666666666666, "fig_size_poster": 0.24170616113744076}, "42": {"fig_size": 17536, "fig_aspectRatio": 4.28125, "fig_size_poster": 0.3246445497630332}, "textRatio": 0.07511737089201878, "figRatio": 0.2642199103129805}}}