{"poster_size": 8036464, "doclen": 374, "figlen": 2455388, "section": {"0": {"xy": [493, 20, 2190, 124], "panel_size": 271560, "panel_aspectRatio": 17.661290322580644, "category": "Title", "figures": 0, "textlen": 0, "fig_size": 0, "title": "Neural NetworKS FOR CALIBRATING ATLASIETS", "textRatio": 0.0, "figRatio": 0.0}, "1": {"xy": [50, 269, 1627, 640], "panel_size": 1041280, "panel_aspectRatio": 2.5421875, "category": "Introduction", "figures": 1, "textlen": 69, "fig_size": 276595, "title": "Motivation", "3": {"fig_size": 276595, "fig_aspectRatio": 0.9663551401869159, "fig_size_poster": 0.3177627535341119}, "textRatio": 0.18449197860962566, "figRatio": 0.11264818431954543}, "4": {"xy": [1695, 252, 1651, 690], "panel_size": 1139190, "panel_aspectRatio": 2.3927536231884057, "category": "Method", "figures": 1, "textlen": 110, "fig_size": 239476, "title": "dataset", "18": {"fig_size": 239476, "fig_aspectRatio": 1.2540045766590389, "fig_size_poster": 0.3319200484554815}, "textRatio": 0.29411764705882354, "figRatio": 0.09753081793997527}, "5": {"xy": [40, 918, 808, 534], "panel_size": 431472, "panel_aspectRatio": 1.5131086142322097, "category": "Method", "figures": 2, "textlen": 11, "fig_size": 270668, "title": "features", "6": {"fig_size": 207090, "fig_aspectRatio": 2.8407407407407406, "fig_size_poster": 0.9492574257425742}, "7": {"fig_size": 63578, "fig_aspectRatio": 9.228915662650602, "fig_size_poster": 0.948019801980198}, "textRatio": 0.029411764705882353, "figRatio": 0.11023430920082691}, "9": {"xy": [46, 1489, 806, 857], "panel_size": 690742, "panel_aspectRatio": 0.94049008168028, "category": "Result", "figures": 1, "textlen": 70, "fig_size": 287154, "title": "Result", "11": {"fig_size": 287154, "fig_aspectRatio": 2.0862533692722374, "fig_size_poster": 0.9602977667493796}, "textRatio": 0.18716577540106952, "figRatio": 0.11694852300328909}, "13": {"xy": [873, 924, 806, 818], "panel_size": 659308, "panel_aspectRatio": 0.9853300733496333, "category": "Method", "figures": 3, "textlen": 0, "fig_size": 467009, "title": "CosT FUNCTION", "14": {"fig_size": 89585, "fig_aspectRatio": 6.773913043478261, "fig_size_poster": 0.966501240694789}, "15": {"fig_size": 225424, "fig_aspectRatio": 1.5129533678756477, "fig_size_poster": 0.7245657568238213}, "16": {"fig_size": 152000, "fig_aspectRatio": 4.2105263157894735, "fig_size_poster": 0.9925558312655087}, "textRatio": 0.0, "figRatio": 0.19019763882530988}, "20": {"xy": [1693, 969, 1614, 700], "panel_size": 1129800, "panel_aspectRatio": 2.3057142857142856, "category": "Result", "figures": 2, "textlen": 26, "fig_size": 625019, "title": "Result", "22": {"fig_size": 315735, "fig_aspectRatio": 1.3422680412371133, "fig_size_poster": 0.4033457249070632}, "23": {"fig_size": 309284, "fig_aspectRatio": 1.4427645788336934, "fig_size_poster": 0.4138785625774473}, "textRatio": 0.06951871657754011, "figRatio": 0.2545499937280788}, "24": {"xy": [862, 1783, 1621, 557], "panel_size": 902897, "panel_aspectRatio": 2.9102333931777378, "category": "Discussion", "figures": 1, "textlen": 53, "fig_size": 289467, "title": "Discussion", "26": {"fig_size": 289467, "fig_aspectRatio": 1.4105960264900663, "fig_size_poster": 0.3942011104256632}, "textRatio": 0.14171122994652408, "figRatio": 0.11789053298297458}, "27": {"xy": [2530, 1720, 812, 277], "panel_size": 224924, "panel_aspectRatio": 2.931407942238267, "category": "Discussion", "figures": 0, "textlen": 35, "fig_size": 0, "title": "FUTURE STEPS", "textRatio": 0.09358288770053476, "figRatio": 0.0}}}