{"poster_size": 3110400, "doclen": 489, "figlen": 314102, "section": {"1": {"xy": [117, 34, 1927, 105], "panel_size": 202335, "panel_aspectRatio": 18.35238095238095, "category": "Title", "figures": 0, "textlen": 0, "fig_size": 0, "title": "Learning Importance of Business Aspects from Yelp Reviews", "textRatio": 0.0, "figRatio": 0.0}, "2": {"xy": [29, 298, 800, 536], "panel_size": 428800, "panel_aspectRatio": 1.492537313432836, "category": "Introduction", "figures": 0, "textlen": 191, "fig_size": 0, "title": "Motivation", "textRatio": 0.39059304703476483, "figRatio": 0.0}, "5": {"xy": [19, 862, 806, 560], "panel_size": 451360, "panel_aspectRatio": 1.4392857142857143, "category": "Method", "figures": 0, "textlen": 40, "fig_size": 0, "title": "Learning Pipeline", "textRatio": 0.081799591002045, "figRatio": 0.0}, "11": {"xy": [854, 294, 1283, 544], "panel_size": 697952, "panel_aspectRatio": 2.358455882352941, "category": "Result", "figures": 1, "textlen": 139, "fig_size": 117902, "title": "Results", "17": {"fig_size": 117902, "fig_aspectRatio": 1.0568862275449102, "fig_size_poster": 0.2751363990646921}, "textRatio": 0.2842535787321063, "figRatio": 0.37536214350752306}, "18": {"xy": [852, 871, 1278, 535], "panel_size": 683730, "panel_aspectRatio": 2.388785046728972, "category": "Discussion", "figures": 1, "textlen": 119, "fig_size": 196200, "title": "Analysis", "21": {"fig_size": 196200, "fig_aspectRatio": 1.5138888888888888, "fig_size_poster": 0.42644757433489827}, "textRatio": 0.24335378323108384, "figRatio": 0.6246378564924769}}}