{"poster_size": 8957952, "doclen": 478, "figlen": 1996337, "section": {"1": {"xy": [857, 37, 1796, 281], "panel_size": 504676, "panel_aspectRatio": 6.391459074733096, "category": "Title", "figures": 0, "textlen": 10, "fig_size": 0, "title": "Reimaging Shallow Structure", "textRatio": 0.02092050209205021, "figRatio": 0.0}, "3": {"xy": [57, 390, 880, 291], "panel_size": 256080, "panel_aspectRatio": 3.0240549828178693, "category": "Introduction", "figures": 0, "textlen": 16, "fig_size": 0, "title": "Abstract", "textRatio": 0.03347280334728033, "figRatio": 0.0}, "5": {"xy": [49, 720, 829, 1639], "panel_size": 1358731, "panel_aspectRatio": 0.5057962172056132, "category": "Introduction", "figures": 1, "textlen": 167, "fig_size": 240768, "title": "Introduction and Data", "7": {"fig_size": 240768, "fig_aspectRatio": 1.9431818181818181, "fig_size_poster": 0.8250904704463209}, "textRatio": 0.3493723849372385, "figRatio": 0.12060488785210112}, "10": {"xy": [1001, 391, 1481, 744], "panel_size": 1101864, "panel_aspectRatio": 1.9905913978494623, "category": "Introduction", "figures": 1, "textlen": 6, "fig_size": 844662, "title": "Introduction and Data", "11": {"fig_size": 844662, "fig_aspectRatio": 2.0816326530612246, "fig_size_poster": 0.8953409858203917}, "textRatio": 0.012552301255230125, "figRatio": 0.4231059184897139}, "13": {"xy": [904, 1176, 817, 696], "panel_size": 568632, "panel_aspectRatio": 1.1738505747126438, "category": "Method", "figures": 2, "textlen": 51, "fig_size": 167750, "title": "Metric", "15": {"fig_size": 78408, "fig_aspectRatio": 5.355371900826446, "fig_size_poster": 0.7931456548347613}, "17": {"fig_size": 89342, "fig_aspectRatio": 5.206106870229007, "fig_size_poster": 0.8347613219094248}, "textRatio": 0.10669456066945607, "figRatio": 0.08402889892838734}, "18": {"xy": [1749, 1163, 804, 685], "panel_size": 550740, "panel_aspectRatio": 1.1737226277372264, "category": "Method", "figures": 0, "textlen": 62, "fig_size": 0, "title": "Clustering\n", "textRatio": 0.1297071129707113, "figRatio": 0.0}, "20": {"xy": [901, 1904, 1678, 639], "panel_size": 1072242, "panel_aspectRatio": 2.6259780907668233, "category": "Result", "figures": 1, "textlen": 34, "fig_size": 496432, "title": "Results\n", "21": {"fig_size": 496432, "fig_aspectRatio": 5.371710526315789, "fig_size_poster": 0.9731823599523242}, "textRatio": 0.07112970711297072, "figRatio": 0.248671441745557}, "23": {"xy": [2582, 402, 871, 1020], "panel_size": 888420, "panel_aspectRatio": 0.8539215686274509, "category": "Discussion", "figures": 1, "textlen": 83, "fig_size": 246725, "title": "Discussion", "25": {"fig_size": 246725, "fig_aspectRatio": 1.9577464788732395, "fig_size_poster": 0.7979334098737084}, "textRatio": 0.17364016736401675, "figRatio": 0.12358885298424063}, "27": {"xy": [2595, 1452, 806, 402], "panel_size": 324012, "panel_aspectRatio": 2.0049751243781095, "category": "Introduction", "figures": 0, "textlen": 49, "fig_size": 0, "title": "Future Directions\n", "textRatio": 0.10251046025104603, "figRatio": 0.0}}}