{"poster_size": 4007920, "doclen": 261, "figlen": 906291, "section": {"1": {"xy": [116, 13, 1342, 120], "panel_size": 161040, "panel_aspectRatio": 11.183333333333334, "category": "Title", "figures": 0, "textlen": 0, "fig_size": 0, "title": "Smart Adaptive Sampling for Photorealistic Rendering: Learning Samplers for Monte Carlo Ray Tracing\n", "textRatio": 0.0, "figRatio": 0.0}, "2": {"xy": [19, 214, 800, 175], "panel_size": 140000, "panel_aspectRatio": 4.571428571428571, "category": "Introduction", "figures": 0, "textlen": 25, "fig_size": 0, "title": "Abstract", "textRatio": 0.09578544061302682, "figRatio": 0.0}, "4": {"xy": [9, 406, 821, 408], "panel_size": 334968, "panel_aspectRatio": 2.0122549019607843, "category": "Method", "figures": 1, "textlen": 18, "fig_size": 105840, "title": "Motivation ", "5": {"fig_size": 105840, "fig_aspectRatio": 1.763265306122449, "fig_size_poster": 0.5261875761266748}, "textRatio": 0.06896551724137931, "figRatio": 0.11678368206238393}, "7": {"xy": [16, 839, 811, 240], "panel_size": 194640, "panel_aspectRatio": 3.379166666666667, "category": "Method", "figures": 0, "textlen": 42, "fig_size": 0, "title": "Adaptive Sampling", "textRatio": 0.16091954022988506, "figRatio": 0.0}, "9": {"xy": [9, 1103, 823, 881], "panel_size": 725063, "panel_aspectRatio": 0.9341657207718501, "category": "Method", "figures": 3, "textlen": 100, "fig_size": 201951, "title": "Our Approach ", "11": {"fig_size": 19395, "fig_aspectRatio": 9.577777777777778, "fig_size_poster": 0.5236938031591738}, "12": {"fig_size": 91140, "fig_aspectRatio": 1.054421768707483, "fig_size_poster": 0.37667071688942894}, "13": {"fig_size": 91416, "fig_aspectRatio": 1.0648464163822526, "fig_size_poster": 0.37910085054678005}, "textRatio": 0.3831417624521073, "figRatio": 0.22283240151342118}, "14": {"xy": [7, 1999, 822, 220], "panel_size": 180840, "panel_aspectRatio": 3.7363636363636363, "category": "Method", "figures": 0, "textlen": 34, "fig_size": 0, "title": "Implementation", "textRatio": 0.13026819923371646, "figRatio": 0.0}, "16": {"xy": [839, 217, 813, 322], "panel_size": 261786, "panel_aspectRatio": 2.5248447204968945, "category": "Method", "figures": 3, "textlen": 11, "fig_size": 113529, "title": "Implementation-cont", "17": {"fig_size": 37800, "fig_aspectRatio": 1.0582010582010581, "fig_size_poster": 0.24600246002460024}, "18": {"fig_size": 36019, "fig_aspectRatio": 1.0994475138121547, "fig_size_poster": 0.24477244772447723}, "19": {"fig_size": 39710, "fig_aspectRatio": 1.1, "fig_size_poster": 0.2570725707257073}, "textRatio": 0.0421455938697318, "figRatio": 0.1252677120262697}, "21": {"xy": [846, 560, 804, 870], "panel_size": 699480, "panel_aspectRatio": 0.9241379310344827, "category": "Result", "figures": 4, "textlen": 12, "fig_size": 484971, "title": "Results", "23": {"fig_size": 90597, "fig_aspectRatio": 1.0133779264214047, "fig_size_poster": 0.376865671641791}, "24": {"fig_size": 93832, "fig_aspectRatio": 1.070945945945946, "fig_size_poster": 0.39427860696517414}, "25": {"fig_size": 157586, "fig_aspectRatio": 0.9019138755980861, "fig_size_poster": 0.4689054726368159}, "26": {"fig_size": 142956, "fig_aspectRatio": 0.8181818181818182, "fig_size_poster": 0.4253731343283582}, "textRatio": 0.04597701149425287, "figRatio": 0.5351162043979252}, "27": {"xy": [840, 1449, 813, 165], "panel_size": 134145, "panel_aspectRatio": 4.927272727272728, "category": "Result", "figures": 0, "textlen": 19, "fig_size": 0, "title": "Future Work", "textRatio": 0.07279693486590039, "figRatio": 0.0}}}