{"poster_size": 388800, "doclen": 378, "figlen": 54127, "section": {"1": {"xy": [138, 9, 411, 31], "panel_size": 12741, "panel_aspectRatio": 13.258064516129032, "category": "Title", "figures": 0, "textlen": 0, "fig_size": 0, "title": "Applying Machine Learning to Connect Four", "textRatio": 0.0, "figRatio": 0.0}, "2": {"xy": [2, 73, 239, 246], "panel_size": 58794, "panel_aspectRatio": 0.9715447154471545, "category": "Introduction", "figures": 1, "textlen": 74, "fig_size": 5727, "title": "INTRODUCTION", "9": {"fig_size": 5727, "fig_aspectRatio": 1.2028985507246377, "fig_size_poster": 0.3472803347280335}, "textRatio": 0.19576719576719576, "figRatio": 0.10580671383967336}, "3": {"xy": [2, 328, 241, 191], "panel_size": 46031, "panel_aspectRatio": 1.2617801047120418, "category": "Introduction", "figures": 0, "textlen": 102, "fig_size": 0, "title": "DATA DESCRIPTION", "textRatio": 0.2698412698412698, "figRatio": 0.0}, "4": {"xy": [245, 72, 234, 139], "panel_size": 32526, "panel_aspectRatio": 1.683453237410072, "category": "Method", "figures": 0, "textlen": 35, "fig_size": 0, "title": "PRELIMINARY MODELS", "textRatio": 0.09259259259259259, "figRatio": 0.0}, "5": {"xy": [246, 215, 233, 266], "panel_size": 61978, "panel_aspectRatio": 0.8759398496240601, "category": "Method", "figures": 1, "textlen": 48, "fig_size": 26500, "title": "DEEP RL", "13": {"fig_size": 26500, "fig_aspectRatio": 0.589622641509434, "fig_size_poster": 0.5364806866952789}, "textRatio": 0.12698412698412698, "figRatio": 0.48958929924067474}, "6": {"xy": [482, 74, 235, 219], "panel_size": 51465, "panel_aspectRatio": 1.0730593607305936, "category": "Result", "figures": 1, "textlen": 44, "fig_size": 21900, "title": "RESULTS", "15": {"fig_size": 21900, "fig_aspectRatio": 2.19, "fig_size_poster": 0.9319148936170213}, "textRatio": 0.1164021164021164, "figRatio": 0.40460398691965194}, "7": {"xy": [482, 300, 236, 133], "panel_size": 31388, "panel_aspectRatio": 1.7744360902255638, "category": "Discussion", "figures": 0, "textlen": 75, "fig_size": 0, "title": "DISCUSSION", "textRatio": 0.1984126984126984, "figRatio": 0.0}}}