{"poster_size": 3110400, "doclen": 272, "figlen": 870922, "section": {"0": {"xy": [412, 35, 1354, 152], "panel_size": 205808, "panel_aspectRatio": 8.907894736842104, "category": "Title", "figures": 0, "textlen": 0, "fig_size": 0, "title": "School-Specific Estimates of Returns to lncreased Education Spending in Massachusetts", "textRatio": 0.0, "figRatio": 0.0}, "1": {"xy": [15, 284, 557, 341], "panel_size": 189937, "panel_aspectRatio": 1.6334310850439884, "category": "Introduction", "figures": 0, "textlen": 50, "fig_size": 0, "title": "Motivation", "textRatio": 0.18382352941176472, "figRatio": 0.0}, "2": {"xy": [15, 629, 560, 212], "panel_size": 118720, "panel_aspectRatio": 2.641509433962264, "category": "Introduction", "figures": 0, "textlen": 23, "fig_size": 0, "title": "Problem Definition", "textRatio": 0.08455882352941177, "figRatio": 0.0}, "3": {"xy": [14, 845, 564, 563], "panel_size": 317532, "panel_aspectRatio": 1.0017761989342806, "category": "Introduction", "figures": 0, "textlen": 64, "fig_size": 0, "title": "Data", "textRatio": 0.23529411764705882, "figRatio": 0.0}, "4": {"xy": [578, 284, 989, 459], "panel_size": 453951, "panel_aspectRatio": 2.1546840958605666, "category": "Method", "figures": 3, "textlen": 21, "fig_size": 267357, "title": "Modeling Scholastic Achievement; Methods", "13": {"fig_size": 165838, "fig_aspectRatio": 2.070671378091873, "fig_size_poster": 0.5925176946410515}, "14": {"fig_size": 50735, "fig_aspectRatio": 2.6258992805755397, "fig_size_poster": 0.3690596562184024}, "15": {"fig_size": 50784, "fig_aspectRatio": 2.6666666666666665, "fig_size_poster": 0.37209302325581395}, "textRatio": 0.07720588235294118, "figRatio": 0.306981566661538}, "5": {"xy": [582, 748, 987, 664], "panel_size": 655368, "panel_aspectRatio": 1.4864457831325302, "category": "Method", "figures": 13, "textlen": 31, "fig_size": 451879, "title": "Causal Inference", "17": {"fig_size": 26931, "fig_aspectRatio": 12.191489361702128, "fig_size_poster": 0.5805471124620061}, "19": {"fig_size": 35955, "fig_aspectRatio": 1.5359477124183007, "fig_size_poster": 0.23809523809523808}, "20": {"fig_size": 36720, "fig_aspectRatio": 1.5686274509803921, "fig_size_poster": 0.24316109422492402}, "21": {"fig_size": 35802, "fig_aspectRatio": 1.5294117647058822, "fig_size_poster": 0.23708206686930092}, "22": {"fig_size": 35266, "fig_aspectRatio": 1.4870129870129871, "fig_size_poster": 0.232016210739615}, "23": {"fig_size": 34545, "fig_aspectRatio": 1.598639455782313, "fig_size_poster": 0.23809523809523808}, "24": {"fig_size": 34365, "fig_aspectRatio": 1.6344827586206896, "fig_size_poster": 0.24012158054711247}, "25": {"fig_size": 35032, "fig_aspectRatio": 1.5364238410596027, "fig_size_poster": 0.23505572441742653}, "26": {"fig_size": 35100, "fig_aspectRatio": 1.56, "fig_size_poster": 0.23708206686930092}, "27": {"fig_size": 37050, "fig_aspectRatio": 1.6466666666666667, "fig_size_poster": 0.2502532928064843}, "28": {"fig_size": 35700, "fig_aspectRatio": 1.5866666666666667, "fig_size_poster": 0.24113475177304963}, "29": {"fig_size": 35015, "fig_aspectRatio": 1.5771812080536913, "fig_size_poster": 0.23809523809523808}, "30": {"fig_size": 34398, "fig_aspectRatio": 1.5918367346938775, "fig_size_poster": 0.23708206686930092}, "textRatio": 0.11397058823529412, "figRatio": 0.518851286337927}, "6": {"xy": [1572, 284, 573, 648], "panel_size": 371304, "panel_aspectRatio": 0.8842592592592593, "category": "Result", "figures": 1, "textlen": 32, "fig_size": 151686, "title": "Data Visualization", "31": {"fig_size": 151686, "fig_aspectRatio": 1.5, "fig_size_poster": 0.8324607329842932}, "textRatio": 0.11764705882352941, "figRatio": 0.17416714700053507}, "7": {"xy": [1575, 939, 573, 226], "panel_size": 129498, "panel_aspectRatio": 2.5353982300884956, "category": "Discussion", "figures": 0, "textlen": 26, "fig_size": 0, "title": "Challenges", "textRatio": 0.09558823529411764, "figRatio": 0.0}, "8": {"xy": [1578, 1171, 571, 246], "panel_size": 140466, "panel_aspectRatio": 2.321138211382114, "category": "Discussion", "figures": 0, "textlen": 25, "fig_size": 0, "title": "Future Work", "textRatio": 0.09191176470588236, "figRatio": 0.0}}}