{"poster_size": 8036464, "doclen": 58, "figlen": 2490078, "section": {"2": {"xy": [1058, 43, 1339, 106], "panel_size": 141934, "panel_aspectRatio": 12.632075471698114, "category": "Title", "figures": 0, "textlen": 0, "fig_size": 0, "title": "Hierarchical Image Classification", "textRatio": 0.0, "figRatio": 0.0}, "3": {"xy": [32, 376, 1067, 706], "panel_size": 753302, "panel_aspectRatio": 1.5113314447592068, "category": "Introduction", "figures": 1, "textlen": 36, "fig_size": 296564, "title": "Introduction", "4": {"fig_size": 296564, "fig_aspectRatio": 3.251655629139073, "fig_size_poster": 0.9203373945641987}, "textRatio": 0.6206896551724138, "figRatio": 0.11909827724272092}, "7": {"xy": [26, 1098, 1110, 1082], "panel_size": 1201020, "panel_aspectRatio": 1.0258780036968578, "category": "Method", "figures": 2, "textlen": 7, "fig_size": 530306, "title": "CNN architecture", "8": {"fig_size": 396628, "fig_aspectRatio": 2.115473441108545, "fig_size_poster": 0.8252252252252252}, "9": {"fig_size": 133678, "fig_aspectRatio": 4.219101123595506, "fig_size_poster": 0.6765765765765765}, "textRatio": 0.1206896551724138, "figRatio": 0.2129676259137264}, "11": {"xy": [1142, 363, 1104, 357], "panel_size": 394128, "panel_aspectRatio": 3.092436974789916, "category": "Method", "figures": 1, "textlen": 0, "fig_size": 118917, "title": "VGG16 baseline", "12": {"fig_size": 118917, "fig_aspectRatio": 2.4794520547945207, "fig_size_poster": 0.49184782608695654}, "textRatio": 0.0, "figRatio": 0.047756335343712125}, "13": {"xy": [1146, 776, 1053, 1393], "panel_size": 1466829, "panel_aspectRatio": 0.7559224694903087, "category": "Method", "figures": 4, "textlen": 2, "fig_size": 959690, "title": "Category Hierrarchy", "14": {"fig_size": 126730, "fig_aspectRatio": 1.506896551724138, "fig_size_poster": 0.41500474833808165}, "15": {"fig_size": 110304, "fig_aspectRatio": 1.3298611111111112, "fig_size_poster": 0.3637226970560304}, "17": {"fig_size": 564600, "fig_aspectRatio": 1.5683333333333334, "fig_size_poster": 0.8936372269705603}, "18": {"fig_size": 158056, "fig_aspectRatio": 4.668478260869565, "fig_size_poster": 0.8157644824311491}, "textRatio": 0.034482758620689655, "figRatio": 0.3854055977362958}, "19": {"xy": [2268, 365, 1011, 404], "panel_size": 408444, "panel_aspectRatio": 2.5024752475247523, "category": "Method", "figures": 2, "textlen": 0, "fig_size": 223324, "title": "Coarse Visual Categories", "20": {"fig_size": 108676, "fig_aspectRatio": 1.5018587360594795, "fig_size_poster": 0.39960435212660733}, "21": {"fig_size": 114648, "fig_aspectRatio": 1.4519572953736655, "fig_size_poster": 0.4035608308605341}, "textRatio": 0.0, "figRatio": 0.08968554398697551}, "22": {"xy": [2275, 814, 1022, 678], "panel_size": 692916, "panel_aspectRatio": 1.5073746312684366, "category": "Result", "figures": 2, "textlen": 0, "fig_size": 361277, "title": "End-to-End", "23": {"fig_size": 109107, "fig_aspectRatio": 1.8477366255144032, "fig_size_poster": 0.43933463796477495}, "24": {"fig_size": 252170, "fig_aspectRatio": 2.7649006622516556, "fig_size_poster": 0.8170254403131115}, "textRatio": 0.0, "figRatio": 0.14508661977656925}, "25": {"xy": [2289, 1535, 812, 241], "panel_size": 195692, "panel_aspectRatio": 3.3692946058091287, "category": "Result", "figures": 0, "textlen": 13, "fig_size": 0, "title": "Conclusions", "textRatio": 0.22413793103448276, "figRatio": 0.0}}}