{"poster_size": 4478976, "doclen": 590, "figlen": 1123657, "section": {"1": {"xy": [126, 160, 1354, 97], "panel_size": 131338, "panel_aspectRatio": 13.958762886597938, "category": "Title", "figures": 0, "textlen": 0, "fig_size": 0, "title": "Classifying 3D objects as a whole", "textRatio": 0.0, "figRatio": 0.0}, "2": {"xy": [34, 427, 523, 529], "panel_size": 276667, "panel_aspectRatio": 0.9886578449905482, "category": "Introduction", "figures": 0, "textlen": 102, "fig_size": 0, "title": "ABSTRACT", "textRatio": 0.17288135593220338, "figRatio": 0.0}, "4": {"xy": [581, 429, 528, 515], "panel_size": 271920, "panel_aspectRatio": 1.025242718446602, "category": "Method", "figures": 0, "textlen": 94, "fig_size": 0, "title": "NETWORK", "textRatio": 0.15932203389830507, "figRatio": 0.0}, "6": {"xy": [19, 965, 1092, 333], "panel_size": 363636, "panel_aspectRatio": 3.279279279279279, "category": "Method", "figures": 1, "textlen": 0, "fig_size": 330408, "title": "", "7": {"fig_size": 330408, "fig_aspectRatio": 3.394230769230769, "fig_size_poster": 0.9697802197802198}, "textRatio": 0.0, "figRatio": 0.2940470268062229}, "8": {"xy": [1116, 431, 580, 874], "panel_size": 506920, "panel_aspectRatio": 0.6636155606407322, "category": "Result", "figures": 2, "textlen": 51, "fig_size": 277638, "title": "ANALYSIS", "10": {"fig_size": 137286, "fig_aspectRatio": 2.0153256704980844, "fig_size_poster": 0.906896551724138}, "12": {"fig_size": 140352, "fig_aspectRatio": 1.8970588235294117, "fig_size_poster": 0.8896551724137931}, "textRatio": 0.08644067796610169, "figRatio": 0.24708429707642102}, "14": {"xy": [36, 1307, 521, 511], "panel_size": 266231, "panel_aspectRatio": 1.0195694716242663, "category": "Method", "figures": 0, "textlen": 70, "fig_size": 0, "title": "RELATED WORK", "textRatio": 0.11864406779661017, "figRatio": 0.0}, "16": {"xy": [32, 1826, 532, 711], "panel_size": 378252, "panel_aspectRatio": 0.7482419127988749, "category": "Method", "figures": 1, "textlen": 77, "fig_size": 93208, "title": "INPUT DATA", "18": {"fig_size": 93208, "fig_aspectRatio": 2.554973821989529, "fig_size_poster": 0.9172932330827067}, "textRatio": 0.13050847457627118, "figRatio": 0.08295058011475032}, "20": {"xy": [583, 1308, 517, 1191], "panel_size": 615747, "panel_aspectRatio": 0.4340890008396306, "category": "Result", "figures": 2, "textlen": 79, "fig_size": 301227, "title": "RESULT", "22": {"fig_size": 172699, "fig_aspectRatio": 1.2412868632707774, "fig_size_poster": 0.8955512572533849}, "25": {"fig_size": 128528, "fig_aspectRatio": 1.6750902527075813, "fig_size_poster": 0.8974854932301741}, "textRatio": 0.13389830508474576, "figRatio": 0.26807735812618977}, "26": {"xy": [1132, 1320, 529, 679], "panel_size": 359191, "panel_aspectRatio": 0.7790868924889544, "category": "Result", "figures": 1, "textlen": 58, "fig_size": 121176, "title": "POSE EXTIMATION", "28": {"fig_size": 121176, "fig_aspectRatio": 1.2941176470588236, "fig_size_poster": 0.7485822306238186}, "textRatio": 0.09830508474576272, "figRatio": 0.10784073787641603}, "30": {"xy": [1125, 2014, 556, 498], "panel_size": 276888, "panel_aspectRatio": 1.1164658634538152, "category": "Result", "figures": 0, "textlen": 59, "fig_size": 0, "title": "CONCLUSION", "textRatio": 0.1, "figRatio": 0.0}}}