{"poster_size": 3110400, "doclen": 526, "figlen": 576349, "section": {"1": {"xy": [472, 28, 1658, 84], "panel_size": 139272, "panel_aspectRatio": 19.738095238095237, "category": "Title", "figures": 0, "textlen": 0, "fig_size": 0, "title": "Risk Prediction for Atherosclerotic Cardiovascular Disease", "textRatio": 0.0, "figRatio": 0.0}, "2": {"xy": [14, 242, 655, 426], "panel_size": 279030, "panel_aspectRatio": 1.5375586854460095, "category": "Introduction", "figures": 0, "textlen": 92, "fig_size": 0, "title": "Motivation", "textRatio": 0.17490494296577946, "figRatio": 0.0}, "4": {"xy": [23, 670, 644, 454], "panel_size": 292376, "panel_aspectRatio": 1.4185022026431717, "category": "Method", "figures": 0, "textlen": 105, "fig_size": 0, "title": "Data and Features", "textRatio": 0.19961977186311788, "figRatio": 0.0}, "6": {"xy": [685, 234, 796, 788], "panel_size": 627248, "panel_aspectRatio": 1.0101522842639594, "category": "Method", "figures": 4, "textlen": 134, "fig_size": 214241, "title": "Error Analysis of Baseline Model", "8": {"fig_size": 13905, "fig_aspectRatio": 6.866666666666666, "fig_size_poster": 0.38819095477386933}, "9": {"fig_size": 64092, "fig_aspectRatio": 1.6683673469387754, "fig_size_poster": 0.4108040201005025}, "10": {"fig_size": 64740, "fig_aspectRatio": 1.7025641025641025, "fig_size_poster": 0.41708542713567837}, "11": {"fig_size": 71504, "fig_aspectRatio": 1.5045871559633028, "fig_size_poster": 0.4120603015075377}, "textRatio": 0.25475285171102663, "figRatio": 0.3717209537970917}, "12": {"xy": [688, 1053, 790, 362], "panel_size": 285980, "panel_aspectRatio": 2.18232044198895, "category": "Method", "figures": 0, "textlen": 61, "fig_size": 0, "title": "Model", "textRatio": 0.11596958174904944, "figRatio": 0.0}, "14": {"xy": [1482, 247, 672, 636], "panel_size": 427392, "panel_aspectRatio": 1.0566037735849056, "category": "Result", "figures": 2, "textlen": 0, "fig_size": 362108, "title": "Results", "15": {"fig_size": 186296, "fig_aspectRatio": 2.184931506849315, "fig_size_poster": 0.9494047619047619}, "16": {"fig_size": 175812, "fig_aspectRatio": 2.358974358974359, "fig_size_poster": 0.9583333333333334}, "textRatio": 0.0, "figRatio": 0.6282790462029083}, "17": {"xy": [1484, 916, 656, 509], "panel_size": 333904, "panel_aspectRatio": 1.2888015717092338, "category": "Discussion", "figures": 0, "textlen": 134, "fig_size": 0, "title": "Discussion and Future Directions", "textRatio": 0.25475285171102663, "figRatio": 0.0}}}