{"poster_size": 4478976, "doclen": 323, "figlen": 1591703, "section": {"0": {"xy": [95, 24, 2417, 110], "panel_size": 265870, "panel_aspectRatio": 21.972727272727273, "category": "Title", "figures": 0, "textlen": 0, "fig_size": 0, "title": "Predicting Short-Range Displacements From Sensor Data", "textRatio": 0.0, "figRatio": 0.0}, "1": {"xy": [36, 307, 599, 360], "panel_size": 215640, "panel_aspectRatio": 1.663888888888889, "category": "Introduction", "figures": 0, "textlen": 64, "fig_size": 0, "title": "Smart Device Data", "textRatio": 0.19814241486068113, "figRatio": 0.0}, "3": {"xy": [31, 703, 628, 336], "panel_size": 211008, "panel_aspectRatio": 1.869047619047619, "category": "Introduction", "figures": 1, "textlen": 18, "fig_size": 62376, "title": "Statement of Purpose", "5": {"fig_size": 62376, "fig_aspectRatio": 1.8423913043478262, "fig_size_poster": 0.5398089171974523}, "textRatio": 0.05572755417956656, "figRatio": 0.03918821538942881}, "6": {"xy": [21, 1047, 625, 623], "panel_size": 389375, "panel_aspectRatio": 1.0032102728731942, "category": "Method", "figures": 1, "textlen": 56, "fig_size": 114642, "title": "Preliminary Tests", "8": {"fig_size": 114642, "fig_aspectRatio": 1.2996632996632997, "fig_size_poster": 0.6176}, "textRatio": 0.17337461300309598, "figRatio": 0.07202474330952445}, "9": {"xy": [663, 313, 634, 352], "panel_size": 223168, "panel_aspectRatio": 1.8011363636363635, "category": "Method", "figures": 0, "textlen": 75, "fig_size": 0, "title": "Setup", "textRatio": 0.23219814241486067, "figRatio": 0.0}, "10": {"xy": [669, 693, 627, 377], "panel_size": 236379, "panel_aspectRatio": 1.663129973474801, "category": "Method", "figures": 0, "textlen": 73, "fig_size": 0, "title": "Pebble Smartwatch", "textRatio": 0.2260061919504644, "figRatio": 0.0}, "11": {"xy": [670, 1092, 639, 522], "panel_size": 333558, "panel_aspectRatio": 1.2241379310344827, "category": "Method", "figures": 1, "textlen": 4, "fig_size": 249490, "title": "Processing Data Pipeline", "20": {"fig_size": 249490, "fig_aspectRatio": 1.4914425427872862, "fig_size_poster": 0.9546165884194053}, "textRatio": 0.01238390092879257, "figRatio": 0.1567440659469763}, "12": {"xy": [1315, 300, 626, 386], "panel_size": 241636, "panel_aspectRatio": 1.621761658031088, "category": "Method", "figures": 1, "textlen": 0, "fig_size": 179982, "title": "Processing Data", "22": {"fig_size": 179982, "fig_aspectRatio": 2.04040404040404, "fig_size_poster": 0.9680511182108626}, "textRatio": 0.0, "figRatio": 0.11307511514396844}, "13": {"xy": [1314, 732, 631, 925], "panel_size": 583675, "panel_aspectRatio": 0.6821621621621622, "category": "Result", "figures": 2, "textlen": 0, "fig_size": 482372, "title": "Neutral Networks", "23": {"fig_size": 244530, "fig_aspectRatio": 1.3995215311004785, "fig_size_poster": 0.9270998415213946}, "24": {"fig_size": 237842, "fig_aspectRatio": 1.361244019138756, "fig_size_poster": 0.901743264659271}, "textRatio": 0.0, "figRatio": 0.3030540245259323}, "14": {"xy": [1969, 318, 561, 1100], "panel_size": 617100, "panel_aspectRatio": 0.51, "category": "Method", "figures": 3, "textlen": 0, "fig_size": 502841, "title": "Neutral Networks", "25": {"fig_size": 212005, "fig_aspectRatio": 1.4010282776349614, "fig_size_poster": 0.9714795008912656}, "26": {"fig_size": 145418, "fig_aspectRatio": 1.343465045592705, "fig_size_poster": 0.7878787878787878}, "27": {"fig_size": 145418, "fig_aspectRatio": 1.343465045592705, "fig_size_poster": 0.7878787878787878}, "textRatio": 0.0, "figRatio": 0.3159138356841697}, "15": {"xy": [1949, 1438, 626, 181], "panel_size": 113306, "panel_aspectRatio": 3.458563535911602, "category": "Discussion", "figures": 0, "textlen": 33, "fig_size": 0, "title": "Future Work", "textRatio": 0.1021671826625387, "figRatio": 0.0}}}