{"poster_size": 4478976, "doclen": 611, "figlen": 1144802, "section": {"1": {"xy": [903, 47, 1094, 82], "panel_size": 89708, "panel_aspectRatio": 13.341463414634147, "category": "Title", "figures": 0, "textlen": 0, "fig_size": 0, "title": "Emojify: Prediction Emoji from Sentence", "textRatio": 0.0, "figRatio": 0.0}, "2": {"xy": [21, 324, 735, 403], "panel_size": 296205, "panel_aspectRatio": 1.8238213399503722, "category": "Introduction", "figures": 0, "textlen": 86, "fig_size": 0, "title": "Introduction", "textRatio": 0.1407528641571195, "figRatio": 0.0}, "4": {"xy": [13, 741, 787, 976], "panel_size": 768112, "panel_aspectRatio": 0.8063524590163934, "category": "Method", "figures": 3, "textlen": 142, "fig_size": 295180, "title": "Data", "7": {"fig_size": 102820, "fig_aspectRatio": 1.4641509433962263, "fig_size_poster": 0.49301143583227447}, "12": {"fig_size": 46848, "fig_aspectRatio": 1.2708333333333333, "fig_size_poster": 0.31003811944091486}, "13": {"fig_size": 145512, "fig_aspectRatio": 1.8297872340425532, "fig_size_poster": 0.6556543837357052}, "textRatio": 0.23240589198036007, "figRatio": 0.2578437144589195}, "15": {"xy": [802, 329, 575, 393], "panel_size": 225975, "panel_aspectRatio": 1.4631043256997456, "category": "Method", "figures": 0, "textlen": 117, "fig_size": 0, "title": "Word Embedding", "textRatio": 0.19148936170212766, "figRatio": 0.0}, "17": {"xy": [804, 729, 486, 423], "panel_size": 205578, "panel_aspectRatio": 1.148936170212766, "category": "Method", "figures": 1, "textlen": 36, "fig_size": 82656, "title": "Methods (Traditional)", "19": {"fig_size": 82656, "fig_aspectRatio": 1.3658536585365855, "fig_size_poster": 0.691358024691358}, "textRatio": 0.058919803600654665, "figRatio": 0.07220113172408853}, "21": {"xy": [1382, 403, 457, 366], "panel_size": 167262, "panel_aspectRatio": 1.2486338797814207, "category": "Method", "figures": 1, "textlen": 0, "fig_size": 145775, "title": "Word Embedding", "22": {"fig_size": 145775, "fig_aspectRatio": 1.239067055393586, "fig_size_poster": 0.9299781181619255}, "textRatio": 0.0, "figRatio": 0.12733643022985633}, "23": {"xy": [1328, 771, 520, 421], "panel_size": 218920, "panel_aspectRatio": 1.2351543942992873, "category": "Method", "figures": 1, "textlen": 0, "fig_size": 202540, "title": "Methods(Traditional)", "24": {"fig_size": 202540, "fig_aspectRatio": 1.2048780487804878, "fig_size_poster": 0.95}, "textRatio": 0.0, "figRatio": 0.17692142396676455}, "25": {"xy": [821, 1168, 456, 54], "panel_size": 24624, "panel_aspectRatio": 8.444444444444445, "category": "Method", "figures": 0, "textlen": 0, "fig_size": 0, "title": "Methods (Deep Learning)", "textRatio": 0.0, "figRatio": 0.0}, "26": {"xy": [807, 1222, 1053, 488], "panel_size": 513864, "panel_aspectRatio": 2.1577868852459017, "category": "Method", "figures": 2, "textlen": 40, "fig_size": 257361, "title": "Methods (Deep Learning)", "27": {"fig_size": 82521, "fig_aspectRatio": 0.36268343815513626, "fig_size_poster": 0.16429249762583095}, "29": {"fig_size": 174840, "fig_aspectRatio": 1.2634408602150538, "fig_size_poster": 0.44634377967711303}, "textRatio": 0.06546644844517185, "figRatio": 0.22480830746277522}, "30": {"xy": [1894, 323, 675, 675], "panel_size": 455625, "panel_aspectRatio": 1.0, "category": "Result", "figures": 1, "textlen": 46, "fig_size": 161290, "title": "Experiments", "33": {"fig_size": 161290, "fig_aspectRatio": 2.5, "fig_size_poster": 0.9407407407407408}, "textRatio": 0.07528641571194762, "figRatio": 0.14088899215759582}, "35": {"xy": [1904, 1001, 663, 311], "panel_size": 206193, "panel_aspectRatio": 2.1318327974276525, "category": "Discussion", "figures": 0, "textlen": 144, "fig_size": 0, "title": "Discussion", "textRatio": 0.23567921440261866, "figRatio": 0.0}}}