{"poster_size": 4478976, "doclen": 336, "figlen": 1219073, "section": {"1": {"xy": [570, 121, 1449, 151], "panel_size": 218799, "panel_aspectRatio": 9.596026490066226, "category": "Title", "figures": 0, "textlen": 0, "fig_size": 0, "title": "Modeling and Optimization of Optical Devices using a Variational Autoencoder", "textRatio": 0.0, "figRatio": 0.0}, "2": {"xy": [12, 421, 774, 586], "panel_size": 453564, "panel_aspectRatio": 1.3208191126279865, "category": "Introduction", "figures": 0, "textlen": 119, "fig_size": 0, "title": "Overview", "textRatio": 0.3541666666666667, "figRatio": 0.0}, "3": {"xy": [10, 1012, 776, 713], "panel_size": 553288, "panel_aspectRatio": 1.08835904628331, "category": "Introduction", "figures": 3, "textlen": 64, "fig_size": 176056, "title": "Data", "9": {"fig_size": 101850, "fig_aspectRatio": 1.2027491408934707, "fig_size_poster": 0.45103092783505155}, "12": {"fig_size": 14734, "fig_aspectRatio": 5.245283018867925, "fig_size_poster": 0.3582474226804124}, "14": {"fig_size": 59472, "fig_aspectRatio": 1.8983050847457628, "fig_size_poster": 0.4329896907216495}, "textRatio": 0.19047619047619047, "figRatio": 0.14441793067355277}, "4": {"xy": [797, 420, 1005, 714], "panel_size": 717570, "panel_aspectRatio": 1.4075630252100841, "category": "Method", "figures": 3, "textlen": 37, "fig_size": 453054, "title": "VAE Network Architecture", "15": {"fig_size": 324615, "fig_aspectRatio": 2.8925373134328356, "fig_size_poster": 0.9641791044776119}, "18": {"fig_size": 45279, "fig_aspectRatio": 2.7209302325581395, "fig_size_poster": 0.3492537313432836}, "19": {"fig_size": 83160, "fig_aspectRatio": 1.3095238095238095, "fig_size_poster": 0.3283582089552239}, "textRatio": 0.11011904761904762, "figRatio": 0.3716381217531682}, "5": {"xy": [799, 1138, 1001, 587], "panel_size": 587587, "panel_aspectRatio": 1.7052810902896083, "category": "Result", "figures": 4, "textlen": 36, "fig_size": 318883, "title": "Results", "21": {"fig_size": 85813, "fig_aspectRatio": 1.0418118466898956, "fig_size_poster": 0.2987012987012987}, "22": {"fig_size": 86040, "fig_aspectRatio": 2.6555555555555554, "fig_size_poster": 0.4775224775224775}, "23": {"fig_size": 63014, "fig_aspectRatio": 6.561224489795919, "fig_size_poster": 0.6423576423576424}, "24": {"fig_size": 84016, "fig_aspectRatio": 2.651685393258427, "fig_size_poster": 0.47152847152847155}, "textRatio": 0.10714285714285714, "figRatio": 0.2615782647962837}, "6": {"xy": [1812, 420, 765, 936], "panel_size": 716040, "panel_aspectRatio": 0.8173076923076923, "category": "Discussion", "figures": 3, "textlen": 80, "fig_size": 271080, "title": "Discussion", "29": {"fig_size": 50768, "fig_aspectRatio": 2.1973684210526314, "fig_size_poster": 0.4366013071895425}, "30": {"fig_size": 49000, "fig_aspectRatio": 1.6, "fig_size_poster": 0.3660130718954248}, "34": {"fig_size": 171312, "fig_aspectRatio": 2.5736434108527133, "fig_size_poster": 0.8679738562091504}, "textRatio": 0.23809523809523808, "figRatio": 0.2223656827769953}}}