{"poster_size": 4478976, "doclen": 387, "figlen": 1055181, "section": {"1": {"xy": [440, 21, 1742, 73], "panel_size": 127166, "panel_aspectRatio": 23.863013698630137, "category": "Title", "figures": 0, "textlen": 0, "fig_size": 0, "title": "Predicting Microculture Results for Optimized Antibiotic Treatment", "textRatio": 0.0, "figRatio": 0.0}, "2": {"xy": [55, 212, 1176, 780], "panel_size": 917280, "panel_aspectRatio": 1.5076923076923077, "category": "Introduction", "figures": 2, "textlen": 132, "fig_size": 313515, "title": "MOTIVATION", "9": {"fig_size": 93015, "fig_aspectRatio": 6.794871794871795, "fig_size_poster": 0.6760204081632653}, "10": {"fig_size": 220500, "fig_aspectRatio": 2.45, "fig_size_poster": 0.625}, "textRatio": 0.34108527131782945, "figRatio": 0.2971196410852735}, "3": {"xy": [60, 996, 1164, 596], "panel_size": 693744, "panel_aspectRatio": 1.9530201342281879, "category": "Introduction", "figures": 2, "textlen": 46, "fig_size": 355711, "title": "DATA", "7": {"fig_size": 192198, "fig_aspectRatio": 2.01294498381877, "fig_size_poster": 0.5343642611683849}, "8": {"fig_size": 163513, "fig_aspectRatio": 1.5106382978723405, "fig_size_poster": 0.4269759450171821}, "textRatio": 0.11886304909560723, "figRatio": 0.3371089888843715}, "4": {"xy": [1358, 216, 1168, 296], "panel_size": 345728, "panel_aspectRatio": 3.945945945945946, "category": "Method", "figures": 0, "textlen": 64, "fig_size": 0, "title": "METHODS", "textRatio": 0.165374677002584, "figRatio": 0.0}, "5": {"xy": [1362, 519, 1187, 766], "panel_size": 909242, "panel_aspectRatio": 1.5496083550913837, "category": "Result", "figures": 8, "textlen": 93, "fig_size": 385955, "title": "Experiments & Results", "11": {"fig_size": 42280, "fig_aspectRatio": 1.8543046357615893, "fig_size_poster": 0.2358887952822241}, "12": {"fig_size": 37816, "fig_aspectRatio": 2.810344827586207, "fig_size_poster": 0.2746419545071609}, "13": {"fig_size": 57838, "fig_aspectRatio": 1.0125523012552302, "fig_size_poster": 0.2038753159224937}, "14": {"fig_size": 48178, "fig_aspectRatio": 0.9864253393665159, "fig_size_poster": 0.18365627632687448}, "15": {"fig_size": 49494, "fig_aspectRatio": 1.0319634703196348, "fig_size_poster": 0.19039595619208088}, "16": {"fig_size": 48777, "fig_aspectRatio": 0.9301310043668122, "fig_size_poster": 0.17944397641112048}, "17": {"fig_size": 54720, "fig_aspectRatio": 1.0526315789473684, "fig_size_poster": 0.2021903959561921}, "18": {"fig_size": 46852, "fig_aspectRatio": 1.0424528301886793, "fig_size_poster": 0.18618365627632688}, "textRatio": 0.24031007751937986, "figRatio": 0.365771370030355}, "6": {"xy": [1364, 1294, 1158, 295], "panel_size": 341610, "panel_aspectRatio": 3.925423728813559, "category": "Discussion", "figures": 0, "textlen": 52, "fig_size": 0, "title": "CONCLUSIONS", "textRatio": 0.1343669250645995, "figRatio": 0.0}}}