{"poster_size": 484704, "doclen": 98, "figlen": 158154, "section": {"0": {"xy": [162, 6, 573, 60], "panel_size": 34380, "panel_aspectRatio": 9.55, "category": "Title", "figures": 0, "textlen": 0, "fig_size": 0, "title": "Automated Crystal Structure ldentification\nfrom X-ray Diffraction Patterns", "textRatio": 0.0, "figRatio": 0.0}, "1": {"xy": [43, 104, 296, 116], "panel_size": 34336, "panel_aspectRatio": 2.5517241379310347, "category": "Introduction", "figures": 0, "textlen": 15, "fig_size": 0, "title": "1.Overview", "textRatio": 0.15306122448979592, "figRatio": 0.0}, "3": {"xy": [354, 107, 392, 176], "panel_size": 68992, "panel_aspectRatio": 2.227272727272727, "category": "Method", "figures": 1, "textlen": 35, "fig_size": 33440, "title": "2.Data", "4": {"fig_size": 33440, "fig_aspectRatio": 2.7636363636363637, "fig_size_poster": 0.7755102040816326}, "textRatio": 0.35714285714285715, "figRatio": 0.21143948303552235}, "7": {"xy": [39, 228, 304, 219], "panel_size": 66576, "panel_aspectRatio": 1.3881278538812785, "category": "Method", "figures": 1, "textlen": 0, "fig_size": 48959, "title": "3.Machine Learning methods", "8": {"fig_size": 48959, "fig_aspectRatio": 1.6358381502890174, "fig_size_poster": 0.930921052631579}, "textRatio": 0.0, "figRatio": 0.3095653603449802}, "9": {"xy": [351, 290, 396, 312], "panel_size": 123552, "panel_aspectRatio": 1.2692307692307692, "category": "Result", "figures": 3, "textlen": 31, "fig_size": 75755, "title": "4.Results", "10": {"fig_size": 18972, "fig_aspectRatio": 4.102941176470588, "fig_size_poster": 0.7045454545454546}, "11": {"fig_size": 28459, "fig_aspectRatio": 1.2818791946308725, "fig_size_poster": 0.4823232323232323}, "12": {"fig_size": 28324, "fig_aspectRatio": 1.3287671232876712, "fig_size_poster": 0.4898989898989899}, "textRatio": 0.3163265306122449, "figRatio": 0.47899515661949743}, "14": {"xy": [39, 451, 302, 113], "panel_size": 34126, "panel_aspectRatio": 2.672566371681416, "category": "Discussion", "figures": 0, "textlen": 17, "fig_size": 0, "title": "5.Outlook", "textRatio": 0.17346938775510204, "figRatio": 0.0}}}