{"poster_size": 8036464, "doclen": 529, "figlen": 2128603, "section": {"1": {"xy": [326, 24, 2777, 118], "panel_size": 327686, "panel_aspectRatio": 23.533898305084747, "category": "Title", "figures": 0, "textlen": 0, "fig_size": 0, "title": "PREDICTING AND EVALUATINGTHE POPULARITY OF ONLINE NEWS", "textRatio": 0.0, "figRatio": 0.0}, "2": {"xy": [34, 258, 822, 1256], "panel_size": 1032432, "panel_aspectRatio": 0.6544585987261147, "category": "Introduction", "figures": 1, "textlen": 114, "fig_size": 255146, "title": "BACKGROUND", "4": {"fig_size": 255146, "fig_aspectRatio": 1.7124352331606219, "fig_size_poster": 0.8041362530413625}, "textRatio": 0.21550094517958412, "figRatio": 0.11986547045174699}, "5": {"xy": [881, 267, 787, 1210], "panel_size": 952270, "panel_aspectRatio": 0.6504132231404959, "category": "Method", "figures": 1, "textlen": 34, "fig_size": 666315, "title": "DATA AND FEATURES", "7": {"fig_size": 666315, "fig_aspectRatio": 0.878300803673938, "fig_size_poster": 0.9720457433290979}, "textRatio": 0.06427221172022685, "figRatio": 0.31302924970039037}, "8": {"xy": [30, 1518, 1647, 614], "panel_size": 1011258, "panel_aspectRatio": 2.682410423452769, "category": "Method", "figures": 1, "textlen": 92, "fig_size": 378504, "title": "RANDOM FOREST", "9": {"fig_size": 378504, "fig_aspectRatio": 1.4900793650793651, "fig_size_poster": 0.4559805707346691}, "textRatio": 0.17391304347826086, "figRatio": 0.17781803370567456}, "11": {"xy": [1701, 265, 1665, 1028], "panel_size": 1711620, "panel_aspectRatio": 1.6196498054474708, "category": "Method", "figures": 2, "textlen": 146, "fig_size": 645680, "title": "Models", "12": {"fig_size": 323856, "fig_aspectRatio": 1.4786324786324787, "fig_size_poster": 0.4156156156156156}, "15": {"fig_size": 321824, "fig_aspectRatio": 1.575221238938053, "fig_size_poster": 0.4276276276276276}, "textRatio": 0.27599243856332706, "figRatio": 0.3033350981841142}, "16": {"xy": [1701, 1307, 1645, 819], "panel_size": 1347255, "panel_aspectRatio": 2.0085470085470085, "category": "Method", "figures": 2, "textlen": 143, "fig_size": 182958, "title": "FEATURE SELECTION", "18": {"fig_size": 48714, "fig_aspectRatio": 10.231884057971014, "fig_size_poster": 0.4291793313069909}, "20": {"fig_size": 134244, "fig_aspectRatio": 3.4242424242424243, "fig_size_poster": 0.4121580547112462}, "textRatio": 0.27032136105860116, "figRatio": 0.0859521479580739}}}