{"poster_size": 4478976, "doclen": 381, "figlen": 875706, "section": {"1": {"xy": [575, 63, 1532, 111], "panel_size": 170052, "panel_aspectRatio": 13.801801801801801, "category": "Title", "figures": 0, "textlen": 0, "fig_size": 0, "title": "Machine Learning for Disease Progression", "textRatio": 0.0, "figRatio": 0.0}, "2": {"xy": [58, 312, 602, 717], "panel_size": 431634, "panel_aspectRatio": 0.8396094839609484, "category": "Introduction", "figures": 0, "textlen": 91, "fig_size": 0, "title": "I. Introduction", "textRatio": 0.2388451443569554, "figRatio": 0.0}, "4": {"xy": [720, 318, 602, 627], "panel_size": 377454, "panel_aspectRatio": 0.960127591706539, "category": "Method", "figures": 1, "textlen": 20, "fig_size": 220242, "title": "II.Dataset Summary", "6": {"fig_size": 220242, "fig_aspectRatio": 1.2136150234741785, "fig_size_poster": 0.8588039867109635}, "textRatio": 0.05249343832020997, "figRatio": 0.2515022164973176}, "7": {"xy": [1349, 314, 1213, 633], "panel_size": 767829, "panel_aspectRatio": 1.9162717219589258, "category": "Method", "figures": 4, "textlen": 123, "fig_size": 147789, "title": "III.Model and Method", "9": {"fig_size": 43092, "fig_aspectRatio": 7.4605263157894735, "fig_size_poster": 0.4674361088211047}, "11": {"fig_size": 35910, "fig_aspectRatio": 9.047619047619047, "fig_size_poster": 0.4699093157460841}, "12": {"fig_size": 34587, "fig_aspectRatio": 9.295081967213115, "fig_size_poster": 0.4674361088211047}, "13": {"fig_size": 34200, "fig_aspectRatio": 9.5, "fig_size_poster": 0.4699093157460841}, "textRatio": 0.3228346456692913, "figRatio": 0.16876554460058513}, "14": {"xy": [706, 969, 1856, 658], "panel_size": 1221248, "panel_aspectRatio": 2.8206686930091185, "category": "Result", "figures": 3, "textlen": 147, "fig_size": 507675, "title": "Results & Discussion", "16": {"fig_size": 75312, "fig_aspectRatio": 3.6319444444444446, "fig_size_poster": 0.2817887931034483}, "17": {"fig_size": 94165, "fig_aspectRatio": 2.7513513513513512, "fig_size_poster": 0.27424568965517243}, "18": {"fig_size": 338198, "fig_aspectRatio": 1.3914807302231238, "fig_size_poster": 0.36961206896551724}, "textRatio": 0.3858267716535433, "figRatio": 0.5797322389020972}}}