{"poster_size": 4478976, "doclen": 619, "figlen": 743092, "section": {"0": {"xy": [127, 74, 1400, 105], "panel_size": 147000, "panel_aspectRatio": 13.333333333333334, "category": "Title", "figures": 0, "textlen": 0, "fig_size": 0, "title": "Characterizing the Ethereum address space ", "textRatio": 0.0, "figRatio": 0.0}, "1": {"xy": [75, 536, 962, 333], "panel_size": 320346, "panel_aspectRatio": 2.888888888888889, "category": "Introduction", "figures": 1, "textlen": 64, "fig_size": 94764, "title": "The Ethereum address space", "3": {"fig_size": 94764, "fig_aspectRatio": 2.108490566037736, "fig_size_poster": 0.46465696465696466}, "textRatio": 0.10339256865912763, "figRatio": 0.1275266050502495}, "5": {"xy": [1045, 542, 608, 330], "panel_size": 200640, "panel_aspectRatio": 1.8424242424242425, "category": "Method", "figures": 0, "textlen": 53, "fig_size": 0, "title": "Data Acquisition", "textRatio": 0.08562197092084006, "figRatio": 0.0}, "7": {"xy": [79, 922, 671, 583], "panel_size": 391193, "panel_aspectRatio": 1.150943396226415, "category": "Method", "figures": 0, "textlen": 139, "fig_size": 0, "title": "Data and Feature Set", "textRatio": 0.2245557350565428, "figRatio": 0.0}, "9": {"xy": [761, 922, 900, 585], "panel_size": 526500, "panel_aspectRatio": 1.5384615384615385, "category": "Method", "figures": 2, "textlen": 93, "fig_size": 197083, "title": "Models and Analysis", "11": {"fig_size": 95410, "fig_aspectRatio": 1.7276595744680852, "fig_size_poster": 0.45111111111111113}, "12": {"fig_size": 101673, "fig_aspectRatio": 1.8101265822784811, "fig_size_poster": 0.4766666666666667}, "textRatio": 0.15024232633279483, "figRatio": 0.26522018807899966}, "14": {"xy": [74, 1551, 1579, 592], "panel_size": 934768, "panel_aspectRatio": 2.66722972972973, "category": "Result", "figures": 5, "textlen": 199, "fig_size": 451245, "title": "Results and Discussion", "16": {"fig_size": 136136, "fig_aspectRatio": 1.6643356643356644, "fig_size_poster": 0.30145661811272956}, "20": {"fig_size": 71093, "fig_aspectRatio": 1.1106719367588933, "fig_size_poster": 0.1779607346421786}, "21": {"fig_size": 82992, "fig_aspectRatio": 1.360323886639676, "fig_size_poster": 0.21279290690310323}, "23": {"fig_size": 72448, "fig_aspectRatio": 1.10546875, "fig_size_poster": 0.1792273590880304}, "24": {"fig_size": 88576, "fig_aspectRatio": 1.3515625, "fig_size_poster": 0.21912602913236226}, "textRatio": 0.32148626817447495, "figRatio": 0.6072532068707509}, "25": {"xy": [66, 2187, 538, 331], "panel_size": 178078, "panel_aspectRatio": 1.6253776435045317, "category": "Discussion", "figures": 0, "textlen": 71, "fig_size": 0, "title": "Ongoing Investigations", "textRatio": 0.1147011308562197, "figRatio": 0.0}}}