{"poster_size": 3110400, "doclen": 158, "figlen": 1018201, "section": {"1": {"xy": [524, 30, 1186, 87], "panel_size": 103182, "panel_aspectRatio": 13.632183908045977, "category": "Title", "figures": 0, "textlen": 0, "fig_size": 0, "title": "Deep Reinforcement Learning with POMDPs", "textRatio": 0.0, "figRatio": 0.0}, "5": {"xy": [34, 514, 647, 453], "panel_size": 293091, "panel_aspectRatio": 1.4282560706401766, "category": "Introduction", "figures": 1, "textlen": 41, "fig_size": 85985, "title": "POMDPs", "7": {"fig_size": 85985, "fig_aspectRatio": 4.089655172413793, "fig_size_poster": 0.9165378670788253}, "textRatio": 0.25949367088607594, "figRatio": 0.08444796263213256}, "8": {"xy": [31, 255, 656, 217], "panel_size": 142352, "panel_aspectRatio": 3.0230414746543777, "category": "Method", "figures": 1, "textlen": 13, "fig_size": 28044, "title": "Memory", "9": {"fig_size": 28044, "fig_aspectRatio": 0.9590643274853801, "fig_size_poster": 0.25}, "textRatio": 0.08227848101265822, "figRatio": 0.027542695401006286}, "11": {"xy": [703, 268, 757, 676], "panel_size": 511732, "panel_aspectRatio": 1.1198224852071006, "category": "Method", "figures": 2, "textlen": 14, "fig_size": 352286, "title": "Simulator", "12": {"fig_size": 317504, "fig_aspectRatio": 1.5609756097560976, "fig_size_poster": 0.9299867899603699}, "13": {"fig_size": 34782, "fig_aspectRatio": 0.9946524064171123, "fig_size_poster": 0.24570673712021135}, "textRatio": 0.08860759493670886, "figRatio": 0.34598866039220155}, "15": {"xy": [1476, 272, 653, 198], "panel_size": 129294, "panel_aspectRatio": 3.297979797979798, "category": "Method", "figures": 1, "textlen": 14, "fig_size": 30750, "title": "Learner", "16": {"fig_size": 30750, "fig_aspectRatio": 1.3666666666666667, "fig_size_poster": 0.31393568147013784}, "textRatio": 0.08860759493670886, "figRatio": 0.030200323904612154}, "18": {"xy": [1485, 503, 642, 467], "panel_size": 299814, "panel_aspectRatio": 1.3747323340471092, "category": "Method", "figures": 1, "textlen": 15, "fig_size": 148512, "title": "Deep Learning", "19": {"fig_size": 148512, "fig_aspectRatio": 1.5256410256410255, "fig_size_poster": 0.7414330218068536}, "textRatio": 0.0949367088607595, "figRatio": 0.1458572521535532}, "21": {"xy": [27, 1004, 660, 416], "panel_size": 274560, "panel_aspectRatio": 1.5865384615384615, "category": "Result", "figures": 2, "textlen": 5, "fig_size": 186858, "title": "Tiger", "22": {"fig_size": 33831, "fig_aspectRatio": 1.0558659217877095, "fig_size_poster": 0.2863636363636364}, "23": {"fig_size": 153027, "fig_aspectRatio": 1.2708933717579252, "fig_size_poster": 0.6681818181818182}, "textRatio": 0.03164556962025317, "figRatio": 0.1835177926558705}, "25": {"xy": [718, 1007, 730, 411], "panel_size": 300030, "panel_aspectRatio": 1.7761557177615572, "category": "Result", "figures": 3, "textlen": 6, "fig_size": 185766, "title": "Rock Sample", "26": {"fig_size": 32424, "fig_aspectRatio": 1.1488095238095237, "fig_size_poster": 0.26438356164383564}, "27": {"fig_size": 107576, "fig_aspectRatio": 2.106194690265487, "fig_size_poster": 0.6520547945205479}, "28": {"fig_size": 45766, "fig_aspectRatio": 4.76530612244898, "fig_size_poster": 0.6397260273972603}, "textRatio": 0.0379746835443038, "figRatio": 0.1824453128606238}, "30": {"xy": [1474, 1002, 661, 415], "panel_size": 274315, "panel_aspectRatio": 1.5927710843373495, "category": "Discussion", "figures": 0, "textlen": 50, "fig_size": 0, "title": "Conclusion", "textRatio": 0.31645569620253167, "figRatio": 0.0}}}