{"poster_size": 4478976, "doclen": 570, "figlen": 1032446, "section": {"1": {"xy": [293, 34, 2271, 126], "panel_size": 286146, "panel_aspectRatio": 18.023809523809526, "category": "Title", "figures": 0, "textlen": 0, "fig_size": 0, "title": "Grocery Sales Forecasting with Embedding and Residual Networks", "textRatio": 0.0, "figRatio": 0.0}, "2": {"xy": [47, 286, 816, 459], "panel_size": 374544, "panel_aspectRatio": 1.7777777777777777, "category": "Introduction", "figures": 0, "textlen": 104, "fig_size": 0, "title": "OVERVIEW", "textRatio": 0.1824561403508772, "figRatio": 0.0}, "6": {"xy": [897, 290, 806, 595], "panel_size": 479570, "panel_aspectRatio": 1.3546218487394959, "category": "Method", "figures": 1, "textlen": 55, "fig_size": 230153, "title": "FEATURE EMBEDDING", "8": {"fig_size": 230153, "fig_aspectRatio": 1.956268221574344, "fig_size_poster": 0.8325062034739454}, "textRatio": 0.09649122807017543, "figRatio": 0.2229201333532214}, "9": {"xy": [49, 765, 813, 576], "panel_size": 468288, "panel_aspectRatio": 1.4114583333333333, "category": "Introduction", "figures": 1, "textlen": 22, "fig_size": 213816, "title": "DATA & FEATURES", "11": {"fig_size": 213816, "fig_aspectRatio": 1.7062146892655368, "fig_size_poster": 0.7429274292742928}, "textRatio": 0.03859649122807018, "figRatio": 0.2070965454851876}, "12": {"xy": [55, 1352, 810, 333], "panel_size": 269730, "panel_aspectRatio": 2.4324324324324325, "category": "Method", "figures": 1, "textlen": 26, "fig_size": 65250, "title": "LOSS FUNCTION", "14": {"fig_size": 65250, "fig_aspectRatio": 4.176, "fig_size_poster": 0.6444444444444445}, "textRatio": 0.0456140350877193, "figRatio": 0.0631994312535474}, "15": {"xy": [898, 895, 807, 635], "panel_size": 512445, "panel_aspectRatio": 1.2708661417322835, "category": "Method", "figures": 3, "textlen": 100, "fig_size": 190377, "title": "MODEL: RESIDUAL NETS", "17": {"fig_size": 20655, "fig_aspectRatio": 3.1481481481481484, "fig_size_poster": 0.3159851301115242}, "18": {"fig_size": 51684, "fig_aspectRatio": 3.711864406779661, "fig_size_poster": 0.5427509293680297}, "19": {"fig_size": 118038, "fig_aspectRatio": 1.2362459546925566, "fig_size_poster": 0.47335811648079307}, "textRatio": 0.17543859649122806, "figRatio": 0.18439414749052252}, "21": {"xy": [1741, 285, 818, 782], "panel_size": 639676, "panel_aspectRatio": 1.0460358056265984, "category": "Result", "figures": 2, "textlen": 72, "fig_size": 332850, "title": "RESULTS", "23": {"fig_size": 106812, "fig_aspectRatio": 5.608695652173913, "fig_size_poster": 0.9462102689486552}, "24": {"fig_size": 226038, "fig_aspectRatio": 2.462046204620462, "fig_size_poster": 0.9119804400977995}, "textRatio": 0.12631578947368421, "figRatio": 0.3223897424175211}, "25": {"xy": [1744, 1083, 808, 596], "panel_size": 481568, "panel_aspectRatio": 1.3557046979865772, "category": "Discussion", "figures": 0, "textlen": 191, "fig_size": 0, "title": "DISCUSSION AND FUTURE", "textRatio": 0.3350877192982456, "figRatio": 0.0}}}