{"poster_size": 3110400, "doclen": 383, "figlen": 723297, "section": {"2": {"xy": [60, 1286, 1758, 86], "panel_size": 151188, "panel_aspectRatio": 20.441860465116278, "category": "Title", "figures": 0, "textlen": 0, "fig_size": 0, "title": "UAV Coordination Tables via Learning from Various Logic Tables", "textRatio": 0.0, "figRatio": 0.0}, "3": {"xy": [32, 30, 654, 470], "panel_size": 307380, "panel_aspectRatio": 1.3914893617021276, "category": "Introduction", "figures": 0, "textlen": 100, "fig_size": 0, "title": "Background", "textRatio": 0.26109660574412535, "figRatio": 0.0}, "7": {"xy": [27, 521, 667, 754], "panel_size": 502918, "panel_aspectRatio": 0.8846153846153846, "category": "Introduction", "figures": 2, "textlen": 40, "fig_size": 281398, "title": "Dataset", "9": {"fig_size": 139634, "fig_aspectRatio": 2.384297520661157, "fig_size_poster": 0.8650674662668666}, "10": {"fig_size": 141764, "fig_aspectRatio": 2.3811475409836067, "fig_size_poster": 0.8710644677661169}, "textRatio": 0.10443864229765012, "figRatio": 0.38904903518195155}, "11": {"xy": [709, 28, 706, 690], "panel_size": 487140, "panel_aspectRatio": 1.0231884057971015, "category": "Introduction", "figures": 1, "textlen": 51, "fig_size": 174924, "title": "Experiments", "13": {"fig_size": 174924, "fig_aspectRatio": 1.5221238938053097, "fig_size_poster": 0.7308781869688386}, "textRatio": 0.13315926892950392, "figRatio": 0.2418425625987665}, "14": {"xy": [709, 721, 709, 553], "panel_size": 392077, "panel_aspectRatio": 1.2820976491862568, "category": "Method", "figures": 0, "textlen": 102, "fig_size": 0, "title": "Methods", "textRatio": 0.26631853785900783, "figRatio": 0.0}, "16": {"xy": [1437, 27, 705, 873], "panel_size": 615465, "panel_aspectRatio": 0.8075601374570447, "category": "Result", "figures": 3, "textlen": 41, "fig_size": 266975, "title": "Results", "17": {"fig_size": 85960, "fig_aspectRatio": 1.0964285714285715, "fig_size_poster": 0.43546099290780144}, "18": {"fig_size": 92950, "fig_aspectRatio": 1.1363636363636365, "fig_size_poster": 0.46099290780141844}, "19": {"fig_size": 88065, "fig_aspectRatio": 1.0842105263157895, "fig_size_poster": 0.43829787234042555}, "textRatio": 0.10704960835509138, "figRatio": 0.369108402219282}, "22": {"xy": [1439, 920, 701, 346], "panel_size": 242546, "panel_aspectRatio": 2.0260115606936417, "category": "Discussion", "figures": 0, "textlen": 49, "fig_size": 0, "title": "Conclusions and Future Work", "textRatio": 0.1279373368146214, "figRatio": 0.0}}}