{"poster_size": 4478976, "doclen": 567, "figlen": 447302, "section": {"0": {"xy": [741, 45, 1176, 93], "panel_size": 109368, "panel_aspectRatio": 12.64516129032258, "category": "Title", "figures": 0, "textlen": 0, "fig_size": 0, "title": "Human Activity Classification", "textRatio": 0.0, "figRatio": 0.0}, "1": {"xy": [14, 340, 769, 660], "panel_size": 507540, "panel_aspectRatio": 1.165151515151515, "category": "Introduction", "figures": 0, "textlen": 137, "fig_size": 0, "title": "Executive Summary", "textRatio": 0.24162257495590828, "figRatio": 0.0}, "2": {"xy": [16, 1007, 769, 480], "panel_size": 369120, "panel_aspectRatio": 1.6020833333333333, "category": "Introduction", "figures": 0, "textlen": 66, "fig_size": 0, "title": "Data and Features", "textRatio": 0.1164021164021164, "figRatio": 0.0}, "3": {"xy": [792, 340, 986, 1365], "panel_size": 1345890, "panel_aspectRatio": 0.7223443223443223, "category": "Method", "figures": 3, "textlen": 185, "fig_size": 199442, "title": "Models", "9": {"fig_size": 27860, "fig_aspectRatio": 5.685714285714286, "fig_size_poster": 0.40365111561866124}, "13": {"fig_size": 23496, "fig_aspectRatio": 2.966292134831461, "fig_size_poster": 0.26774847870182555}, "17": {"fig_size": 148086, "fig_aspectRatio": 1.2660818713450293, "fig_size_poster": 0.43914807302231235}, "textRatio": 0.3262786596119929, "figRatio": 0.44587772914049123}, "4": {"xy": [1788, 341, 780, 557], "panel_size": 434460, "panel_aspectRatio": 1.4003590664272891, "category": "Result", "figures": 1, "textlen": 27, "fig_size": 247860, "title": "Results", "19": {"fig_size": 247860, "fig_aspectRatio": 2.361111111111111, "fig_size_poster": 0.9807692307692307}, "textRatio": 0.047619047619047616, "figRatio": 0.5541222708595088}, "5": {"xy": [1786, 907, 786, 800], "panel_size": 628800, "panel_aspectRatio": 0.9825, "category": "Discussion", "figures": 0, "textlen": 152, "fig_size": 0, "title": "Discussion & Future Work", "textRatio": 0.26807760141093473, "figRatio": 0.0}}}