{"poster_size": 3110400, "doclen": 510, "figlen": 538543, "section": {"1": {"xy": [25, 301, 659, 722], "panel_size": 475798, "panel_aspectRatio": 0.9127423822714681, "category": "Introduction", "figures": 2, "textlen": 207, "fig_size": 66916, "title": "Motivation", "9": {"fig_size": 40626, "fig_aspectRatio": 2.7295081967213113, "fig_size_poster": 0.5053110773899848}, "10": {"fig_size": 26290, "fig_aspectRatio": 2.172727272727273, "fig_size_poster": 0.3626707132018209}, "textRatio": 0.40588235294117647, "figRatio": 0.12425377360767849}, "2": {"xy": [376, 56, 1343, 69], "panel_size": 92667, "panel_aspectRatio": 19.463768115942027, "category": "Title", "figures": 0, "textlen": 0, "fig_size": 0, "title": "Explorations in Feature Visualization with Optimization", "textRatio": 0.0, "figRatio": 0.0}, "4": {"xy": [23, 1023, 663, 372], "panel_size": 246636, "panel_aspectRatio": 1.782258064516129, "category": "Method", "figures": 3, "textlen": 47, "fig_size": 76403, "title": "Sanity checks with Alexnet", "11": {"fig_size": 22630, "fig_aspectRatio": 0.9419354838709677, "fig_size_poster": 0.22021116138763197}, "12": {"fig_size": 21895, "fig_aspectRatio": 0.9602649006622517, "fig_size_poster": 0.2187028657616893}, "13": {"fig_size": 31878, "fig_aspectRatio": 1.2298136645962734, "fig_size_poster": 0.2986425339366516}, "textRatio": 0.09215686274509804, "figRatio": 0.14186982283680227}, "5": {"xy": [700, 290, 806, 403], "panel_size": 324818, "panel_aspectRatio": 2.0, "category": "Method", "figures": 1, "textlen": 77, "fig_size": 40875, "title": "Implementation", "15": {"fig_size": 40875, "fig_aspectRatio": 7.266666666666667, "fig_size_poster": 0.6761786600496278}, "textRatio": 0.15098039215686274, "figRatio": 0.07589923181621523}, "6": {"xy": [708, 703, 803, 691], "panel_size": 554873, "panel_aspectRatio": 1.162083936324168, "category": "Result", "figures": 3, "textlen": 63, "fig_size": 192139, "title": "Comparisons within and across networks", "14": {"fig_size": 45140, "fig_aspectRatio": 3.0327868852459017, "fig_size_poster": 0.46077210460772106}, "16": {"fig_size": 70805, "fig_aspectRatio": 1.1795918367346938, "fig_size_poster": 0.35990037359900373}, "17": {"fig_size": 76194, "fig_aspectRatio": 1.2289156626506024, "fig_size_poster": 0.38107098381070986}, "textRatio": 0.12352941176470589, "figRatio": 0.35677559637763373}, "7": {"xy": [1521, 297, 606, 679], "panel_size": 411474, "panel_aspectRatio": 0.8924889543446245, "category": "Result", "figures": 3, "textlen": 91, "fig_size": 162210, "title": "Large effects of preprocessing and loss", "18": {"fig_size": 58080, "fig_aspectRatio": 3.9669421487603307, "fig_size_poster": 0.7920792079207921}, "19": {"fig_size": 54405, "fig_aspectRatio": 3.9743589743589745, "fig_size_poster": 0.7673267326732673}, "20": {"fig_size": 49725, "fig_aspectRatio": 1.0180995475113122, "fig_size_poster": 0.3712871287128713}, "textRatio": 0.1784313725490196, "figRatio": 0.3012015753616703}, "8": {"xy": [1525, 980, 604, 190], "panel_size": 114760, "panel_aspectRatio": 3.1789473684210527, "category": "Discussion", "figures": 0, "textlen": 25, "fig_size": 0, "title": "Future Work", "textRatio": 0.049019607843137254, "figRatio": 0.0}}}