{"poster_size": 1792000, "doclen": 555, "figlen": 261004, "section": {"1": {"xy": [146, 16, 809, 49], "panel_size": 39641, "panel_aspectRatio": 16.510204081632654, "category": "Title", "figures": 0, "textlen": 0, "fig_size": 0, "title": "Named Entity Recognition and Classification using Word Vectors", "textRatio": 0.0, "figRatio": 0.0}, "3": {"xy": [15, 316, 541, 181], "panel_size": 97921, "panel_aspectRatio": 2.9889502762430937, "category": "Introduction", "figures": 0, "textlen": 56, "fig_size": 0, "title": "MOTIVATION:", "textRatio": 0.1009009009009009, "figRatio": 0.0}, "5": {"xy": [23, 509, 557, 758], "panel_size": 422206, "panel_aspectRatio": 0.7348284960422163, "category": "Method", "figures": 0, "textlen": 395, "fig_size": 0, "title": "MODELS", "textRatio": 0.7117117117117117, "figRatio": 0.0}, "9": {"xy": [586, 128, 652, 528], "panel_size": 344256, "panel_aspectRatio": 1.2348484848484849, "category": "Method", "figures": 2, "textlen": 37, "fig_size": 128496, "title": "TUNING PARAMETERS:\n", "11": {"fig_size": 87444, "fig_aspectRatio": 1.376984126984127, "fig_size_poster": 0.5322085889570553}, "12": {"fig_size": 41052, "fig_aspectRatio": 2.356060606060606, "fig_size_poster": 0.47699386503067487}, "textRatio": 0.06666666666666667, "figRatio": 0.4923142940338079}, "13": {"xy": [582, 664, 630, 315], "panel_size": 198450, "panel_aspectRatio": 2.0, "category": "Result", "figures": 2, "textlen": 3, "fig_size": 132508, "title": "RESULTS", "14": {"fig_size": 79618, "fig_aspectRatio": 1.359504132231405, "fig_size_poster": 0.5222222222222223}, "15": {"fig_size": 52890, "fig_aspectRatio": 1.1441860465116278, "fig_size_poster": 0.3904761904761905}, "textRatio": 0.005405405405405406, "figRatio": 0.5076857059661921}, "18": {"xy": [589, 979, 547, 123], "panel_size": 67281, "panel_aspectRatio": 4.4471544715447155, "category": "Discussion", "figures": 0, "textlen": 64, "fig_size": 0, "title": "FURTHER WORK:", "textRatio": 0.11531531531531532, "figRatio": 0.0}}}