{"poster_size": 4478976, "doclen": 238, "figlen": 1304537, "section": {"1": {"xy": [232, 28, 2043, 97], "panel_size": 198171, "panel_aspectRatio": 21.061855670103093, "category": "Title", "figures": 0, "textlen": 0, "fig_size": 0, "title": "Music Genre Classification with Machine Learning", "textRatio": 0.0, "figRatio": 0.0}, "2": {"xy": [31, 350, 787, 209], "panel_size": 164483, "panel_aspectRatio": 3.7655502392344498, "category": "Introduction", "figures": 0, "textlen": 25, "fig_size": 0, "title": "Objective ", "textRatio": 0.10504201680672269, "figRatio": 0.0}, "4": {"xy": [24, 598, 807, 792], "panel_size": 639144, "panel_aspectRatio": 1.018939393939394, "category": "Method", "figures": 1, "textlen": 25, "fig_size": 410256, "title": "Dataset", "6": {"fig_size": 410256, "fig_aspectRatio": 1.4715909090909092, "fig_size_poster": 0.9628252788104089}, "textRatio": 0.10504201680672269, "figRatio": 0.3144839893387462}, "7": {"xy": [29, 1403, 802, 313], "panel_size": 251026, "panel_aspectRatio": 2.562300319488818, "category": "Method", "figures": 0, "textlen": 42, "fig_size": 0, "title": "Preprocessing", "textRatio": 0.17647058823529413, "figRatio": 0.0}, "9": {"xy": [858, 337, 916, 1164], "panel_size": 1066224, "panel_aspectRatio": 0.7869415807560137, "category": "Method", "figures": 5, "textlen": 67, "fig_size": 488468, "title": "Models ", "11": {"fig_size": 100182, "fig_aspectRatio": 3.1977401129943503, "fig_size_poster": 0.6179039301310044}, "12": {"fig_size": 48370, "fig_aspectRatio": 9.871428571428572, "fig_size_poster": 0.7543668122270742}, "14": {"fig_size": 159828, "fig_aspectRatio": 3.074561403508772, "fig_size_poster": 0.7652838427947598}, "19": {"fig_size": 90093, "fig_aspectRatio": 2.8757062146892656, "fig_size_poster": 0.5556768558951966}, "20": {"fig_size": 89995, "fig_aspectRatio": 2.1414634146341465, "fig_size_poster": 0.47925764192139736}, "textRatio": 0.2815126050420168, "figRatio": 0.3744378273671042}, "21": {"xy": [1793, 339, 783, 796], "panel_size": 623268, "panel_aspectRatio": 0.9836683417085427, "category": "Result", "figures": 3, "textlen": 29, "fig_size": 405813, "title": "Results", "22": {"fig_size": 204678, "fig_aspectRatio": 2.7262773722627736, "fig_size_poster": 0.9540229885057471}, "23": {"fig_size": 101380, "fig_aspectRatio": 1.3503649635036497, "fig_size_poster": 0.4725415070242657}, "24": {"fig_size": 99755, "fig_aspectRatio": 1.2633451957295374, "fig_size_poster": 0.45338441890166026}, "textRatio": 0.12184873949579832, "figRatio": 0.31107818329414955}, "26": {"xy": [1793, 1144, 795, 359], "panel_size": 285405, "panel_aspectRatio": 2.214484679665738, "category": "Discussion", "figures": 0, "textlen": 50, "fig_size": 0, "title": "Future Work", "textRatio": 0.21008403361344538, "figRatio": 0.0}}}