{"poster_size": 4478976, "doclen": 889, "figlen": 1331330, "section": {"1": {"xy": [606, 20, 1767, 121], "panel_size": 213807, "panel_aspectRatio": 14.603305785123966, "category": "Title", "figures": 0, "textlen": 0, "fig_size": 0, "title": "Automated Curriculum Learning", "textRatio": 0.0, "figRatio": 0.0}, "2": {"xy": [22, 313, 927, 267], "panel_size": 247509, "panel_aspectRatio": 3.4719101123595504, "category": "Introduction", "figures": 0, "textlen": 82, "fig_size": 0, "title": "Problem", "textRatio": 0.0922384701912261, "figRatio": 0.0}, "4": {"xy": [25, 608, 926, 1104], "panel_size": 1022304, "panel_aspectRatio": 0.8387681159420289, "category": "Method", "figures": 2, "textlen": 411, "fig_size": 297024, "title": "Methods", "6": {"fig_size": 123525, "fig_aspectRatio": 3.6885245901639343, "fig_size_poster": 0.7289416846652268}, "7": {"fig_size": 173499, "fig_aspectRatio": 0.8454746136865342, "fig_size_poster": 0.4136069114470842}, "textRatio": 0.46231721034870643, "figRatio": 0.22310321257689678}, "10": {"xy": [977, 320, 1007, 357], "panel_size": 359499, "panel_aspectRatio": 2.820728291316527, "category": "Method", "figures": 0, "textlen": 155, "fig_size": 0, "title": "Datasets", "textRatio": 0.17435320584926883, "figRatio": 0.0}, "12": {"xy": [1993, 204, 599, 888], "panel_size": 531912, "panel_aspectRatio": 0.6745495495495496, "category": "Method", "figures": 2, "textlen": 0, "fig_size": 462776, "title": "Datasets", "13": {"fig_size": 147256, "fig_aspectRatio": 1.4746835443037976, "fig_size_poster": 0.7779632721202003}, "14": {"fig_size": 315520, "fig_aspectRatio": 1.0661764705882353, "fig_size_poster": 0.9682804674457429}, "textRatio": 0.0, "figRatio": 0.34760427542382427}, "15": {"xy": [980, 699, 1600, 641], "panel_size": 1025600, "panel_aspectRatio": 2.49609984399376, "category": "Result", "figures": 3, "textlen": 59, "fig_size": 571530, "title": "Results", "17": {"fig_size": 218981, "fig_aspectRatio": 2.658536585365854, "fig_size_poster": 0.476875}, "18": {"fig_size": 215929, "fig_aspectRatio": 2.696113074204947, "fig_size_poster": 0.476875}, "19": {"fig_size": 136620, "fig_aspectRatio": 2.8227272727272728, "fig_size_poster": 0.388125}, "textRatio": 0.06636670416197975, "figRatio": 0.4292925119992789}, "20": {"xy": [965, 1392, 1015, 328], "panel_size": 332920, "panel_aspectRatio": 3.0945121951219514, "category": "Discussion", "figures": 0, "textlen": 182, "fig_size": 0, "title": "Conclusion & Future Work", "textRatio": 0.2047244094488189, "figRatio": 0.0}}}