{"poster_size": 7838208, "doclen": 697, "figlen": 1214870, "section": {"1": {"xy": [788, 144, 1527, 113], "panel_size": 172551, "panel_aspectRatio": 13.513274336283185, "category": "Title", "figures": 0, "textlen": 0, "fig_size": 0, "title": "Optimized Neural Network Story Generator", "textRatio": 0.0, "figRatio": 0.0}, "2": {"xy": [65, 397, 930, 727], "panel_size": 676110, "panel_aspectRatio": 1.2792297111416782, "category": "Introduction", "figures": 0, "textlen": 113, "fig_size": 0, "title": "Introduction", "textRatio": 0.16212338593974174, "figRatio": 0.0}, "4": {"xy": [69, 1169, 920, 345], "panel_size": 317400, "panel_aspectRatio": 2.6666666666666665, "category": "Introduction", "figures": 0, "textlen": 33, "fig_size": 0, "title": "Data Collection", "textRatio": 0.047345767575322814, "figRatio": 0.0}, "6": {"xy": [1030, 394, 1951, 1113], "panel_size": 2171463, "panel_aspectRatio": 1.7529200359389039, "category": "Method", "figures": 6, "textlen": 181, "fig_size": 362184, "title": "Model and Algorithms", "7": {"fig_size": 107580, "fig_aspectRatio": 4.049079754601227, "fig_size_poster": 0.33828805740645823}, "8": {"fig_size": 75800, "fig_aspectRatio": 7.58, "fig_size_poster": 0.3885187083546899}, "9": {"fig_size": 35960, "fig_aspectRatio": 10.689655172413794, "fig_size_poster": 0.3177857508969759}, "10": {"fig_size": 81361, "fig_aspectRatio": 2.0964467005076144, "fig_size_poster": 0.21168631471040492}, "11": {"fig_size": 11524, "fig_aspectRatio": 6.232558139534884, "fig_size_poster": 0.13736545361353153}, "12": {"fig_size": 49959, "fig_aspectRatio": 12.587301587301587, "fig_size_poster": 0.4064582265504869}, "textRatio": 0.25968436154949787, "figRatio": 0.2981257253862553}, "19": {"xy": [67, 1552, 922, 987], "panel_size": 910014, "panel_aspectRatio": 0.9341438703140831, "category": "Method", "figures": 1, "textlen": 95, "fig_size": 112890, "title": "Research", "20": {"fig_size": 112890, "fig_aspectRatio": 5.598591549295775, "fig_size_poster": 0.8622559652928417}, "textRatio": 0.13629842180774748, "figRatio": 0.09292352268143916}, "22": {"xy": [1030, 1542, 1102, 1000], "panel_size": 1102000, "panel_aspectRatio": 1.102, "category": "Method", "figures": 2, "textlen": 58, "fig_size": 596886, "title": "Evalution", "23": {"fig_size": 287616, "fig_aspectRatio": 1.5700934579439252, "fig_size_poster": 0.6098003629764065}, "26": {"fig_size": 309270, "fig_aspectRatio": 3.324590163934426, "fig_size_poster": 0.9201451905626135}, "textRatio": 0.08321377331420372, "figRatio": 0.4913167664029896}, "27": {"xy": [2167, 1537, 822, 642], "panel_size": 527724, "panel_aspectRatio": 1.280373831775701, "category": "Result", "figures": 1, "textlen": 176, "fig_size": 142910, "title": "Result", "28": {"fig_size": 142910, "fig_aspectRatio": 1.4870967741935484, "fig_size_poster": 0.5608272506082725}, "textRatio": 0.25251076040172166, "figRatio": 0.1176339855293159}, "31": {"xy": [2170, 2205, 805, 343], "panel_size": 276115, "panel_aspectRatio": 2.3469387755102042, "category": "Discussion", "figures": 0, "textlen": 41, "fig_size": 0, "title": "Future Work", "textRatio": 0.058823529411764705, "figRatio": 0.0}}}