{"poster_size": 4478976, "doclen": 400, "figlen": 1351986, "section": {"1": {"xy": [605, 35, 1663, 107], "panel_size": 177941, "panel_aspectRatio": 15.542056074766355, "category": "Title", "figures": 0, "textlen": 0, "fig_size": 0, "title": "Determining Baseball Performance Quality with an Elo Rating", "textRatio": 0.0, "figRatio": 0.0}, "2": {"xy": [23, 310, 358, 1285], "panel_size": 460030, "panel_aspectRatio": 0.2785992217898833, "category": "Introduction", "figures": 0, "textlen": 150, "fig_size": 0, "title": "Abstract", "textRatio": 0.375, "figRatio": 0.0}, "4": {"xy": [411, 312, 547, 278], "panel_size": 152066, "panel_aspectRatio": 1.9676258992805755, "category": "Introduction", "figures": 0, "textlen": 40, "fig_size": 0, "title": "Background", "textRatio": 0.1, "figRatio": 0.0}, "6": {"xy": [411, 608, 539, 519], "panel_size": 279741, "panel_aspectRatio": 1.0385356454720616, "category": "Method", "figures": 0, "textlen": 49, "fig_size": 0, "title": "Data", "textRatio": 0.1225, "figRatio": 0.0}, "8": {"xy": [414, 1132, 533, 564], "panel_size": 300612, "panel_aspectRatio": 0.9450354609929078, "category": "Method", "figures": 2, "textlen": 0, "fig_size": 229724, "title": "Hyper-parameter Search", "9": {"fig_size": 131054, "fig_aspectRatio": 1.9536679536679538, "fig_size_poster": 0.949343339587242}, "10": {"fig_size": 98670, "fig_aspectRatio": 2.594871794871795, "fig_size_poster": 0.949343339587242}, "textRatio": 0.0, "figRatio": 0.16991596066823178}, "11": {"xy": [964, 328, 538, 1399], "panel_size": 752662, "panel_aspectRatio": 0.38456040028591854, "category": "Method", "figures": 1, "textlen": 46, "fig_size": 520990, "title": "Elo Rating System", "13": {"fig_size": 520990, "fig_aspectRatio": 0.5391658189216684, "fig_size_poster": 0.9851301115241635}, "textRatio": 0.115, "figRatio": 0.38535162346355656}, "14": {"xy": [1508, 324, 550, 1388], "panel_size": 763400, "panel_aspectRatio": 0.3962536023054755, "category": "Result", "figures": 3, "textlen": 16, "fig_size": 601272, "title": "Results", "15": {"fig_size": 253760, "fig_aspectRatio": 1.0655737704918034, "fig_size_poster": 0.9454545454545454}, "17": {"fig_size": 99940, "fig_aspectRatio": 2.768421052631579, "fig_size_poster": 0.9563636363636364}, "18": {"fig_size": 247572, "fig_aspectRatio": 1.1303418803418803, "fig_size_poster": 0.9618181818181818}, "textRatio": 0.04, "figRatio": 0.44473241586821166}, "19": {"xy": [2064, 328, 522, 713], "panel_size": 372186, "panel_aspectRatio": 0.7321178120617111, "category": "Discussion", "figures": 0, "textlen": 99, "fig_size": 0, "title": "Discussion", "textRatio": 0.2475, "figRatio": 0.0}}}