{"poster_size": 6000000, "doclen": 274, "figlen": 1950313, "section": {"1": {"xy": [534, 43, 1940, 106], "panel_size": 205640, "panel_aspectRatio": 18.30188679245283, "category": "Title", "figures": 0, "textlen": 0, "fig_size": 0, "title": "Improving LiDAR Point Cloud Classification of Urban Objects", "textRatio": 0.0, "figRatio": 0.0}, "2": {"xy": [0, 306, 986, 450], "panel_size": 443700, "panel_aspectRatio": 2.1911111111111112, "category": "Introduction", "figures": 0, "textlen": 58, "fig_size": 0, "title": "Introduction", "textRatio": 0.2116788321167883, "figRatio": 0.0}, "4": {"xy": [7, 770, 965, 736], "panel_size": 710240, "panel_aspectRatio": 1.3111413043478262, "category": "Method", "figures": 1, "textlen": 70, "fig_size": 202958, "title": "Dataset", "6": {"fig_size": 202958, "fig_aspectRatio": 2.8684210526315788, "fig_size_poster": 0.7906735751295336}, "textRatio": 0.25547445255474455, "figRatio": 0.10406432198318936}, "7": {"xy": [5, 1508, 990, 479], "panel_size": 474210, "panel_aspectRatio": 2.066805845511482, "category": "Method", "figures": 0, "textlen": 62, "fig_size": 0, "title": "Approach", "textRatio": 0.22627737226277372, "figRatio": 0.0}, "9": {"xy": [997, 320, 1011, 915], "panel_size": 925065, "panel_aspectRatio": 1.1049180327868853, "category": "Method", "figures": 4, "textlen": 7, "fig_size": 576223, "title": "Remove Outliers", "11": {"fig_size": 93324, "fig_aspectRatio": 1.748917748917749, "fig_size_poster": 0.39960435212660733}, "12": {"fig_size": 100528, "fig_aspectRatio": 1.6885245901639345, "fig_size_poster": 0.4075173095944609}, "13": {"fig_size": 184416, "fig_aspectRatio": 1.107843137254902, "fig_size_poster": 0.44708209693372897}, "14": {"fig_size": 197955, "fig_aspectRatio": 1.1493975903614457, "fig_size_poster": 0.47181008902077154}, "textRatio": 0.025547445255474453, "figRatio": 0.2954515505972631}, "15": {"xy": [1015, 1249, 1004, 715], "panel_size": 717860, "panel_aspectRatio": 1.4041958041958043, "category": "Method", "figures": 2, "textlen": 0, "fig_size": 532358, "title": "VoxNet Model and Hyperparameters", "16": {"fig_size": 277884, "fig_aspectRatio": 0.8924731182795699, "fig_size_poster": 0.4960159362549801}, "17": {"fig_size": 254474, "fig_aspectRatio": 0.879182156133829, "fig_size_poster": 0.4711155378486056}, "textRatio": 0.0, "figRatio": 0.2729602889382371}, "18": {"xy": [2018, 333, 964, 618], "panel_size": 595752, "panel_aspectRatio": 1.5598705501618122, "category": "Method", "figures": 1, "textlen": 16, "fig_size": 326800, "title": "Experiment Models", "20": {"fig_size": 326800, "fig_aspectRatio": 2.761627906976744, "fig_size_poster": 0.9854771784232366}, "textRatio": 0.058394160583941604, "figRatio": 0.16756284760446144}, "21": {"xy": [2026, 976, 954, 471], "panel_size": 449334, "panel_aspectRatio": 2.0254777070063694, "category": "Result", "figures": 1, "textlen": 0, "fig_size": 311974, "title": "Results", "22": {"fig_size": 311974, "fig_aspectRatio": 2.730769230769231, "fig_size_poster": 0.9675052410901468}, "textRatio": 0.0, "figRatio": 0.159960990876849}, "23": {"xy": [2022, 1449, 966, 519], "panel_size": 501354, "panel_aspectRatio": 1.861271676300578, "category": "Discussion", "figures": 0, "textlen": 61, "fig_size": 0, "title": "Conclusion and Future Work", "textRatio": 0.22262773722627738, "figRatio": 0.0}}}