{"poster_size": 3110400, "doclen": 502, "figlen": 1095002, "section": {"0": {"xy": [348, 44, 740, 87], "panel_size": 64380, "panel_aspectRatio": 8.505747126436782, "category": "Title", "figures": 0, "textlen": 0, "fig_size": 0, "title": "Fake News Detection", "textRatio": 0.0, "figRatio": 0.0}, "1": {"xy": [54, 199, 1294, 111], "panel_size": 143634, "panel_aspectRatio": 11.657657657657658, "category": "Introduction", "figures": 0, "textlen": 40, "fig_size": 0, "title": "Predicting\n", "textRatio": 0.0796812749003984, "figRatio": 0.0}, "3": {"xy": [52, 327, 1339, 271], "panel_size": 362869, "panel_aspectRatio": 4.940959409594096, "category": "Method", "figures": 0, "textlen": 138, "fig_size": 0, "title": "Data", "textRatio": 0.2749003984063745, "figRatio": 0.0}, "5": {"xy": [40, 601, 1350, 456], "panel_size": 615600, "panel_aspectRatio": 2.960526315789474, "category": "Method", "figures": 3, "textlen": 99, "fig_size": 351668, "title": "Models", "7": {"fig_size": 105799, "fig_aspectRatio": 0.5489749430523918, "fig_size_poster": 0.17851851851851852}, "8": {"fig_size": 90573, "fig_aspectRatio": 1.7577092511013215, "fig_size_poster": 0.29555555555555557}, "9": {"fig_size": 155296, "fig_aspectRatio": 3.4881516587677726, "fig_size_poster": 0.5451851851851852}, "textRatio": 0.19721115537848605, "figRatio": 0.32115740427871364}, "10": {"xy": [31, 1064, 1360, 810], "panel_size": 1101600, "panel_aspectRatio": 1.6790123456790123, "category": "Discussion", "figures": 2, "textlen": 172, "fig_size": 647996, "title": "Validation and Discussion", "12": {"fig_size": 291276, "fig_aspectRatio": 2.4051724137931036, "fig_size_poster": 0.6154411764705883}, "13": {"fig_size": 356720, "fig_aspectRatio": 0.5803571428571429, "fig_size_poster": 0.33455882352941174}, "textRatio": 0.3426294820717131, "figRatio": 0.5917760880802044}, "14": {"xy": [32, 1882, 1367, 259], "panel_size": 354053, "panel_aspectRatio": 5.277992277992278, "category": "Result", "figures": 1, "textlen": 53, "fig_size": 95338, "title": "Results and Future Inquiry", "16": {"fig_size": 95338, "fig_aspectRatio": 4.472602739726027, "fig_size_poster": 0.4776883686905633}, "textRatio": 0.10557768924302789, "figRatio": 0.08706650764108194}}}