{"poster_size": 4478976, "doclen": 624, "figlen": 1036727, "section": {"1": {"xy": [281, 34, 2053, 103], "panel_size": 211459, "panel_aspectRatio": 19.932038834951456, "category": "Title", "figures": 0, "textlen": 0, "fig_size": 0, "title": "Algorithmic trading using LSTM-models for intraday stock predictions", "textRatio": 0.0, "figRatio": 0.0}, "2": {"xy": [10, 237, 762, 471], "panel_size": 358902, "panel_aspectRatio": 1.6178343949044587, "category": "Introduction", "figures": 0, "textlen": 106, "fig_size": 0, "title": "Abstract\n", "textRatio": 0.16987179487179488, "figRatio": 0.0}, "4": {"xy": [779, 235, 767, 458], "panel_size": 351286, "panel_aspectRatio": 1.6746724890829694, "category": "Method", "figures": 1, "textlen": 47, "fig_size": 109548, "title": "Data set", "6": {"fig_size": 109548, "fig_aspectRatio": 1.1699346405228759, "fig_size_poster": 0.4667535853976532}, "textRatio": 0.07532051282051282, "figRatio": 0.10566716213622294}, "7": {"xy": [14, 709, 1527, 1018], "panel_size": 1554486, "panel_aspectRatio": 1.5, "category": "Method", "figures": 6, "textlen": 269, "fig_size": 251634, "title": "Method & Model", "9": {"fig_size": 22673, "fig_aspectRatio": 3.632911392405063, "fig_size_poster": 0.1879502292075966}, "11": {"fig_size": 19199, "fig_aspectRatio": 3.6027397260273974, "fig_size_poster": 0.17223313686967912}, "13": {"fig_size": 38472, "fig_aspectRatio": 5.4523809523809526, "fig_size_poster": 0.2999345121152587}, "16": {"fig_size": 63114, "fig_aspectRatio": 1.5621890547263682, "fig_size_poster": 0.20563195808775375}, "18": {"fig_size": 73396, "fig_aspectRatio": 1.3177966101694916, "fig_size_poster": 0.2036673215455141}, "20": {"fig_size": 34780, "fig_aspectRatio": 6.351351351351352, "fig_size_poster": 0.30779305828421744}, "textRatio": 0.4310897435897436, "figRatio": 0.24271963593115642}, "23": {"xy": [1544, 226, 1045, 1049], "panel_size": 1096205, "panel_aspectRatio": 0.996186844613918, "category": "Result", "figures": 4, "textlen": 54, "fig_size": 675545, "title": "Results", "25": {"fig_size": 43560, "fig_aspectRatio": 3.025, "fig_size_poster": 0.3473684210526316}, "26": {"fig_size": 245663, "fig_aspectRatio": 3.8379446640316206, "fig_size_poster": 0.9291866028708134}, "29": {"fig_size": 174246, "fig_aspectRatio": 0.6595330739299611, "fig_size_poster": 0.3244019138755981}, "31": {"fig_size": 212076, "fig_aspectRatio": 1.4160206718346253, "fig_size_poster": 0.5244019138755981}, "textRatio": 0.08653846153846154, "figRatio": 0.6516132019326206}, "32": {"xy": [1548, 1293, 1043, 434], "panel_size": 452662, "panel_aspectRatio": 2.403225806451613, "category": "Discussion", "figures": 0, "textlen": 148, "fig_size": 0, "title": "Conclusion\n", "textRatio": 0.23717948717948717, "figRatio": 0.0}}}