{"poster_size": 4478976, "doclen": 208, "figlen": 1688675, "section": {"1": {"xy": [400, 75, 1863, 83], "panel_size": 154629, "panel_aspectRatio": 22.44578313253012, "category": "Title", "figures": 0, "textlen": 0, "fig_size": 0, "title": "Automated classification of complex social behavior in mice", "textRatio": 0.0, "figRatio": 0.0}, "2": {"xy": [40, 338, 810, 460], "panel_size": 372600, "panel_aspectRatio": 1.7608695652173914, "category": "Introduction", "figures": 1, "textlen": 56, "fig_size": 118200, "title": "Background and Motivation", "4": {"fig_size": 118200, "fig_aspectRatio": 0.7614213197969543, "fig_size_poster": 0.37037037037037035}, "textRatio": 0.2692307692307692, "figRatio": 0.06999570669311739}, "5": {"xy": [37, 819, 810, 868], "panel_size": 703080, "panel_aspectRatio": 0.9331797235023042, "category": "Introduction", "figures": 2, "textlen": 51, "fig_size": 457412, "title": "Behavioral Dataset and Classification", "6": {"fig_size": 125664, "fig_aspectRatio": 1.0142045454545454, "fig_size_poster": 0.44074074074074077}, "7": {"fig_size": 331748, "fig_aspectRatio": 0.5342639593908629, "fig_size_poster": 0.519753086419753}, "textRatio": 0.24519230769230768, "figRatio": 0.2708703569366515}, "9": {"xy": [880, 330, 826, 371], "panel_size": 306446, "panel_aspectRatio": 2.2264150943396226, "category": "Method", "figures": 1, "textlen": 0, "fig_size": 217525, "title": "Project Outline", "10": {"fig_size": 217525, "fig_aspectRatio": 2.8763636363636365, "fig_size_poster": 0.9576271186440678}, "textRatio": 0.0, "figRatio": 0.12881401098494383}, "11": {"xy": [887, 726, 822, 965], "panel_size": 793230, "panel_aspectRatio": 0.8518134715025907, "category": "Result", "figures": 4, "textlen": 51, "fig_size": 494207, "title": "Simple behavior", "13": {"fig_size": 157563, "fig_aspectRatio": 0.8641686182669789, "fig_size_poster": 0.4489051094890511}, "14": {"fig_size": 154869, "fig_aspectRatio": 0.8414918414918415, "fig_size_poster": 0.4391727493917275}, "15": {"fig_size": 91575, "fig_aspectRatio": 1.210909090909091, "fig_size_poster": 0.4051094890510949}, "16": {"fig_size": 90200, "fig_aspectRatio": 1.1927272727272726, "fig_size_poster": 0.39902676399026765}, "textRatio": 0.24519230769230768, "figRatio": 0.2926596295912476}, "17": {"xy": [1769, 338, 765, 728], "panel_size": 556920, "panel_aspectRatio": 1.0508241758241759, "category": "Result", "figures": 1, "textlen": 0, "fig_size": 401331, "title": "Complex behavior", "18": {"fig_size": 401331, "fig_aspectRatio": 1.0821018062397372, "fig_size_poster": 0.8614379084967321}, "textRatio": 0.0, "figRatio": 0.23766029579403972}, "19": {"xy": [1746, 1122, 744, 320], "panel_size": 238080, "panel_aspectRatio": 2.325, "category": "Discussion", "figures": 0, "textlen": 50, "fig_size": 0, "title": "Future Directions", "textRatio": 0.2403846153846154, "figRatio": 0.0}}}