{"poster_size": 4478976, "doclen": 522, "figlen": 1229814, "section": {"1": {"xy": [55, 212, 611, 446], "panel_size": 272506, "panel_aspectRatio": 1.3699551569506727, "category": "Introduction", "figures": 0, "textlen": 0, "fig_size": 0, "title": "Problem Statement & Motivation", "textRatio": 0.0, "figRatio": 0.0}, "3": {"xy": [55, 678, 613, 400], "panel_size": 245200, "panel_aspectRatio": 1.5325, "category": "Method", "figures": 3, "textlen": 26, "fig_size": 66253, "title": "Model-WGAN", "5": {"fig_size": 20958, "fig_aspectRatio": 11.880952380952381, "fig_size_poster": 0.8140293637846656}, "6": {"fig_size": 37133, "fig_aspectRatio": 7.366197183098592, "fig_size_poster": 0.8531810766721044}, "7": {"fig_size": 8162, "fig_aspectRatio": 16.863636363636363, "fig_size_poster": 0.6052202283849919}, "textRatio": 0.04980842911877394, "figRatio": 0.0538723741964232}, "8": {"xy": [52, 1093, 612, 610], "panel_size": 373320, "panel_aspectRatio": 1.0032786885245901, "category": "Method", "figures": 4, "textlen": 50, "fig_size": 205783, "title": "Model-Distributed Architecture", "10": {"fig_size": 3654, "fig_aspectRatio": 4.344827586206897, "fig_size_poster": 0.20588235294117646}, "11": {"fig_size": 3220, "fig_aspectRatio": 2.6285714285714286, "fig_size_poster": 0.1503267973856209}, "12": {"fig_size": 18018, "fig_aspectRatio": 2.9615384615384617, "fig_size_poster": 0.37745098039215685}, "13": {"fig_size": 180891, "fig_aspectRatio": 1.9702970297029703, "fig_size_poster": 0.9754901960784313}, "textRatio": 0.09578544061302682, "figRatio": 0.16732855537504046}, "14": {"xy": [684, 212, 1231, 255], "panel_size": 313905, "panel_aspectRatio": 4.827450980392157, "category": "Method", "figures": 0, "textlen": 128, "fig_size": 0, "title": "Datasets & Experimental Setup", "textRatio": 0.24521072796934865, "figRatio": 0.0}, "16": {"xy": [681, 481, 1238, 606], "panel_size": 750228, "panel_aspectRatio": 2.042904290429043, "category": "Result", "figures": 6, "textlen": 0, "fig_size": 473053, "title": "Results", "17": {"fig_size": 76636, "fig_aspectRatio": 2.9565217391304346, "fig_size_poster": 0.38449111470113084}, "18": {"fig_size": 80520, "fig_aspectRatio": 2.9575757575757575, "fig_size_poster": 0.39418416801292405}, "19": {"fig_size": 78729, "fig_aspectRatio": 3.0372670807453415, "fig_size_poster": 0.3949919224555735}, "20": {"fig_size": 77592, "fig_aspectRatio": 3.069182389937107, "fig_size_poster": 0.39418416801292405}, "21": {"fig_size": 78456, "fig_aspectRatio": 2.7797619047619047, "fig_size_poster": 0.3772213247172859}, "22": {"fig_size": 81120, "fig_aspectRatio": 3.16875, "fig_size_poster": 0.4095315024232633}, "textRatio": 0.0, "figRatio": 0.38465410216504287}, "23": {"xy": [676, 1100, 1238, 527], "panel_size": 652426, "panel_aspectRatio": 2.349146110056926, "category": "Method", "figures": 2, "textlen": 0, "fig_size": 484725, "title": "Analysis", "24": {"fig_size": 335988, "fig_aspectRatio": 3.588235294117647, "fig_size_poster": 0.8869143780290791}, "25": {"fig_size": 148737, "fig_aspectRatio": 8.937984496124031, "fig_size_poster": 0.931340872374798}, "textRatio": 0.0, "figRatio": 0.3941449682634935}, "26": {"xy": [1925, 207, 639, 587], "panel_size": 375093, "panel_aspectRatio": 1.0885860306643953, "category": "Discussion", "figures": 0, "textlen": 157, "fig_size": 0, "title": "Discussion", "textRatio": 0.3007662835249042, "figRatio": 0.0}, "28": {"xy": [1928, 807, 635, 332], "panel_size": 210820, "panel_aspectRatio": 1.9126506024096386, "category": "Discussion", "figures": 0, "textlen": 72, "fig_size": 0, "title": "Future Work", "textRatio": 0.13793103448275862, "figRatio": 0.0}}}