{"poster_size": 5121792, "doclen": 692, "figlen": 1137902, "section": {"1": {"xy": [319, 111, 2144, 106], "panel_size": 227264, "panel_aspectRatio": 20.22641509433962, "category": "Title", "figures": 0, "textlen": 0, "fig_size": 0, "title": "Optimizing Precision Genome Editing through Machine Learning", "textRatio": 0.0, "figRatio": 0.0}, "2": {"xy": [77, 360, 766, 1446], "panel_size": 1107636, "panel_aspectRatio": 0.5297372060857538, "category": "Introduction", "figures": 3, "textlen": 248, "fig_size": 313172, "title": "BACKGROUND", "4": {"fig_size": 66976, "fig_aspectRatio": 2.021978021978022, "fig_size_poster": 0.4804177545691906}, "6": {"fig_size": 65404, "fig_aspectRatio": 0.5933734939759037, "fig_size_poster": 0.25718015665796345}, "9": {"fig_size": 180792, "fig_aspectRatio": 2.939516129032258, "fig_size_poster": 0.9516971279373369}, "textRatio": 0.3583815028901734, "figRatio": 0.2752187798246246}, "12": {"xy": [862, 356, 955, 505], "panel_size": 482275, "panel_aspectRatio": 1.891089108910891, "category": "Method", "figures": 1, "textlen": 123, "fig_size": 116754, "title": "METHODS\n", "14": {"fig_size": 116754, "fig_aspectRatio": 3.4863387978142075, "fig_size_poster": 0.6680628272251309}, "textRatio": 0.1777456647398844, "figRatio": 0.10260461797237372}, "16": {"xy": [863, 870, 974, 925], "panel_size": 900950, "panel_aspectRatio": 1.0529729729729729, "category": "Result", "figures": 2, "textlen": 134, "fig_size": 526872, "title": "EXPERIMENTS\n", "19": {"fig_size": 228600, "fig_aspectRatio": 1.5748031496062993, "fig_size_poster": 0.6160164271047228}, "20": {"fig_size": 298272, "fig_aspectRatio": 3.0641025641025643, "fig_size_poster": 0.9815195071868583}, "textRatio": 0.1936416184971098, "figRatio": 0.4630205413119935}, "22": {"xy": [1845, 358, 819, 814], "panel_size": 666666, "panel_aspectRatio": 1.0061425061425062, "category": "Result", "figures": 1, "textlen": 53, "fig_size": 181104, "title": "Results", "23": {"fig_size": 181104, "fig_aspectRatio": 1.9090909090909092, "fig_size_poster": 0.717948717948718}, "textRatio": 0.07658959537572255, "figRatio": 0.1591560608910082}, "26": {"xy": [1842, 1178, 838, 348], "panel_size": 291624, "panel_aspectRatio": 2.4080459770114944, "category": "Discussion", "figures": 0, "textlen": 110, "fig_size": 0, "title": "CONCLUSION\n", "textRatio": 0.15895953757225434, "figRatio": 0.0}, "28": {"xy": [1848, 1532, 794, 146], "panel_size": 115924, "panel_aspectRatio": 5.438356164383562, "category": "Discussion", "figures": 0, "textlen": 24, "fig_size": 0, "title": "NEXT STEPS\n", "textRatio": 0.03468208092485549, "figRatio": 0.0}}}