{"poster_size": 3110400, "doclen": 175, "figlen": 954430, "section": {"0": {"xy": [545, 10, 1075, 82], "panel_size": 88150, "panel_aspectRatio": 13.109756097560975, "category": "Title", "figures": 0, "textlen": 0, "fig_size": 0, "title": "Social Unrest: Classification and Modeling", "textRatio": 0.0, "figRatio": 0.0}, "2": {"xy": [6, 176, 705, 822], "panel_size": 579510, "panel_aspectRatio": 0.8576642335766423, "category": "Introduction", "figures": 2, "textlen": 83, "fig_size": 234651, "title": "Motivation", "4": {"fig_size": 97626, "fig_aspectRatio": 3.861635220125786, "fig_size_poster": 0.8709219858156029}, "5": {"fig_size": 137025, "fig_aspectRatio": 3.3251231527093594, "fig_size_poster": 0.9574468085106383}, "textRatio": 0.4742857142857143, "figRatio": 0.24585459384135033}, "7": {"xy": [18, 1006, 699, 346], "panel_size": 241854, "panel_aspectRatio": 2.020231213872832, "category": "Introduction", "figures": 0, "textlen": 25, "fig_size": 0, "title": "Preprocessing", "textRatio": 0.14285714285714285, "figRatio": 0.0}, "10": {"xy": [734, 172, 703, 1224], "panel_size": 860472, "panel_aspectRatio": 0.5743464052287581, "category": "Method", "figures": 3, "textlen": 67, "fig_size": 345162, "title": "Methodology", "14": {"fig_size": 110554, "fig_aspectRatio": 0.9910179640718563, "fig_size_poster": 0.47083926031294454}, "15": {"fig_size": 96668, "fig_aspectRatio": 0.8461538461538461, "fig_size_poster": 0.406827880512091}, "16": {"fig_size": 137940, "fig_aspectRatio": 1.046831955922865, "fig_size_poster": 0.5405405405405406}, "textRatio": 0.38285714285714284, "figRatio": 0.3616420271785254}, "17": {"xy": [1454, 175, 701, 786], "panel_size": 550986, "panel_aspectRatio": 0.8918575063613231, "category": "Result", "figures": 3, "textlen": 0, "fig_size": 374617, "title": "Results & Analysis", "18": {"fig_size": 190576, "fig_aspectRatio": 2.4837545126353793, "fig_size_poster": 0.9814550641940085}, "19": {"fig_size": 131769, "fig_aspectRatio": 1.0, "fig_size_poster": 0.5178316690442225}, "20": {"fig_size": 52272, "fig_aspectRatio": 1.6875, "fig_size_poster": 0.42368045649072755}, "textRatio": 0.0, "figRatio": 0.3925033789801243}, "21": {"xy": [1483, 972, 665, 160], "panel_size": 106400, "panel_aspectRatio": 4.15625, "category": "Discussion", "figures": 0, "textlen": 0, "fig_size": 0, "title": "Considerations\nFeature set overfits regionally\nTraining Word2Vec model with Twitter data to more accurately reflect sentiment similarity", "textRatio": 0.0, "figRatio": 0.0}}}