{"poster_size": 4478976, "doclen": 657, "figlen": 374558, "section": {"0": {"xy": [616, 38, 1359, 76], "panel_size": 103284, "panel_aspectRatio": 17.88157894736842, "category": "Title", "figures": 0, "textlen": 0, "fig_size": 0, "title": "Exploiting Network Structure to Detect Fake News", "textRatio": 0.0, "figRatio": 0.0}, "1": {"xy": [41, 242, 625, 344], "panel_size": 215000, "panel_aspectRatio": 1.816860465116279, "category": "Introduction", "figures": 0, "textlen": 63, "fig_size": 0, "title": "Motivation", "textRatio": 0.0958904109589041, "figRatio": 0.0}, "3": {"xy": [33, 598, 677, 777], "panel_size": 526029, "panel_aspectRatio": 0.8712998712998713, "category": "Introduction", "figures": 2, "textlen": 64, "fig_size": 205452, "title": "Dataset", "5": {"fig_size": 88179, "fig_aspectRatio": 1.1831501831501832, "fig_size_poster": 0.4771048744460857}, "6": {"fig_size": 117273, "fig_aspectRatio": 0.7220843672456576, "fig_size_poster": 0.4298375184638109}, "textRatio": 0.0974124809741248, "figRatio": 0.5485185204961581}, "7": {"xy": [37, 1382, 668, 269], "panel_size": 179692, "panel_aspectRatio": 2.483271375464684, "category": "Method", "figures": 0, "textlen": 16, "fig_size": 0, "title": "Methods and Models", "textRatio": 0.0243531202435312, "figRatio": 0.0}, "9": {"xy": [790, 239, 1040, 1396], "panel_size": 1451840, "panel_aspectRatio": 0.7449856733524355, "category": "Method", "figures": 2, "textlen": 359, "fig_size": 169106, "title": "Methods and Models", "13": {"fig_size": 85442, "fig_aspectRatio": 1.5084033613445378, "fig_size_poster": 0.3451923076923077}, "15": {"fig_size": 83664, "fig_aspectRatio": 1.3174603174603174, "fig_size_poster": 0.3192307692307692}, "textRatio": 0.5464231354642314, "figRatio": 0.4514814795038419}, "17": {"xy": [1874, 250, 669, 466], "panel_size": 311754, "panel_aspectRatio": 1.4356223175965666, "category": "Result", "figures": 0, "textlen": 0, "fig_size": 0, "title": "Results", "textRatio": 0.0, "figRatio": 0.0}, "18": {"xy": [1875, 732, 687, 931], "panel_size": 639597, "panel_aspectRatio": 0.7379162191192267, "category": "Discussion", "figures": 0, "textlen": 155, "fig_size": 0, "title": "Discussion", "textRatio": 0.2359208523592085, "figRatio": 0.0}}}