{"poster_size": 4478976, "doclen": 329, "figlen": 1049571, "section": {"0": {"xy": [760, 22, 979, 256], "panel_size": 250624, "panel_aspectRatio": 3.82421875, "category": "Title", "figures": 0, "textlen": 0, "fig_size": 0, "title": "Nothing but Neural Ner\nUsing Machine Learning to PredictBasketball Shot Outcomes", "textRatio": 0.0, "figRatio": 0.0}, "1": {"xy": [37, 320, 524, 861], "panel_size": 451164, "panel_aspectRatio": 0.6085946573751452, "category": "Method", "figures": 0, "textlen": 74, "fig_size": 0, "title": "Shots Data Models", "textRatio": 0.22492401215805471, "figRatio": 0.0}, "3": {"xy": [644, 422, 1227, 437], "panel_size": 536199, "panel_aspectRatio": 2.807780320366133, "category": "Introduction", "figures": 0, "textlen": 112, "fig_size": 0, "title": "Data Description", "textRatio": 0.3404255319148936, "figRatio": 0.0}, "5": {"xy": [1168, 1229, 769, 498], "panel_size": 382962, "panel_aspectRatio": 1.5441767068273093, "category": "Discussion", "figures": 0, "textlen": 81, "fig_size": 0, "title": "Discussion", "textRatio": 0.24620060790273557, "figRatio": 0.0}, "7": {"xy": [1951, 298, 634, 1051], "panel_size": 666334, "panel_aspectRatio": 0.6032350142721218, "category": "Method", "figures": 2, "textlen": 29, "fig_size": 348928, "title": "Coorfinate data models", "9": {"fig_size": 83232, "fig_aspectRatio": 4.5, "fig_size_poster": 0.9652996845425867}, "10": {"fig_size": 265696, "fig_aspectRatio": 1.391304347826087, "fig_size_poster": 0.9589905362776026}, "textRatio": 0.08814589665653495, "figRatio": 0.3324482097923818}, "11": {"xy": [1949, 1364, 642, 361], "panel_size": 231762, "panel_aspectRatio": 1.778393351800554, "category": "Discussion", "figures": 0, "textlen": 33, "fig_size": 0, "title": "Future work", "textRatio": 0.10030395136778116, "figRatio": 0.0}, "13": {"xy": [566, 881, 1366, 344], "panel_size": 469904, "panel_aspectRatio": 3.9709302325581395, "category": "Result", "figures": 2, "textlen": 0, "fig_size": 404633, "title": "/", "14": {"fig_size": 231785, "fig_aspectRatio": 2.45928338762215, "fig_size_poster": 0.5527086383601757}, "15": {"fig_size": 172848, "fig_aspectRatio": 1.7756410256410255, "fig_size_poster": 0.4055636896046852}, "textRatio": 0.0, "figRatio": 0.3855222752915239}, "16": {"xy": [132, 1249, 824, 473], "panel_size": 389752, "panel_aspectRatio": 1.7420718816067653, "category": "Result", "figures": 1, "textlen": 0, "fig_size": 296010, "title": "Regularized logistic Regression Player Coefficients", "17": {"fig_size": 296010, "fig_aspectRatio": 1.9461538461538461, "fig_size_poster": 0.9211165048543689}, "textRatio": 0.0, "figRatio": 0.2820295149160943}}}