{"poster_size": 3110400, "doclen": 810, "figlen": 333782, "section": {"1": {"xy": [380, 18, 1461, 88], "panel_size": 128568, "panel_aspectRatio": 16.602272727272727, "category": "Title", "figures": 0, "textlen": 0, "fig_size": 0, "title": "Robust PDF Table Locator Using CNN/K-Means", "textRatio": 0.0, "figRatio": 0.0}, "2": {"xy": [47, 111, 542, 488], "panel_size": 264496, "panel_aspectRatio": 1.110655737704918, "category": "Introduction", "figures": 0, "textlen": 137, "fig_size": 0, "title": "ABSTRACT", "textRatio": 0.16913580246913582, "figRatio": 0.0}, "4": {"xy": [51, 604, 543, 346], "panel_size": 187878, "panel_aspectRatio": 1.569364161849711, "category": "Introduction", "figures": 0, "textlen": 105, "fig_size": 0, "title": "MOTIVATION", "textRatio": 0.12962962962962962, "figRatio": 0.0}, "6": {"xy": [40, 951, 568, 489], "panel_size": 277752, "panel_aspectRatio": 1.1615541922290389, "category": "Introduction", "figures": 0, "textlen": 130, "fig_size": 0, "title": "DATASET & FEATURES", "textRatio": 0.16049382716049382, "figRatio": 0.0}, "9": {"xy": [612, 211, 961, 341], "panel_size": 327701, "panel_aspectRatio": 2.8181818181818183, "category": "Method", "figures": 1, "textlen": 0, "fig_size": 201641, "title": "METHODOLOGY", "10": {"fig_size": 201641, "fig_aspectRatio": 3.150197628458498, "fig_size_poster": 0.8293444328824141}, "textRatio": 0.0, "figRatio": 0.6041098681175139}, "11": {"xy": [615, 556, 946, 415], "panel_size": 392590, "panel_aspectRatio": 2.279518072289157, "category": "Introduction", "figures": 0, "textlen": 142, "fig_size": 0, "title": "CHALLENGE #1:IDENTIFY\u201cPOTENTIAL\u201d TABLES\n", "textRatio": 0.17530864197530865, "figRatio": 0.0}, "13": {"xy": [617, 981, 947, 347], "panel_size": 328609, "panel_aspectRatio": 2.729106628242075, "category": "Introduction", "figures": 0, "textlen": 100, "fig_size": 0, "title": "CHALLENGE #2: CLASSIFY TABLES FROM CANDIDATES", "textRatio": 0.12345679012345678, "figRatio": 0.0}, "15": {"xy": [1585, 114, 554, 819], "panel_size": 453726, "panel_aspectRatio": 0.6764346764346765, "category": "Result", "figures": 3, "textlen": 86, "fig_size": 132141, "title": "RESULTS & ANALYSIS", "17": {"fig_size": 60957, "fig_aspectRatio": 4.452991452991453, "fig_size_poster": 0.9404332129963899}, "20": {"fig_size": 32250, "fig_aspectRatio": 1.4333333333333333, "fig_size_poster": 0.388086642599278}, "21": {"fig_size": 38934, "fig_aspectRatio": 0.9174757281553398, "fig_size_poster": 0.34115523465703973}, "textRatio": 0.10617283950617284, "figRatio": 0.3958901318824862}, "23": {"xy": [1576, 952, 561, 389], "panel_size": 218229, "panel_aspectRatio": 1.442159383033419, "category": "Discussion", "figures": 0, "textlen": 110, "fig_size": 0, "title": "CONCLUSION", "textRatio": 0.13580246913580246, "figRatio": 0.0}}}