{"poster_size": 6967296, "doclen": 221, "figlen": 3959928, "section": {"1": {"xy": [491, 30, 2007, 88], "panel_size": 176616, "panel_aspectRatio": 22.806818181818183, "category": "Title", "figures": 0, "textlen": 0, "fig_size": 0, "title": "Application of Machine Learning to Native Advertisements", "textRatio": 0.0, "figRatio": 0.0}, "2": {"xy": [15, 259, 2244, 940], "panel_size": 2109360, "panel_aspectRatio": 2.3872340425531915, "category": "Introduction", "figures": 3, "textlen": 120, "fig_size": 1411419, "title": "Native Advertisements", "4": {"fig_size": 389580, "fig_aspectRatio": 1.8984547461368653, "fig_size_poster": 0.38324420677361853}, "5": {"fig_size": 521129, "fig_aspectRatio": 0.8951507208387942, "fig_size_poster": 0.30436720142602497}, "6": {"fig_size": 500710, "fig_aspectRatio": 0.7726708074534161, "fig_size_poster": 0.27718360071301246}, "textRatio": 0.5429864253393665, "figRatio": 0.3564254198561186}, "7": {"xy": [4, 1232, 2327, 960], "panel_size": 2233920, "panel_aspectRatio": 2.423958333333333, "category": "Result", "figures": 6, "textlen": 64, "fig_size": 1645424, "title": "classification Metrics", "8": {"fig_size": 632492, "fig_aspectRatio": 2.9761388286334056, "fig_size_poster": 0.5896003437902879}, "10": {"fig_size": 143312, "fig_aspectRatio": 3.3125, "fig_size_poster": 0.29608938547486036}, "11": {"fig_size": 366361, "fig_aspectRatio": 1.8668171557562077, "fig_size_poster": 0.3553932101418135}, "12": {"fig_size": 161364, "fig_aspectRatio": 3.877450980392157, "fig_size_poster": 0.33992264718521703}, "13": {"fig_size": 139836, "fig_aspectRatio": 4.726744186046512, "fig_size_poster": 0.3493768801031371}, "14": {"fig_size": 202059, "fig_aspectRatio": 9.881118881118882, "fig_size_poster": 0.6072195960464117}, "textRatio": 0.2895927601809955, "figRatio": 0.4155186659959474}, "15": {"xy": [2266, 261, 742, 923], "panel_size": 684866, "panel_aspectRatio": 0.8039003250270856, "category": "Method", "figures": 3, "textlen": 0, "fig_size": 528566, "title": "Model Description", "16": {"fig_size": 140816, "fig_aspectRatio": 3.2548076923076925, "fig_size_poster": 0.9123989218328841}, "17": {"fig_size": 156600, "fig_aspectRatio": 3.0933333333333333, "fig_size_poster": 0.9380053908355795}, "18": {"fig_size": 231150, "fig_aspectRatio": 2.0597014925373136, "fig_size_poster": 0.9299191374663073}, "textRatio": 0.0, "figRatio": 0.13347868951152647}, "19": {"xy": [2353, 1213, 644, 832], "panel_size": 535808, "panel_aspectRatio": 0.7740384615384616, "category": "Discussion", "figures": 1, "textlen": 37, "fig_size": 374519, "title": "Most Native Advertisement", "20": {"fig_size": 374519, "fig_aspectRatio": 1.016474464579901, "fig_size_poster": 0.9580745341614907}, "textRatio": 0.167420814479638, "figRatio": 0.09457722463640753}}}