{"poster_size": 4731264, "doclen": 518, "figlen": 1562304, "section": {"1": {"xy": [977, 39, 703, 60], "panel_size": 42180, "panel_aspectRatio": 11.716666666666667, "category": "Title", "figures": 0, "textlen": 0, "fig_size": 0, "title": "Learn To Rate Fine Food", "textRatio": 0.0, "figRatio": 0.0}, "2": {"xy": [27, 174, 626, 394], "panel_size": 246644, "panel_aspectRatio": 1.5888324873096447, "category": "Introduction", "figures": 0, "textlen": 81, "fig_size": 0, "title": "Motivation", "textRatio": 0.15637065637065636, "figRatio": 0.0}, "4": {"xy": [19, 577, 628, 848], "panel_size": 532544, "panel_aspectRatio": 0.7405660377358491, "category": "Method", "figures": 0, "textlen": 154, "fig_size": 0, "title": "Problem Statement", "textRatio": 0.2972972972972973, "figRatio": 0.0}, "6": {"xy": [30, 1431, 632, 323], "panel_size": 204136, "panel_aspectRatio": 1.956656346749226, "category": "Method", "figures": 1, "textlen": 14, "fig_size": 78416, "title": "Dataset", "8": {"fig_size": 78416, "fig_aspectRatio": 2.7455621301775146, "fig_size_poster": 0.7341772151898734}, "textRatio": 0.02702702702702703, "figRatio": 0.05019253615173487}, "9": {"xy": [684, 172, 941, 850], "panel_size": 799850, "panel_aspectRatio": 1.1070588235294119, "category": "Method", "figures": 11, "textlen": 48, "fig_size": 402203, "title": "Gated Recurrent Unit Network for Classification", "11": {"fig_size": 13115, "fig_aspectRatio": 7.093023255813954, "fig_size_poster": 0.3241232731137088}, "12": {"fig_size": 12012, "fig_aspectRatio": 7.897435897435898, "fig_size_poster": 0.3273113708820404}, "13": {"fig_size": 16555, "fig_aspectRatio": 8.953488372093023, "fig_size_poster": 0.40913921360255046}, "14": {"fig_size": 19345, "fig_aspectRatio": 6.886792452830188, "fig_size_poster": 0.38788522848034007}, "15": {"fig_size": 199554, "fig_aspectRatio": 1.1258907363420427, "fig_size_poster": 0.5037194473963869}, "17": {"fig_size": 15778, "fig_aspectRatio": 7.456521739130435, "fig_size_poster": 0.3645058448459086}, "18": {"fig_size": 14190, "fig_aspectRatio": 7.674418604651163, "fig_size_poster": 0.35069075451647186}, "19": {"fig_size": 17072, "fig_aspectRatio": 8.818181818181818, "fig_size_poster": 0.412327311370882}, "20": {"fig_size": 18216, "fig_aspectRatio": 8.608695652173912, "fig_size_poster": 0.4208289054197662}, "22": {"fig_size": 15566, "fig_aspectRatio": 8.418604651162791, "fig_size_poster": 0.3846971307120085}, "23": {"fig_size": 60800, "fig_aspectRatio": 3.7109375, "fig_size_poster": 0.5047821466524973}, "textRatio": 0.09266409266409266, "figRatio": 0.2574422135512679}, "25": {"xy": [676, 1028, 951, 720], "panel_size": 684720, "panel_aspectRatio": 1.3208333333333333, "category": "Method", "figures": 6, "textlen": 69, "fig_size": 299622, "title": "LSTM Network for Review Generation", "26": {"fig_size": 96728, "fig_aspectRatio": 2.1121495327102804, "fig_size_poster": 0.47528916929547843}, "27": {"fig_size": 12180, "fig_aspectRatio": 6.904761904761905, "fig_size_poster": 0.3049421661409043}, "28": {"fig_size": 12169, "fig_aspectRatio": 6.5813953488372094, "fig_size_poster": 0.29758149316508936}, "29": {"fig_size": 16320, "fig_aspectRatio": 7.083333333333333, "fig_size_poster": 0.35751840168243953}, "30": {"fig_size": 14196, "fig_aspectRatio": 8.047619047619047, "fig_size_poster": 0.35541535226077814}, "32": {"fig_size": 148029, "fig_aspectRatio": 5.855345911949685, "fig_size_poster": 0.9789695057833859}, "textRatio": 0.13320463320463322, "figRatio": 0.19178213715128425}, "33": {"xy": [1646, 171, 1015, 851], "panel_size": 863765, "panel_aspectRatio": 1.1927144535840188, "category": "Result", "figures": 3, "textlen": 107, "fig_size": 350190, "title": "Recommendation System", "35": {"fig_size": 139920, "fig_aspectRatio": 1.9924528301886792, "fig_size_poster": 0.5201970443349754}, "36": {"fig_size": 135470, "fig_aspectRatio": 1.4096774193548387, "fig_size_poster": 0.43054187192118226}, "37": {"fig_size": 74800, "fig_aspectRatio": 7.48, "fig_size_poster": 0.7369458128078817}, "textRatio": 0.20656370656370657, "figRatio": 0.2241497173405432}, "38": {"xy": [1642, 1028, 1011, 735], "panel_size": 743085, "panel_aspectRatio": 1.3755102040816327, "category": "Result", "figures": 7, "textlen": 45, "fig_size": 431873, "title": "Find Important Words & \"Spam\" Reviews", "40": {"fig_size": 21945, "fig_aspectRatio": 0.5023923444976076, "fig_size_poster": 0.10385756676557864}, "41": {"fig_size": 35844, "fig_aspectRatio": 0.8446601941747572, "fig_size_poster": 0.17210682492581603}, "42": {"fig_size": 40040, "fig_aspectRatio": 0.8272727272727273, "fig_size_poster": 0.18001978239366964}, "43": {"fig_size": 37236, "fig_aspectRatio": 0.8130841121495327, "fig_size_poster": 0.17210682492581603}, "44": {"fig_size": 32754, "fig_aspectRatio": 0.7718446601941747, "fig_size_poster": 0.1572700296735905}, "46": {"fig_size": 128325, "fig_aspectRatio": 1.4745762711864407, "fig_size_poster": 0.43026706231454004}, "47": {"fig_size": 135729, "fig_aspectRatio": 1.5387205387205387, "fig_size_poster": 0.4520276953511375}, "textRatio": 0.08687258687258688, "figRatio": 0.2764333958051698}}}