{"poster_size": 4478976, "doclen": 356, "figlen": 1245069, "section": {"1": {"xy": [345, 27, 1874, 72], "panel_size": 134928, "panel_aspectRatio": 26.02777777777778, "category": "Title", "figures": 0, "textlen": 0, "fig_size": 0, "title": "Multi-omics factorization illustrates the added value of deep learning approaches", "textRatio": 0.0, "figRatio": 0.0}, "2": {"xy": [68, 220, 1188, 279], "panel_size": 331452, "panel_aspectRatio": 4.258064516129032, "category": "Introduction", "figures": 0, "textlen": 68, "fig_size": 0, "title": "MOTIVATION", "textRatio": 0.19101123595505617, "figRatio": 0.0}, "4": {"xy": [75, 515, 1158, 389], "panel_size": 450462, "panel_aspectRatio": 2.9768637532133675, "category": "Introduction", "figures": 1, "textlen": 54, "fig_size": 155245, "title": "DATA", "5": {"fig_size": 155245, "fig_aspectRatio": 1.6688524590163933, "fig_size_poster": 0.43955094991364424}, "textRatio": 0.15168539325842698, "figRatio": 0.12468786870446537}, "7": {"xy": [34, 915, 1217, 678], "panel_size": 825126, "panel_aspectRatio": 1.794985250737463, "category": "Method", "figures": 3, "textlen": 42, "fig_size": 456728, "title": "METHODS", "8": {"fig_size": 205024, "fig_aspectRatio": 1.7325581395348837, "fig_size_poster": 0.4897288414133114}, "9": {"fig_size": 35644, "fig_aspectRatio": 7.940298507462686, "fig_size_poster": 0.4371405094494659}, "10": {"fig_size": 216060, "fig_aspectRatio": 1.4205128205128206, "fig_size_poster": 0.4552177485620378}, "textRatio": 0.11797752808988764, "figRatio": 0.3668294688888728}, "13": {"xy": [1349, 219, 1174, 1023], "panel_size": 1201002, "panel_aspectRatio": 1.1476050830889541, "category": "Result", "figures": 3, "textlen": 103, "fig_size": 633096, "title": "RESULTS", "14": {"fig_size": 293132, "fig_aspectRatio": 4.142857142857143, "fig_size_poster": 0.938671209540034}, "15": {"fig_size": 281856, "fig_aspectRatio": 4.30078125, "fig_size_poster": 0.9378194207836457}, "16": {"fig_size": 58108, "fig_aspectRatio": 1.4673366834170853, "fig_size_poster": 0.24872231686541738}, "textRatio": 0.2893258426966292, "figRatio": 0.5084826624066618}, "20": {"xy": [1366, 1247, 1189, 327], "panel_size": 388803, "panel_aspectRatio": 3.636085626911315, "category": "Discussion", "figures": 0, "textlen": 89, "fig_size": 0, "title": "CONCLUSIONS", "textRatio": 0.25, "figRatio": 0.0}}}