{"poster_size": 4007920, "doclen": 152, "figlen": 1954751, "section": {"1": {"xy": [1353, 5, 683, 66], "panel_size": 45078, "panel_aspectRatio": 10.348484848484848, "category": "Title", "figures": 0, "textlen": 0, "fig_size": 0, "title": "Fast Tree-Structured RNTN", "textRatio": 0.0, "figRatio": 0.0}, "2": {"xy": [41, 178, 719, 460], "panel_size": 330740, "panel_aspectRatio": 1.5630434782608695, "category": "Introduction", "figures": 0, "textlen": 97, "fig_size": 0, "title": "Summary", "textRatio": 0.6381578947368421, "figRatio": 0.0}, "4": {"xy": [36, 653, 724, 1007], "panel_size": 729068, "panel_aspectRatio": 0.7189672293942403, "category": "Method", "figures": 6, "textlen": 28, "fig_size": 399280, "title": "Recursive Neural Tensor Network(RNTN)", "5": {"fig_size": 206850, "fig_aspectRatio": 1.6885714285714286, "fig_size_poster": 0.8162983425414365}, "6": {"fig_size": 58344, "fig_aspectRatio": 5.394230769230769, "fig_size_poster": 0.7748618784530387}, "8": {"fig_size": 55620, "fig_aspectRatio": 4.768518518518518, "fig_size_poster": 0.7113259668508287}, "9": {"fig_size": 17152, "fig_aspectRatio": 1.046875, "fig_size_poster": 0.1850828729281768}, "10": {"fig_size": 24264, "fig_aspectRatio": 4.680555555555555, "fig_size_poster": 0.4654696132596685}, "12": {"fig_size": 37050, "fig_aspectRatio": 8.76923076923077, "fig_size_poster": 0.787292817679558}, "textRatio": 0.18421052631578946, "figRatio": 0.20426131000828238}, "14": {"xy": [802, 180, 758, 603], "panel_size": 457074, "panel_aspectRatio": 1.2570480928689884, "category": "Method", "figures": 2, "textlen": 9, "fig_size": 319280, "title": "Forward Propagation", "15": {"fig_size": 170340, "fig_aspectRatio": 2.619607843137255, "fig_size_poster": 0.8812664907651715}, "16": {"fig_size": 148940, "fig_aspectRatio": 3.077272727272727, "fig_size_poster": 0.8931398416886543}, "textRatio": 0.05921052631578947, "figRatio": 0.16333538133501402}, "18": {"xy": [798, 804, 761, 848], "panel_size": 645328, "panel_aspectRatio": 0.8974056603773585, "category": "Method", "figures": 4, "textlen": 0, "fig_size": 467048, "title": "Grouping k pairs of nodes", "19": {"fig_size": 44520, "fig_aspectRatio": 9.085714285714285, "fig_size_poster": 0.835742444152431}, "20": {"fig_size": 49360, "fig_aspectRatio": 7.7125, "fig_size_poster": 0.8107752956636005}, "21": {"fig_size": 55100, "fig_aspectRatio": 6.105263157894737, "fig_size_poster": 0.7621550591327201}, "22": {"fig_size": 318068, "fig_aspectRatio": 1.1583969465648856, "fig_size_poster": 0.797634691195795}, "textRatio": 0.0, "figRatio": 0.23892966418740802}, "23": {"xy": [1602, 178, 763, 933], "panel_size": 711879, "panel_aspectRatio": 0.8177920685959271, "category": "Method", "figures": 3, "textlen": 13, "fig_size": 500365, "title": "Backward Propagation", "24": {"fig_size": 257367, "fig_aspectRatio": 1.953168044077135, "fig_size_poster": 0.9292267365661862}, "26": {"fig_size": 119798, "fig_aspectRatio": 3.0251256281407035, "fig_size_poster": 0.7889908256880734}, "27": {"fig_size": 123200, "fig_aspectRatio": 3.08, "fig_size_poster": 0.8073394495412844}, "textRatio": 0.08552631578947369, "figRatio": 0.25597377875749905}, "29": {"xy": [1598, 1142, 766, 511], "panel_size": 391426, "panel_aspectRatio": 1.4990215264187867, "category": "Result", "figures": 2, "textlen": 5, "fig_size": 268778, "title": "Results", "30": {"fig_size": 132778, "fig_aspectRatio": 3.4213197969543145, "fig_size_poster": 0.8798955613577023}, "31": {"fig_size": 136000, "fig_aspectRatio": 3.4, "fig_size_poster": 0.8877284595300261}, "textRatio": 0.03289473684210526, "figRatio": 0.13749986571179654}}}