{"poster_size": 4478976, "doclen": 151, "figlen": 1350843, "section": {"1": {"xy": [827, 65, 919, 91], "panel_size": 83629, "panel_aspectRatio": 10.098901098901099, "category": "Title", "figures": 0, "textlen": 0, "fig_size": 0, "title": "Generating Video from lmages", "textRatio": 0.0, "figRatio": 0.0}, "2": {"xy": [55, 336, 597, 372], "panel_size": 222084, "panel_aspectRatio": 1.6048387096774193, "category": "Introduction", "figures": 0, "textlen": 49, "fig_size": 0, "title": "Introduction", "textRatio": 0.32450331125827814, "figRatio": 0.0}, "4": {"xy": [64, 715, 600, 219], "panel_size": 131400, "panel_aspectRatio": 2.73972602739726, "category": "Method", "figures": 0, "textlen": 24, "fig_size": 0, "title": "Dataset", "textRatio": 0.15894039735099338, "figRatio": 0.0}, "6": {"xy": [53, 945, 611, 782], "panel_size": 477802, "panel_aspectRatio": 0.7813299232736572, "category": "Method", "figures": 3, "textlen": 0, "fig_size": 351258, "title": "CVAE", "7": {"fig_size": 81081, "fig_aspectRatio": 3.965034965034965, "fig_size_poster": 0.9279869067103109}, "8": {"fig_size": 28635, "fig_aspectRatio": 6.0144927536231885, "fig_size_poster": 0.679214402618658}, "9": {"fig_size": 241542, "fig_aspectRatio": 1.3309859154929577, "fig_size_poster": 0.9279869067103109}, "textRatio": 0.0, "figRatio": 0.2600287376105143}, "10": {"xy": [696, 330, 596, 134], "panel_size": 79864, "panel_aspectRatio": 4.447761194029851, "category": "Method", "figures": 0, "textlen": 7, "fig_size": 0, "title": "Baseline Model", "textRatio": 0.046357615894039736, "figRatio": 0.0}, "12": {"xy": [700, 480, 598, 280], "panel_size": 167440, "panel_aspectRatio": 2.1357142857142857, "category": "Method", "figures": 1, "textlen": 0, "fig_size": 99858, "title": "CGAN", "13": {"fig_size": 99858, "fig_aspectRatio": 3.151685393258427, "fig_size_poster": 0.9381270903010034}, "textRatio": 0.0, "figRatio": 0.0739227282519138}, "14": {"xy": [1324, 330, 598, 595], "panel_size": 355810, "panel_aspectRatio": 1.0050420168067227, "category": "Method", "figures": 1, "textlen": 0, "fig_size": 263232, "title": "CGAN (cont.)", "15": {"fig_size": 263232, "fig_aspectRatio": 1.2603938730853392, "fig_size_poster": 0.9632107023411371}, "textRatio": 0.0, "figRatio": 0.19486498430979765}, "16": {"xy": [698, 964, 1228, 621], "panel_size": 762588, "panel_aspectRatio": 1.9774557165861513, "category": "Result", "figures": 1, "textlen": 0, "fig_size": 580560, "title": "Results (See our live demos!)", "17": {"fig_size": 580560, "fig_aspectRatio": 2.3983739837398375, "fig_size_poster": 0.9609120521172638}, "textRatio": 0.0, "figRatio": 0.42977607316320254}, "18": {"xy": [1957, 334, 616, 487], "panel_size": 299992, "panel_aspectRatio": 1.264887063655031, "category": "Result", "figures": 1, "textlen": 44, "fig_size": 55935, "title": "Results and Evaluations", "20": {"fig_size": 55935, "fig_aspectRatio": 4.380530973451328, "fig_size_poster": 0.8035714285714286}, "textRatio": 0.2913907284768212, "figRatio": 0.04140747666457168}, "21": {"xy": [1965, 830, 610, 221], "panel_size": 134810, "panel_aspectRatio": 2.760180995475113, "category": "Discussion", "figures": 0, "textlen": 27, "fig_size": 0, "title": "Future", "textRatio": 0.17880794701986755, "figRatio": 0.0}}}