{"poster_size": 3110400, "doclen": 201, "figlen": 1308260, "section": {"1": {"xy": [162, 16, 539, 172], "panel_size": 92708, "panel_aspectRatio": 3.133720930232558, "category": "Title", "figures": 0, "textlen": 0, "fig_size": 0, "title": "Applications of Unsupervised Learning to Business Meta-Data, using Yelp Data", "textRatio": 0.0, "figRatio": 0.0}, "2": {"xy": [158, 241, 536, 294], "panel_size": 157584, "panel_aspectRatio": 1.8231292517006803, "category": "Introduction", "figures": 0, "textlen": 39, "fig_size": 0, "title": "MOTIVATION", "textRatio": 0.19402985074626866, "figRatio": 0.0}, "4": {"xy": [154, 545, 568, 867], "panel_size": 492456, "panel_aspectRatio": 0.6551326412918108, "category": "Introduction", "figures": 1, "textlen": 24, "fig_size": 356044, "title": "DATA", "6": {"fig_size": 356044, "fig_aspectRatio": 0.7979041916167665, "fig_size_poster": 0.9383802816901409}, "textRatio": 0.11940298507462686, "figRatio": 0.2721507957133903}, "7": {"xy": [777, 18, 632, 1399], "panel_size": 884168, "panel_aspectRatio": 0.4517512508934953, "category": "Method", "figures": 2, "textlen": 45, "fig_size": 625604, "title": "Methodology/Procedure", "9": {"fig_size": 249879, "fig_aspectRatio": 0.9569471624266145, "fig_size_poster": 0.7737341772151899}, "10": {"fig_size": 375725, "fig_aspectRatio": 0.849624060150376, "fig_size_poster": 0.8939873417721519}, "textRatio": 0.22388059701492538, "figRatio": 0.47819546573311117}, "11": {"xy": [1440, 21, 657, 694], "panel_size": 455958, "panel_aspectRatio": 0.946685878962536, "category": "Method", "figures": 1, "textlen": 0, "fig_size": 326612, "title": "Dimension Reduction and Evaluation of Cluster Count", "12": {"fig_size": 326612, "fig_aspectRatio": 1.001751313485114, "fig_size_poster": 0.8706240487062404}, "textRatio": 0.0, "figRatio": 0.24965373855349854}, "13": {"xy": [1448, 735, 622, 682], "panel_size": 424204, "panel_aspectRatio": 0.9120234604105572, "category": "Discussion", "figures": 0, "textlen": 93, "fig_size": 0, "title": "Discussion", "textRatio": 0.4626865671641791, "figRatio": 0.0}}}