{"poster_size": 4478976, "doclen": 808, "figlen": 1160539, "section": {"2": {"xy": [345, 44, 1911, 81], "panel_size": 154791, "panel_aspectRatio": 23.59259259259259, "category": "Title", "figures": 0, "textlen": 0, "fig_size": 0, "title": "Collision Avoidance for Urban Air Mobility using Markov Decision Processes", "textRatio": 0.0, "figRatio": 0.0}, "3": {"xy": [7, 222, 690, 676], "panel_size": 466440, "panel_aspectRatio": 1.0207100591715976, "category": "Introduction", "figures": 1, "textlen": 124, "fig_size": 139536, "title": "AIRCRAFT COLLISION AVOIDANCE", "5": {"fig_size": 139536, "fig_aspectRatio": 2.6842105263157894, "fig_size_poster": 0.8869565217391304}, "textRatio": 0.15346534653465346, "figRatio": 0.12023378792095742}, "6": {"xy": [8, 908, 689, 498], "panel_size": 343122, "panel_aspectRatio": 1.3835341365461848, "category": "Introduction", "figures": 1, "textlen": 141, "fig_size": 44968, "title": "PROBLEM SETUP AND METHODS", "8": {"fig_size": 44968, "fig_aspectRatio": 8.438356164383562, "fig_size_poster": 0.8940493468795355}, "textRatio": 0.1745049504950495, "figRatio": 0.03874751300904149}, "10": {"xy": [707, 228, 749, 1476], "panel_size": 1105524, "panel_aspectRatio": 0.5074525745257452, "category": "Method", "figures": 4, "textlen": 272, "fig_size": 304194, "title": "MDP FORMULATION", "13": {"fig_size": 87690, "fig_aspectRatio": 2.562162162162162, "fig_size_poster": 0.6328437917222964}, "16": {"fig_size": 102098, "fig_aspectRatio": 5.063380281690141, "fig_size_poster": 0.9599465954606141}, "18": {"fig_size": 69580, "fig_aspectRatio": 3.4507042253521125, "fig_size_poster": 0.6542056074766355}, "21": {"fig_size": 44826, "fig_aspectRatio": 1.2956989247311828, "fig_size_poster": 0.32176234979973295}, "textRatio": 0.33663366336633666, "figRatio": 0.26211441407828606}, "22": {"xy": [1485, 229, 1082, 659], "panel_size": 713038, "panel_aspectRatio": 1.6418816388467374, "category": "Result", "figures": 2, "textlen": 130, "fig_size": 325250, "title": "POLICY ANALYSIS", "23": {"fig_size": 208035, "fig_aspectRatio": 1.7478260869565216, "fig_size_poster": 0.5573012939001848}, "24": {"fig_size": 117215, "fig_aspectRatio": 3.020304568527919, "fig_size_poster": 0.5499075785582255}, "textRatio": 0.1608910891089109, "figRatio": 0.28025770784092563}, "28": {"xy": [1479, 904, 1088, 590], "panel_size": 641920, "panel_aspectRatio": 1.8440677966101695, "category": "Result", "figures": 3, "textlen": 60, "fig_size": 346591, "title": "SIMULATION RESULTS", "30": {"fig_size": 139827, "fig_aspectRatio": 1.0381471389645776, "fig_size_poster": 0.35018382352941174}, "31": {"fig_size": 46626, "fig_aspectRatio": 3.587719298245614, "fig_size_poster": 0.3759191176470588}, "32": {"fig_size": 160138, "fig_aspectRatio": 2.541832669322709, "fig_size_poster": 0.5863970588235294}, "textRatio": 0.07425742574257425, "figRatio": 0.2986465771507894}, "34": {"xy": [1478, 1514, 1097, 184], "panel_size": 201848, "panel_aspectRatio": 5.961956521739131, "category": "Discussion", "figures": 0, "textlen": 81, "fig_size": 0, "title": "FUTURE WORK", "textRatio": 0.10024752475247525, "figRatio": 0.0}}}