{"poster_size": 4478976, "doclen": 503, "figlen": 1428451, "section": {"26": {"xy": [512, 22, 1571, 76], "panel_size": 119396, "panel_aspectRatio": 20.67105263157895, "category": "Title", "figures": 0, "textlen": 0, "fig_size": 0, "title": "Potayto or potahto, jagaimo or bareisho? Japanese dialect classification", "textRatio": 0.0, "figRatio": 0.0}, "27": {"xy": [72, 220, 582, 443], "panel_size": 257826, "panel_aspectRatio": 1.3137697516930023, "category": "Introduction", "figures": 0, "textlen": 68, "fig_size": 0, "title": "Introduction", "textRatio": 0.13518886679920478, "figRatio": 0.0}, "29": {"xy": [67, 678, 594, 1036], "panel_size": 615384, "panel_aspectRatio": 0.5733590733590733, "category": "Method", "figures": 2, "textlen": 126, "fig_size": 179578, "title": "Dataset", "31": {"fig_size": 121758, "fig_aspectRatio": 2.4484304932735426, "fig_size_poster": 0.9191919191919192}, "34": {"fig_size": 57820, "fig_aspectRatio": 1.5051020408163265, "fig_size_poster": 0.49663299663299665}, "textRatio": 0.2504970178926441, "figRatio": 0.1257151977911738}, "35": {"xy": [688, 211, 926, 1505], "panel_size": 1393630, "panel_aspectRatio": 0.6152823920265781, "category": "Method", "figures": 5, "textlen": 166, "fig_size": 760081, "title": "Supervised Approaches", "36": {"fig_size": 133651, "fig_aspectRatio": 1.3642172523961662, "fig_size_poster": 0.4611231101511879}, "37": {"fig_size": 211500, "fig_aspectRatio": 3.8297872340425534, "fig_size_poster": 0.9719222462203023}, "38": {"fig_size": 109190, "fig_aspectRatio": 1.1737704918032787, "fig_size_poster": 0.38660907127429806}, "39": {"fig_size": 190300, "fig_aspectRatio": 3.9318181818181817, "fig_size_poster": 0.9341252699784017}, "51": {"fig_size": 115440, "fig_aspectRatio": 1.185897435897436, "fig_size_poster": 0.39956803455723544}, "textRatio": 0.33001988071570576, "figRatio": 0.5321015561611844}, "47": {"xy": [1654, 203, 900, 869], "panel_size": 782100, "panel_aspectRatio": 1.0356731875719218, "category": "Method", "figures": 3, "textlen": 54, "fig_size": 488792, "title": "Unsupervised Approaches", "48": {"fig_size": 210340, "fig_aspectRatio": 3.1115384615384616, "fig_size_poster": 0.8988888888888888}, "50": {"fig_size": 89614, "fig_aspectRatio": 0.7485549132947977, "fig_size_poster": 0.2877777777777778}, "52": {"fig_size": 188838, "fig_aspectRatio": 1.5327635327635327, "fig_size_poster": 0.5977777777777777}, "textRatio": 0.1073558648111332, "figRatio": 0.34218324604764183}, "54": {"xy": [1654, 1075, 908, 397], "panel_size": 360476, "panel_aspectRatio": 2.287153652392947, "category": "Result", "figures": 0, "textlen": 89, "fig_size": 0, "title": "Conclusions", "textRatio": 0.17693836978131214, "figRatio": 0.0}}}