{"poster_size": 3110400, "doclen": 0, "figlen": 1517960, "section": {"0": {"xy": [176, 64, 1812, 52], "panel_size": 94224, "panel_aspectRatio": 34.84615384615385, "category": "Title", "figures": 0, "textlen": 0, "fig_size": 0, "title": "Draft Kings and Queens: Predicting the Optimal Fantasy Basketball Team", "textRatio": 0, "figRatio": 0.0}, "8": {"xy": [14, 274, 649, 516], "panel_size": 334884, "panel_aspectRatio": 1.2577519379844961, "category": "Introduction", "figures": 2, "textlen": 0, "fig_size": 233745, "title": "Parameter Informativeness", "30": {"fig_size": 120120, "fig_aspectRatio": 0.8103896103896104, "fig_size_poster": 0.48073959938366717}, "31": {"fig_size": 113625, "fig_aspectRatio": 0.808, "fig_size_poster": 0.46687211093990755}, "textRatio": 0, "figRatio": 0.15398627104798546}, "13": {"xy": [24, 824, 634, 600], "panel_size": 380400, "panel_aspectRatio": 1.0566666666666666, "category": "Introduction", "figures": 3, "textlen": 0, "fig_size": 252479, "title": "Constraint Satisfaction Problem", "26": {"fig_size": 236768, "fig_aspectRatio": 1.5408163265306123, "fig_size_poster": 0.9526813880126183}, "27": {"fig_size": 6720, "fig_aspectRatio": 8.571428571428571, "fig_size_poster": 0.3785488958990536}, "29": {"fig_size": 8991, "fig_aspectRatio": 12.333333333333334, "fig_size_poster": 0.5252365930599369}, "textRatio": 0, "figRatio": 0.1663278347255527}, "16": {"xy": [702, 288, 730, 522], "panel_size": 381060, "panel_aspectRatio": 1.3984674329501916, "category": "Method", "figures": 1, "textlen": 0, "fig_size": 248540, "title": "Regression", "17": {"fig_size": 248540, "fig_aspectRatio": 1.344186046511628, "fig_size_poster": 0.7917808219178082}, "textRatio": 0, "figRatio": 0.16373290468787055}, "18": {"xy": [706, 824, 718, 592], "panel_size": 425056, "panel_aspectRatio": 1.212837837837838, "category": "Method", "figures": 1, "textlen": 0, "fig_size": 252672, "title": "Backtracking Search", "19": {"fig_size": 252672, "fig_aspectRatio": 1.2589285714285714, "fig_size_poster": 0.7855153203342619}, "textRatio": 0, "figRatio": 0.16645497905083137}, "20": {"xy": [1496, 284, 640, 516], "panel_size": 330240, "panel_aspectRatio": 1.2403100775193798, "category": "Discussion", "figures": 2, "textlen": 0, "fig_size": 233744, "title": "Future Regression Work", "21": {"fig_size": 154704, "fig_aspectRatio": 2.2196969696969697, "fig_size_poster": 0.915625}, "22": {"fig_size": 79040, "fig_aspectRatio": 4.676923076923077, "fig_size_poster": 0.95}, "textRatio": 0, "figRatio": 0.153985612269098}, "23": {"xy": [1486, 822, 642, 604], "panel_size": 387768, "panel_aspectRatio": 1.0629139072847682, "category": "Method", "figures": 2, "textlen": 0, "fig_size": 296780, "title": "Beam Search", "24": {"fig_size": 182700, "fig_aspectRatio": 2.1724137931034484, "fig_size_poster": 0.9813084112149533}, "25": {"fig_size": 114080, "fig_aspectRatio": 3.369565217391304, "fig_size_poster": 0.9657320872274143}, "textRatio": 0, "figRatio": 0.1955123982186619}}}