{"poster_size": 2239488, "doclen": 0, "figlen": 1593544, "section": {"1": {"xy": [134, 23, 1050, 100], "panel_size": 105000, "panel_aspectRatio": 10.5, "category": "Title", "figures": 0, "textlen": 0, "fig_size": 0, "title": "Rating the Raters: Bias Analysis on Yelp Reviews for Improved Star Rating System", "textRatio": 0, "figRatio": 0.0}, "2": {"xy": [21, 248, 1270, 387], "panel_size": 491490, "panel_aspectRatio": 3.2816537467700257, "category": "Introduction", "figures": 3, "textlen": 0, "fig_size": 397057, "title": "Intro & Data Processing", "3": {"fig_size": 138787, "fig_aspectRatio": 1.1935483870967742, "fig_size_poster": 0.32047244094488186}, "4": {"fig_size": 131990, "fig_aspectRatio": 1.1761194029850746, "fig_size_poster": 0.3102362204724409}, "5": {"fig_size": 126280, "fig_aspectRatio": 1.5331010452961673, "fig_size_poster": 0.3464566929133858}, "textRatio": 0, "figRatio": 0.2491660098497437}, "6": {"xy": [10, 644, 1270, 1059], "panel_size": 1344930, "panel_aspectRatio": 1.1992445703493861, "category": "Method", "figures": 7, "textlen": 0, "fig_size": 1196487, "title": "Algorithms and Results", "7": {"fig_size": 124416, "fig_aspectRatio": 1.1851851851851851, "fig_size_poster": 0.30236220472440944}, "8": {"fig_size": 131652, "fig_aspectRatio": 1.3018867924528301, "fig_size_poster": 0.32598425196850395}, "9": {"fig_size": 128928, "fig_aspectRatio": 1.2911392405063291, "fig_size_poster": 0.32125984251968503}, "10": {"fig_size": 141246, "fig_aspectRatio": 1.1271186440677967, "fig_size_poster": 0.31417322834645667}, "11": {"fig_size": 142332, "fig_aspectRatio": 1.1752873563218391, "fig_size_poster": 0.3220472440944882}, "12": {"fig_size": 139518, "fig_aspectRatio": 1.228486646884273, "fig_size_poster": 0.32598425196850395}, "13": {"fig_size": 388395, "fig_aspectRatio": 3.914285714285714, "fig_size_poster": 0.9708661417322835}, "textRatio": 0, "figRatio": 0.7508339901502563}}}