{"poster_size": 4478976, "doclen": 661, "figlen": 1618509, "section": {"1": {"xy": [210, 34, 1447, 133], "panel_size": 192451, "panel_aspectRatio": 10.8796992481203, "category": "Title", "figures": 0, "textlen": 0, "fig_size": 0, "title": "Detect Gene-by-Environment Interactions in coronary artery disease", "textRatio": 0.0, "figRatio": 0.0}, "2": {"xy": [40, 414, 814, 1145], "panel_size": 932030, "panel_aspectRatio": 0.7109170305676856, "category": "Introduction", "figures": 2, "textlen": 274, "fig_size": 323516, "title": "I.Introduction\nII.Dataset and Preprocessing", "3": {"fig_size": 129156, "fig_aspectRatio": 1.624113475177305, "fig_size_poster": 0.5626535626535627}, "6": {"fig_size": 194360, "fig_aspectRatio": 0.9513274336283186, "fig_size_poster": 0.5282555282555282}, "textRatio": 0.4145234493192133, "figRatio": 0.1998852029862052}, "9": {"xy": [38, 1560, 815, 964], "panel_size": 785660, "panel_aspectRatio": 0.8454356846473029, "category": "Method", "figures": 2, "textlen": 111, "fig_size": 484686, "title": "III.Methods", "10": {"fig_size": 162162, "fig_aspectRatio": 1.9825174825174825, "fig_size_poster": 0.6957055214723926}, "11": {"fig_size": 322524, "fig_aspectRatio": 0.9653979238754326, "fig_size_poster": 0.6846625766871166}, "textRatio": 0.16792738275340394, "figRatio": 0.2994645071482457}, "13": {"xy": [878, 409, 812, 1075], "panel_size": 872900, "panel_aspectRatio": 0.7553488372093023, "category": "Result", "figures": 3, "textlen": 150, "fig_size": 524327, "title": "IV.A Results:Generalized Linear Mixed Modeling", "14": {"fig_size": 130550, "fig_aspectRatio": 1.0657142857142856, "fig_size_poster": 0.45935960591133007}, "15": {"fig_size": 128817, "fig_aspectRatio": 1.0455840455840455, "fig_size_poster": 0.45197044334975367}, "16": {"fig_size": 264960, "fig_aspectRatio": 2.226086956521739, "fig_size_poster": 0.9458128078817734}, "textRatio": 0.22692889561270801, "figRatio": 0.3239568022173494}, "18": {"xy": [881, 1490, 817, 648], "panel_size": 529416, "panel_aspectRatio": 1.2608024691358024, "category": "Result", "figures": 1, "textlen": 108, "fig_size": 285980, "title": "IV.B Results:interaction QTL mapping", "19": {"fig_size": 285980, "fig_aspectRatio": 2.18232044198895, "fig_size_poster": 0.966952264381885}, "textRatio": 0.16338880484114976, "figRatio": 0.17669348764819967}, "21": {"xy": [886, 2157, 799, 150], "panel_size": 119850, "panel_aspectRatio": 5.326666666666667, "category": "Discussion", "figures": 0, "textlen": 18, "fig_size": 0, "title": "Future Directions", "textRatio": 0.02723146747352496, "figRatio": 0.0}}}