{"poster_size": 6469632, "doclen": 752, "figlen": 691902, "section": {"1": {"xy": [724, 68, 2139, 125], "panel_size": 267375, "panel_aspectRatio": 17.112, "category": "Title", "figures": 0, "textlen": 0, "fig_size": 0, "title": "Learning the Network Structure of Heterogeneous Data via Pairwise Exponential MRF", "textRatio": 0.0, "figRatio": 0.0}, "2": {"xy": [78, 302, 1097, 396], "panel_size": 434412, "panel_aspectRatio": 2.7702020202020203, "category": "Introduction", "figures": 1, "textlen": 64, "fig_size": 117304, "title": "Motivation", "4": {"fig_size": 117304, "fig_aspectRatio": 1.0087976539589443, "fig_size_poster": 0.31358249772105745}, "textRatio": 0.0851063829787234, "figRatio": 0.16953846064905145}, "5": {"xy": [69, 700, 1097, 692], "panel_size": 759124, "panel_aspectRatio": 1.5852601156069364, "category": "Method", "figures": 1, "textlen": 139, "fig_size": 90000, "title": "Model: Pairwise Exponential Markov Random Field", "8": {"fig_size": 90000, "fig_aspectRatio": 9.0, "fig_size_poster": 0.8204193254329991}, "textRatio": 0.1848404255319149, "figRatio": 0.13007622466765525}, "10": {"xy": [85, 1395, 952, 301], "panel_size": 286552, "panel_aspectRatio": 3.1627906976744184, "category": "Method", "figures": 1, "textlen": 20, "fig_size": 51850, "title": "Estimation: Approximated Maximum Likelihood", "12": {"fig_size": 51850, "fig_aspectRatio": 7.176470588235294, "fig_size_poster": 0.6407563025210085}, "textRatio": 0.026595744680851064, "figRatio": 0.07493835832242138}, "13": {"xy": [1206, 300, 1093, 502], "panel_size": 548686, "panel_aspectRatio": 2.1772908366533863, "category": "Method", "figures": 1, "textlen": 123, "fig_size": 44496, "title": "Estimation: Approximated Maximum Likelihood", "16": {"fig_size": 44496, "fig_aspectRatio": 8.583333333333334, "fig_size_poster": 0.565416285452882}, "textRatio": 0.16356382978723405, "figRatio": 0.06430968547568876}, "20": {"xy": [1191, 820, 1093, 514], "panel_size": 561802, "panel_aspectRatio": 2.1264591439688716, "category": "Method", "figures": 3, "textlen": 104, "fig_size": 96240, "title": "Algorithm", "22": {"fig_size": 48190, "fig_aspectRatio": 7.7215189873417724, "fig_size_poster": 0.5580969807868252}, "26": {"fig_size": 30822, "fig_aspectRatio": 7.075757575757576, "fig_size_poster": 0.4272644098810613}, "28": {"fig_size": 17228, "fig_aspectRatio": 4.9491525423728815, "fig_size_poster": 0.26715462031107046}, "textRatio": 0.13829787234042554, "figRatio": 0.13909484291127935}, "31": {"xy": [1194, 1340, 1090, 463], "panel_size": 504670, "panel_aspectRatio": 2.3542116630669545, "category": "Method", "figures": 0, "textlen": 99, "fig_size": 0, "title": "Edge Recovery Consistency", "textRatio": 0.13164893617021275, "figRatio": 0.0}, "33": {"xy": [2315, 303, 1073, 368], "panel_size": 394864, "panel_aspectRatio": 2.9157608695652173, "category": "Result", "figures": 2, "textlen": 51, "fig_size": 108864, "title": "Experiments", "36": {"fig_size": 47520, "fig_aspectRatio": 1.0185185185185186, "fig_size_poster": 0.20503261882572227}, "37": {"fig_size": 61344, "fig_aspectRatio": 1.3148148148148149, "fig_size_poster": 0.2646784715750233}, "textRatio": 0.0678191489361702, "figRatio": 0.15734020135799578}, "38": {"xy": [2334, 673, 660, 311], "panel_size": 205260, "panel_aspectRatio": 2.122186495176849, "category": "Result", "figures": 0, "textlen": 54, "fig_size": 0, "title": "Experiments", "textRatio": 0.07180851063829788, "figRatio": 0.0}, "40": {"xy": [3003, 681, 431, 447], "panel_size": 192657, "panel_aspectRatio": 0.9642058165548099, "category": "Result", "figures": 1, "textlen": 0, "fig_size": 183148, "title": "Experiments", "41": {"fig_size": 183148, "fig_aspectRatio": 0.9723502304147466, "fig_size_poster": 0.9791183294663574}, "textRatio": 0.0, "figRatio": 0.26470222661590803}, "42": {"xy": [2332, 1002, 668, 240], "panel_size": 160320, "panel_aspectRatio": 2.783333333333333, "category": "Discussion", "figures": 0, "textlen": 40, "fig_size": 0, "title": "Conclusion", "textRatio": 0.05319148936170213, "figRatio": 0.0}, "44": {"xy": [2329, 1243, 1075, 172], "panel_size": 184900, "panel_aspectRatio": 6.25, "category": "Discussion", "figures": 0, "textlen": 58, "fig_size": 0, "title": "Conclusion", "textRatio": 0.07712765957446809, "figRatio": 0.0}}}