{"poster_size": 4015355, "doclen": 289, "figlen": 1132961, "section": {"1": {"xy": [483, 44, 1497, 165], "panel_size": 247005, "panel_aspectRatio": 9.072727272727272, "category": "Title", "figures": 0, "textlen": 0, "fig_size": 0, "title": "Online Active Trajectory Classification for Motion-based Communication of Robots", "textRatio": 0.0, "figRatio": 0.0}, "2": {"xy": [36, 406, 556, 831], "panel_size": 462036, "panel_aspectRatio": 0.6690734055354994, "category": "Introduction", "figures": 3, "textlen": 46, "fig_size": 210600, "title": "Problem Set-up", "3": {"fig_size": 117180, "fig_aspectRatio": 1.5053763440860215, "fig_size_poster": 0.7553956834532374}, "5": {"fig_size": 45008, "fig_aspectRatio": 1.1958762886597938, "fig_size_poster": 0.4172661870503597}, "6": {"fig_size": 48412, "fig_aspectRatio": 1.260204081632653, "fig_size_poster": 0.4442446043165468}, "textRatio": 0.15916955017301038, "figRatio": 0.18588459796939172}, "8": {"xy": [41, 1260, 546, 381], "panel_size": 208026, "panel_aspectRatio": 1.4330708661417322, "category": "Method", "figures": 1, "textlen": 32, "fig_size": 30303, "title": "Entropy-based Contrrol Policy", "10": {"fig_size": 30303, "fig_aspectRatio": 7.634920634920635, "fig_size_poster": 0.8809523809523809}, "textRatio": 0.11072664359861592, "figRatio": 0.026746728263373584}, "11": {"xy": [608, 414, 534, 1218], "panel_size": 650412, "panel_aspectRatio": 0.43842364532019706, "category": "Method", "figures": 2, "textlen": 84, "fig_size": 294060, "title": "Online State Estimation", "13": {"fig_size": 140160, "fig_aspectRatio": 1.0520547945205478, "fig_size_poster": 0.7191011235955056}, "15": {"fig_size": 153900, "fig_aspectRatio": 1.71, "fig_size_poster": 0.9606741573033708}, "textRatio": 0.2906574394463668, "figRatio": 0.25954997568318766}, "16": {"xy": [1176, 416, 553, 1209], "panel_size": 668577, "panel_aspectRatio": 0.4574028122415219, "category": "Result", "figures": 4, "textlen": 52, "fig_size": 337017, "title": "Simulation Results\n", "18": {"fig_size": 72708, "fig_aspectRatio": 1.5159817351598173, "fig_size_poster": 0.6003616636528029}, "19": {"fig_size": 66900, "fig_aspectRatio": 1.345291479820628, "fig_size_poster": 0.5424954792043399}, "23": {"fig_size": 96924, "fig_aspectRatio": 2.49746192893401, "fig_size_poster": 0.8896925858951176}, "24": {"fig_size": 100485, "fig_aspectRatio": 2.438423645320197, "fig_size_poster": 0.895117540687161}, "textRatio": 0.17993079584775087, "figRatio": 0.29746566739720076}, "25": {"xy": [1749, 413, 591, 876], "panel_size": 517716, "panel_aspectRatio": 0.6746575342465754, "category": "Result", "figures": 2, "textlen": 75, "fig_size": 260981, "title": "Simulation Results", "26": {"fig_size": 111909, "fig_aspectRatio": 2.3333333333333335, "fig_size_poster": 0.8646362098138748}, "28": {"fig_size": 149072, "fig_aspectRatio": 1.5714285714285714, "fig_size_poster": 0.8189509306260575}, "textRatio": 0.25951557093425603, "figRatio": 0.23035303068684623}}}