{"poster_size": 4478976, "doclen": 217, "figlen": 1024072, "section": {"1": {"xy": [627, 15, 1399, 135], "panel_size": 188865, "panel_aspectRatio": 10.362962962962962, "category": "Title", "figures": 0, "textlen": 0, "fig_size": 0, "title": "Predicting Conference Paper Acceptance", "textRatio": 0.0, "figRatio": 0.0}, "2": {"xy": [35, 309, 812, 455], "panel_size": 369460, "panel_aspectRatio": 1.7846153846153847, "category": "Introduction", "figures": 0, "textlen": 60, "fig_size": 0, "title": "Background and Motivation", "textRatio": 0.2764976958525346, "figRatio": 0.0}, "4": {"xy": [33, 788, 816, 893], "panel_size": 728688, "panel_aspectRatio": 0.9137737961926092, "category": "Introduction", "figures": 2, "textlen": 32, "fig_size": 439708, "title": "Datasets and Features", "5": {"fig_size": 166420, "fig_aspectRatio": 0.5924528301886792, "fig_size_poster": 0.38480392156862747}, "7": {"fig_size": 273288, "fig_aspectRatio": 0.8151986183074266, "fig_size_poster": 0.5784313725490197}, "textRatio": 0.14746543778801843, "figRatio": 0.4293721535204556}, "9": {"xy": [880, 308, 842, 1384], "panel_size": 1165328, "panel_aspectRatio": 0.6083815028901735, "category": "Method", "figures": 2, "textlen": 41, "fig_size": 439128, "title": "Models", "10": {"fig_size": 343620, "fig_aspectRatio": 1.623913043478261, "fig_size_poster": 0.8871733966745843}, "12": {"fig_size": 95508, "fig_aspectRatio": 6.015873015873016, "fig_size_poster": 0.9002375296912114}, "textRatio": 0.1889400921658986, "figRatio": 0.428805787093095}, "15": {"xy": [1740, 306, 830, 565], "panel_size": 468950, "panel_aspectRatio": 1.4690265486725664, "category": "Result", "figures": 1, "textlen": 35, "fig_size": 145236, "title": "Result", "16": {"fig_size": 145236, "fig_aspectRatio": 2.380566801619433, "fig_size_poster": 0.708433734939759}, "textRatio": 0.16129032258064516, "figRatio": 0.1418220593864494}, "18": {"xy": [1745, 890, 835, 353], "panel_size": 294755, "panel_aspectRatio": 2.365439093484419, "category": "Discussion", "figures": 0, "textlen": 49, "fig_size": 0, "title": "Future Work", "textRatio": 0.22580645161290322, "figRatio": 0.0}}}