{"poster_size": 4478976, "doclen": 254, "figlen": 966250, "section": {"1": {"xy": [315, 17, 2006, 152], "panel_size": 304912, "panel_aspectRatio": 13.197368421052632, "category": "Title", "figures": 0, "textlen": 0, "fig_size": 0, "title": "Segmentation of Ultrasound lmages using Convolutional Neural Network\nwith Noisy Activation Functions", "textRatio": 0.0, "figRatio": 0.0}, "2": {"xy": [15, 266, 606, 1461], "panel_size": 885366, "panel_aspectRatio": 0.41478439425051333, "category": "Introduction", "figures": 3, "textlen": 110, "fig_size": 109230, "title": "Motivations and Aims", "5": {"fig_size": 39116, "fig_aspectRatio": 0.6062992125984252, "fig_size_poster": 0.25412541254125415}, "8": {"fig_size": 36784, "fig_aspectRatio": 1.1875, "fig_size_poster": 0.3448844884488449}, "9": {"fig_size": 33330, "fig_aspectRatio": 1.2242424242424241, "fig_size_poster": 0.3333333333333333}, "textRatio": 0.4330708661417323, "figRatio": 0.11304527813712807}, "11": {"xy": [636, 252, 1344, 775], "panel_size": 1041600, "panel_aspectRatio": 1.7341935483870967, "category": "Method", "figures": 2, "textlen": 70, "fig_size": 299708, "title": "Method", "12": {"fig_size": 158918, "fig_aspectRatio": 1.212707182320442, "fig_size_poster": 0.32663690476190477}, "13": {"fig_size": 140790, "fig_aspectRatio": 0.9256410256410257, "fig_size_poster": 0.26860119047619047}, "textRatio": 0.2755905511811024, "figRatio": 0.3101764553686934}, "16": {"xy": [642, 1035, 1346, 670], "panel_size": 901820, "panel_aspectRatio": 2.008955223880597, "category": "Result", "figures": 4, "textlen": 17, "fig_size": 557312, "title": "Results", "17": {"fig_size": 97340, "fig_aspectRatio": 0.9872611464968153, "fig_size_poster": 0.2303120356612184}, "18": {"fig_size": 155406, "fig_aspectRatio": 1.2401129943502824, "fig_size_poster": 0.3261515601783061}, "19": {"fig_size": 137920, "fig_aspectRatio": 1.346875, "fig_size_poster": 0.3202080237741456}, "20": {"fig_size": 166646, "fig_aspectRatio": 4.427835051546392, "fig_size_poster": 0.638187221396731}, "textRatio": 0.06692913385826772, "figRatio": 0.5767782664941785}, "22": {"xy": [2004, 270, 587, 752], "panel_size": 441424, "panel_aspectRatio": 0.7805851063829787, "category": "Discussion", "figures": 0, "textlen": 57, "fig_size": 0, "title": "Discussions", "textRatio": 0.22440944881889763, "figRatio": 0.0}}}