{"poster_size": 3902220, "doclen": 215, "figlen": 1085118, "section": {"0": {"xy": [234, 211, 1286, 87], "panel_size": 111882, "panel_aspectRatio": 14.781609195402298, "category": "Title", "figures": 0, "textlen": 0, "fig_size": 0, "title": "Weather-driven predictions of solar energy", "textRatio": 0.0, "figRatio": 0.0}, "1": {"xy": [155, 405, 502, 400], "panel_size": 200800, "panel_aspectRatio": 1.255, "category": "Introduction", "figures": 0, "textlen": 64, "fig_size": 0, "title": "1 Introduction", "textRatio": 0.29767441860465116, "figRatio": 0.0}, "3": {"xy": [158, 807, 507, 690], "panel_size": 349830, "panel_aspectRatio": 0.7347826086956522, "category": "Method", "figures": 1, "textlen": 82, "fig_size": 78884, "title": "2 Methods", "5": {"fig_size": 78884, "fig_aspectRatio": 2.932926829268293, "fig_size_poster": 0.9487179487179487}, "textRatio": 0.3813953488372093, "figRatio": 0.07269624133043595}, "7": {"xy": [673, 398, 909, 1072], "panel_size": 974448, "panel_aspectRatio": 0.8479477611940298, "category": "Result", "figures": 4, "textlen": 0, "fig_size": 810194, "title": "3 Results", "8": {"fig_size": 219905, "fig_aspectRatio": 1.2060889929742389, "fig_size_poster": 0.5665566556655666}, "9": {"fig_size": 184320, "fig_aspectRatio": 0.703125, "fig_size_poster": 0.39603960396039606}, "10": {"fig_size": 259284, "fig_aspectRatio": 0.9335863377609108, "fig_size_poster": 0.5412541254125413}, "11": {"fig_size": 146685, "fig_aspectRatio": 1.010498687664042, "fig_size_poster": 0.4235423542354235}, "textRatio": 0.0, "figRatio": 0.7466413790942552}, "12": {"xy": [1597, 469, 531, 432], "panel_size": 229392, "panel_aspectRatio": 1.2291666666666667, "category": "Result", "figures": 1, "textlen": 0, "fig_size": 196040, "title": "3 Results", "13": {"fig_size": 196040, "fig_aspectRatio": 1.3793103448275863, "fig_size_poster": 0.9792843691148776}, "textRatio": 0.0, "figRatio": 0.18066237957530887}, "14": {"xy": [1600, 915, 526, 403], "panel_size": 211978, "panel_aspectRatio": 1.305210918114144, "category": "Discussion", "figures": 0, "textlen": 69, "fig_size": 0, "title": "4 Conclusions", "textRatio": 0.3209302325581395, "figRatio": 0.0}}}