{"poster_size": 8957952, "doclen": 694, "figlen": 2378139, "section": {"1": {"xy": [1254, 39, 950, 100], "panel_size": 95000, "panel_aspectRatio": 9.5, "category": "Title", "figures": 0, "textlen": 0, "fig_size": 0, "title": "AI Meets Online Dating", "textRatio": 0.0, "figRatio": 0.0}, "2": {"xy": [74, 376, 790, 763], "panel_size": 602770, "panel_aspectRatio": 1.035386631716907, "category": "Introduction", "figures": 0, "textlen": 154, "fig_size": 0, "title": "Overview", "textRatio": 0.2219020172910663, "figRatio": 0.0}, "4": {"xy": [70, 1148, 795, 1295], "panel_size": 1029525, "panel_aspectRatio": 0.6138996138996139, "category": "Introduction", "figures": 2, "textlen": 224, "fig_size": 193274, "title": "background", "6": {"fig_size": 97223, "fig_aspectRatio": 0.9318885448916409, "fig_size_poster": 0.3786163522012579}, "7": {"fig_size": 96051, "fig_aspectRatio": 0.9558359621451105, "fig_size_poster": 0.38113207547169814}, "textRatio": 0.3227665706051873, "figRatio": 0.08127111157085436}, "8": {"xy": [899, 378, 1678, 1217], "panel_size": 2042126, "panel_aspectRatio": 1.3788003286770747, "category": "Method", "figures": 4, "textlen": 109, "fig_size": 1175683, "title": "Methods", "10": {"fig_size": 121440, "fig_aspectRatio": 0.9801136363636364, "fig_size_poster": 0.20560190703218117}, "11": {"fig_size": 107310, "fig_aspectRatio": 0.8054794520547945, "fig_size_poster": 0.17520858164481526}, "12": {"fig_size": 612973, "fig_aspectRatio": 1.3778110944527737, "fig_size_poster": 0.5476758045292014}, "13": {"fig_size": 333960, "fig_aspectRatio": 2.534435261707989, "fig_size_poster": 0.5482717520858165}, "textRatio": 0.15706051873198848, "figRatio": 0.4943710186830963}, "15": {"xy": [891, 1612, 1593, 875], "panel_size": 1393875, "panel_aspectRatio": 1.8205714285714285, "category": "Result", "figures": 4, "textlen": 25, "fig_size": 783289, "title": "Results", "16": {"fig_size": 227520, "fig_aspectRatio": 0.9875, "fig_size_poster": 0.2975517890772128}, "17": {"fig_size": 230000, "fig_aspectRatio": 1.0869565217391304, "fig_size_poster": 0.31387319522912743}, "18": {"fig_size": 208638, "fig_aspectRatio": 1.291044776119403, "fig_size_poster": 0.3258003766478343}, "19": {"fig_size": 117131, "fig_aspectRatio": 2.8423645320197046, "fig_size_poster": 0.36220966729441306}, "textRatio": 0.03602305475504323, "figRatio": 0.3293705708539324}, "22": {"xy": [2594, 365, 780, 690], "panel_size": 538200, "panel_aspectRatio": 1.1304347826086956, "category": "Discussion", "figures": 0, "textlen": 83, "fig_size": 0, "title": "Conclusion", "textRatio": 0.11959654178674352, "figRatio": 0.0}, "24": {"xy": [2606, 1070, 778, 1245], "panel_size": 968610, "panel_aspectRatio": 0.6248995983935743, "category": "Discussion", "figures": 1, "textlen": 99, "fig_size": 225893, "title": "Next steps", "25": {"fig_size": 225893, "fig_aspectRatio": 1.433249370277078, "fig_size_poster": 0.7313624678663239}, "textRatio": 0.14265129682997119, "figRatio": 0.0949872988921169}}}