{"poster_size": 484704, "doclen": 343, "figlen": 164167, "section": {"25": {"xy": [161, 73, 477, 16], "panel_size": 7632, "panel_aspectRatio": 29.8125, "category": "Title", "figures": 0, "textlen": 0, "fig_size": 0, "title": "LANDSLIDE SUSCEPTIBILITY MAPPING IN NEPAL USING SPATIAL FEATURE VECTORS\n", "textRatio": 0.0, "figRatio": 0.0}, "26": {"xy": [47, 122, 164, 183], "panel_size": 30012, "panel_aspectRatio": 0.8961748633879781, "category": "Introduction", "figures": 1, "textlen": 101, "fig_size": 7007, "title": "1. INTRODUCTION\n", "28": {"fig_size": 7007, "fig_aspectRatio": 1.1818181818181819, "fig_size_poster": 0.5548780487804879}, "textRatio": 0.2944606413994169, "figRatio": 0.04268214683828053}, "29": {"xy": [43, 306, 168, 137], "panel_size": 23016, "panel_aspectRatio": 1.2262773722627738, "category": "Method", "figures": 1, "textlen": 42, "fig_size": 7178, "title": "2. DATA PREPARATION", "31": {"fig_size": 7178, "fig_aspectRatio": 1.3108108108108107, "fig_size_poster": 0.5773809523809523}, "textRatio": 0.12244897959183673, "figRatio": 0.043723769088793725}, "32": {"xy": [43, 445, 172, 94], "panel_size": 16168, "panel_aspectRatio": 1.8297872340425532, "category": "Method", "figures": 2, "textlen": 14, "fig_size": 8100, "title": "3. BASE LINE", "34": {"fig_size": 3840, "fig_aspectRatio": 1.0666666666666667, "fig_size_poster": 0.37209302325581395}, "35": {"fig_size": 4260, "fig_aspectRatio": 1.1833333333333333, "fig_size_poster": 0.4127906976744186}, "textRatio": 0.04081632653061224, "figRatio": 0.049340001340098805}, "36": {"xy": [221, 122, 152, 418], "panel_size": 63536, "panel_aspectRatio": 0.36363636363636365, "category": "Method", "figures": 6, "textlen": 6, "fig_size": 49075, "title": "3. BASE LINE (CONT.)", "38": {"fig_size": 7353, "fig_aspectRatio": 2.263157894736842, "fig_size_poster": 0.8486842105263158}, "39": {"fig_size": 7860, "fig_aspectRatio": 2.183333333333333, "fig_size_poster": 0.8618421052631579}, "40": {"fig_size": 7847, "fig_aspectRatio": 2.2542372881355934, "fig_size_poster": 0.875}, "41": {"fig_size": 8680, "fig_aspectRatio": 2.2580645161290325, "fig_size_poster": 0.9210526315789473}, "42": {"fig_size": 8704, "fig_aspectRatio": 2.125, "fig_size_poster": 0.8947368421052632}, "43": {"fig_size": 8631, "fig_aspectRatio": 2.1746031746031744, "fig_size_poster": 0.9013157894736842}, "textRatio": 0.01749271137026239, "figRatio": 0.2989334031809072}, "44": {"xy": [378, 122, 201, 416], "panel_size": 83616, "panel_aspectRatio": 0.4831730769230769, "category": "Method", "figures": 5, "textlen": 79, "fig_size": 58400, "title": "4. ADDITIONAL FEATURE SELECTION", "46": {"fig_size": 11020, "fig_aspectRatio": 3.2758620689655173, "fig_size_poster": 0.945273631840796}, "47": {"fig_size": 11285, "fig_aspectRatio": 3.0327868852459017, "fig_size_poster": 0.9203980099502488}, "48": {"fig_size": 12411, "fig_aspectRatio": 3.126984126984127, "fig_size_poster": 0.9800995024875622}, "49": {"fig_size": 12028, "fig_aspectRatio": 3.129032258064516, "fig_size_poster": 0.9651741293532339}, "50": {"fig_size": 11656, "fig_aspectRatio": 3.032258064516129, "fig_size_poster": 0.9353233830845771}, "textRatio": 0.2303206997084548, "figRatio": 0.35573531830392224}, "51": {"xy": [587, 121, 163, 124], "panel_size": 20212, "panel_aspectRatio": 1.314516129032258, "category": "Method", "figures": 1, "textlen": 0, "fig_size": 18445, "title": "", "52": {"fig_size": 18445, "fig_aspectRatio": 1.3025210084033614, "fig_size_poster": 0.950920245398773}, "textRatio": 0.0, "figRatio": 0.11235510181705215}, "53": {"xy": [587, 248, 165, 125], "panel_size": 20625, "panel_aspectRatio": 1.32, "category": "Result", "figures": 2, "textlen": 69, "fig_size": 8162, "title": "5. ERROR METRICS", "55": {"fig_size": 3710, "fig_aspectRatio": 1.320754716981132, "fig_size_poster": 0.42424242424242425}, "56": {"fig_size": 4452, "fig_aspectRatio": 1.5849056603773586, "fig_size_poster": 0.509090909090909}, "textRatio": 0.20116618075801748, "figRatio": 0.04971766554788721}, "57": {"xy": [584, 376, 172, 107], "panel_size": 18404, "panel_aspectRatio": 1.6074766355140186, "category": "Discussion", "figures": 1, "textlen": 32, "fig_size": 7800, "title": "6. RECOMENDATIONS", "59": {"fig_size": 7800, "fig_aspectRatio": 2.8846153846153846, "fig_size_poster": 0.872093023255814}, "textRatio": 0.09329446064139942, "figRatio": 0.047512593883058105}}}