{"poster_size": 4478976, "doclen": 328, "figlen": 1394966, "section": {"1": {"xy": [738, 29, 1204, 96], "panel_size": 115584, "panel_aspectRatio": 12.541666666666666, "category": "Title", "figures": 0, "textlen": 0, "fig_size": 0, "title": "Using Reinforcement Learning to Play Othello", "textRatio": 0.0, "figRatio": 0.0}, "2": {"xy": [77, 250, 791, 182], "panel_size": 143962, "panel_aspectRatio": 4.346153846153846, "category": "Introduction", "figures": 0, "textlen": 47, "fig_size": 0, "title": "Abstract", "textRatio": 0.14329268292682926, "figRatio": 0.0}, "4": {"xy": [87, 461, 774, 406], "panel_size": 314244, "panel_aspectRatio": 1.9064039408866995, "category": "Method", "figures": 0, "textlen": 91, "fig_size": 0, "title": "Data & Methodology", "textRatio": 0.2774390243902439, "figRatio": 0.0}, "6": {"xy": [82, 901, 784, 568], "panel_size": 445312, "panel_aspectRatio": 1.380281690140845, "category": "Method", "figures": 1, "textlen": 48, "fig_size": 205332, "title": "Algorithm", "7": {"fig_size": 205332, "fig_aspectRatio": 2.545774647887324, "fig_size_poster": 0.9221938775510204}, "textRatio": 0.14634146341463414, "figRatio": 0.14719498539749357}, "10": {"xy": [902, 251, 776, 1219], "panel_size": 945944, "panel_aspectRatio": 0.6365873666940115, "category": "Result", "figures": 2, "textlen": 0, "fig_size": 799778, "title": "Results", "11": {"fig_size": 392589, "fig_aspectRatio": 1.3314917127071824, "fig_size_poster": 0.9317010309278351}, "12": {"fig_size": 407189, "fig_aspectRatio": 1.3411978221415608, "fig_size_poster": 0.9523195876288659}, "textRatio": 0.0, "figRatio": 0.5733315363958692}, "13": {"xy": [1717, 254, 776, 603], "panel_size": 467928, "panel_aspectRatio": 1.286898839137645, "category": "Result", "figures": 1, "textlen": 0, "fig_size": 389856, "title": "Results", "14": {"fig_size": 389856, "fig_aspectRatio": 1.4198473282442747, "fig_size_poster": 0.9587628865979382}, "textRatio": 0.0, "figRatio": 0.2794734782066373}, "15": {"xy": [1711, 883, 784, 592], "panel_size": 464128, "panel_aspectRatio": 1.3243243243243243, "category": "Discussion", "figures": 0, "textlen": 142, "fig_size": 0, "title": "Discussion & Future Extensions", "textRatio": 0.4329268292682927, "figRatio": 0.0}}}