{"poster_size": 3110400, "doclen": 992, "figlen": 578529, "section": {"1": {"xy": [572, 17, 1029, 67], "panel_size": 68943, "panel_aspectRatio": 15.35820895522388, "category": "Title", "figures": 0, "textlen": 0, "fig_size": 0, "title": "Automatic Highlighter of Lengthy Legal Documents", "textRatio": 0.0, "figRatio": 0.0}, "2": {"xy": [22, 176, 488, 229], "panel_size": 111752, "panel_aspectRatio": 2.131004366812227, "category": "Introduction", "figures": 0, "textlen": 24, "fig_size": 0, "title": "Motivation", "textRatio": 0.024193548387096774, "figRatio": 0.0}, "4": {"xy": [24, 430, 487, 989], "panel_size": 481643, "panel_aspectRatio": 0.4924165824064712, "category": "Introduction", "figures": 0, "textlen": 684, "fig_size": 0, "title": "Example:ITUNES user agreement", "textRatio": 0.6895161290322581, "figRatio": 0.0}, "9": {"xy": [523, 175, 775, 773], "panel_size": 599075, "panel_aspectRatio": 1.0025873221216042, "category": "Method", "figures": 1, "textlen": 91, "fig_size": 116644, "title": "Preprocessing:LDA Model", "10": {"fig_size": 116644, "fig_aspectRatio": 2.008298755186722, "fig_size_poster": 0.6245161290322581}, "textRatio": 0.09173387096774194, "figRatio": 0.20162169917151948}, "13": {"xy": [526, 966, 781, 451], "panel_size": 352231, "panel_aspectRatio": 1.7317073170731707, "category": "Method", "figures": 1, "textlen": 45, "fig_size": 101083, "title": "Future Extraction:Word2Vec", "14": {"fig_size": 101083, "fig_aspectRatio": 1.3763837638376384, "fig_size_poster": 0.47759282970550576}, "textRatio": 0.04536290322580645, "figRatio": 0.17472417113057426}, "17": {"xy": [1317, 172, 813, 544], "panel_size": 442272, "panel_aspectRatio": 1.494485294117647, "category": "Method", "figures": 1, "textlen": 87, "fig_size": 107800, "title": "Clustering:Agglomerative Clustering", "18": {"fig_size": 107800, "fig_aspectRatio": 1.4254545454545455, "fig_size_poster": 0.4821648216482165}, "textRatio": 0.08770161290322581, "figRatio": 0.18633465219548198}, "21": {"xy": [1317, 733, 812, 672], "panel_size": 545664, "panel_aspectRatio": 1.2083333333333333, "category": "Result", "figures": 2, "textlen": 61, "fig_size": 253002, "title": "Anomaly Detection Using LOF Model", "22": {"fig_size": 109850, "fig_aspectRatio": 0.9615384615384616, "fig_size_poster": 0.4002463054187192}, "23": {"fig_size": 143152, "fig_aspectRatio": 1.0570652173913044, "fig_size_poster": 0.479064039408867}, "textRatio": 0.06149193548387097, "figRatio": 0.4373194775024242}}}