{"poster_size": 4478976, "doclen": 573, "figlen": 527417, "section": {"0": {"xy": [194, 25, 1791, 113], "panel_size": 202383, "panel_aspectRatio": 15.849557522123893, "category": "Title", "figures": 0, "textlen": 0, "fig_size": 0, "title": "Machine Learning for Network Intrusion Detection", "textRatio": 0.0, "figRatio": 0.0}, "1": {"xy": [50, 224, 826, 839], "panel_size": 693014, "panel_aspectRatio": 0.9845053635280095, "category": "Introduction", "figures": 1, "textlen": 89, "fig_size": 156210, "title": "Introduction and Background\n", "3": {"fig_size": 156210, "fig_aspectRatio": 2.421259842519685, "fig_size_poster": 0.7445520581113801}, "textRatio": 0.15532286212914484, "figRatio": 0.2961793040421526}, "5": {"xy": [60, 1069, 823, 609], "panel_size": 501207, "panel_aspectRatio": 1.3513957307060755, "category": "Method", "figures": 1, "textlen": 69, "fig_size": 46028, "title": "Dataset & Features\n", "8": {"fig_size": 46028, "fig_aspectRatio": 8.405405405405405, "fig_size_poster": 0.755771567436209}, "textRatio": 0.12041884816753927, "figRatio": 0.08727060371584534}, "10": {"xy": [888, 215, 820, 1467], "panel_size": 1202940, "panel_aspectRatio": 0.5589638718473074, "category": "Method", "figures": 1, "textlen": 281, "fig_size": 61155, "title": "Models\n", "14": {"fig_size": 61155, "fig_aspectRatio": 3.3555555555555556, "fig_size_poster": 0.552439024390244}, "textRatio": 0.49040139616055844, "figRatio": 0.11595189385249242}, "16": {"xy": [1714, 219, 815, 955], "panel_size": 778325, "panel_aspectRatio": 0.8534031413612565, "category": "Result", "figures": 2, "textlen": 105, "fig_size": 264024, "title": "Results\n", "18": {"fig_size": 152277, "fig_aspectRatio": 4.0880829015544045, "fig_size_poster": 0.9680981595092024}, "20": {"fig_size": 111747, "fig_aspectRatio": 3.0, "fig_size_poster": 0.7104294478527607}, "textRatio": 0.18324607329842932, "figRatio": 0.5005981983895096}, "21": {"xy": [1718, 1182, 817, 219], "panel_size": 178923, "panel_aspectRatio": 3.730593607305936, "category": "Discussion", "figures": 0, "textlen": 29, "fig_size": 0, "title": "Future Work\n", "textRatio": 0.0506108202443281, "figRatio": 0.0}}}