{"poster_size": 4478976, "doclen": 290, "figlen": 910720, "section": {"2": {"xy": [513, 52, 1609, 107], "panel_size": 172163, "panel_aspectRatio": 15.037383177570094, "category": "Title", "figures": 0, "textlen": 0, "fig_size": 0, "title": "Predicting Freeway Traffic in the Bay Area", "textRatio": 0.0, "figRatio": 0.0}, "5": {"xy": [29, 337, 857, 411], "panel_size": 352227, "panel_aspectRatio": 2.0851581508515813, "category": "Introduction", "figures": 0, "textlen": 53, "fig_size": 0, "title": "Motivation", "textRatio": 0.18275862068965518, "figRatio": 0.0}, "7": {"xy": [31, 762, 847, 939], "panel_size": 795333, "panel_aspectRatio": 0.9020234291799787, "category": "Method", "figures": 3, "textlen": 60, "fig_size": 338494, "title": "Data", "9": {"fig_size": 101244, "fig_aspectRatio": 5.8106060606060606, "fig_size_poster": 0.9055489964580874}, "10": {"fig_size": 124030, "fig_aspectRatio": 1.2579617834394905, "fig_size_poster": 0.46635182998819363}, "11": {"fig_size": 113220, "fig_aspectRatio": 1.2091503267973855, "fig_size_poster": 0.43683589138134593}, "textRatio": 0.20689655172413793, "figRatio": 0.3716773541813071}, "12": {"xy": [905, 337, 791, 1213], "panel_size": 959483, "panel_aspectRatio": 0.6521022258862325, "category": "Method", "figures": 0, "textlen": 123, "fig_size": 0, "title": "Models", "textRatio": 0.4241379310344828, "figRatio": 0.0}, "14": {"xy": [1713, 334, 846, 960], "panel_size": 812160, "panel_aspectRatio": 0.88125, "category": "Result", "figures": 5, "textlen": 22, "fig_size": 572226, "title": "Results", "15": {"fig_size": 121128, "fig_aspectRatio": 1.2686084142394822, "fig_size_poster": 0.46335697399527187}, "16": {"fig_size": 114639, "fig_aspectRatio": 1.2006472491909386, "fig_size_poster": 0.4385342789598109}, "17": {"fig_size": 119812, "fig_aspectRatio": 1.2629870129870129, "fig_size_poster": 0.4598108747044917}, "18": {"fig_size": 114680, "fig_aspectRatio": 1.2327868852459016, "fig_size_poster": 0.4444444444444444}, "21": {"fig_size": 101967, "fig_aspectRatio": 6.739837398373984, "fig_size_poster": 0.9799054373522459}, "textRatio": 0.07586206896551724, "figRatio": 0.6283226458186929}, "22": {"xy": [1712, 1307, 849, 241], "panel_size": 204609, "panel_aspectRatio": 3.5228215767634854, "category": "Discussion", "figures": 0, "textlen": 17, "fig_size": 0, "title": "Conclusion", "textRatio": 0.05862068965517241, "figRatio": 0.0}, "24": {"xy": [902, 1568, 1648, 139], "panel_size": 229072, "panel_aspectRatio": 11.856115107913668, "category": "Discussion", "figures": 0, "textlen": 15, "fig_size": 0, "title": "Future Work", "textRatio": 0.05172413793103448, "figRatio": 0.0}}}