{"poster_size": 3110400, "doclen": 168, "figlen": 977622, "section": {"1": {"xy": [756, 51, 689, 91], "panel_size": 62699, "panel_aspectRatio": 7.571428571428571, "category": "Title", "figures": 0, "textlen": 0, "fig_size": 0, "title": "Genome Dreaming", "textRatio": 0.0, "figRatio": 0.0}, "2": {"xy": [37, 257, 541, 510], "panel_size": 275910, "panel_aspectRatio": 1.0607843137254902, "category": "Introduction", "figures": 0, "textlen": 48, "fig_size": 0, "title": "Introduction and Motivation", "textRatio": 0.2857142857142857, "figRatio": 0.0}, "4": {"xy": [24, 803, 569, 364], "panel_size": 207116, "panel_aspectRatio": 1.5631868131868132, "category": "Introduction", "figures": 1, "textlen": 12, "fig_size": 102432, "title": "Data", "5": {"fig_size": 102432, "fig_aspectRatio": 2.7216494845360826, "fig_size_poster": 0.9279437609841827}, "textRatio": 0.07142857142857142, "figRatio": 0.10477669283219895}, "7": {"xy": [28, 1186, 559, 202], "panel_size": 112918, "panel_aspectRatio": 2.767326732673267, "category": "Introduction", "figures": 0, "textlen": 28, "fig_size": 0, "title": "Acknowledgements", "textRatio": 0.16666666666666666, "figRatio": 0.0}, "9": {"xy": [624, 255, 824, 1139], "panel_size": 938536, "panel_aspectRatio": 0.723441615452151, "category": "Method", "figures": 4, "textlen": 56, "fig_size": 456132, "title": "Model & Visualization", "10": {"fig_size": 108968, "fig_aspectRatio": 1.649805447470817, "fig_size_poster": 0.5145631067961165}, "11": {"fig_size": 102453, "fig_aspectRatio": 2.2582159624413145, "fig_size_poster": 0.5837378640776699}, "12": {"fig_size": 136136, "fig_aspectRatio": 1.6643356643356644, "fig_size_poster": 0.5776699029126213}, "13": {"fig_size": 108575, "fig_aspectRatio": 2.3488372093023258, "fig_size_poster": 0.6128640776699029}, "textRatio": 0.3333333333333333, "figRatio": 0.46657296992088965}, "18": {"xy": [1494, 255, 637, 889], "panel_size": 566293, "panel_aspectRatio": 0.7165354330708661, "category": "Result", "figures": 3, "textlen": 0, "fig_size": 419058, "title": "Results", "19": {"fig_size": 177210, "fig_aspectRatio": 1.6272727272727272, "fig_size_poster": 0.8430141287284144}, "20": {"fig_size": 82044, "fig_aspectRatio": 3.2452830188679247, "fig_size_poster": 0.8100470957613815}, "21": {"fig_size": 159804, "fig_aspectRatio": 2.097826086956522, "fig_size_poster": 0.9089481946624803}, "textRatio": 0.0, "figRatio": 0.4286503372469114}, "22": {"xy": [1502, 1183, 627, 213], "panel_size": 133551, "panel_aspectRatio": 2.943661971830986, "category": "Discussion", "figures": 0, "textlen": 24, "fig_size": 0, "title": "Next Steps", "textRatio": 0.14285714285714285, "figRatio": 0.0}}}