{"poster_size": 3110400, "doclen": 471, "figlen": 1012739, "section": {"1": {"xy": [117, 41, 1905, 97], "panel_size": 184785, "panel_aspectRatio": 19.63917525773196, "category": "Title", "figures": 0, "textlen": 0, "fig_size": 0, "title": "Have You Met The 1?  A Machine's Approach to Human Relationships", "textRatio": 0.0, "figRatio": 0.0}, "2": {"xy": [108, 222, 430, 188], "panel_size": 80840, "panel_aspectRatio": 2.2872340425531914, "category": "Introduction", "figures": 0, "textlen": 27, "fig_size": 0, "title": "Introduction", "textRatio": 0.05732484076433121, "figRatio": 0.0}, "4": {"xy": [112, 433, 433, 912], "panel_size": 394896, "panel_aspectRatio": 0.47478070175438597, "category": "Method", "figures": 0, "textlen": 210, "fig_size": 0, "title": "Data Processing\n", "textRatio": 0.445859872611465, "figRatio": 0.0}, "6": {"xy": [570, 215, 1022, 1181], "panel_size": 1206982, "panel_aspectRatio": 0.8653683319220999, "category": "Method", "figures": 9, "textlen": 92, "fig_size": 821249, "title": "Methodology", "8": {"fig_size": 98952, "fig_aspectRatio": 2.1013824884792625, "fig_size_poster": 0.4461839530332681}, "9": {"fig_size": 95254, "fig_aspectRatio": 2.5309278350515463, "fig_size_poster": 0.48043052837573386}, "10": {"fig_size": 58904, "fig_aspectRatio": 2.689189189189189, "fig_size_poster": 0.38943248532289626}, "11": {"fig_size": 59064, "fig_aspectRatio": 3.101449275362319, "fig_size_poster": 0.4187866927592955}, "12": {"fig_size": 84915, "fig_aspectRatio": 2.481081081081081, "fig_size_poster": 0.449119373776908}, "13": {"fig_size": 77408, "fig_aspectRatio": 2.8780487804878048, "fig_size_poster": 0.461839530332681}, "14": {"fig_size": 149996, "fig_aspectRatio": 1.5811688311688312, "fig_size_poster": 0.4765166340508806}, "15": {"fig_size": 51192, "fig_aspectRatio": 4.388888888888889, "fig_size_poster": 0.4637964774951076}, "16": {"fig_size": 145564, "fig_aspectRatio": 1.596026490066225, "fig_size_poster": 0.47162426614481406}, "textRatio": 0.19532908704883228, "figRatio": 0.8109187065966651}, "17": {"xy": [1643, 215, 445, 582], "panel_size": 258990, "panel_aspectRatio": 0.7646048109965635, "category": "Result", "figures": 1, "textlen": 0, "fig_size": 191490, "title": "Result", "18": {"fig_size": 191490, "fig_aspectRatio": 0.7942973523421588, "fig_size_poster": 0.8764044943820225}, "textRatio": 0.0, "figRatio": 0.1890812934033349}, "19": {"xy": [1645, 819, 431, 538], "panel_size": 231878, "panel_aspectRatio": 0.8011152416356877, "category": "Discussion", "figures": 0, "textlen": 142, "fig_size": 0, "title": "Conclusion", "textRatio": 0.30148619957537154, "figRatio": 0.0}}}