{"poster_size": 3877632, "doclen": 276, "figlen": 1455880, "section": {"1": {"xy": [455, 9, 1522, 102], "panel_size": 155244, "panel_aspectRatio": 14.92156862745098, "category": "Title", "figures": 0, "textlen": 0, "fig_size": 0, "title": "Extracting keywords from emails using distributed word vectors", "textRatio": 0.0, "figRatio": 0.0}, "2": {"xy": [20, 248, 803, 486], "panel_size": 390258, "panel_aspectRatio": 1.6522633744855968, "category": "Introduction", "figures": 0, "textlen": 74, "fig_size": 0, "title": "keywords", "textRatio": 0.26811594202898553, "figRatio": 0.0}, "4": {"xy": [12, 760, 831, 823], "panel_size": 683913, "panel_aspectRatio": 1.0097205346294047, "category": "Method", "figures": 3, "textlen": 62, "fig_size": 308132, "title": "Why Word Vectors?", "7": {"fig_size": 99796, "fig_aspectRatio": 6.704918032786885, "fig_size_poster": 0.9843561973525873}, "8": {"fig_size": 191430, "fig_aspectRatio": 2.6259259259259258, "fig_size_poster": 0.8531889290012034}, "10": {"fig_size": 16906, "fig_aspectRatio": 2.7088607594936707, "fig_size_poster": 0.2575210589651023}, "textRatio": 0.2246376811594203, "figRatio": 0.2116465642772756}, "12": {"xy": [845, 250, 816, 936], "panel_size": 763776, "panel_aspectRatio": 0.8717948717948718, "category": "Method", "figures": 2, "textlen": 59, "fig_size": 521451, "title": "Training and Testing of Vectors", "14": {"fig_size": 412846, "fig_aspectRatio": 1.5386100386100385, "fig_size_poster": 0.9767156862745098}, "15": {"fig_size": 108605, "fig_aspectRatio": 5.165517241379311, "fig_size_poster": 0.9178921568627451}, "textRatio": 0.213768115942029, "figRatio": 0.3581689424952606}, "16": {"xy": [864, 1196, 774, 386], "panel_size": 298764, "panel_aspectRatio": 2.005181347150259, "category": "Result", "figures": 1, "textlen": 17, "fig_size": 136242, "title": "Word Vectors on Email Data", "18": {"fig_size": 136242, "fig_aspectRatio": 2.0, "fig_size_poster": 0.6744186046511628}, "textRatio": 0.06159420289855073, "figRatio": 0.0935805148775998}, "19": {"xy": [1667, 230, 764, 535], "panel_size": 408740, "panel_aspectRatio": 1.4280373831775701, "category": "Result", "figures": 2, "textlen": 0, "fig_size": 370007, "title": "", "20": {"fig_size": 203872, "fig_aspectRatio": 2.6570397111913358, "fig_size_poster": 0.9633507853403142}, "21": {"fig_size": 166135, "fig_aspectRatio": 3.3408071748878925, "fig_size_poster": 0.975130890052356}, "textRatio": 0.0, "figRatio": 0.25414663296425527}, "22": {"xy": [1671, 779, 759, 269], "panel_size": 204171, "panel_aspectRatio": 2.8215613382899627, "category": "Discussion", "figures": 0, "textlen": 49, "fig_size": 0, "title": "Discussion", "textRatio": 0.17753623188405798, "figRatio": 0.0}, "24": {"xy": [1674, 1058, 759, 311], "panel_size": 236049, "panel_aspectRatio": 2.440514469453376, "category": "Discussion", "figures": 1, "textlen": 15, "fig_size": 120048, "title": "Future Work", "26": {"fig_size": 120048, "fig_aspectRatio": 4.463414634146342, "fig_size_poster": 0.9644268774703557}, "textRatio": 0.05434782608695652, "figRatio": 0.0824573453856087}}}