{"poster_size": 4478976, "doclen": 503, "figlen": 1059172, "section": {"1": {"xy": [25, 34, 1383, 74], "panel_size": 102342, "panel_aspectRatio": 18.68918918918919, "category": "Title", "figures": 0, "textlen": 0, "fig_size": 0, "title": "Learning to play SLITHER.IO with deep reinforcement learning", "textRatio": 0.0, "figRatio": 0.0}, "2": {"xy": [34, 243, 752, 450], "panel_size": 338400, "panel_aspectRatio": 1.6711111111111112, "category": "Introduction", "figures": 0, "textlen": 124, "fig_size": 0, "title": "Introduction and motivation", "textRatio": 0.24652087475149106, "figRatio": 0.0}, "4": {"xy": [41, 702, 739, 1005], "panel_size": 742695, "panel_aspectRatio": 0.7353233830845771, "category": "Method", "figures": 2, "textlen": 110, "fig_size": 301351, "title": "Dataset and features", "5": {"fig_size": 154287, "fig_aspectRatio": 3.2764976958525347, "fig_size_poster": 0.9621109607577808}, "7": {"fig_size": 147064, "fig_aspectRatio": 2.3911290322580645, "fig_size_poster": 0.8024357239512855}, "textRatio": 0.21868787276341947, "figRatio": 0.28451564051919803}, "8": {"xy": [797, 247, 1022, 976], "panel_size": 997472, "panel_aspectRatio": 1.0471311475409837, "category": "Method", "figures": 5, "textlen": 64, "fig_size": 517161, "title": "Model: Deep Q-Learning", "9": {"fig_size": 84976, "fig_aspectRatio": 6.654867256637168, "fig_size_poster": 0.735812133072407}, "11": {"fig_size": 46011, "fig_aspectRatio": 19.163265306122447, "fig_size_poster": 0.9187866927592955}, "13": {"fig_size": 244360, "fig_aspectRatio": 2.2713414634146343, "fig_size_poster": 0.7289628180039139}, "16": {"fig_size": 59046, "fig_aspectRatio": 9.705128205128204, "fig_size_poster": 0.7407045009784736}, "18": {"fig_size": 82768, "fig_aspectRatio": 6.598214285714286, "fig_size_poster": 0.723091976516634}, "textRatio": 0.1272365805168986, "figRatio": 0.48826913853462894}, "20": {"xy": [787, 1232, 1032, 483], "panel_size": 498456, "panel_aspectRatio": 2.1366459627329193, "category": "Result", "figures": 1, "textlen": 44, "fig_size": 240660, "title": "Results", "21": {"fig_size": 240660, "fig_aspectRatio": 3.7896825396825395, "fig_size_poster": 0.9253875968992248}, "textRatio": 0.0874751491053678, "figRatio": 0.22721522094617305}, "23": {"xy": [1825, 249, 750, 459], "panel_size": 344250, "panel_aspectRatio": 1.6339869281045751, "category": "Discussion", "figures": 0, "textlen": 101, "fig_size": 0, "title": "Discussion", "textRatio": 0.20079522862823063, "figRatio": 0.0}, "25": {"xy": [1832, 719, 739, 351], "panel_size": 259389, "panel_aspectRatio": 2.1054131054131053, "category": "Discussion", "figures": 0, "textlen": 60, "fig_size": 0, "title": "Future work", "textRatio": 0.11928429423459244, "figRatio": 0.0}}}