{"poster_size": 3981312, "doclen": 285, "figlen": 1274035, "section": {"1": {"xy": [269, 120, 1775, 78], "panel_size": 138450, "panel_aspectRatio": 22.756410256410255, "category": "Title", "figures": 0, "textlen": 0, "fig_size": 0, "title": "Machine Learning with Insufficient Data Amount (Or SVM and CNN?)", "textRatio": 0.0, "figRatio": 0.0}, "2": {"xy": [75, 293, 692, 411], "panel_size": 284412, "panel_aspectRatio": 1.683698296836983, "category": "Introduction", "figures": 0, "textlen": 94, "fig_size": 0, "title": "Introduction", "textRatio": 0.3298245614035088, "figRatio": 0.0}, "4": {"xy": [84, 707, 705, 849], "panel_size": 598545, "panel_aspectRatio": 0.8303886925795053, "category": "Method", "figures": 1, "textlen": 33, "fig_size": 303646, "title": "Overall: CNN beats all", "6": {"fig_size": 303646, "fig_aspectRatio": 1.0850661625708884, "fig_size_poster": 0.8141843971631205}, "textRatio": 0.11578947368421053, "figRatio": 0.238334111700228}, "8": {"xy": [817, 294, 690, 735], "panel_size": 507150, "panel_aspectRatio": 0.9387755102040817, "category": "Method", "figures": 1, "textlen": 18, "fig_size": 260832, "title": "SVM: regularization is (still) very helpful", "10": {"fig_size": 260832, "fig_aspectRatio": 1.2543859649122806, "fig_size_poster": 0.8289855072463768}, "textRatio": 0.06315789473684211, "figRatio": 0.20472906945256605}, "11": {"xy": [822, 1047, 675, 615], "panel_size": 415125, "panel_aspectRatio": 1.0975609756097562, "category": "Method", "figures": 1, "textlen": 28, "fig_size": 217722, "title": "PCA may not be a terrific idea", "13": {"fig_size": 217722, "fig_aspectRatio": 1.4096692111959288, "fig_size_poster": 0.8207407407407408}, "textRatio": 0.09824561403508772, "figRatio": 0.17089169449818883}, "14": {"xy": [1540, 305, 689, 1311], "panel_size": 903279, "panel_aspectRatio": 0.5255530129672006, "category": "Result", "figures": 2, "textlen": 112, "fig_size": 491835, "title": "CNN:(Un)predictable", "16": {"fig_size": 153813, "fig_aspectRatio": 2.738396624472574, "fig_size_poster": 0.941944847605225}, "17": {"fig_size": 338022, "fig_aspectRatio": 1.1853932584269662, "fig_size_poster": 0.918722786647315}, "textRatio": 0.3929824561403509, "figRatio": 0.3860451243490171}}}