{"poster_size": 3110400, "doclen": 297, "figlen": 1005910, "section": {"1": {"xy": [61, 47, 1365, 169], "panel_size": 230685, "panel_aspectRatio": 8.076923076923077, "category": "Title", "figures": 0, "textlen": 11, "fig_size": 0, "title": "Scanning Probe Microscopy Based On Reinforcement Learning", "textRatio": 0.037037037037037035, "figRatio": 0.0}, "3": {"xy": [78, 224, 607, 414], "panel_size": 251298, "panel_aspectRatio": 1.4661835748792271, "category": "Introduction", "figures": 0, "textlen": 61, "fig_size": 0, "title": "Motivation and Goal", "textRatio": 0.2053872053872054, "figRatio": 0.0}, "5": {"xy": [75, 650, 610, 730], "panel_size": 445300, "panel_aspectRatio": 0.8356164383561644, "category": "Method", "figures": 2, "textlen": 43, "fig_size": 213775, "title": "SPM Simulator", "7": {"fig_size": 26609, "fig_aspectRatio": 7.6440677966101696, "fig_size_poster": 0.739344262295082}, "8": {"fig_size": 187166, "fig_aspectRatio": 1.1354679802955665, "fig_size_poster": 0.7557377049180328}, "textRatio": 0.1447811447811448, "figRatio": 0.21251901263532522}, "9": {"xy": [1411, 1182, 706, 201], "panel_size": 141906, "panel_aspectRatio": 3.512437810945274, "category": "Discussion", "figures": 0, "textlen": 29, "fig_size": 0, "title": "Conclusion\n", "textRatio": 0.09764309764309764, "figRatio": 0.0}, "11": {"xy": [705, 223, 683, 1168], "panel_size": 797744, "panel_aspectRatio": 0.5847602739726028, "category": "Method", "figures": 12, "textlen": 47, "fig_size": 494186, "title": "PI Tuning via Neural Network", "12": {"fig_size": 38964, "fig_aspectRatio": 8.426470588235293, "fig_size_poster": 0.8389458272327965}, "14": {"fig_size": 42804, "fig_aspectRatio": 1.5914634146341464, "fig_size_poster": 0.3821376281112738}, "15": {"fig_size": 50232, "fig_aspectRatio": 1.7797619047619047, "fig_size_poster": 0.4377745241581259}, "16": {"fig_size": 48650, "fig_aspectRatio": 1.5885714285714285, "fig_size_poster": 0.40702781844802344}, "17": {"fig_size": 47168, "fig_aspectRatio": 1.5227272727272727, "fig_size_poster": 0.3923865300146413}, "19": {"fig_size": 29512, "fig_aspectRatio": 1.5955882352941178, "fig_size_poster": 0.31771595900439237}, "20": {"fig_size": 33660, "fig_aspectRatio": 0.9625668449197861, "fig_size_poster": 0.2635431918008785}, "23": {"fig_size": 10272, "fig_aspectRatio": 10.03125, "fig_size_poster": 0.4699853587115666}, "24": {"fig_size": 23305, "fig_aspectRatio": 3.7341772151898733, "fig_size_poster": 0.43191800878477304}, "25": {"fig_size": 41860, "fig_aspectRatio": 2.1357142857142857, "fig_size_poster": 0.4377745241581259}, "26": {"fig_size": 45695, "fig_aspectRatio": 1.335135135135135, "fig_size_poster": 0.3616398243045388}, "27": {"fig_size": 82064, "fig_aspectRatio": 1.6502242152466369, "fig_size_poster": 0.5387994143484627}, "textRatio": 0.15824915824915825, "figRatio": 0.49128252030499747}, "29": {"xy": [1437, 199, 664, 970], "panel_size": 644080, "panel_aspectRatio": 0.6845360824742268, "category": "Method", "figures": 2, "textlen": 106, "fig_size": 297949, "title": "Reinforcement Learning Based Feedback", "31": {"fig_size": 58813, "fig_aspectRatio": 5.543689320388349, "fig_size_poster": 0.8599397590361446}, "33": {"fig_size": 239136, "fig_aspectRatio": 1.6914893617021276, "fig_size_poster": 0.9578313253012049}, "textRatio": 0.3569023569023569, "figRatio": 0.2961984670596773}}}