{"poster_size": 4478976, "doclen": 607, "figlen": 1190750, "section": {"1": {"xy": [632, 5, 1305, 103], "panel_size": 134415, "panel_aspectRatio": 12.669902912621358, "category": "Title", "figures": 0, "textlen": 0, "fig_size": 0, "title": "Drawing: A New Way To Search", "textRatio": 0.0, "figRatio": 0.0}, "2": {"xy": [23, 214, 973, 274], "panel_size": 266602, "panel_aspectRatio": 3.551094890510949, "category": "Introduction", "figures": 0, "textlen": 61, "fig_size": 0, "title": "OVERVIEW", "textRatio": 0.10049423393739704, "figRatio": 0.0}, "4": {"xy": [1010, 204, 1571, 295], "panel_size": 463445, "panel_aspectRatio": 5.3254237288135595, "category": "Method", "figures": 5, "textlen": 74, "fig_size": 53121, "title": "DATA", "7": {"fig_size": 9167, "fig_aspectRatio": 0.8640776699029126, "fig_size_poster": 0.056651814131126674}, "9": {"fig_size": 10192, "fig_aspectRatio": 1.2307692307692308, "fig_size_poster": 0.07129217059197963}, "11": {"fig_size": 11554, "fig_aspectRatio": 1.028301886792453, "fig_size_poster": 0.06938255887969447}, "13": {"fig_size": 10672, "fig_aspectRatio": 1.2608695652173914, "fig_size_poster": 0.07383831954169319}, "15": {"fig_size": 11536, "fig_aspectRatio": 1.087378640776699, "fig_size_poster": 0.07129217059197963}, "textRatio": 0.12191103789126853, "figRatio": 0.04461137938274197}, "18": {"xy": [20, 503, 545, 917], "panel_size": 499765, "panel_aspectRatio": 0.5943293347873501, "category": "Result", "figures": 4, "textlen": 69, "fig_size": 166122, "title": "LOGISTIC REGRESSION", "20": {"fig_size": 50718, "fig_aspectRatio": 4.429906542056075, "fig_size_poster": 0.8697247706422019}, "22": {"fig_size": 12312, "fig_aspectRatio": 0.9473684210526315, "fig_size_poster": 0.1981651376146789}, "24": {"fig_size": 12138, "fig_aspectRatio": 1.1666666666666667, "fig_size_poster": 0.21834862385321102}, "26": {"fig_size": 90954, "fig_aspectRatio": 1.168458781362007, "fig_size_poster": 0.5981651376146789}, "textRatio": 0.11367380560131796, "figRatio": 0.13951039260969977}, "29": {"xy": [569, 507, 610, 907], "panel_size": 553270, "panel_aspectRatio": 0.6725468577728776, "category": "Result", "figures": 1, "textlen": 119, "fig_size": 157274, "title": "SUPPORT VECTOR MACHINE", "31": {"fig_size": 157274, "fig_aspectRatio": 2.273764258555133, "fig_size_poster": 0.980327868852459}, "textRatio": 0.19604612850082373, "figRatio": 0.13207978165022044}, "34": {"xy": [1183, 508, 757, 910], "panel_size": 688870, "panel_aspectRatio": 0.8318681318681319, "category": "Result", "figures": 2, "textlen": 55, "fig_size": 475560, "title": "CONVOLUTIONAL NEURAL NET", "36": {"fig_size": 178560, "fig_aspectRatio": 2.903225806451613, "fig_size_poster": 0.9511228533685601}, "38": {"fig_size": 297000, "fig_aspectRatio": 1.893939393939394, "fig_size_poster": 0.9907529722589168}, "textRatio": 0.09060955518945635, "figRatio": 0.3993785429351249}, "40": {"xy": [1945, 509, 620, 911], "panel_size": 564820, "panel_aspectRatio": 0.6805708013172338, "category": "Result", "figures": 2, "textlen": 60, "fig_size": 338673, "title": "TRANSFER LEARNING", "42": {"fig_size": 235560, "fig_aspectRatio": 1.5487179487179488, "fig_size_poster": 0.9741935483870968}, "44": {"fig_size": 103113, "fig_aspectRatio": 3.526315789473684, "fig_size_poster": 0.9725806451612903}, "textRatio": 0.09884678747940692, "figRatio": 0.2844199034222129}, "46": {"xy": [10, 1428, 1357, 275], "panel_size": 373175, "panel_aspectRatio": 4.934545454545455, "category": "Discussion", "figures": 0, "textlen": 119, "fig_size": 0, "title": "DISCUSSION", "textRatio": 0.19604612850082373, "figRatio": 0.0}, "50": {"xy": [1381, 1436, 723, 259], "panel_size": 187257, "panel_aspectRatio": 2.7915057915057915, "category": "Discussion", "figures": 0, "textlen": 50, "fig_size": 0, "title": "FUTURE WORK", "textRatio": 0.08237232289950576, "figRatio": 0.0}}}