{"poster_size": 4478976, "doclen": 350, "figlen": 659188, "section": {"1": {"xy": [634, 78, 1329, 107], "panel_size": 142203, "panel_aspectRatio": 12.42056074766355, "category": "Title", "figures": 0, "textlen": 0, "fig_size": 0, "title": "Detecting Fraud in Financial Payments", "textRatio": 0.0, "figRatio": 0.0}, "2": {"xy": [30, 312, 830, 655], "panel_size": 543650, "panel_aspectRatio": 1.2671755725190839, "category": "Introduction", "figures": 0, "textlen": 91, "fig_size": 0, "title": "Motivation", "textRatio": 0.26, "figRatio": 0.0}, "4": {"xy": [886, 310, 829, 666], "panel_size": 552114, "panel_aspectRatio": 1.2447447447447448, "category": "Introduction", "figures": 0, "textlen": 72, "fig_size": 0, "title": "Dataset", "textRatio": 0.2057142857142857, "figRatio": 0.0}, "6": {"xy": [1732, 310, 843, 633], "panel_size": 533619, "panel_aspectRatio": 1.3317535545023698, "category": "Method", "figures": 2, "textlen": 34, "fig_size": 190648, "title": "Model", "8": {"fig_size": 37776, "fig_aspectRatio": 16.395833333333332, "fig_size_poster": 0.933570581257414}, "9": {"fig_size": 152872, "fig_aspectRatio": 3.9390862944162435, "fig_size_poster": 0.9205219454329775}, "textRatio": 0.09714285714285714, "figRatio": 0.28921642991073865}, "10": {"xy": [19, 991, 844, 673], "panel_size": 568012, "panel_aspectRatio": 1.2540861812778603, "category": "Result", "figures": 1, "textlen": 0, "fig_size": 468540, "title": "Results", "11": {"fig_size": 468540, "fig_aspectRatio": 1.4421052631578948, "fig_size_poster": 0.9739336492890995}, "textRatio": 0.0, "figRatio": 0.7107835700892613}, "12": {"xy": [882, 991, 839, 684], "panel_size": 573876, "panel_aspectRatio": 1.226608187134503, "category": "Discussion", "figures": 0, "textlen": 81, "fig_size": 0, "title": "Discussion", "textRatio": 0.23142857142857143, "figRatio": 0.0}, "14": {"xy": [1730, 958, 837, 510], "panel_size": 426870, "panel_aspectRatio": 1.6411764705882352, "category": "Discussion", "figures": 0, "textlen": 72, "fig_size": 0, "title": "Future", "textRatio": 0.2057142857142857, "figRatio": 0.0}}}