{"poster_size": 3110400, "doclen": 122, "figlen": 1253546, "section": {"1": {"xy": [167, 20, 1852, 79], "panel_size": 146308, "panel_aspectRatio": 23.443037974683545, "category": "Title", "figures": 0, "textlen": 0, "fig_size": 0, "title": "GoGoGo: Improving Deep Neural Network Based Go Playing AI with Residual Networks", "textRatio": 0.0, "figRatio": 0.0}, "2": {"xy": [14, 157, 695, 323], "panel_size": 224485, "panel_aspectRatio": 2.151702786377709, "category": "Introduction", "figures": 0, "textlen": 30, "fig_size": 0, "title": "Introduction", "textRatio": 0.2459016393442623, "figRatio": 0.0}, "3": {"xy": [14, 489, 697, 888], "panel_size": 618936, "panel_aspectRatio": 0.7849099099099099, "category": "Method", "figures": 2, "textlen": 66, "fig_size": 163736, "title": "Training Methodology and Data", "8": {"fig_size": 88464, "fig_aspectRatio": 3.8289473684210527, "fig_size_poster": 0.8350071736011477}, "10": {"fig_size": 75272, "fig_aspectRatio": 2.0, "fig_size_poster": 0.5566714490674318}, "textRatio": 0.5409836065573771, "figRatio": 0.1306182621140349}, "4": {"xy": [712, 159, 710, 1225], "panel_size": 869750, "panel_aspectRatio": 0.5795918367346938, "category": "Method", "figures": 4, "textlen": 4, "fig_size": 632808, "title": "Network Architecture", "12": {"fig_size": 392350, "fig_aspectRatio": 0.43473684210526314, "fig_size_poster": 0.5816901408450704}, "13": {"fig_size": 102616, "fig_aspectRatio": 0.6287128712871287, "fig_size_poster": 0.35774647887323946}, "14": {"fig_size": 76396, "fig_aspectRatio": 0.9471830985915493, "fig_size_poster": 0.3788732394366197}, "16": {"fig_size": 61446, "fig_aspectRatio": 3.473684210526316, "fig_size_poster": 0.6507042253521127}, "textRatio": 0.03278688524590164, "figRatio": 0.5048143426727061}, "5": {"xy": [1452, 157, 707, 876], "panel_size": 619332, "panel_aspectRatio": 0.8070776255707762, "category": "Result", "figures": 2, "textlen": 8, "fig_size": 457002, "title": "Experiment Result", "18": {"fig_size": 195364, "fig_aspectRatio": 2.339100346020761, "fig_size_poster": 0.9561527581329562}, "19": {"fig_size": 261638, "fig_aspectRatio": 1.8408488063660478, "fig_size_poster": 0.9816124469589816}, "textRatio": 0.06557377049180328, "figRatio": 0.36456739521325904}, "6": {"xy": [1451, 1045, 708, 236], "panel_size": 167088, "panel_aspectRatio": 3.0, "category": "Discussion", "figures": 0, "textlen": 14, "fig_size": 0, "title": "Future Work", "textRatio": 0.11475409836065574, "figRatio": 0.0}}}