{"poster_size": 4478976, "doclen": 277, "figlen": 915086, "section": {"1": {"xy": [577, 117, 1498, 97], "panel_size": 145306, "panel_aspectRatio": 15.443298969072165, "category": "Title", "figures": 0, "textlen": 0, "fig_size": 0, "title": "Finding Influencers within Fuzzy Topics on Twitter", "textRatio": 0.0, "figRatio": 0.0}, "2": {"xy": [50, 332, 913, 648], "panel_size": 591624, "panel_aspectRatio": 1.4089506172839505, "category": "Method", "figures": 0, "textlen": 46, "fig_size": 0, "title": "Training Data", "textRatio": 0.16606498194945848, "figRatio": 0.0}, "4": {"xy": [1050, 361, 1505, 644], "panel_size": 969220, "panel_aspectRatio": 2.3369565217391304, "category": "Method", "figures": 1, "textlen": 62, "fig_size": 421889, "title": "Detecting Fuzzy Topics", "6": {"fig_size": 421889, "fig_aspectRatio": 4.719063545150502, "fig_size_poster": 0.9375415282392027}, "textRatio": 0.22382671480144403, "figRatio": 0.46103754182666984}, "7": {"xy": [45, 1026, 1512, 659], "panel_size": 996408, "panel_aspectRatio": 2.2943854324734447, "category": "Method", "figures": 2, "textlen": 91, "fig_size": 493197, "title": "Detecting Topic Influencers", "9": {"fig_size": 75129, "fig_aspectRatio": 1.3375527426160339, "fig_size_poster": 0.20965608465608465}, "10": {"fig_size": 418068, "fig_aspectRatio": 4.836734693877551, "fig_size_poster": 0.9404761904761905}, "textRatio": 0.3285198555956679, "figRatio": 0.5389624581733301}, "11": {"xy": [1617, 1051, 937, 600], "panel_size": 562200, "panel_aspectRatio": 1.5616666666666668, "category": "Method", "figures": 0, "textlen": 78, "fig_size": 0, "title": "Predicting Future Influencer Levels", "textRatio": 0.2815884476534296, "figRatio": 0.0}}}