{"poster_size": 3110400, "doclen": 246, "figlen": 1253369, "section": {"1": {"xy": [223, 43, 1059, 91], "panel_size": 96369, "panel_aspectRatio": 11.637362637362637, "category": "Title", "figures": 0, "textlen": 0, "fig_size": 0, "title": "US Airlines Service Recommendation", "textRatio": 0.0, "figRatio": 0.0}, "2": {"xy": [18, 286, 1412, 145], "panel_size": 204740, "panel_aspectRatio": 9.73793103448276, "category": "Introduction", "figures": 0, "textlen": 84, "fig_size": 0, "title": "Abstract", "textRatio": 0.34146341463414637, "figRatio": 0.0}, "4": {"xy": [15, 436, 1414, 576], "panel_size": 814464, "panel_aspectRatio": 2.454861111111111, "category": "Method", "figures": 2, "textlen": 40, "fig_size": 497286, "title": "DATA SET", "6": {"fig_size": 136323, "fig_aspectRatio": 13.909090909090908, "fig_size_poster": 0.9738330975954739}, "8": {"fig_size": 360963, "fig_aspectRatio": 5.2988505747126435, "fig_size_poster": 0.978076379066478}, "textRatio": 0.16260162601626016, "figRatio": 0.3967594539197954}, "10": {"xy": [19, 1018, 525, 1051], "panel_size": 551775, "panel_aspectRatio": 0.4995242626070409, "category": "Method", "figures": 6, "textlen": 50, "fig_size": 279467, "title": "MODEL", "12": {"fig_size": 12870, "fig_aspectRatio": 4.254545454545455, "fig_size_poster": 0.44571428571428573}, "13": {"fig_size": 22294, "fig_aspectRatio": 1.1056338028169015, "fig_size_poster": 0.29904761904761906}, "15": {"fig_size": 20536, "fig_aspectRatio": 1.1102941176470589, "fig_size_poster": 0.2876190476190476}, "18": {"fig_size": 10112, "fig_aspectRatio": 2.46875, "fig_size_poster": 0.30095238095238097}, "19": {"fig_size": 24585, "fig_aspectRatio": 1.1073825503355705, "fig_size_poster": 0.3142857142857143}, "20": {"fig_size": 189070, "fig_aspectRatio": 1.3810810810810812, "fig_size_poster": 0.9733333333333334}, "textRatio": 0.2032520325203252, "figRatio": 0.22297264412954207}, "21": {"xy": [558, 1020, 870, 844], "panel_size": 734280, "panel_aspectRatio": 1.0308056872037914, "category": "Result", "figures": 2, "textlen": 5, "fig_size": 476616, "title": "RESULT", "23": {"fig_size": 139680, "fig_aspectRatio": 1.6840277777777777, "fig_size_poster": 0.5574712643678161}, "25": {"fig_size": 336936, "fig_aspectRatio": 2.0643564356435644, "fig_size_poster": 0.9586206896551724}, "textRatio": 0.02032520325203252, "figRatio": 0.38026790195066257}, "26": {"xy": [563, 1867, 867, 201], "panel_size": 174267, "panel_aspectRatio": 4.313432835820896, "category": "Result", "figures": 0, "textlen": 67, "fig_size": 0, "title": "KEY TAKEAWAYS", "textRatio": 0.27235772357723576, "figRatio": 0.0}}}