{"poster_size": 4478976, "doclen": 543, "figlen": 1028793, "section": {"1": {"xy": [526, 20, 1689, 78], "panel_size": 131742, "panel_aspectRatio": 21.653846153846153, "category": "Title", "figures": 0, "textlen": 0, "fig_size": 0, "title": "Optimization of the Syngas Combustion Chemistry Model", "textRatio": 0.0, "figRatio": 0.0}, "2": {"xy": [6, 243, 827, 664], "panel_size": 549128, "panel_aspectRatio": 1.2454819277108433, "category": "Introduction", "figures": 0, "textlen": 141, "fig_size": 0, "title": "Motivation", "textRatio": 0.2596685082872928, "figRatio": 0.0}, "5": {"xy": [11, 923, 813, 707], "panel_size": 574791, "panel_aspectRatio": 1.14992927864215, "category": "Method", "figures": 2, "textlen": 70, "fig_size": 275756, "title": "Experimental Data", "7": {"fig_size": 137472, "fig_aspectRatio": 1.0726256983240223, "fig_size_poster": 0.47232472324723246}, "8": {"fig_size": 138284, "fig_aspectRatio": 1.0552486187845305, "fig_size_poster": 0.4698646986469865}, "textRatio": 0.1289134438305709, "figRatio": 0.26803837117865303}, "9": {"xy": [844, 251, 822, 1403], "panel_size": 1153266, "panel_aspectRatio": 0.5858873841767641, "category": "Method", "figures": 5, "textlen": 138, "fig_size": 533935, "title": "Solution Mapping - Response Surface Method", "11": {"fig_size": 216209, "fig_aspectRatio": 1.017353579175705, "fig_size_poster": 0.5705596107055961}, "12": {"fig_size": 48488, "fig_aspectRatio": 6.261363636363637, "fig_size_poster": 0.670316301703163}, "13": {"fig_size": 87808, "fig_aspectRatio": 7.0, "fig_size_poster": 0.9537712895377128}, "14": {"fig_size": 92944, "fig_aspectRatio": 1.0608108108108107, "fig_size_poster": 0.3819951338199513}, "15": {"fig_size": 88486, "fig_aspectRatio": 1.030716723549488, "fig_size_poster": 0.36739659367396593}, "textRatio": 0.2541436464088398, "figRatio": 0.5189916727660472}, "16": {"xy": [1675, 241, 892, 1146], "panel_size": 1022232, "panel_aspectRatio": 0.7783595113438045, "category": "Method", "figures": 3, "textlen": 194, "fig_size": 219102, "title": "Model Optimization", "18": {"fig_size": 41496, "fig_aspectRatio": 3.192982456140351, "fig_size_poster": 0.4080717488789238}, "19": {"fig_size": 35646, "fig_aspectRatio": 5.858974358974359, "fig_size_poster": 0.5123318385650224}, "20": {"fig_size": 141960, "fig_aspectRatio": 1.0714285714285714, "fig_size_poster": 0.437219730941704}, "textRatio": 0.3572744014732965, "figRatio": 0.21296995605529975}}}