{"poster_size": 3902220, "doclen": 638, "figlen": 490341, "section": {"0": {"xy": [511, 323, 1088, 90], "panel_size": 97920, "panel_aspectRatio": 12.088888888888889, "category": "Title", "figures": 0, "textlen": 0, "fig_size": 0, "title": "Genre Classification of Spotify Songs using Lyrics, Audio Previews, and Album Artwork", "textRatio": 0.0, "figRatio": 0.0}, "1": {"xy": [102, 519, 609, 203], "panel_size": 123627, "panel_aspectRatio": 3.0, "category": "Introduction", "figures": 0, "textlen": 59, "fig_size": 0, "title": "Introduction", "textRatio": 0.09247648902821316, "figRatio": 0.0}, "2": {"xy": [99, 729, 602, 820], "panel_size": 493640, "panel_aspectRatio": 0.7341463414634146, "category": "Method", "figures": 1, "textlen": 184, "fig_size": 89052, "title": "Data", "8": {"fig_size": 89052, "fig_aspectRatio": 1.4715447154471544, "fig_size_poster": 0.6013289036544851}, "textRatio": 0.2884012539184953, "figRatio": 0.1816123881135781}, "3": {"xy": [728, 491, 649, 369], "panel_size": 239481, "panel_aspectRatio": 1.7588075880758807, "category": "Method", "figures": 1, "textlen": 0, "fig_size": 219100, "title": "Data", "10": {"fig_size": 219100, "fig_aspectRatio": 1.7885714285714285, "fig_size_poster": 0.9645608628659477}, "textRatio": 0.0, "figRatio": 0.44683189861749273}, "4": {"xy": [1396, 510, 596, 583], "panel_size": 347468, "panel_aspectRatio": 1.0222984562607205, "category": "Result", "figures": 4, "textlen": 41, "fig_size": 127334, "title": "Results", "17": {"fig_size": 31396, "fig_aspectRatio": 1.125748502994012, "fig_size_poster": 0.31543624161073824}, "18": {"fig_size": 31208, "fig_aspectRatio": 1.1325301204819278, "fig_size_poster": 0.31543624161073824}, "19": {"fig_size": 31920, "fig_aspectRatio": 1.130952380952381, "fig_size_poster": 0.3187919463087248}, "20": {"fig_size": 32810, "fig_aspectRatio": 1.1352941176470588, "fig_size_poster": 0.3238255033557047}, "textRatio": 0.06426332288401254, "figRatio": 0.259684586848744}, "5": {"xy": [1396, 1097, 596, 463], "panel_size": 275948, "panel_aspectRatio": 1.287257019438445, "category": "Discussion", "figures": 0, "textlen": 198, "fig_size": 0, "title": "Discussion", "textRatio": 0.3103448275862069, "figRatio": 0.0}, "11": {"xy": [729, 867, 635, 691], "panel_size": 438785, "panel_aspectRatio": 0.918958031837916, "category": "Method", "figures": 1, "textlen": 156, "fig_size": 54855, "title": "Models", "13": {"fig_size": 54855, "fig_aspectRatio": 1.2801932367149758, "fig_size_poster": 0.41732283464566927}, "textRatio": 0.2445141065830721, "figRatio": 0.11187112642018514}}}