{"poster_size": 4478976, "doclen": 329, "figlen": 1133593, "section": {"1": {"xy": [321, 34, 1965, 92], "panel_size": 180780, "panel_aspectRatio": 21.358695652173914, "category": "Title", "figures": 0, "textlen": 0, "fig_size": 0, "title": "Defeating the Invaders with Deep Reinforcement Learning", "textRatio": 0.0, "figRatio": 0.0}, "2": {"xy": [52, 299, 784, 503], "panel_size": 394352, "panel_aspectRatio": 1.5586481113320079, "category": "Introduction", "figures": 0, "textlen": 63, "fig_size": 0, "title": "Motivation", "textRatio": 0.19148936170212766, "figRatio": 0.0}, "4": {"xy": [52, 810, 785, 519], "panel_size": 407415, "panel_aspectRatio": 1.51252408477842, "category": "Method", "figures": 1, "textlen": 62, "fig_size": 49725, "title": "Data and Features", "7": {"fig_size": 49725, "fig_aspectRatio": 0.7647058823529411, "fig_size_poster": 0.2484076433121019}, "textRatio": 0.1884498480243161, "figRatio": 0.04386494976592128}, "8": {"xy": [43, 1336, 793, 265], "panel_size": 210145, "panel_aspectRatio": 2.9924528301886792, "category": "Method", "figures": 0, "textlen": 45, "fig_size": 0, "title": "Models", "textRatio": 0.13677811550151975, "figRatio": 0.0}, "10": {"xy": [841, 264, 900, 681], "panel_size": 612900, "panel_aspectRatio": 1.3215859030837005, "category": "Method", "figures": 2, "textlen": 44, "fig_size": 412880, "title": "", "11": {"fig_size": 176784, "fig_aspectRatio": 0.8211206896551724, "fig_size_poster": 0.42333333333333334}, "12": {"fig_size": 236096, "fig_aspectRatio": 1.0420168067226891, "fig_size_poster": 0.5511111111111111}, "textRatio": 0.1337386018237082, "figRatio": 0.3642224325661856}, "14": {"xy": [843, 952, 898, 651], "panel_size": 584598, "panel_aspectRatio": 1.379416282642089, "category": "Result", "figures": 1, "textlen": 40, "fig_size": 336400, "title": "Results", "16": {"fig_size": 336400, "fig_aspectRatio": 2.1025, "fig_size_poster": 0.9365256124721604}, "textRatio": 0.12158054711246201, "figRatio": 0.2967555374812653}, "17": {"xy": [1767, 275, 798, 481], "panel_size": 383838, "panel_aspectRatio": 1.659043659043659, "category": "Result", "figures": 1, "textlen": 0, "fig_size": 334588, "title": "", "18": {"fig_size": 334588, "fig_aspectRatio": 1.5407725321888412, "fig_size_poster": 0.899749373433584}, "textRatio": 0.0, "figRatio": 0.29515708018662784}, "19": {"xy": [1793, 764, 783, 324], "panel_size": 253692, "panel_aspectRatio": 2.4166666666666665, "category": "Discussion", "figures": 0, "textlen": 59, "fig_size": 0, "title": "Discussion", "textRatio": 0.17933130699088146, "figRatio": 0.0}, "21": {"xy": [1797, 1095, 789, 183], "panel_size": 144387, "panel_aspectRatio": 4.311475409836065, "category": "Discussion", "figures": 0, "textlen": 16, "fig_size": 0, "title": "Future Work", "textRatio": 0.0486322188449848, "figRatio": 0.0}}}