{"poster_size": 3902220, "doclen": 309, "figlen": 585410, "section": {"1": {"xy": [429, 323, 1157, 56], "panel_size": 64792, "panel_aspectRatio": 20.660714285714285, "category": "Title", "figures": 0, "textlen": 0, "fig_size": 0, "title": "Bitcoin Price Prediction Using Bitcoin Ledger Data", "textRatio": 0.0, "figRatio": 0.0}, "2": {"xy": [321, 482, 504, 569], "panel_size": 286776, "panel_aspectRatio": 0.8857644991212654, "category": "Introduction", "figures": 1, "textlen": 53, "fig_size": 169212, "title": "Motivation", "3": {"fig_size": 169212, "fig_aspectRatio": 1.3502824858757063, "fig_size_poster": 0.9484126984126984}, "textRatio": 0.1715210355987055, "figRatio": 0.289048700910473}, "5": {"xy": [303, 1072, 541, 347], "panel_size": 187727, "panel_aspectRatio": 1.559077809798271, "category": "Introduction", "figures": 0, "textlen": 71, "fig_size": 0, "title": "Data", "textRatio": 0.2297734627831715, "figRatio": 0.0}, "7": {"xy": [879, 471, 524, 281], "panel_size": 147244, "panel_aspectRatio": 1.8647686832740213, "category": "Method", "figures": 0, "textlen": 69, "fig_size": 0, "title": "Approach ", "textRatio": 0.22330097087378642, "figRatio": 0.0}, "9": {"xy": [861, 778, 553, 638], "panel_size": 352814, "panel_aspectRatio": 0.8667711598746082, "category": "Method", "figures": 1, "textlen": 47, "fig_size": 165900, "title": "Model and Feature Selection", "10": {"fig_size": 165900, "fig_aspectRatio": 1.3542857142857143, "fig_size_poster": 0.8571428571428571}, "textRatio": 0.15210355987055016, "figRatio": 0.28339112758579454}, "12": {"xy": [1426, 472, 551, 566], "panel_size": 311866, "panel_aspectRatio": 0.9734982332155477, "category": "Result", "figures": 2, "textlen": 0, "fig_size": 250298, "title": "Results", "13": {"fig_size": 68150, "fig_aspectRatio": 3.2413793103448274, "fig_size_poster": 0.852994555353902}, "14": {"fig_size": 182148, "fig_aspectRatio": 1.461756373937677, "fig_size_poster": 0.9364791288566243}, "textRatio": 0.0, "figRatio": 0.42756017150373243}, "15": {"xy": [1433, 1047, 547, 272], "panel_size": 148784, "panel_aspectRatio": 2.011029411764706, "category": "Discussion", "figures": 0, "textlen": 69, "fig_size": 0, "title": "Discussion and Future Work", "textRatio": 0.22330097087378642, "figRatio": 0.0}}}