{"poster_size": 3110400, "doclen": 122, "figlen": 1184293, "section": {"1": {"xy": [330, 35, 769, 100], "panel_size": 76900, "panel_aspectRatio": 7.69, "category": "Title", "figures": 0, "textlen": 0, "fig_size": 0, "title": "Contextual Code Completion", "textRatio": 0.0, "figRatio": 0.0}, "2": {"xy": [15, 269, 689, 584], "panel_size": 402376, "panel_aspectRatio": 1.1797945205479452, "category": "Introduction", "figures": 0, "textlen": 31, "fig_size": 0, "title": "My code completion so dumb", "textRatio": 0.2540983606557377, "figRatio": 0.0}, "4": {"xy": [21, 896, 685, 606], "panel_size": 415110, "panel_aspectRatio": 1.1303630363036303, "category": "Method", "figures": 0, "textlen": 47, "fig_size": 0, "title": "Window Based Approach", "textRatio": 0.38524590163934425, "figRatio": 0.0}, "6": {"xy": [15, 1514, 694, 633], "panel_size": 439302, "panel_aspectRatio": 1.0963665086887835, "category": "Method", "figures": 1, "textlen": 0, "fig_size": 404684, "title": "Window Based Approach", "7": {"fig_size": 404684, "fig_aspectRatio": 1.139261744966443, "fig_size_poster": 0.978386167146974}, "textRatio": 0.0, "figRatio": 0.34170935739719815}, "8": {"xy": [723, 265, 706, 576], "panel_size": 406656, "panel_aspectRatio": 1.2256944444444444, "category": "Method", "figures": 1, "textlen": 24, "fig_size": 134800, "title": "Modeling Tokens", "10": {"fig_size": 134800, "fig_aspectRatio": 3.37, "fig_size_poster": 0.9546742209631728}, "textRatio": 0.19672131147540983, "figRatio": 0.1138231839586994}, "11": {"xy": [727, 859, 692, 1276], "panel_size": 882992, "panel_aspectRatio": 0.542319749216301, "category": "Result", "figures": 4, "textlen": 20, "fig_size": 644809, "title": "Learning Approaches and Results", "12": {"fig_size": 111960, "fig_aspectRatio": 3.4555555555555557, "fig_size_poster": 0.8988439306358381}, "13": {"fig_size": 176736, "fig_aspectRatio": 2.555133079847909, "fig_size_poster": 0.9710982658959537}, "14": {"fig_size": 123181, "fig_aspectRatio": 3.1105527638190953, "fig_size_poster": 0.8945086705202312}, "16": {"fig_size": 232932, "fig_aspectRatio": 1.8587570621468927, "fig_size_poster": 0.9508670520231214}, "textRatio": 0.16393442622950818, "figRatio": 0.5444674586441024}}}