{"poster_size": 8957952, "doclen": 254, "figlen": 2021493, "section": {"1": {"xy": [854, 44, 1767, 116], "panel_size": 204972, "panel_aspectRatio": 15.232758620689655, "category": "Title", "figures": 0, "textlen": 0, "fig_size": 0, "title": "Reducing the ATHENA WFI background", "textRatio": 0.0, "figRatio": 0.0}, "2": {"xy": [67, 384, 783, 519], "panel_size": 406377, "panel_aspectRatio": 1.5086705202312138, "category": "Introduction", "figures": 0, "textlen": 32, "fig_size": 0, "title": "Motivation and Overview", "textRatio": 0.12598425196850394, "figRatio": 0.0}, "4": {"xy": [77, 911, 802, 1266], "panel_size": 1015332, "panel_aspectRatio": 0.6334913112164297, "category": "Method", "figures": 3, "textlen": 27, "fig_size": 545451, "title": "Data", "6": {"fig_size": 188811, "fig_aspectRatio": 3.197530864197531, "fig_size_poster": 0.9688279301745636}, "8": {"fig_size": 183360, "fig_aspectRatio": 3.183333333333333, "fig_size_poster": 0.9526184538653366}, "10": {"fig_size": 173280, "fig_aspectRatio": 3.3333333333333335, "fig_size_poster": 0.9476309226932669}, "textRatio": 0.1062992125984252, "figRatio": 0.26982581685912344}, "12": {"xy": [913, 391, 1636, 958], "panel_size": 1567288, "panel_aspectRatio": 1.707724425887265, "category": "Method", "figures": 2, "textlen": 94, "fig_size": 298242, "title": "Models", "14": {"fig_size": 173880, "fig_aspectRatio": 1.4608695652173913, "fig_size_poster": 0.3080684596577017}, "16": {"fig_size": 124362, "fig_aspectRatio": 3.4814814814814814, "fig_size_poster": 0.402200488997555}, "textRatio": 0.3700787401574803, "figRatio": 0.14753550964559362}, "17": {"xy": [917, 1370, 1621, 1028], "panel_size": 1666388, "panel_aspectRatio": 1.5768482490272373, "category": "Result", "figures": 1, "textlen": 23, "fig_size": 1177800, "title": "Experiment", "19": {"fig_size": 1177800, "fig_aspectRatio": 1.935897435897436, "fig_size_poster": 0.9315237507711289}, "textRatio": 0.09055118110236221, "figRatio": 0.582638673495283}, "21": {"xy": [2596, 394, 802, 578], "panel_size": 463556, "panel_aspectRatio": 1.3875432525951557, "category": "Discussion", "figures": 0, "textlen": 67, "fig_size": 0, "title": "Discussions", "textRatio": 0.2637795275590551, "figRatio": 0.0}, "23": {"xy": [2596, 985, 813, 258], "panel_size": 209754, "panel_aspectRatio": 3.1511627906976742, "category": "Discussion", "figures": 0, "textlen": 11, "fig_size": 0, "title": "Future Work", "textRatio": 0.04330708661417323, "figRatio": 0.0}}}