{"poster_size": 3110400, "doclen": 230, "figlen": 1066734, "section": {"1": {"xy": [351, 49, 1510, 80], "panel_size": 120800, "panel_aspectRatio": 18.875, "category": "Title", "figures": 0, "textlen": 0, "fig_size": 0, "title": "CS229: Reinforcement Learning Applied to a Game of Deceit", "textRatio": 0.0, "figRatio": 0.0}, "2": {"xy": [25, 244, 686, 674], "panel_size": 462364, "panel_aspectRatio": 1.0178041543026706, "category": "Introduction", "figures": 1, "textlen": 35, "fig_size": 209961, "title": "Problem", "3": {"fig_size": 209961, "fig_aspectRatio": 1.5420054200542006, "fig_size_poster": 0.8294460641399417}, "textRatio": 0.15217391304347827, "figRatio": 0.19682601285793835}, "5": {"xy": [28, 933, 703, 506], "panel_size": 355718, "panel_aspectRatio": 1.3893280632411067, "category": "Method", "figures": 1, "textlen": 56, "fig_size": 83979, "title": "Method", "6": {"fig_size": 83979, "fig_aspectRatio": 5.046511627906977, "fig_size_poster": 0.9260312944523471}, "textRatio": 0.24347826086956523, "figRatio": 0.07872534296272547}, "8": {"xy": [751, 243, 674, 809], "panel_size": 545266, "panel_aspectRatio": 0.8331273176761433, "category": "Method", "figures": 1, "textlen": 22, "fig_size": 317682, "title": "MDP", "9": {"fig_size": 317682, "fig_aspectRatio": 1.3962264150943395, "fig_size_poster": 0.9881305637982196}, "textRatio": 0.09565217391304348, "figRatio": 0.297808075865211}, "11": {"xy": [748, 1052, 680, 372], "panel_size": 252960, "panel_aspectRatio": 1.8279569892473118, "category": "Result", "figures": 0, "textlen": 60, "fig_size": 0, "title": "Evaluation", "textRatio": 0.2608695652173913, "figRatio": 0.0}, "13": {"xy": [1468, 244, 673, 1195], "panel_size": 804235, "panel_aspectRatio": 0.5631799163179916, "category": "Method", "figures": 2, "textlen": 57, "fig_size": 455112, "title": "POMDP", "14": {"fig_size": 234360, "fig_aspectRatio": 1.8083333333333333, "fig_size_poster": 0.9673105497771174}, "15": {"fig_size": 220752, "fig_aspectRatio": 1.9553571428571428, "fig_size_poster": 0.9762258543833581}, "textRatio": 0.24782608695652175, "figRatio": 0.42664056831412517}}}