{"poster_size": 5370624, "doclen": 601, "figlen": 1140858, "section": {"1": {"xy": [309, 30, 2274, 118], "panel_size": 268332, "panel_aspectRatio": 19.271186440677965, "category": "Title", "figures": 0, "textlen": 0, "fig_size": 0, "title": "Semi-supervised EM & Weak-Supervision in Anomaly Detection", "textRatio": 0.0, "figRatio": 0.0}, "2": {"xy": [104, 335, 753, 437], "panel_size": 329061, "panel_aspectRatio": 1.723112128146453, "category": "Introduction", "figures": 0, "textlen": 94, "fig_size": 0, "title": "Overview", "textRatio": 0.15640599001663893, "figRatio": 0.0}, "4": {"xy": [112, 790, 746, 336], "panel_size": 250656, "panel_aspectRatio": 2.2202380952380953, "category": "Introduction", "figures": 0, "textlen": 87, "fig_size": 0, "title": "Data Set and Features", "textRatio": 0.1447587354409318, "figRatio": 0.0}, "6": {"xy": [114, 1135, 741, 595], "panel_size": 440895, "panel_aspectRatio": 1.2453781512605042, "category": "Method", "figures": 1, "textlen": 59, "fig_size": 250390, "title": "Data Selection Strategy", "7": {"fig_size": 250390, "fig_aspectRatio": 1.8794520547945206, "fig_size_poster": 0.9257759784075573}, "textRatio": 0.09816971713810316, "figRatio": 0.21947516693576238}, "9": {"xy": [113, 1739, 746, 136], "panel_size": 101456, "panel_aspectRatio": 5.485294117647059, "category": "Method", "figures": 0, "textlen": 5, "fig_size": 0, "title": "Models", "textRatio": 0.008319467554076539, "figRatio": 0.0}, "11": {"xy": [948, 329, 785, 1607], "panel_size": 1261495, "panel_aspectRatio": 0.4884878655880523, "category": "Method", "figures": 4, "textlen": 165, "fig_size": 597463, "title": "Algorithm", "12": {"fig_size": 82560, "fig_aspectRatio": 3.225, "fig_size_poster": 0.6573248407643312}, "13": {"fig_size": 90915, "fig_aspectRatio": 4.324137931034483, "fig_size_poster": 0.7987261146496816}, "14": {"fig_size": 210098, "fig_aspectRatio": 2.318936877076412, "fig_size_poster": 0.889171974522293}, "15": {"fig_size": 213890, "fig_aspectRatio": 2.491467576791809, "fig_size_poster": 0.9299363057324841}, "textRatio": 0.27454242928452577, "figRatio": 0.5236962005788626}, "20": {"xy": [1799, 330, 763, 295], "panel_size": 225085, "panel_aspectRatio": 2.5864406779661016, "category": "Result", "figures": 1, "textlen": 19, "fig_size": 97065, "title": "Results for Semi-Supervised EM", "21": {"fig_size": 97065, "fig_aspectRatio": 5.325925925925926, "fig_size_poster": 0.9423328964613368}, "textRatio": 0.03161397670549085, "figRatio": 0.08508070241870593}, "24": {"xy": [1796, 633, 768, 589], "panel_size": 452352, "panel_aspectRatio": 1.303904923599321, "category": "Result", "figures": 1, "textlen": 83, "fig_size": 124600, "title": "Weak Supervision:Label training data using labeling api from snorkel", "25": {"fig_size": 124600, "fig_aspectRatio": 4.0685714285714285, "fig_size_poster": 0.9270833333333334}, "textRatio": 0.13810316139767054, "figRatio": 0.10921604616876071}, "29": {"xy": [1806, 1230, 752, 627], "panel_size": 471504, "panel_aspectRatio": 1.1993620414673045, "category": "Discussion", "figures": 1, "textlen": 89, "fig_size": 71340, "title": "Model Accuracy and Discussion", "30": {"fig_size": 71340, "fig_aspectRatio": 2.3563218390804597, "fig_size_poster": 0.5452127659574468}, "textRatio": 0.1480865224625624, "figRatio": 0.06253188389790841}}}