{"poster_size": 8957952, "doclen": 557, "figlen": 1511368, "section": {"1": {"xy": [782, 16, 1942, 217], "panel_size": 421414, "panel_aspectRatio": 8.949308755760368, "category": "Title", "figures": 0, "textlen": 0, "fig_size": 0, "title": "Combining PPO and Evolutionary Strategies for Better Policy Optimization", "textRatio": 0.0, "figRatio": 0.0}, "2": {"xy": [52, 453, 815, 529], "panel_size": 431135, "panel_aspectRatio": 1.5406427221172023, "category": "Introduction", "figures": 0, "textlen": 40, "fig_size": 0, "title": "Objective", "textRatio": 0.0718132854578097, "figRatio": 0.0}, "4": {"xy": [18, 991, 853, 1574], "panel_size": 1342622, "panel_aspectRatio": 0.5419313850063533, "category": "Introduction", "figures": 4, "textlen": 129, "fig_size": 197332, "title": "Background", "6": {"fig_size": 99792, "fig_aspectRatio": 2.5454545454545454, "fig_size_poster": 0.5908558030480656}, "8": {"fig_size": 22570, "fig_aspectRatio": 6.065573770491803, "fig_size_poster": 0.43376318874560377}, "10": {"fig_size": 21518, "fig_aspectRatio": 7.660377358490566, "fig_size_poster": 0.47596717467760846}, "12": {"fig_size": 53452, "fig_aspectRatio": 6.315217391304348, "fig_size_poster": 0.6811254396248535}, "textRatio": 0.23159784560143626, "figRatio": 0.1305651568645095}, "15": {"xy": [887, 451, 819, 1031], "panel_size": 844389, "panel_aspectRatio": 0.7943743937924346, "category": "Method", "figures": 3, "textlen": 54, "fig_size": 156631, "title": "Methods", "17": {"fig_size": 120800, "fig_aspectRatio": 1.3245033112582782, "fig_size_poster": 0.4884004884004884}, "19": {"fig_size": 21663, "fig_aspectRatio": 3.144578313253012, "fig_size_poster": 0.31868131868131866}, "22": {"fig_size": 14168, "fig_aspectRatio": 7.318181818181818, "fig_size_poster": 0.39316239316239315}, "textRatio": 0.09694793536804308, "figRatio": 0.10363524965461754}, "25": {"xy": [887, 1492, 830, 1092], "panel_size": 906360, "panel_aspectRatio": 0.76007326007326, "category": "Method", "figures": 2, "textlen": 81, "fig_size": 203725, "title": "Environments", "26": {"fig_size": 97788, "fig_aspectRatio": 1.2384341637010676, "fig_size_poster": 0.41927710843373495}, "27": {"fig_size": 105937, "fig_aspectRatio": 1.3416370106761566, "fig_size_poster": 0.4542168674698795}, "textRatio": 0.14542190305206462, "figRatio": 0.13479509953896074}, "30": {"xy": [1731, 455, 819, 835], "panel_size": 683865, "panel_aspectRatio": 0.9808383233532935, "category": "Method", "figures": 3, "textlen": 48, "fig_size": 81984, "title": "Architecture Details", "32": {"fig_size": 18050, "fig_aspectRatio": 7.22, "fig_size_poster": 0.44078144078144077}, "34": {"fig_size": 31906, "fig_aspectRatio": 11.358490566037736, "fig_size_poster": 0.7350427350427351}, "35": {"fig_size": 32028, "fig_aspectRatio": 12.313725490196079, "fig_size_poster": 0.7667887667887668}, "textRatio": 0.08617594254937164, "figRatio": 0.05424489601473632}, "37": {"xy": [1741, 1303, 788, 1276], "panel_size": 1005488, "panel_aspectRatio": 0.6175548589341693, "category": "Result", "figures": 10, "textlen": 9, "fig_size": 673900, "title": "Results", "38": {"fig_size": 57825, "fig_aspectRatio": 1.1422222222222222, "fig_size_poster": 0.32614213197969544}, "39": {"fig_size": 78075, "fig_aspectRatio": 1.5422222222222222, "fig_size_poster": 0.4403553299492386}, "40": {"fig_size": 58850, "fig_aspectRatio": 1.2850467289719627, "fig_size_poster": 0.3489847715736041}, "41": {"fig_size": 75993, "fig_aspectRatio": 1.5844748858447488, "fig_size_poster": 0.4403553299492386}, "42": {"fig_size": 61040, "fig_aspectRatio": 1.2844036697247707, "fig_size_poster": 0.3553299492385787}, "43": {"fig_size": 73563, "fig_aspectRatio": 1.5622119815668203, "fig_size_poster": 0.4302030456852792}, "44": {"fig_size": 61128, "fig_aspectRatio": 1.3101851851851851, "fig_size_poster": 0.35913705583756345}, "45": {"fig_size": 72974, "fig_aspectRatio": 1.5934579439252337, "fig_size_poster": 0.43274111675126903}, "46": {"fig_size": 61204, "fig_aspectRatio": 1.3364485981308412, "fig_size_poster": 0.3629441624365482}, "47": {"fig_size": 73248, "fig_aspectRatio": 1.5412844036697249, "fig_size_poster": 0.4263959390862944}, "textRatio": 0.01615798922800718, "figRatio": 0.4458874344302645}, "49": {"xy": [2640, 441, 725, 378], "panel_size": 274050, "panel_aspectRatio": 1.917989417989418, "category": "Result", "figures": 1, "textlen": 9, "fig_size": 197796, "title": "Results", "50": {"fig_size": 197796, "fig_aspectRatio": 2.045016077170418, "fig_size_poster": 0.8772413793103448}, "textRatio": 0.01615798922800718, "figRatio": 0.13087216349691141}, "52": {"xy": [2579, 830, 852, 1045], "panel_size": 890340, "panel_aspectRatio": 0.815311004784689, "category": "Discussion", "figures": 0, "textlen": 139, "fig_size": 0, "title": "Discussion", "textRatio": 0.2495511669658887, "figRatio": 0.0}, "54": {"xy": [2576, 1882, 868, 532], "panel_size": 461776, "panel_aspectRatio": 1.631578947368421, "category": "Discussion", "figures": 0, "textlen": 48, "fig_size": 0, "title": "Future Directions", "textRatio": 0.08617594254937164, "figRatio": 0.0}}}