{"poster_size": 3110400, "doclen": 448, "figlen": 702402, "section": {"1": {"xy": [438, 18, 1316, 62], "panel_size": 81592, "panel_aspectRatio": 21.225806451612904, "category": "Title", "figures": 0, "textlen": 0, "fig_size": 0, "title": "Weak Supervision in the Age of Transfer Learning for NLP", "textRatio": 0.0, "figRatio": 0.0}, "2": {"xy": [71, 196, 672, 380], "panel_size": 255360, "panel_aspectRatio": 1.768421052631579, "category": "Introduction", "figures": 0, "textlen": 68, "fig_size": 0, "title": "Problem", "textRatio": 0.15178571428571427, "figRatio": 0.0}, "4": {"xy": [80, 603, 640, 784], "panel_size": 501760, "panel_aspectRatio": 0.8163265306122449, "category": "Method", "figures": 1, "textlen": 78, "fig_size": 171900, "title": "Approach:Weak Label Generation", "5": {"fig_size": 171900, "fig_aspectRatio": 1.91, "fig_size_poster": 0.8953125}, "textRatio": 0.17410714285714285, "figRatio": 0.24473164939735365}, "8": {"xy": [751, 172, 655, 326], "panel_size": 213530, "panel_aspectRatio": 2.0092024539877302, "category": "Method", "figures": 1, "textlen": 36, "fig_size": 74169, "title": "Data Collection & Preprocessing", "9": {"fig_size": 74169, "fig_aspectRatio": 4.902439024390244, "fig_size_poster": 0.9206106870229007}, "textRatio": 0.08035714285714286, "figRatio": 0.10559337815097337}, "11": {"xy": [760, 521, 645, 469], "panel_size": 302505, "panel_aspectRatio": 1.3752665245202558, "category": "Method", "figures": 1, "textlen": 62, "fig_size": 113928, "title": "Weak Label Data", "13": {"fig_size": 113928, "fig_aspectRatio": 3.223404255319149, "fig_size_poster": 0.9395348837209302}, "textRatio": 0.13839285714285715, "figRatio": 0.16219771583793896}, "16": {"xy": [751, 1001, 634, 392], "panel_size": 248528, "panel_aspectRatio": 1.6173469387755102, "category": "Method", "figures": 2, "textlen": 31, "fig_size": 117466, "title": "Models&Experiments", "17": {"fig_size": 63433, "fig_aspectRatio": 1.2096069868995634, "fig_size_poster": 0.43690851735015773}, "18": {"fig_size": 54033, "fig_aspectRatio": 6.247311827956989, "fig_size_poster": 0.916403785488959}, "textRatio": 0.06919642857142858, "figRatio": 0.16723471744100957}, "21": {"xy": [1446, 189, 634, 507], "panel_size": 321438, "panel_aspectRatio": 1.2504930966469427, "category": "Result", "figures": 3, "textlen": 10, "fig_size": 224939, "title": "Results", "22": {"fig_size": 126198, "fig_aspectRatio": 2.0853658536585367, "fig_size_poster": 0.8091482649842271}, "23": {"fig_size": 53109, "fig_aspectRatio": 1.4867724867724867, "fig_size_poster": 0.443217665615142}, "24": {"fig_size": 45632, "fig_aspectRatio": 1.3478260869565217, "fig_size_poster": 0.3911671924290221}, "textRatio": 0.022321428571428572, "figRatio": 0.32024253917272444}, "26": {"xy": [1437, 720, 646, 501], "panel_size": 323646, "panel_aspectRatio": 1.2894211576846308, "category": "Discussion", "figures": 0, "textlen": 163, "fig_size": 0, "title": "Discussion", "textRatio": 0.3638392857142857, "figRatio": 0.0}}}