{"poster_size": 4478976, "doclen": 565, "figlen": 909004, "section": {"1": {"xy": [329, 24, 1945, 85], "panel_size": 165325, "panel_aspectRatio": 22.88235294117647, "category": "Title", "figures": 0, "textlen": 0, "fig_size": 0, "title": "3D Position Estimation Using Recursive Neura Networks", "textRatio": 0.0, "figRatio": 0.0}, "2": {"xy": [32, 212, 789, 341], "panel_size": 269049, "panel_aspectRatio": 2.313782991202346, "category": "Introduction", "figures": 0, "textlen": 93, "fig_size": 0, "title": "Problem Statement", "textRatio": 0.16460176991150444, "figRatio": 0.0}, "3": {"xy": [44, 562, 792, 1074], "panel_size": 850608, "panel_aspectRatio": 0.7374301675977654, "category": "Method", "figures": 1, "textlen": 175, "fig_size": 301455, "title": "Data", "10": {"fig_size": 301455, "fig_aspectRatio": 2.033766233766234, "fig_size_poster": 0.9886363636363636}, "textRatio": 0.30973451327433627, "figRatio": 0.3316322040387061}, "4": {"xy": [898, 219, 808, 734], "panel_size": 593072, "panel_aspectRatio": 1.1008174386920981, "category": "Method", "figures": 0, "textlen": 87, "fig_size": 0, "title": "Implementation", "textRatio": 0.15398230088495576, "figRatio": 0.0}, "5": {"xy": [892, 958, 811, 299], "panel_size": 242489, "panel_aspectRatio": 2.7123745819397995, "category": "Discussion", "figures": 0, "textlen": 72, "fig_size": 0, "title": "Future", "textRatio": 0.12743362831858407, "figRatio": 0.0}, "6": {"xy": [1767, 214, 816, 854], "panel_size": 696864, "panel_aspectRatio": 0.955503512880562, "category": "Result", "figures": 2, "textlen": 32, "fig_size": 494253, "title": "Results", "15": {"fig_size": 217581, "fig_aspectRatio": 2.9194139194139193, "fig_size_poster": 0.9767156862745098}, "16": {"fig_size": 276672, "fig_aspectRatio": 2.2329545454545454, "fig_size_poster": 0.9632352941176471}, "textRatio": 0.05663716814159292, "figRatio": 0.5437302806148268}, "7": {"xy": [1758, 1082, 809, 548], "panel_size": 443332, "panel_aspectRatio": 1.4762773722627738, "category": "Discussion", "figures": 1, "textlen": 106, "fig_size": 113296, "title": "Discussion", "20": {"fig_size": 113296, "fig_aspectRatio": 1.3287671232876712, "fig_size_poster": 0.4796044499381953}, "textRatio": 0.18761061946902655, "figRatio": 0.12463751534646712}}}