{"poster_size": 3110400, "doclen": 197, "figlen": 1239596, "section": {"1": {"xy": [473, 15, 1222, 85], "panel_size": 103870, "panel_aspectRatio": 14.376470588235295, "category": "Title", "figures": 0, "textlen": 0, "fig_size": 0, "title": "Predicting Perfume Rate and Popularity", "textRatio": 0.0, "figRatio": 0.0}, "2": {"xy": [20, 168, 773, 794], "panel_size": 613762, "panel_aspectRatio": 0.9735516372795969, "category": "Introduction", "figures": 1, "textlen": 33, "fig_size": 359250, "title": "Introduction", "4": {"fig_size": 359250, "fig_aspectRatio": 1.5657620041753653, "fig_size_poster": 0.9702457956015524}, "textRatio": 0.16751269035532995, "figRatio": 0.2898121646084692}, "5": {"xy": [802, 170, 1332, 794], "panel_size": 1057608, "panel_aspectRatio": 1.6775818639798488, "category": "Method", "figures": 4, "textlen": 49, "fig_size": 634550, "title": "Methodogy", "9": {"fig_size": 112066, "fig_aspectRatio": 1.4927007299270072, "fig_size_poster": 0.30705705705705705}, "11": {"fig_size": 111925, "fig_aspectRatio": 1.48, "fig_size_poster": 0.3055555555555556}, "12": {"fig_size": 125511, "fig_aspectRatio": 1.2180685358255452, "fig_size_poster": 0.29354354354354356}, "13": {"fig_size": 285048, "fig_aspectRatio": 2.7663551401869158, "fig_size_poster": 0.6666666666666666}, "textRatio": 0.24873096446700507, "figRatio": 0.5119006515025863}, "15": {"xy": [16, 975, 957, 438], "panel_size": 419166, "panel_aspectRatio": 2.184931506849315, "category": "Method", "figures": 0, "textlen": 90, "fig_size": 0, "title": "Data", "textRatio": 0.45685279187817257, "figRatio": 0.0}, "17": {"xy": [989, 969, 1152, 434], "panel_size": 499968, "panel_aspectRatio": 2.654377880184332, "category": "Result", "figures": 2, "textlen": 25, "fig_size": 245796, "title": "Results and Analysis", "18": {"fig_size": 111072, "fig_aspectRatio": 1.141025641025641, "fig_size_poster": 0.3090277777777778}, "20": {"fig_size": 134724, "fig_aspectRatio": 1.2599388379204892, "fig_size_poster": 0.3576388888888889}, "textRatio": 0.12690355329949238, "figRatio": 0.19828718388894445}}}