{"poster_size": 9020796, "doclen": 596, "figlen": 1772280, "section": {"1": {"xy": [683, 107, 1464, 181], "panel_size": 264984, "panel_aspectRatio": 8.088397790055248, "category": "Title", "figures": 0, "textlen": 0, "fig_size": 0, "title": "Direct energy estimation for waveforms produced by the EXO-200 detector", "textRatio": 0.0, "figRatio": 0.0}, "2": {"xy": [205, 488, 1116, 271], "panel_size": 302436, "panel_aspectRatio": 4.118081180811808, "category": "Introduction", "figures": 0, "textlen": 76, "fig_size": 0, "title": "Abstract", "textRatio": 0.12751677852348994, "figRatio": 0.0}, "4": {"xy": [200, 779, 1119, 1118], "panel_size": 1251042, "panel_aspectRatio": 1.0008944543828264, "category": "Method", "figures": 4, "textlen": 160, "fig_size": 440901, "title": "The EXO-200 detector", "6": {"fig_size": 111070, "fig_aspectRatio": 1.3206896551724139, "fig_size_poster": 0.34226988382484363}, "7": {"fig_size": 64515, "fig_aspectRatio": 0.9921568627450981, "fig_size_poster": 0.22609472743521}, "8": {"fig_size": 62744, "fig_aspectRatio": 1.0201612903225807, "fig_size_poster": 0.22609472743521}, "10": {"fig_size": 202572, "fig_aspectRatio": 1.848942598187311, "fig_size_poster": 0.546916890080429}, "textRatio": 0.2684563758389262, "figRatio": 0.24877615275238676}, "11": {"xy": [191, 1919, 1121, 557], "panel_size": 624397, "panel_aspectRatio": 2.012567324955117, "category": "Method", "figures": 2, "textlen": 57, "fig_size": 274586, "title": "Pulse shape templates", "13": {"fig_size": 130820, "fig_aspectRatio": 1.3612903225806452, "fig_size_poster": 0.37644959857270294}, "14": {"fig_size": 143766, "fig_aspectRatio": 1.352760736196319, "fig_size_poster": 0.39339875111507583}, "textRatio": 0.09563758389261745, "figRatio": 0.15493375764551875}, "15": {"xy": [195, 2498, 1133, 495], "panel_size": 560835, "panel_aspectRatio": 2.2888888888888888, "category": "Method", "figures": 1, "textlen": 45, "fig_size": 132038, "title": "Optimal filters", "17": {"fig_size": 132038, "fig_aspectRatio": 2.883177570093458, "fig_size_poster": 0.5445719329214475}, "textRatio": 0.07550335570469799, "figRatio": 0.07450177172907216}, "18": {"xy": [1341, 486, 1161, 683], "panel_size": 792963, "panel_aspectRatio": 1.6998535871156661, "category": "Method", "figures": 1, "textlen": 49, "fig_size": 270748, "title": "Template amplitude space", "20": {"fig_size": 270748, "fig_aspectRatio": 1.325221238938053, "fig_size_poster": 0.5159345391903531}, "textRatio": 0.08221476510067115, "figRatio": 0.15276818561401134}, "21": {"xy": [1341, 1181, 1168, 683], "panel_size": 797744, "panel_aspectRatio": 1.7101024890190337, "category": "Method", "figures": 1, "textlen": 59, "fig_size": 251850, "title": "Boosted regression tree", "23": {"fig_size": 251850, "fig_aspectRatio": 1.312785388127854, "fig_size_poster": 0.4922945205479452}, "textRatio": 0.09899328859060402, "figRatio": 0.14210508497528607}, "24": {"xy": [1343, 1884, 1157, 742], "panel_size": 858494, "panel_aspectRatio": 1.559299191374663, "category": "Method", "figures": 2, "textlen": 106, "fig_size": 402157, "title": "Energy prediction", "26": {"fig_size": 180104, "fig_aspectRatio": 1.273936170212766, "fig_size_poster": 0.4140017286084702}, "27": {"fig_size": 222053, "fig_aspectRatio": 1.5623342175066313, "fig_size_poster": 0.5090751944684528}, "textRatio": 0.17785234899328858, "figRatio": 0.2269150472837249}, "28": {"xy": [1341, 2662, 1180, 300], "panel_size": 354000, "panel_aspectRatio": 3.933333333333333, "category": "Result", "figures": 0, "textlen": 44, "fig_size": 0, "title": "Outlook: comprison to conventional analysis.", "textRatio": 0.0738255033557047, "figRatio": 0.0}}}