{"poster_size": 7838208, "doclen": 468, "figlen": 749427, "section": {"0": {"xy": [743, 71, 1637, 140], "panel_size": 229180, "panel_aspectRatio": 11.692857142857143, "category": "Title", "figures": 0, "textlen": 0, "fig_size": 0, "title": "Classification of Trash for Recyclability Status", "textRatio": 0.0, "figRatio": 0.0}, "1": {"xy": [41, 463, 948, 428], "panel_size": 405744, "panel_aspectRatio": 2.2149532710280373, "category": "Introduction", "figures": 0, "textlen": 44, "fig_size": 0, "title": "Problem", "textRatio": 0.09401709401709402, "figRatio": 0.0}, "4": {"xy": [45, 905, 940, 943], "panel_size": 886420, "panel_aspectRatio": 0.9968186638388123, "category": "Method", "figures": 6, "textlen": 36, "fig_size": 367743, "title": "Data Collection & Dataset", "6": {"fig_size": 51759, "fig_aspectRatio": 1.1408450704225352, "fig_size_poster": 0.25851063829787235}, "8": {"fig_size": 60912, "fig_aspectRatio": 1.3055555555555556, "fig_size_poster": 0.3}, "10": {"fig_size": 62920, "fig_aspectRatio": 1.3, "fig_size_poster": 0.30425531914893617}, "12": {"fig_size": 65700, "fig_aspectRatio": 1.2977777777777777, "fig_size_poster": 0.31063829787234043}, "14": {"fig_size": 64824, "fig_aspectRatio": 1.3153153153153154, "fig_size_poster": 0.31063829787234043}, "16": {"fig_size": 61628, "fig_aspectRatio": 1.3087557603686637, "fig_size_poster": 0.3021276595744681}, "textRatio": 0.07692307692307693, "figRatio": 0.4906988939549816}, "19": {"xy": [41, 1853, 936, 738], "panel_size": 690768, "panel_aspectRatio": 1.2682926829268293, "category": "Method", "figures": 1, "textlen": 51, "fig_size": 129504, "title": "Models", "21": {"fig_size": 129504, "fig_aspectRatio": 2.8544600938967135, "fig_size_poster": 0.6495726495726496}, "textRatio": 0.10897435897435898, "figRatio": 0.17280402227301658}, "22": {"xy": [1028, 464, 920, 944], "panel_size": 868480, "panel_aspectRatio": 0.9745762711864406, "category": "Method", "figures": 0, "textlen": 106, "fig_size": 0, "title": "Models", "textRatio": 0.2264957264957265, "figRatio": 0.0}, "24": {"xy": [1033, 1416, 943, 609], "panel_size": 574287, "panel_aspectRatio": 1.548440065681445, "category": "Result", "figures": 0, "textlen": 60, "fig_size": 0, "title": "Initial Results", "textRatio": 0.1282051282051282, "figRatio": 0.0}, "26": {"xy": [1045, 2028, 945, 554], "panel_size": 523530, "panel_aspectRatio": 1.7057761732851986, "category": "Title", "figures": 0, "textlen": 64, "fig_size": 0, "title": "Further Results", "textRatio": 0.13675213675213677, "figRatio": 0.0}, "28": {"xy": [2031, 422, 956, 289], "panel_size": 276284, "panel_aspectRatio": 3.3079584775086506, "category": "Result", "figures": 1, "textlen": 0, "fig_size": 252180, "title": "Further Results", "29": {"fig_size": 252180, "fig_aspectRatio": 3.4592592592592593, "fig_size_poster": 0.9769874476987448}, "textRatio": 0.0, "figRatio": 0.3364970837720018}, "30": {"xy": [2029, 727, 953, 663], "panel_size": 631839, "panel_aspectRatio": 1.4374057315233786, "category": "Discussion", "figures": 0, "textlen": 68, "fig_size": 0, "title": "Discussion", "textRatio": 0.1452991452991453, "figRatio": 0.0}, "32": {"xy": [2035, 1397, 942, 373], "panel_size": 351366, "panel_aspectRatio": 2.525469168900804, "category": "Discussion", "figures": 0, "textlen": 39, "fig_size": 0, "title": "Future Work", "textRatio": 0.08333333333333333, "figRatio": 0.0}}}