{"poster_size": 3499200, "doclen": 329, "figlen": 813914, "section": {"1": {"xy": [380, 83, 1347, 141], "panel_size": 189927, "panel_aspectRatio": 9.553191489361701, "category": "Title", "figures": 0, "textlen": 0, "fig_size": 0, "title": "TL;DR: Learning Long Term Dependencies with\nDeep Logarithmic Residual LSTMs", "textRatio": 0.0, "figRatio": 0.0}, "2": {"xy": [88, 285, 581, 464], "panel_size": 269584, "panel_aspectRatio": 1.2521551724137931, "category": "Introduction", "figures": 0, "textlen": 78, "fig_size": 0, "title": "Abstract", "textRatio": 0.23708206686930092, "figRatio": 0.0}, "4": {"xy": [84, 764, 573, 244], "panel_size": 139812, "panel_aspectRatio": 2.348360655737705, "category": "Method", "figures": 1, "textlen": 12, "fig_size": 34340, "title": "Motivation", "6": {"fig_size": 34340, "fig_aspectRatio": 4.752941176470588, "fig_size_poster": 0.7050610820244329}, "textRatio": 0.0364741641337386, "figRatio": 0.04219118973257617}, "7": {"xy": [80, 1014, 585, 527], "panel_size": 308295, "panel_aspectRatio": 1.110056925996205, "category": "Method", "figures": 3, "textlen": 51, "fig_size": 62290, "title": "Architecture", "9": {"fig_size": 24464, "fig_aspectRatio": 12.636363636363637, "fig_size_poster": 0.9504273504273504}, "11": {"fig_size": 20300, "fig_aspectRatio": 6.0344827586206895, "fig_size_poster": 0.5982905982905983}, "13": {"fig_size": 17526, "fig_aspectRatio": 8.282608695652174, "fig_size_poster": 0.6512820512820513}, "textRatio": 0.15501519756838905, "figRatio": 0.07653142715323732}, "14": {"xy": [671, 279, 796, 639], "panel_size": 508644, "panel_aspectRatio": 1.245696400625978, "category": "Method", "figures": 1, "textlen": 0, "fig_size": 480000, "title": "", "15": {"fig_size": 480000, "fig_aspectRatio": 1.2288, "fig_size_poster": 0.964824120603015}, "textRatio": 0.0, "figRatio": 0.5897428966696727}, "16": {"xy": [682, 949, 741, 565], "panel_size": 418665, "panel_aspectRatio": 1.311504424778761, "category": "Result", "figures": 0, "textlen": 75, "fig_size": 0, "title": "Experiments", "textRatio": 0.22796352583586627, "figRatio": 0.0}, "18": {"xy": [1484, 301, 602, 836], "panel_size": 503272, "panel_aspectRatio": 0.7200956937799043, "category": "Result", "figures": 1, "textlen": 61, "fig_size": 237284, "title": "", "22": {"fig_size": 237284, "fig_aspectRatio": 1.2655889145496535, "fig_size_poster": 0.9102990033222591}, "textRatio": 0.18541033434650456, "figRatio": 0.2915344864445138}, "23": {"xy": [1473, 1156, 598, 160], "panel_size": 95680, "panel_aspectRatio": 3.7375, "category": "Discussion", "figures": 0, "textlen": 25, "fig_size": 0, "title": "Conclusions", "textRatio": 0.07598784194528875, "figRatio": 0.0}, "25": {"xy": [1480, 1318, 606, 225], "panel_size": 136350, "panel_aspectRatio": 2.6933333333333334, "category": "Discussion", "figures": 0, "textlen": 27, "fig_size": 0, "title": "Future Works", "textRatio": 0.08206686930091185, "figRatio": 0.0}}}