{"poster_size": 4478976, "doclen": 223, "figlen": 1441729, "section": {"1": {"xy": [696, 32, 1440, 100], "panel_size": 144000, "panel_aspectRatio": 14.4, "category": "Title", "figures": 0, "textlen": 0, "fig_size": 0, "title": "Real-Time Image Style Transfer", "textRatio": 0.0, "figRatio": 0.0}, "2": {"xy": [32, 283, 844, 247], "panel_size": 208468, "panel_aspectRatio": 3.417004048582996, "category": "Introduction", "figures": 0, "textlen": 38, "fig_size": 0, "title": "Motivation\n", "textRatio": 0.17040358744394618, "figRatio": 0.0}, "4": {"xy": [39, 557, 844, 851], "panel_size": 718244, "panel_aspectRatio": 0.9917743830787309, "category": "Method", "figures": 7, "textlen": 32, "fig_size": 398507, "title": "Model", "6": {"fig_size": 37576, "fig_aspectRatio": 6.337662337662338, "fig_size_poster": 0.5781990521327014}, "7": {"fig_size": 12826, "fig_aspectRatio": 4.566037735849057, "fig_size_poster": 0.28672985781990523}, "8": {"fig_size": 113906, "fig_aspectRatio": 3.9881656804733727, "fig_size_poster": 0.7985781990521327}, "10": {"fig_size": 26145, "fig_aspectRatio": 12.911111111111111, "fig_size_poster": 0.6883886255924171}, "12": {"fig_size": 23746, "fig_aspectRatio": 6.17741935483871, "fig_size_poster": 0.4537914691943128}, "14": {"fig_size": 161200, "fig_aspectRatio": 4.03, "fig_size_poster": 0.9549763033175356}, "15": {"fig_size": 23108, "fig_aspectRatio": 8.226415094339623, "fig_size_poster": 0.5165876777251185}, "textRatio": 0.14349775784753363, "figRatio": 0.27640908936422864}, "21": {"xy": [31, 1428, 843, 269], "panel_size": 226767, "panel_aspectRatio": 3.133828996282528, "category": "Method", "figures": 0, "textlen": 41, "fig_size": 0, "title": "Training Details", "textRatio": 0.18385650224215247, "figRatio": 0.0}, "23": {"xy": [911, 282, 1036, 1420], "panel_size": 1471120, "panel_aspectRatio": 0.7295774647887324, "category": "Result", "figures": 4, "textlen": 14, "fig_size": 1043222, "title": "Results", "25": {"fig_size": 485560, "fig_aspectRatio": 2.0389344262295084, "fig_size_poster": 0.9604247104247104}, "30": {"fig_size": 189224, "fig_aspectRatio": 3.0766129032258065, "fig_size_poster": 0.7364864864864865}, "31": {"fig_size": 185760, "fig_aspectRatio": 3.225, "fig_size_poster": 0.747104247104247}, "32": {"fig_size": 182678, "fig_aspectRatio": 3.145228215767635, "fig_size_poster": 0.7316602316602316}, "textRatio": 0.06278026905829596, "figRatio": 0.7235909106357713}, "33": {"xy": [1981, 275, 589, 491], "panel_size": 289199, "panel_aspectRatio": 1.19959266802444, "category": "Discussion", "figures": 0, "textlen": 63, "fig_size": 0, "title": "Discussion", "textRatio": 0.2825112107623318, "figRatio": 0.0}, "35": {"xy": [1982, 797, 577, 341], "panel_size": 196757, "panel_aspectRatio": 1.6920821114369502, "category": "Discussion", "figures": 0, "textlen": 35, "fig_size": 0, "title": "Future Plans ", "textRatio": 0.15695067264573992, "figRatio": 0.0}}}