{"poster_size": 4478976, "doclen": 333, "figlen": 1822497, "section": {"1": {"xy": [564, 32, 1471, 93], "panel_size": 136803, "panel_aspectRatio": 15.817204301075268, "category": "Title", "figures": 0, "textlen": 0, "fig_size": 0, "title": "Topic Retrieval and Articles Recommendation", "textRatio": 0.0, "figRatio": 0.0}, "2": {"xy": [20, 238, 883, 563], "panel_size": 497129, "panel_aspectRatio": 1.5683836589698046, "category": "Introduction", "figures": 2, "textlen": 53, "fig_size": 245820, "title": "Motivation\n", "4": {"fig_size": 119805, "fig_aspectRatio": 5.54421768707483, "fig_size_poster": 0.9229898074745186}, "6": {"fig_size": 126015, "fig_aspectRatio": 5.245161290322581, "fig_size_poster": 0.9207248018120046}, "textRatio": 0.15915915915915915, "figRatio": 0.13488088046235466}, "8": {"xy": [22, 814, 878, 892], "panel_size": 783176, "panel_aspectRatio": 0.984304932735426, "category": "Method", "figures": 2, "textlen": 155, "fig_size": 106088, "title": "Data & Preprocessing", "10": {"fig_size": 91016, "fig_aspectRatio": 5.919354838709677, "fig_size_poster": 0.835990888382688}, "12": {"fig_size": 15072, "fig_aspectRatio": 6.541666666666667, "fig_size_poster": 0.357630979498861}, "textRatio": 0.46546546546546547, "figRatio": 0.05821024671096852}, "15": {"xy": [924, 235, 812, 1456], "panel_size": 1182272, "panel_aspectRatio": 0.5576923076923077, "category": "Method", "figures": 2, "textlen": 69, "fig_size": 716043, "title": "Methodology", "17": {"fig_size": 206934, "fig_aspectRatio": 2.7765567765567765, "fig_size_poster": 0.9334975369458128}, "18": {"fig_size": 509109, "fig_aspectRatio": 1.1375186846038865, "fig_size_poster": 0.937192118226601}, "textRatio": 0.2072072072072072, "figRatio": 0.3928911817138794}, "20": {"xy": [1752, 239, 821, 1452], "panel_size": 1192092, "panel_aspectRatio": 0.5654269972451791, "category": "Result", "figures": 4, "textlen": 56, "fig_size": 754546, "title": "Results", "22": {"fig_size": 122460, "fig_aspectRatio": 3.2205128205128206, "fig_size_poster": 0.7649208282582217}, "24": {"fig_size": 196112, "fig_aspectRatio": 2.650735294117647, "fig_size_poster": 0.8781973203410475}, "26": {"fig_size": 236694, "fig_aspectRatio": 2.4789644012944985, "fig_size_poster": 0.9330085261875761}, "29": {"fig_size": 199280, "fig_aspectRatio": 2.8377358490566036, "fig_size_poster": 0.9159561510353228}, "textRatio": 0.16816816816816818, "figRatio": 0.41401769111279746}}}