{"poster_size": 5598720, "doclen": 276, "figlen": 2870866, "section": {"1": {"xy": [49, 24, 1720, 76], "panel_size": 130720, "panel_aspectRatio": 22.63157894736842, "category": "Title", "figures": 0, "textlen": 0, "fig_size": 0, "title": "Evaluating Autoencoder Methods for Building a Molecule Graph Autoencoder", "textRatio": 0.0, "figRatio": 0.0}, "2": {"xy": [47, 301, 1140, 945], "panel_size": 1077300, "panel_aspectRatio": 1.2063492063492063, "category": "Introduction", "figures": 1, "textlen": 70, "fig_size": 642219, "title": "MOTIVATION\n", "4": {"fig_size": 642219, "fig_aspectRatio": 1.8263069139966273, "fig_size_poster": 0.95}, "textRatio": 0.2536231884057971, "figRatio": 0.22370218603027797}, "5": {"xy": [1194, 317, 1374, 918], "panel_size": 1261332, "panel_aspectRatio": 1.4967320261437909, "category": "Method", "figures": 3, "textlen": 49, "fig_size": 959311, "title": "Dataset And Graph Autooencoding Methods", "7": {"fig_size": 352260, "fig_aspectRatio": 1.0842105263157895, "fig_size_poster": 0.4497816593886463}, "8": {"fig_size": 346801, "fig_aspectRatio": 1.498960498960499, "fig_size_poster": 0.524745269286754}, "9": {"fig_size": 260250, "fig_aspectRatio": 2.161383285302594, "fig_size_poster": 0.5458515283842795}, "textRatio": 0.17753623188405798, "figRatio": 0.33415387552048753}, "10": {"xy": [54, 1252, 1674, 907], "panel_size": 1518318, "panel_aspectRatio": 1.8456449834619626, "category": "Result", "figures": 6, "textlen": 0, "fig_size": 1269336, "title": "EXPERIMENTS AND RESULTS", "11": {"fig_size": 172327, "fig_aspectRatio": 1.1388174807197944, "fig_size_poster": 0.26463560334528075}, "12": {"fig_size": 125965, "fig_aspectRatio": 1.4474576271186441, "fig_size_poster": 0.25507765830346474}, "13": {"fig_size": 212796, "fig_aspectRatio": 1.2415458937198067, "fig_size_poster": 0.3070489844683393}, "14": {"fig_size": 253128, "fig_aspectRatio": 1.5979899497487438, "fig_size_poster": 0.37992831541218636}, "15": {"fig_size": 322848, "fig_aspectRatio": 1.4491525423728813, "fig_size_poster": 0.40860215053763443}, "16": {"fig_size": 182272, "fig_aspectRatio": 1.4382022471910112, "fig_size_poster": 0.3058542413381123}, "textRatio": 0.0, "figRatio": 0.4421439384492345}, "19": {"xy": [1742, 1255, 815, 658], "panel_size": 536270, "panel_aspectRatio": 1.2386018237082066, "category": "Discussion", "figures": 0, "textlen": 157, "fig_size": 0, "title": "OUTCOMES AND NEXT STEPS\n", "textRatio": 0.5688405797101449, "figRatio": 0.0}}}