{"poster_size": 4478976, "doclen": 280, "figlen": 1107633, "section": {"1": {"xy": [677, 33, 1286, 93], "panel_size": 119598, "panel_aspectRatio": 13.827956989247312, "category": "Title", "figures": 0, "textlen": 0, "fig_size": 0, "title": "Loanliness: Predicting Loan Repayment Ability", "textRatio": 0.0, "figRatio": 0.0}, "2": {"xy": [65, 305, 773, 573], "panel_size": 442929, "panel_aspectRatio": 1.3490401396160558, "category": "Introduction", "figures": 0, "textlen": 76, "fig_size": 0, "title": "Introduction", "textRatio": 0.2714285714285714, "figRatio": 0.0}, "4": {"xy": [69, 879, 762, 778], "panel_size": 592836, "panel_aspectRatio": 0.9794344473007712, "category": "Method", "figures": 0, "textlen": 101, "fig_size": 0, "title": "Data Processing", "textRatio": 0.3607142857142857, "figRatio": 0.0}, "6": {"xy": [891, 301, 778, 559], "panel_size": 434902, "panel_aspectRatio": 1.3917710196779964, "category": "Method", "figures": 0, "textlen": 62, "fig_size": 0, "title": "Models", "textRatio": 0.22142857142857142, "figRatio": 0.0}, "8": {"xy": [890, 878, 794, 809], "panel_size": 642346, "panel_aspectRatio": 0.9814585908529048, "category": "Result", "figures": 2, "textlen": 0, "fig_size": 545925, "title": "Results", "9": {"fig_size": 282285, "fig_aspectRatio": 2.073170731707317, "fig_size_poster": 0.9634760705289672}, "10": {"fig_size": 263640, "fig_aspectRatio": 2.3076923076923075, "fig_size_poster": 0.982367758186398}, "textRatio": 0.0, "figRatio": 0.49287534770090813}, "12": {"xy": [1713, 303, 872, 963], "panel_size": 839736, "panel_aspectRatio": 0.9055036344755971, "category": "Result", "figures": 3, "textlen": 0, "fig_size": 561708, "title": "Results", "13": {"fig_size": 122915, "fig_aspectRatio": 1.321311475409836, "fig_size_poster": 0.46215596330275227}, "14": {"fig_size": 192276, "fig_aspectRatio": 2.2244897959183674, "fig_size_poster": 0.75}, "15": {"fig_size": 246517, "fig_aspectRatio": 2.9515570934256057, "fig_size_poster": 0.9782110091743119}, "textRatio": 0.0, "figRatio": 0.5071246522990919}, "16": {"xy": [1716, 1276, 875, 304], "panel_size": 266000, "panel_aspectRatio": 2.8782894736842106, "category": "Discussion", "figures": 0, "textlen": 41, "fig_size": 0, "title": "Conclusion", "textRatio": 0.14642857142857144, "figRatio": 0.0}}}