{"poster_size": 4478976, "doclen": 1208, "figlen": 486082, "section": {"2": {"xy": [443, 34, 1943, 233], "panel_size": 452719, "panel_aspectRatio": 8.339055793991417, "category": "Title", "figures": 0, "textlen": 11, "fig_size": 0, "title": "Machine learning application in optimization of flexible circuit configuration", "textRatio": 0.009105960264900662, "figRatio": 0.0}, "4": {"xy": [27, 313, 358, 1250], "panel_size": 447500, "panel_aspectRatio": 0.2864, "category": "Introduction", "figures": 0, "textlen": 133, "fig_size": 0, "title": "Abstract", "textRatio": 0.11009933774834436, "figRatio": 0.0}, "6": {"xy": [399, 308, 531, 1385], "panel_size": 735435, "panel_aspectRatio": 0.38339350180505416, "category": "Introduction", "figures": 2, "textlen": 230, "fig_size": 137679, "title": "Motivation", "8": {"fig_size": 85554, "fig_aspectRatio": 2.2731958762886597, "fig_size_poster": 0.8305084745762712}, "10": {"fig_size": 52125, "fig_aspectRatio": 3.336, "fig_size_poster": 0.7853107344632768}, "textRatio": 0.19039735099337748, "figRatio": 0.2832423335980349}, "12": {"xy": [949, 319, 540, 1380], "panel_size": 745200, "panel_aspectRatio": 0.391304347826087, "category": "Method", "figures": 6, "textlen": 250, "fig_size": 194861, "title": "Supervised learning approach", "14": {"fig_size": 7911, "fig_aspectRatio": 10.851851851851851, "fig_size_poster": 0.5425925925925926}, "16": {"fig_size": 36470, "fig_aspectRatio": 7.442857142857143, "fig_size_poster": 0.9648148148148148}, "18": {"fig_size": 37872, "fig_aspectRatio": 7.305555555555555, "fig_size_poster": 0.9740740740740741}, "20": {"fig_size": 70685, "fig_aspectRatio": 1.5876777251184835, "fig_size_poster": 0.6203703703703703}, "22": {"fig_size": 19873, "fig_aspectRatio": 1.403361344537815, "fig_size_poster": 0.30925925925925923}, "23": {"fig_size": 22050, "fig_aspectRatio": 1.3888888888888888, "fig_size_poster": 0.32407407407407407}, "textRatio": 0.20695364238410596, "figRatio": 0.4008809213260314}, "24": {"xy": [1502, 315, 533, 1397], "panel_size": 744601, "panel_aspectRatio": 0.3815318539727989, "category": "Method", "figures": 4, "textlen": 275, "fig_size": 153542, "title": "Reinforcement learning approach", "26": {"fig_size": 45672, "fig_aspectRatio": 5.8977272727272725, "fig_size_poster": 0.9737335834896811}, "27": {"fig_size": 17136, "fig_aspectRatio": 6.588235294117647, "fig_size_poster": 0.6303939962476548}, "30": {"fig_size": 20034, "fig_aspectRatio": 7.132075471698113, "fig_size_poster": 0.7091932457786116}, "32": {"fig_size": 70700, "fig_aspectRatio": 2.3085714285714287, "fig_size_poster": 0.7579737335834896}, "textRatio": 0.22764900662251655, "figRatio": 0.31587674507593366}, "34": {"xy": [2060, 322, 521, 1052], "panel_size": 548092, "panel_aspectRatio": 0.49524714828897337, "category": "Discussion", "figures": 0, "textlen": 309, "fig_size": 0, "title": "Conclusion", "textRatio": 0.25579470198675497, "figRatio": 0.0}}}