{"poster_size": 4478976, "doclen": 411, "figlen": 1599967, "section": {"0": {"xy": [210, 64, 2172, 61], "panel_size": 132492, "panel_aspectRatio": 35.60655737704918, "category": "Title", "figures": 0, "textlen": 0, "fig_size": 0, "title": "Application of Machine Learning Techniques for Heart Sound Recording Classificatior", "textRatio": 0.0, "figRatio": 0.0}, "3": {"xy": [32, 208, 578, 656], "panel_size": 379168, "panel_aspectRatio": 0.8810975609756098, "category": "Introduction", "figures": 1, "textlen": 40, "fig_size": 179621, "title": "Abstract", "5": {"fig_size": 179621, "fig_aspectRatio": 1.5816023738872405, "fig_size_poster": 0.9221453287197232}, "textRatio": 0.09732360097323602, "figRatio": 0.1122654404747098}, "6": {"xy": [30, 869, 580, 394], "panel_size": 228520, "panel_aspectRatio": 1.4720812182741116, "category": "Introduction", "figures": 0, "textlen": 68, "fig_size": 0, "title": "Dataset", "textRatio": 0.1654501216545012, "figRatio": 0.0}, "8": {"xy": [32, 1276, 709, 417], "panel_size": 295653, "panel_aspectRatio": 1.7002398081534773, "category": "Method", "figures": 1, "textlen": 28, "fig_size": 143962, "title": "Data Segmentation Methodology", "10": {"fig_size": 143962, "fig_aspectRatio": 2.8185840707964602, "fig_size_poster": 0.8984485190409027}, "textRatio": 0.0681265206812652, "figRatio": 0.08997810579843209}, "11": {"xy": [615, 249, 728, 1022], "panel_size": 744016, "panel_aspectRatio": 0.7123287671232876, "category": "Result", "figures": 4, "textlen": 61, "fig_size": 481075, "title": "Data Segmentation Results", "14": {"fig_size": 133338, "fig_aspectRatio": 1.3610223642172523, "fig_size_poster": 0.5851648351648352}, "15": {"fig_size": 36904, "fig_aspectRatio": 11.767857142857142, "fig_size_poster": 0.9052197802197802}, "16": {"fig_size": 161445, "fig_aspectRatio": 3.078602620087336, "fig_size_poster": 0.9684065934065934}, "17": {"fig_size": 149388, "fig_aspectRatio": 3.3554502369668247, "fig_size_poster": 0.9725274725274725}, "textRatio": 0.14841849148418493, "figRatio": 0.3006780764853275}, "18": {"xy": [1349, 254, 659, 498], "panel_size": 328182, "panel_aspectRatio": 1.323293172690763, "category": "Method", "figures": 1, "textlen": 29, "fig_size": 165006, "title": "Overall Classification Flow", "20": {"fig_size": 165006, "fig_aspectRatio": 2.3146067415730336, "fig_size_poster": 0.9377845220030349}, "textRatio": 0.0705596107055961, "figRatio": 0.10313087707433966}, "21": {"xy": [1347, 764, 655, 491], "panel_size": 321605, "panel_aspectRatio": 1.3340122199592668, "category": "Method", "figures": 4, "textlen": 0, "fig_size": 241381, "title": "Classification Model", "22": {"fig_size": 32513, "fig_aspectRatio": 8.737704918032787, "fig_size_poster": 0.8137404580152672}, "23": {"fig_size": 79124, "fig_aspectRatio": 4.6106870229007635, "fig_size_poster": 0.9221374045801527}, "24": {"fig_size": 44424, "fig_aspectRatio": 8.569444444444445, "fig_size_poster": 0.9419847328244275}, "25": {"fig_size": 85320, "fig_aspectRatio": 4.681481481481481, "fig_size_poster": 0.9648854961832061}, "textRatio": 0.0, "figRatio": 0.15086623661613022}, "26": {"xy": [749, 1273, 783, 430], "panel_size": 336690, "panel_aspectRatio": 1.8209302325581396, "category": "Method", "figures": 1, "textlen": 52, "fig_size": 131408, "title": "HRV Feature Extraction", "28": {"fig_size": 131408, "fig_aspectRatio": 4.441860465116279, "fig_size_poster": 0.9757343550446999}, "textRatio": 0.12652068126520682, "figRatio": 0.08213169396618805}, "29": {"xy": [1537, 1278, 1032, 424], "panel_size": 437568, "panel_aspectRatio": 2.4339622641509435, "category": "Result", "figures": 1, "textlen": 40, "fig_size": 257514, "title": "Classification Results", "31": {"fig_size": 257514, "fig_aspectRatio": 3.8988326848249026, "fig_size_poster": 0.9709302325581395}, "textRatio": 0.09732360097323602, "figRatio": 0.1609495695848727}, "32": {"xy": [2015, 208, 548, 493], "panel_size": 270164, "panel_aspectRatio": 1.1115618661257607, "category": "Discussion", "figures": 0, "textlen": 62, "fig_size": 0, "title": "Discussion", "textRatio": 0.15085158150851583, "figRatio": 0.0}, "34": {"xy": [2015, 712, 563, 259], "panel_size": 145817, "panel_aspectRatio": 2.1737451737451736, "category": "Discussion", "figures": 0, "textlen": 31, "fig_size": 0, "title": "Future Work", "textRatio": 0.07542579075425791, "figRatio": 0.0}}}