{"poster_size": 4478976, "doclen": 604, "figlen": 1328690, "section": {"15": {"xy": [683, 44, 1544, 100], "panel_size": 154400, "panel_aspectRatio": 15.44, "category": "Title", "figures": 0, "textlen": 0, "fig_size": 0, "title": "Structural Damage Classification with Machine Learning", "textRatio": 0.0, "figRatio": 0.0}, "16": {"xy": [18, 310, 601, 235], "panel_size": 141235, "panel_aspectRatio": 2.557446808510638, "category": "Introduction", "figures": 0, "textlen": 39, "fig_size": 0, "title": "Objective", "textRatio": 0.06456953642384106, "figRatio": 0.0}, "18": {"xy": [24, 552, 592, 405], "panel_size": 239760, "panel_aspectRatio": 1.4617283950617284, "category": "Method", "figures": 1, "textlen": 65, "fig_size": 58401, "title": "Dataset", "20": {"fig_size": 58401, "fig_aspectRatio": 5.504854368932039, "fig_size_poster": 0.9577702702702703}, "textRatio": 0.1076158940397351, "figRatio": 0.04395381917527791}, "22": {"xy": [21, 963, 596, 370], "panel_size": 220520, "panel_aspectRatio": 1.6108108108108108, "category": "Method", "figures": 0, "textlen": 87, "fig_size": 0, "title": "Preprocessing of Data\nCompute Resources", "textRatio": 0.14403973509933773, "figRatio": 0.0}, "25": {"xy": [652, 306, 584, 457], "panel_size": 266888, "panel_aspectRatio": 1.2778993435448578, "category": "Method", "figures": 1, "textlen": 58, "fig_size": 71103, "title": "Model Processing and Results", "27": {"fig_size": 71103, "fig_aspectRatio": 3.7883211678832116, "fig_size_poster": 0.8886986301369864}, "textRatio": 0.09602649006622517, "figRatio": 0.05351361115083277}, "28": {"xy": [1242, 314, 698, 450], "panel_size": 314100, "panel_aspectRatio": 1.551111111111111, "category": "Result", "figures": 1, "textlen": 0, "fig_size": 285090, "title": "Model Processing and Results", "29": {"fig_size": 285090, "fig_aspectRatio": 1.541860465116279, "fig_size_poster": 0.9498567335243553}, "textRatio": 0.0, "figRatio": 0.21456472164312218}, "30": {"xy": [658, 768, 634, 953], "panel_size": 604202, "panel_aspectRatio": 0.6652675760755509, "category": "Method", "figures": 2, "textlen": 75, "fig_size": 319236, "title": "Diagnostics (part 1)", "32": {"fig_size": 182886, "fig_aspectRatio": 1.3074866310160427, "fig_size_poster": 0.7712933753943217}, "33": {"fig_size": 136350, "fig_aspectRatio": 1.4851485148514851, "fig_size_poster": 0.7097791798107256}, "textRatio": 0.12417218543046357, "figRatio": 0.24026371839932564}, "34": {"xy": [1302, 770, 647, 945], "panel_size": 611415, "panel_aspectRatio": 0.6846560846560846, "category": "Method", "figures": 3, "textlen": 61, "fig_size": 346586, "title": "Diagnostics (part 2)", "36": {"fig_size": 132696, "fig_aspectRatio": 2.5526315789473686, "fig_size_poster": 0.8995363214837713}, "37": {"fig_size": 128570, "fig_aspectRatio": 2.781395348837209, "fig_size_poster": 0.9242658423493045}, "39": {"fig_size": 85320, "fig_aspectRatio": 3.4177215189873418, "fig_size_poster": 0.8346213292117465}, "textRatio": 0.10099337748344371, "figRatio": 0.26084790282157616}, "40": {"xy": [1974, 314, 602, 907], "panel_size": 546014, "panel_aspectRatio": 0.6637265711135611, "category": "Result", "figures": 2, "textlen": 124, "fig_size": 248274, "title": "Putting it all together", "42": {"fig_size": 116145, "fig_aspectRatio": 1.7049808429118773, "fig_size_poster": 0.739202657807309}, "43": {"fig_size": 132129, "fig_aspectRatio": 1.7220216606498195, "fig_size_poster": 0.792358803986711}, "textRatio": 0.2052980132450331, "figRatio": 0.18685622680986536}, "44": {"xy": [1980, 1262, 598, 449], "panel_size": 268502, "panel_aspectRatio": 1.3318485523385302, "category": "Discussion", "figures": 0, "textlen": 95, "fig_size": 0, "title": "Discussion", "textRatio": 0.15728476821192053, "figRatio": 0.0}}}