{"poster_size": 484704, "doclen": 446, "figlen": 108020, "section": {"1": {"xy": [109, 51, 633, 31], "panel_size": 19623, "panel_aspectRatio": 20.419354838709676, "category": "Title", "figures": 0, "textlen": 0, "fig_size": 0, "title": "YOLOFlow:Improved Real-time Object Tracking in Video", "textRatio": 0.0, "figRatio": 0.0}, "2": {"xy": [25, 145, 170, 296], "panel_size": 50320, "panel_aspectRatio": 0.5743243243243243, "category": "Introduction", "figures": 1, "textlen": 107, "fig_size": 9750, "title": "Overview", "4": {"fig_size": 9750, "fig_aspectRatio": 1.6025641025641026, "fig_size_poster": 0.7352941176470589}, "textRatio": 0.2399103139013453, "figRatio": 0.09026106276615442}, "5": {"xy": [30, 444, 162, 103], "panel_size": 16686, "panel_aspectRatio": 1.5728155339805825, "category": "Introduction", "figures": 0, "textlen": 51, "fig_size": 0, "title": "What is YOLO?", "textRatio": 0.11434977578475336, "figRatio": 0.0}, "7": {"xy": [211, 144, 270, 409], "panel_size": 110430, "panel_aspectRatio": 0.6601466992665037, "category": "Method", "figures": 4, "textlen": 124, "fig_size": 67304, "title": "Our YOLOFlow Implementation", "8": {"fig_size": 25812, "fig_aspectRatio": 2.212962962962963, "fig_size_poster": 0.8851851851851852}, "9": {"fig_size": 24087, "fig_aspectRatio": 2.78494623655914, "fig_size_poster": 0.9592592592592593}, "10": {"fig_size": 12444, "fig_aspectRatio": 1.196078431372549, "fig_size_poster": 0.45185185185185184}, "11": {"fig_size": 4961, "fig_aspectRatio": 2.951219512195122, "fig_size_poster": 0.44814814814814813}, "textRatio": 0.27802690582959644, "figRatio": 0.6230698018885391}, "15": {"xy": [500, 146, 263, 149], "panel_size": 39187, "panel_aspectRatio": 1.7651006711409396, "category": "Method", "figures": 1, "textlen": 66, "fig_size": 14726, "title": "K-Means Extension of YOLOFlow", "16": {"fig_size": 14726, "fig_aspectRatio": 2.689189189189189, "fig_size_poster": 0.7566539923954373}, "textRatio": 0.14798206278026907, "figRatio": 0.13632660618404}, "20": {"xy": [500, 299, 260, 178], "panel_size": 46280, "panel_aspectRatio": 1.4606741573033708, "category": "Result", "figures": 1, "textlen": 98, "fig_size": 16240, "title": "Applying Improved YOLOFlow", "21": {"fig_size": 16240, "fig_aspectRatio": 3.3142857142857145, "fig_size_poster": 0.8923076923076924}, "textRatio": 0.21973094170403587, "figRatio": 0.15034252916126642}}}