{"poster_size": 3457728, "doclen": 362, "figlen": 692407, "section": {"1": {"xy": [377, 52, 1362, 219], "panel_size": 298278, "panel_aspectRatio": 6.219178082191781, "category": "Title", "figures": 0, "textlen": 0, "fig_size": 0, "title": "Automatic Product Categorization for Anonymous Marketplaces", "textRatio": 0.0, "figRatio": 0.0}, "2": {"xy": [67, 364, 653, 617], "panel_size": 402901, "panel_aspectRatio": 1.0583468395461912, "category": "Introduction", "figures": 1, "textlen": 63, "fig_size": 77316, "title": "Project Overview", "3": {"fig_size": 77316, "fig_aspectRatio": 0.5382585751978892, "fig_size_poster": 0.3124042879019908}, "textRatio": 0.17403314917127072, "figRatio": 0.1116626492799755}, "6": {"xy": [781, 360, 631, 643], "panel_size": 405733, "panel_aspectRatio": 0.9813374805598756, "category": "Method", "figures": 1, "textlen": 0, "fig_size": 343371, "title": "Data Pipeline", "7": {"fig_size": 343371, "fig_aspectRatio": 1.0172117039586919, "fig_size_poster": 0.936608557844691}, "textRatio": 0.0, "figRatio": 0.49590919791394367}, "8": {"xy": [1428, 362, 597, 597], "panel_size": 356409, "panel_aspectRatio": 1.0, "category": "Method", "figures": 1, "textlen": 28, "fig_size": 135694, "title": "Categorization Accuracy", "9": {"fig_size": 135694, "fig_aspectRatio": 1.4397394136807817, "fig_size_poster": 0.7403685092127303}, "textRatio": 0.07734806629834254, "figRatio": 0.1959743330151197}, "11": {"xy": [75, 1024, 625, 621], "panel_size": 388125, "panel_aspectRatio": 1.0064412238325282, "category": "Result", "figures": 1, "textlen": 120, "fig_size": 136026, "title": "Categorization Results", "12": {"fig_size": 136026, "fig_aspectRatio": 1.5420875420875422, "fig_size_poster": 0.7328}, "textRatio": 0.3314917127071823, "figRatio": 0.1964538197909611}, "14": {"xy": [785, 1024, 611, 603], "panel_size": 368433, "panel_aspectRatio": 1.0132669983416251, "category": "Result", "figures": 0, "textlen": 72, "fig_size": 0, "title": "Learning Algorithms", "textRatio": 0.19889502762430938, "figRatio": 0.0}, "16": {"xy": [1437, 1020, 607, 538], "panel_size": 326566, "panel_aspectRatio": 1.1282527881040891, "category": "Discussion", "figures": 0, "textlen": 79, "fig_size": 0, "title": "Future Work", "textRatio": 0.21823204419889503, "figRatio": 0.0}}}