{"poster_size": 3110400, "doclen": 275, "figlen": 896840, "section": {"1": {"xy": [454, 15, 1246, 123], "panel_size": 153258, "panel_aspectRatio": 10.130081300813009, "category": "Title", "figures": 0, "textlen": 0, "fig_size": 0, "title": "Pub2vec: A Recommender System for Similar Publications via Citation Network Embeddings", "textRatio": 0.0, "figRatio": 0.0}, "2": {"xy": [8, 198, 651, 793], "panel_size": 516243, "panel_aspectRatio": 0.8209331651954602, "category": "Introduction", "figures": 1, "textlen": 79, "fig_size": 145530, "title": "Motivation & Introduction", "4": {"fig_size": 145530, "fig_aspectRatio": 2.727272727272727, "fig_size_poster": 0.967741935483871}, "textRatio": 0.2872727272727273, "figRatio": 0.16226974711208242}, "6": {"xy": [5, 1000, 657, 402], "panel_size": 264114, "panel_aspectRatio": 1.6343283582089552, "category": "Method", "figures": 0, "textlen": 55, "fig_size": 0, "title": "Data & Features", "textRatio": 0.2, "figRatio": 0.0}, "8": {"xy": [668, 199, 816, 604], "panel_size": 492864, "panel_aspectRatio": 1.3509933774834437, "category": "Method", "figures": 2, "textlen": 42, "fig_size": 274482, "title": "Model", "10": {"fig_size": 220800, "fig_aspectRatio": 2.898550724637681, "fig_size_poster": 0.9803921568627451}, "12": {"fig_size": 53682, "fig_aspectRatio": 11.27536231884058, "fig_size_poster": 0.9534313725490197}, "textRatio": 0.15272727272727274, "figRatio": 0.30605459167744525}, "13": {"xy": [676, 804, 785, 622], "panel_size": 488270, "panel_aspectRatio": 1.2620578778135048, "category": "Result", "figures": 1, "textlen": 22, "fig_size": 336284, "title": "Results", "15": {"fig_size": 336284, "fig_aspectRatio": 1.6905829596412556, "fig_size_poster": 0.9605095541401274}, "textRatio": 0.08, "figRatio": 0.3749654341911601}, "17": {"xy": [1496, 198, 650, 400], "panel_size": 260000, "panel_aspectRatio": 1.625, "category": "Result", "figures": 1, "textlen": 24, "fig_size": 140544, "title": "Results", "19": {"fig_size": 140544, "fig_aspectRatio": 1.6944444444444444, "fig_size_poster": 0.7507692307692307}, "textRatio": 0.08727272727272728, "figRatio": 0.15671022701931225}, "21": {"xy": [1493, 603, 649, 260], "panel_size": 168740, "panel_aspectRatio": 2.496153846153846, "category": "Discussion", "figures": 0, "textlen": 29, "fig_size": 0, "title": "Discussion and Conclusion", "textRatio": 0.10545454545454545, "figRatio": 0.0}, "23": {"xy": [1489, 869, 660, 185], "panel_size": 122100, "panel_aspectRatio": 3.5675675675675675, "category": "Discussion", "figures": 0, "textlen": 24, "fig_size": 0, "title": "Future Work", "textRatio": 0.08727272727272728, "figRatio": 0.0}}}