{"poster_size": 10450944, "doclen": 339, "figlen": 2758356, "section": {"0": {"xy": [295, 115, 3447, 89], "panel_size": 306783, "panel_aspectRatio": 38.73033707865169, "category": "Title", "figures": 0, "textlen": 0, "fig_size": 0, "title": "Sensor-based Semantic-level Human Activity Recognition using Temporal Classification", "textRatio": 0.0, "figRatio": 0.0}, "1": {"xy": [92, 415, 1245, 856], "panel_size": 1065720, "panel_aspectRatio": 1.4544392523364487, "category": "Introduction", "figures": 1, "textlen": 80, "fig_size": 88770, "title": "Motivation", "6": {"fig_size": 88770, "fig_aspectRatio": 1.2267657992565055, "fig_size_poster": 0.26506024096385544}, "textRatio": 0.2359882005899705, "figRatio": 0.03218221288332616}, "4": {"xy": [89, 1279, 1234, 1275], "panel_size": 1573350, "panel_aspectRatio": 0.967843137254902, "category": "Method", "figures": 3, "textlen": 35, "fig_size": 908366, "title": "Data", "7": {"fig_size": 344817, "fig_aspectRatio": 3.909090909090909, "fig_size_poster": 0.9408427876823339}, "8": {"fig_size": 272300, "fig_aspectRatio": 1.7994858611825193, "fig_size_poster": 0.5672609400324149}, "9": {"fig_size": 291249, "fig_aspectRatio": 0.8009950248756219, "fig_size_poster": 0.3914100486223663}, "textRatio": 0.10324483775811209, "figRatio": 0.329314272704466}, "11": {"xy": [1400, 418, 1250, 2061], "panel_size": 2576250, "panel_aspectRatio": 0.606501698204755, "category": "Method", "figures": 3, "textlen": 87, "fig_size": 1023385, "title": "Methodology", "12": {"fig_size": 572506, "fig_aspectRatio": 2.374745417515275, "fig_size_poster": 0.9328}, "16": {"fig_size": 246543, "fig_aspectRatio": 2.1202346041055717, "fig_size_poster": 0.5784}, "19": {"fig_size": 204336, "fig_aspectRatio": 1.7267441860465116, "fig_size_poster": 0.4752}, "textRatio": 0.25663716814159293, "figRatio": 0.3710126611648388}, "22": {"xy": [2717, 418, 1228, 1411], "panel_size": 1732708, "panel_aspectRatio": 0.8703047484053863, "category": "Result", "figures": 2, "textlen": 78, "fig_size": 737835, "title": "Results and Analysis", "23": {"fig_size": 564603, "fig_aspectRatio": 2.588865096359743, "fig_size_poster": 0.9845276872964169}, "25": {"fig_size": 173232, "fig_aspectRatio": 8.354166666666666, "fig_size_poster": 0.9796416938110749}, "textRatio": 0.23008849557522124, "figRatio": 0.2674908532473691}, "29": {"xy": [2725, 1851, 1203, 661], "panel_size": 795183, "panel_aspectRatio": 1.8199697428139183, "category": "Discussion", "figures": 0, "textlen": 59, "fig_size": 0, "title": "Future Works", "textRatio": 0.17404129793510326, "figRatio": 0.0}}}