{"poster_size": 5515776, "doclen": 290, "figlen": 2184614, "section": {"1": {"xy": [93, 81, 1761, 113], "panel_size": 198993, "panel_aspectRatio": 15.584070796460177, "category": "Title", "figures": 0, "textlen": 0, "fig_size": 0, "title": "A Machine Learned Model of a Hybrid Aircraft", "textRatio": 0.0, "figRatio": 0.0}, "2": {"xy": [76, 336, 837, 449], "panel_size": 375813, "panel_aspectRatio": 1.864142538975501, "category": "Introduction", "figures": 0, "textlen": 98, "fig_size": 0, "title": "Summary", "textRatio": 0.33793103448275863, "figRatio": 0.0}, "4": {"xy": [80, 799, 833, 552], "panel_size": 459816, "panel_aspectRatio": 1.5090579710144927, "category": "Introduction", "figures": 1, "textlen": 56, "fig_size": 193440, "title": "Data", "6": {"fig_size": 193440, "fig_aspectRatio": 3.1451612903225805, "fig_size_poster": 0.936374549819928}, "textRatio": 0.19310344827586207, "figRatio": 0.08854653499428275}, "7": {"xy": [50, 1353, 880, 659], "panel_size": 579920, "panel_aspectRatio": 1.3353566009104705, "category": "Method", "figures": 2, "textlen": 0, "fig_size": 443040, "title": "Model", "8": {"fig_size": 201056, "fig_aspectRatio": 3.377049180327869, "fig_size_poster": 0.9363636363636364}, "9": {"fig_size": 241984, "fig_aspectRatio": 2.6184210526315788, "fig_size_poster": 0.9045454545454545}, "textRatio": 0.0, "figRatio": 0.20280012853529272}, "10": {"xy": [950, 321, 854, 513], "panel_size": 438102, "panel_aspectRatio": 1.6647173489278753, "category": "Method", "figures": 2, "textlen": 0, "fig_size": 314335, "title": "Algorithm", "11": {"fig_size": 117600, "fig_aspectRatio": 5.442176870748299, "fig_size_poster": 0.936768149882904}, "12": {"fig_size": 196735, "fig_aspectRatio": 3.2775510204081635, "fig_size_poster": 0.9402810304449649}, "textRatio": 0.0, "figRatio": 0.1438858306318645}, "13": {"xy": [954, 845, 883, 1136], "panel_size": 1003088, "panel_aspectRatio": 0.7772887323943662, "category": "Result", "figures": 3, "textlen": 0, "fig_size": 794095, "title": "Result", "14": {"fig_size": 219492, "fig_aspectRatio": 2.9450549450549453, "fig_size_poster": 0.9105322763306908}, "15": {"fig_size": 164512, "fig_aspectRatio": 4.371134020618556, "fig_size_poster": 0.9603624009060022}, "16": {"fig_size": 410091, "fig_aspectRatio": 1.303030303030303, "fig_size_poster": 0.8278595696489242}, "textRatio": 0.0, "figRatio": 0.3634944205246327}, "17": {"xy": [1850, 336, 815, 440], "panel_size": 358600, "panel_aspectRatio": 1.8522727272727273, "category": "Discussion", "figures": 0, "textlen": 96, "fig_size": 0, "title": "Discussion", "textRatio": 0.3310344827586207, "figRatio": 0.0}, "19": {"xy": [1852, 786, 841, 874], "panel_size": 735034, "panel_aspectRatio": 0.9622425629290617, "category": "Result", "figures": 1, "textlen": 40, "fig_size": 439704, "title": "Future", "21": {"fig_size": 439704, "fig_aspectRatio": 1.2588832487309645, "fig_size_poster": 0.8846611177170036}, "textRatio": 0.13793103448275862, "figRatio": 0.20127308531392732}}}