{"poster_size": 3110400, "doclen": 709, "figlen": 925623, "section": {"1": {"xy": [669, 64, 809, 177], "panel_size": 143193, "panel_aspectRatio": 4.570621468926554, "category": "Title", "figures": 0, "textlen": 0, "fig_size": 0, "title": "Deep Reinforcement Learning for General Game Playing \nCategory: Theory and Reinforcement", "textRatio": 0.0, "figRatio": 0.0}, "2": {"xy": [87, 65, 540, 232], "panel_size": 125280, "panel_aspectRatio": 2.3275862068965516, "category": "Introduction", "figures": 3, "textlen": 10, "fig_size": 62024, "title": "Mission", "3": {"fig_size": 21488, "fig_aspectRatio": 1.161764705882353, "fig_size_poster": 0.29259259259259257}, "4": {"fig_size": 18360, "fig_aspectRatio": 1.0074074074074073, "fig_size_poster": 0.2518518518518518}, "5": {"fig_size": 22176, "fig_aspectRatio": 1.2727272727272727, "fig_size_poster": 0.3111111111111111}, "textRatio": 0.014104372355430184, "figRatio": 0.06700784228568218}, "7": {"xy": [76, 308, 539, 152], "panel_size": 81928, "panel_aspectRatio": 3.5460526315789473, "category": "Introduction", "figures": 0, "textlen": 37, "fig_size": 0, "title": "Background", "textRatio": 0.05218617771509168, "figRatio": 0.0}, "9": {"xy": [75, 473, 548, 151], "panel_size": 82748, "panel_aspectRatio": 3.629139072847682, "category": "Method", "figures": 0, "textlen": 65, "fig_size": 0, "title": "Overview", "textRatio": 0.09167842031029619, "figRatio": 0.0}, "11": {"xy": [67, 630, 541, 141], "panel_size": 76281, "panel_aspectRatio": 3.8368794326241136, "category": "Method", "figures": 0, "textlen": 43, "fig_size": 0, "title": "Measuring Effectiveness", "textRatio": 0.06064880112834979, "figRatio": 0.0}, "13": {"xy": [80, 790, 564, 599], "panel_size": 337836, "panel_aspectRatio": 0.9415692821368948, "category": "Result", "figures": 1, "textlen": 53, "fig_size": 199125, "title": "Initial Results", "14": {"fig_size": 199125, "fig_aspectRatio": 1.416, "fig_size_poster": 0.9414893617021277}, "textRatio": 0.07475317348377997, "figRatio": 0.21512538041945803}, "16": {"xy": [642, 250, 842, 460], "panel_size": 387320, "panel_aspectRatio": 1.8304347826086957, "category": "Method", "figures": 1, "textlen": 0, "fig_size": 330800, "title": "Pipeline", "17": {"fig_size": 330800, "fig_aspectRatio": 2.0675, "fig_size_poster": 0.982185273159145}, "textRatio": 0.0, "figRatio": 0.35738092074203}, "18": {"xy": [1081, 744, 400, 237], "panel_size": 94800, "panel_aspectRatio": 1.6877637130801688, "category": "Method", "figures": 2, "textlen": 0, "fig_size": 72170, "title": "Bellman Loss", "19": {"fig_size": 29722, "fig_aspectRatio": 5.012987012987013, "fig_size_poster": 0.965}, "20": {"fig_size": 42448, "fig_aspectRatio": 3.3839285714285716, "fig_size_poster": 0.9475}, "textRatio": 0.0, "figRatio": 0.07796910837349547}, "21": {"xy": [648, 734, 416, 239], "panel_size": 99424, "panel_aspectRatio": 1.7405857740585775, "category": "Introduction", "figures": 0, "textlen": 62, "fig_size": 0, "title": "Game Representation", "textRatio": 0.08744710860366714, "figRatio": 0.0}, "23": {"xy": [648, 1006, 844, 274], "panel_size": 231256, "panel_aspectRatio": 3.0802919708029197, "category": "Method", "figures": 0, "textlen": 144, "fig_size": 0, "title": "Modifying DeepMind's Approach", "textRatio": 0.20310296191819463, "figRatio": 0.0}, "25": {"xy": [1496, 58, 608, 774], "panel_size": 470592, "panel_aspectRatio": 0.7855297157622739, "category": "Result", "figures": 1, "textlen": 135, "fig_size": 261504, "title": "Investing Model Complexity", "26": {"fig_size": 261504, "fig_aspectRatio": 1.2687224669603525, "fig_size_poster": 0.9473684210526315}, "textRatio": 0.19040902679830748, "figRatio": 0.28251674817933436}, "28": {"xy": [1501, 841, 610, 217], "panel_size": 132370, "panel_aspectRatio": 2.8110599078341014, "category": "Result", "figures": 0, "textlen": 84, "fig_size": 0, "title": "Conclusion", "textRatio": 0.11847672778561354, "figRatio": 0.0}, "30": {"xy": [1504, 1064, 588, 172], "panel_size": 101136, "panel_aspectRatio": 3.4186046511627906, "category": "Discussion", "figures": 0, "textlen": 76, "fig_size": 0, "title": "Future Work", "textRatio": 0.1071932299012694, "figRatio": 0.0}}}