{"poster_size": 3649536, "doclen": 631, "figlen": 484590, "section": {"1": {"xy": [718, 80, 1166, 72], "panel_size": 83952, "panel_aspectRatio": 16.194444444444443, "category": "Title", "figures": 0, "textlen": 0, "fig_size": 0, "title": "Video Game Genre Classification Using Soundtrack", "textRatio": 0.0, "figRatio": 0.0}, "2": {"xy": [64, 236, 533, 344], "panel_size": 183352, "panel_aspectRatio": 1.5494186046511629, "category": "Introduction", "figures": 0, "textlen": 64, "fig_size": 0, "title": "PROBLEM", "textRatio": 0.10142630744849446, "figRatio": 0.0}, "4": {"xy": [74, 589, 530, 247], "panel_size": 130910, "panel_aspectRatio": 2.145748987854251, "category": "Introduction", "figures": 0, "textlen": 39, "fig_size": 0, "title": "DATA", "textRatio": 0.061806656101426306, "figRatio": 0.0}, "6": {"xy": [58, 848, 548, 656], "panel_size": 359488, "panel_aspectRatio": 0.8353658536585366, "category": "Method", "figures": 1, "textlen": 77, "fig_size": 100864, "title": "FEATURES", "8": {"fig_size": 100864, "fig_aspectRatio": 1.5390625, "fig_size_poster": 0.718978102189781}, "textRatio": 0.12202852614896989, "figRatio": 0.20814296621886544}, "9": {"xy": [616, 236, 536, 505], "panel_size": 270680, "panel_aspectRatio": 1.0613861386138614, "category": "Method", "figures": 0, "textlen": 111, "fig_size": 0, "title": "CHALLENGES", "textRatio": 0.17591125198098256, "figRatio": 0.0}, "12": {"xy": [616, 751, 531, 692], "panel_size": 367452, "panel_aspectRatio": 0.7673410404624278, "category": "Method", "figures": 0, "textlen": 117, "fig_size": 0, "title": "LEARNING ALGORITHMS", "textRatio": 0.18541996830427893, "figRatio": 0.0}, "14": {"xy": [1155, 246, 1090, 465], "panel_size": 506850, "panel_aspectRatio": 2.3440860215053765, "category": "Result", "figures": 1, "textlen": 38, "fig_size": 275796, "title": "RESULTS", "16": {"fig_size": 275796, "fig_aspectRatio": 3.4680851063829787, "fig_size_poster": 0.8972477064220183}, "textRatio": 0.060221870047543584, "figRatio": 0.5691326688540829}, "17": {"xy": [1158, 728, 1072, 301], "panel_size": 322672, "panel_aspectRatio": 3.5614617940199333, "category": "Discussion", "figures": 0, "textlen": 105, "fig_size": 0, "title": "DISCUSSION", "textRatio": 0.1664025356576862, "figRatio": 0.0}, "19": {"xy": [1153, 1041, 538, 397], "panel_size": 213586, "panel_aspectRatio": 1.3551637279596978, "category": "Discussion", "figures": 0, "textlen": 80, "fig_size": 0, "title": "FUTURE", "textRatio": 0.12678288431061807, "figRatio": 0.0}, "21": {"xy": [1697, 1036, 529, 234], "panel_size": 123786, "panel_aspectRatio": 2.2606837606837606, "category": "Result", "figures": 1, "textlen": 0, "fig_size": 107930, "title": "", "22": {"fig_size": 107930, "fig_aspectRatio": 2.3348837209302324, "fig_size_poster": 0.9489603024574669}, "textRatio": 0.0, "figRatio": 0.22272436492705172}}}