{"poster_size": 4478976, "doclen": 328, "figlen": 1036630, "section": {"1": {"xy": [395, 42, 1970, 103], "panel_size": 202910, "panel_aspectRatio": 19.12621359223301, "category": "Title", "figures": 0, "textlen": 0, "fig_size": 0, "title": "Predicting Human Trajectories in Multi-Class Settings", "textRatio": 0.0, "figRatio": 0.0}, "2": {"xy": [24, 253, 965, 294], "panel_size": 283710, "panel_aspectRatio": 3.2823129251700682, "category": "Introduction", "figures": 0, "textlen": 53, "fig_size": 0, "title": "Motivation", "textRatio": 0.16158536585365854, "figRatio": 0.0}, "4": {"xy": [24, 576, 965, 1152], "panel_size": 1111680, "panel_aspectRatio": 0.8376736111111112, "category": "Method", "figures": 3, "textlen": 102, "fig_size": 271362, "title": "Approach", "6": {"fig_size": 20193, "fig_aspectRatio": 7.188679245283019, "fig_size_poster": 0.39481865284974094}, "7": {"fig_size": 64113, "fig_aspectRatio": 3.852713178294574, "fig_size_poster": 0.5150259067357513}, "10": {"fig_size": 187056, "fig_aspectRatio": 4.0092592592592595, "fig_size_poster": 0.8974093264248705}, "textRatio": 0.31097560975609756, "figRatio": 0.2617732459990546}, "11": {"xy": [1014, 253, 1546, 599], "panel_size": 926054, "panel_aspectRatio": 2.5809682804674456, "category": "Result", "figures": 1, "textlen": 75, "fig_size": 339066, "title": "Data & Experimental Results (Path/Final)", "12": {"fig_size": 339066, "fig_aspectRatio": 6.1923076923076925, "fig_size_poster": 0.9372574385510997}, "textRatio": 0.22865853658536586, "figRatio": 0.3270848808157202}, "14": {"xy": [1014, 858, 1551, 623], "panel_size": 966273, "panel_aspectRatio": 2.489566613162119, "category": "Result", "figures": 6, "textlen": 57, "fig_size": 426202, "title": "Qualitative Analysis/Discussion of Results", "15": {"fig_size": 146260, "fig_aspectRatio": 0.8616504854368932, "fig_size_poster": 0.22888459058671826}, "17": {"fig_size": 16644, "fig_aspectRatio": 1.280701754385965, "fig_size_poster": 0.09413281753707285}, "19": {"fig_size": 17061, "fig_aspectRatio": 1.165289256198347, "fig_size_poster": 0.09090909090909091}, "21": {"fig_size": 15984, "fig_aspectRatio": 0.7708333333333334, "fig_size_poster": 0.07156673114119923}, "24": {"fig_size": 42205, "fig_aspectRatio": 3.1913043478260867, "fig_size_poster": 0.2366215344938749}, "25": {"fig_size": 188048, "fig_aspectRatio": 1.388586956521739, "fig_size_poster": 0.329464861379755}, "textRatio": 0.17378048780487804, "figRatio": 0.4111418731852252}, "28": {"xy": [1014, 1492, 1561, 225], "panel_size": 351225, "panel_aspectRatio": 6.937777777777778, "category": "Discussion", "figures": 0, "textlen": 41, "fig_size": 0, "title": "Future Work", "textRatio": 0.125, "figRatio": 0.0}}}