{"poster_size": 8957952, "doclen": 527, "figlen": 1855422, "section": {"0": {"xy": [89, 150, 2140, 118], "panel_size": 252520, "panel_aspectRatio": 18.135593220338983, "category": "Title", "figures": 0, "textlen": 0, "fig_size": 0, "title": "Local Ancestry Inference in Admixed Populations", "textRatio": 0.0, "figRatio": 0.0}, "1": {"xy": [36, 503, 795, 2022], "panel_size": 1607490, "panel_aspectRatio": 0.39317507418397624, "category": "Introduction", "figures": 3, "textlen": 77, "fig_size": 927374, "title": "Introduction", "2": {"fig_size": 398337, "fig_aspectRatio": 1.4234404536862004, "fig_size_poster": 0.9471698113207547}, "4": {"fig_size": 249810, "fig_aspectRatio": 2.293939393939394, "fig_size_poster": 0.9522012578616352}, "6": {"fig_size": 279227, "fig_aspectRatio": 1.336980306345733, "fig_size_poster": 0.7685534591194969}, "textRatio": 0.1461100569259962, "figRatio": 0.49981837016053493}, "7": {"xy": [903, 507, 810, 1985], "panel_size": 1607850, "panel_aspectRatio": 0.4080604534005038, "category": "Method", "figures": 2, "textlen": 165, "fig_size": 594168, "title": "Method", "9": {"fig_size": 246960, "fig_aspectRatio": 1.6071428571428572, "fig_size_poster": 0.7777777777777778}, "11": {"fig_size": 347208, "fig_aspectRatio": 1.7612612612612613, "fig_size_poster": 0.9654320987654321}, "textRatio": 0.31309297912713474, "figRatio": 0.32023334853203206}, "12": {"xy": [1742, 513, 828, 1959], "panel_size": 1622052, "panel_aspectRatio": 0.4226646248085758, "category": "Result", "figures": 1, "textlen": 177, "fig_size": 333880, "title": "Results", "14": {"fig_size": 333880, "fig_aspectRatio": 1.384928716904277, "fig_size_poster": 0.821256038647343}, "textRatio": 0.33586337760910817, "figRatio": 0.17994828130743304}, "16": {"xy": [2619, 517, 792, 1072], "panel_size": 849024, "panel_aspectRatio": 0.7388059701492538, "category": "Discussion", "figures": 0, "textlen": 108, "fig_size": 0, "title": "Conclusions", "textRatio": 0.2049335863377609, "figRatio": 0.0}}}