{"poster_size": 7838208, "doclen": 538, "figlen": 1759693, "section": {"1": {"xy": [515, 123, 1437, 75], "panel_size": 107775, "panel_aspectRatio": 19.16, "category": "Title", "figures": 0, "textlen": 0, "fig_size": 0, "title": "Fooling image copy detection algorithms with GANs", "textRatio": 0.0, "figRatio": 0.0}, "2": {"xy": [51, 459, 867, 1180], "panel_size": 1023060, "panel_aspectRatio": 0.7347457627118644, "category": "Introduction", "figures": 0, "textlen": 132, "fig_size": 0, "title": "Motivation", "textRatio": 0.24535315985130113, "figRatio": 0.0}, "4": {"xy": [58, 1653, 863, 939], "panel_size": 810357, "panel_aspectRatio": 0.919062832800852, "category": "Method", "figures": 0, "textlen": 91, "fig_size": 0, "title": "Data & Set up", "textRatio": 0.1691449814126394, "figRatio": 0.0}, "6": {"xy": [929, 459, 1143, 644], "panel_size": 736092, "panel_aspectRatio": 1.7748447204968945, "category": "Method", "figures": 1, "textlen": 27, "fig_size": 415063, "title": "", "7": {"fig_size": 415063, "fig_aspectRatio": 2.7429305912596402, "fig_size_poster": 0.9335083114610674}, "textRatio": 0.05018587360594796, "figRatio": 0.23587239365048335}, "9": {"xy": [925, 1113, 1140, 1476], "panel_size": 1682640, "panel_aspectRatio": 0.7723577235772358, "category": "Method", "figures": 1, "textlen": 134, "fig_size": 742371, "title": "Model", "11": {"fig_size": 742371, "fig_aspectRatio": 1.6686656671664168, "fig_size_poster": 0.9763157894736842}, "textRatio": 0.24907063197026022, "figRatio": 0.421875293019862}, "12": {"xy": [2082, 423, 897, 1090], "panel_size": 977730, "panel_aspectRatio": 0.8229357798165138, "category": "Method", "figures": 1, "textlen": 41, "fig_size": 602259, "title": "", "14": {"fig_size": 602259, "fig_aspectRatio": 1.152143845089903, "fig_size_poster": 0.9286510590858417}, "textRatio": 0.0762081784386617, "figRatio": 0.34225231332965467}, "15": {"xy": [2085, 1526, 897, 837], "panel_size": 750789, "panel_aspectRatio": 1.07168458781362, "category": "Result", "figures": 0, "textlen": 95, "fig_size": 0, "title": "Observations", "textRatio": 0.17657992565055763, "figRatio": 0.0}, "17": {"xy": [2082, 2383, 890, 200], "panel_size": 178000, "panel_aspectRatio": 4.45, "category": "Discussion", "figures": 0, "textlen": 18, "fig_size": 0, "title": "Future research", "textRatio": 0.03345724907063197, "figRatio": 0.0}}}