{"poster_size": 3110400, "doclen": 518, "figlen": 1012289, "section": {"0": {"xy": [465, 14, 1402, 128], "panel_size": 179456, "panel_aspectRatio": 10.953125, "category": "Title", "figures": 0, "textlen": 0, "fig_size": 0, "title": "Facies Characterization of a Reservoir in the North Sea Using Machine Learning Techniques", "textRatio": 0.0, "figRatio": 0.0}, "2": {"xy": [4, 196, 591, 408], "panel_size": 241128, "panel_aspectRatio": 1.4485294117647058, "category": "Introduction", "figures": 0, "textlen": 93, "fig_size": 0, "title": "Introduction", "textRatio": 0.17953667953667954, "figRatio": 0.0}, "4": {"xy": [1, 620, 594, 800], "panel_size": 475200, "panel_aspectRatio": 0.7425, "category": "Method", "figures": 1, "textlen": 91, "fig_size": 181304, "title": "Data Processing", "6": {"fig_size": 181304, "fig_aspectRatio": 1.5144508670520231, "fig_size_poster": 0.8821548821548821}, "textRatio": 0.17567567567567569, "figRatio": 0.17910300319375197}, "8": {"xy": [608, 202, 681, 1219], "panel_size": 830139, "panel_aspectRatio": 0.5586546349466776, "category": "Method", "figures": 4, "textlen": 209, "fig_size": 395087, "title": "Implementation of ML Algorithms", "10": {"fig_size": 96640, "fig_aspectRatio": 1.0596026490066226, "fig_size_poster": 0.4698972099853157}, "11": {"fig_size": 91494, "fig_aspectRatio": 0.9771241830065359, "fig_size_poster": 0.4390602055800294}, "13": {"fig_size": 103916, "fig_aspectRatio": 1.060702875399361, "fig_size_poster": 0.48751835535976507}, "14": {"fig_size": 103037, "fig_aspectRatio": 1.0125391849529781, "fig_size_poster": 0.47430249632892807}, "textRatio": 0.4034749034749035, "figRatio": 0.3902907173741886}, "15": {"xy": [1300, 217, 853, 895], "panel_size": 763435, "panel_aspectRatio": 0.9530726256983241, "category": "Result", "figures": 5, "textlen": 58, "fig_size": 435898, "title": "Result &  Discussion", "16": {"fig_size": 93628, "fig_aspectRatio": 2.955056179775281, "fig_size_poster": 0.6166471277842908}, "19": {"fig_size": 82410, "fig_aspectRatio": 1.3617886178861789, "fig_size_poster": 0.39273153575615477}, "20": {"fig_size": 88638, "fig_aspectRatio": 1.5780590717299579, "fig_size_poster": 0.4384525205158265}, "21": {"fig_size": 82472, "fig_aspectRatio": 1.3852459016393444, "fig_size_poster": 0.3962485345838218}, "22": {"fig_size": 88750, "fig_aspectRatio": 1.42, "fig_size_poster": 0.41617819460726846}, "textRatio": 0.11196911196911197, "figRatio": 0.4306062794320594}, "24": {"xy": [1298, 1135, 855, 183], "panel_size": 156465, "panel_aspectRatio": 4.672131147540983, "category": "Discussion", "figures": 0, "textlen": 67, "fig_size": 0, "title": "Future Work", "textRatio": 0.12934362934362933, "figRatio": 0.0}}}