{"poster_size": 4478976, "doclen": 248, "figlen": 997116, "section": {"23": {"xy": [257, 56, 2092, 86], "panel_size": 179912, "panel_aspectRatio": 24.325581395348838, "category": "Title", "figures": 0, "textlen": 0, "fig_size": 0, "title": "Modeling Heterogeneous Trust in Recommendation Systems", "textRatio": 0.0, "figRatio": 0.0}, "24": {"xy": [42, 334, 618, 300], "panel_size": 185400, "panel_aspectRatio": 2.06, "category": "Introduction", "figures": 0, "textlen": 23, "fig_size": 0, "title": "Idea", "textRatio": 0.09274193548387097, "figRatio": 0.0}, "26": {"xy": [58, 647, 582, 400], "panel_size": 232800, "panel_aspectRatio": 1.455, "category": "Method", "figures": 1, "textlen": 7, "fig_size": 128502, "title": "Data", "27": {"fig_size": 128502, "fig_aspectRatio": 2.1942148760330578, "fig_size_poster": 0.9123711340206185}, "textRatio": 0.028225806451612902, "figRatio": 0.12887367166909366}, "29": {"xy": [44, 1078, 603, 229], "panel_size": 138087, "panel_aspectRatio": 2.6331877729257642, "category": "Method", "figures": 0, "textlen": 13, "fig_size": 0, "title": "Yelp", "textRatio": 0.05241935483870968, "figRatio": 0.0}, "31": {"xy": [49, 1342, 611, 283], "panel_size": 172913, "panel_aspectRatio": 2.1590106007067136, "category": "Method", "figures": 0, "textlen": 21, "fig_size": 0, "title": "Epinions", "textRatio": 0.0846774193548387, "figRatio": 0.0}, "33": {"xy": [672, 355, 1300, 1368], "panel_size": 1778400, "panel_aspectRatio": 0.9502923976608187, "category": "Method", "figures": 7, "textlen": 156, "fig_size": 468666, "title": "Modeling Heterogeneous Trust", "35": {"fig_size": 41563, "fig_aspectRatio": 5.247191011235955, "fig_size_poster": 0.35923076923076924}, "38": {"fig_size": 44472, "fig_aspectRatio": 3.743119266055046, "fig_size_poster": 0.31384615384615383}, "40": {"fig_size": 42256, "fig_aspectRatio": 1.8289473684210527, "fig_size_poster": 0.21384615384615385}, "42": {"fig_size": 95836, "fig_aspectRatio": 2.5463917525773194, "fig_size_poster": 0.38}, "45": {"fig_size": 18865, "fig_aspectRatio": 3.1818181818181817, "fig_size_poster": 0.18846153846153846}, "47": {"fig_size": 97546, "fig_aspectRatio": 4.2781456953642385, "fig_size_poster": 0.4969230769230769}, "50": {"fig_size": 128128, "fig_aspectRatio": 2.5535714285714284, "fig_size_poster": 0.44}, "textRatio": 0.6290322580645161, "figRatio": 0.4700215421274957}, "52": {"xy": [2027, 358, 531, 1362], "panel_size": 723222, "panel_aspectRatio": 0.3898678414096916, "category": "Result", "figures": 4, "textlen": 28, "fig_size": 399948, "title": "Results", "53": {"fig_size": 73162, "fig_aspectRatio": 1.3476394849785407, "fig_size_poster": 0.591337099811676}, "54": {"fig_size": 138902, "fig_aspectRatio": 1.140401146131805, "fig_size_poster": 0.7495291902071564}, "55": {"fig_size": 89604, "fig_aspectRatio": 1.3053435114503817, "fig_size_poster": 0.6440677966101694}, "56": {"fig_size": 98280, "fig_aspectRatio": 1.2535714285714286, "fig_size_poster": 0.6610169491525424}, "textRatio": 0.11290322580645161, "figRatio": 0.4011047862034106}}}