{"poster_size": 4478976, "doclen": 440, "figlen": 739179, "section": {"0": {"xy": [207, 11, 2183, 83], "panel_size": 181189, "panel_aspectRatio": 26.301204819277107, "category": "Title", "figures": 0, "textlen": 0, "fig_size": 0, "title": "\"A Billion-Dollar Material\": Predicting Emittance of Photocathode Materials", "textRatio": 0.0, "figRatio": 0.0}, "1": {"xy": [47, 269, 738, 559], "panel_size": 412542, "panel_aspectRatio": 1.3202146690518783, "category": "Introduction", "figures": 1, "textlen": 76, "fig_size": 63729, "title": "Motivation", "3": {"fig_size": 63729, "fig_aspectRatio": 1.3287671232876712, "fig_size_poster": 0.3943089430894309}, "textRatio": 0.17272727272727273, "figRatio": 0.08621592334197806}, "5": {"xy": [53, 847, 735, 832], "panel_size": 611520, "panel_aspectRatio": 0.8834134615384616, "category": "Method", "figures": 1, "textlen": 59, "fig_size": 193280, "title": "Models", "7": {"fig_size": 193280, "fig_aspectRatio": 2.119205298013245, "fig_size_poster": 0.8707482993197279}, "textRatio": 0.1340909090909091, "figRatio": 0.26147928986077795}, "8": {"xy": [827, 267, 943, 886], "panel_size": 835498, "panel_aspectRatio": 1.064334085778781, "category": "Method", "figures": 3, "textlen": 106, "fig_size": 273068, "title": "Data & Features", "10": {"fig_size": 220820, "fig_aspectRatio": 3.709016393442623, "fig_size_poster": 0.9597030752916225}, "12": {"fig_size": 32798, "fig_aspectRatio": 15.5, "fig_size_poster": 0.7560975609756098}, "14": {"fig_size": 19450, "fig_aspectRatio": 7.78, "fig_size_poster": 0.41251325556733826}, "textRatio": 0.2409090909090909, "figRatio": 0.36942066806551593}, "15": {"xy": [821, 1178, 951, 498], "panel_size": 473598, "panel_aspectRatio": 1.9096385542168675, "category": "Result", "figures": 3, "textlen": 48, "fig_size": 209102, "title": "Results", "16": {"fig_size": 70902, "fig_aspectRatio": 1.294871794871795, "fig_size_poster": 0.3186119873817035}, "18": {"fig_size": 67976, "fig_aspectRatio": 1.2629310344827587, "fig_size_poster": 0.30809674027339645}, "20": {"fig_size": 70224, "fig_aspectRatio": 1.316017316017316, "fig_size_poster": 0.3196635120925342}, "textRatio": 0.10909090909090909, "figRatio": 0.28288411873172803}, "23": {"xy": [1813, 267, 725, 994], "panel_size": 720650, "panel_aspectRatio": 0.7293762575452716, "category": "Discussion", "figures": 0, "textlen": 151, "fig_size": 0, "title": "Discussion & Future Work", "textRatio": 0.3431818181818182, "figRatio": 0.0}}}