{"poster_size": 518400, "doclen": 328, "figlen": 194112, "section": {"5": {"xy": [3, 4, 198, 535], "panel_size": 105930, "panel_aspectRatio": 0.37009345794392523, "category": "Method", "figures": 2, "textlen": 66, "fig_size": 81912, "title": "N/A", "8": {"fig_size": 54464, "fig_aspectRatio": 0.6216216216216216, "fig_size_poster": 0.9292929292929293}, "9": {"fig_size": 27448, "fig_aspectRatio": 1.2876712328767124, "fig_size_poster": 0.9494949494949495}, "textRatio": 0.20121951219512196, "figRatio": 0.4219831849653808}, "10": {"xy": [202, 176, 570, 158], "panel_size": 90060, "panel_aspectRatio": 3.607594936708861, "category": "Introduction", "figures": 0, "textlen": 54, "fig_size": 0, "title": "N/A", "textRatio": 0.16463414634146342, "figRatio": 0.0}, "15": {"xy": [207, 350, 571, 186], "panel_size": 106206, "panel_aspectRatio": 3.0698924731182795, "category": "Result", "figures": 1, "textlen": 86, "fig_size": 63350, "title": "Perfomance", "17": {"fig_size": 63350, "fig_aspectRatio": 2.0685714285714285, "fig_size_poster": 0.6339754816112084}, "textRatio": 0.2621951219512195, "figRatio": 0.3263579788987801}, "18": {"xy": [782, 6, 178, 529], "panel_size": 94162, "panel_aspectRatio": 0.33648393194706994, "category": "Method", "figures": 2, "textlen": 122, "fig_size": 48850, "title": "N/A", "19": {"fig_size": 24111, "fig_aspectRatio": 1.2127659574468086, "fig_size_poster": 0.9606741573033708}, "21": {"fig_size": 24739, "fig_aspectRatio": 1.2097902097902098, "fig_size_poster": 0.9719101123595506}, "textRatio": 0.3719512195121951, "figRatio": 0.2516588361358391}}}