{"poster_size": 4478976, "doclen": 379, "figlen": 922762, "section": {"1": {"xy": [637, 64, 1541, 76], "panel_size": 117116, "panel_aspectRatio": 20.276315789473685, "category": "Title", "figures": 0, "textlen": 0, "fig_size": 0, "title": "Automated Analysis of Temperature Data in Fractured Wells", "textRatio": 0.0, "figRatio": 0.0}, "2": {"xy": [32, 264, 804, 412], "panel_size": 331248, "panel_aspectRatio": 1.9514563106796117, "category": "Introduction", "figures": 0, "textlen": 63, "fig_size": 0, "title": "PREDICTING", "textRatio": 0.1662269129287599, "figRatio": 0.0}, "4": {"xy": [60, 680, 792, 1005], "panel_size": 795960, "panel_aspectRatio": 0.7880597014925373, "category": "Method", "figures": 2, "textlen": 74, "fig_size": 241152, "title": "MODELS&FEATURES", "5": {"fig_size": 107136, "fig_aspectRatio": 5.166666666666667, "fig_size_poster": 0.9393939393939394}, "6": {"fig_size": 134016, "fig_aspectRatio": 3.6354166666666665, "fig_size_poster": 0.8813131313131313}, "textRatio": 0.19525065963060687, "figRatio": 0.2613371595275922}, "8": {"xy": [908, 275, 768, 374], "panel_size": 287232, "panel_aspectRatio": 2.053475935828877, "category": "Method", "figures": 0, "textlen": 51, "fig_size": 0, "title": "DATA", "textRatio": 0.1345646437994723, "figRatio": 0.0}, "10": {"xy": [890, 686, 787, 993], "panel_size": 781491, "panel_aspectRatio": 0.7925478348439073, "category": "Result", "figures": 3, "textlen": 0, "fig_size": 681610, "title": "RESULTS", "11": {"fig_size": 288410, "fig_aspectRatio": 1.9764397905759161, "fig_size_poster": 0.9593392630241423}, "12": {"fig_size": 260946, "fig_aspectRatio": 2.2309941520467835, "fig_size_poster": 0.9695044472681067}, "13": {"fig_size": 132254, "fig_aspectRatio": 4.174157303370786, "fig_size_poster": 0.9440914866581956}, "textRatio": 0.0, "figRatio": 0.7386628404724078}, "14": {"xy": [1740, 271, 805, 870], "panel_size": 700350, "panel_aspectRatio": 0.9252873563218391, "category": "Discussion", "figures": 0, "textlen": 143, "fig_size": 0, "title": "Discussion", "textRatio": 0.37730870712401055, "figRatio": 0.0}, "16": {"xy": [1720, 1169, 819, 333], "panel_size": 272727, "panel_aspectRatio": 2.4594594594594597, "category": "Discussion", "figures": 0, "textlen": 48, "fig_size": 0, "title": "FUTURE WORK", "textRatio": 0.1266490765171504, "figRatio": 0.0}}}