{"poster_size": 1500000, "doclen": 161, "figlen": 378166, "section": {"1": {"xy": [375, 25, 748, 77], "panel_size": 57596, "panel_aspectRatio": 9.714285714285714, "category": "Title", "figures": 0, "textlen": 0, "fig_size": 0, "title": "Assessing Perceptual Noise Level Defined by HumanCalibration and Image Rulers", "textRatio": 0.0, "figRatio": 0.0}, "2": {"xy": [31, 181, 306, 496], "panel_size": 151776, "panel_aspectRatio": 0.6169354838709677, "category": "Introduction", "figures": 0, "textlen": 45, "fig_size": 0, "title": "Introduction", "textRatio": 0.2795031055900621, "figRatio": 0.0}, "4": {"xy": [357, 177, 403, 495], "panel_size": 199485, "panel_aspectRatio": 0.8141414141414142, "category": "Introduction", "figures": 1, "textlen": 43, "fig_size": 67791, "title": "dataset", "6": {"fig_size": 67791, "fig_aspectRatio": 2.1638418079096047, "fig_size_poster": 0.9503722084367245}, "textRatio": 0.2670807453416149, "figRatio": 0.17926254607764844}, "7": {"xy": [25, 692, 595, 249], "panel_size": 148155, "panel_aspectRatio": 2.389558232931727, "category": "Introduction", "figures": 1, "textlen": 0, "fig_size": 127916, "title": "/", "8": {"fig_size": 127916, "fig_aspectRatio": 2.504424778761062, "fig_size_poster": 0.9512605042016806}, "textRatio": 0.0, "figRatio": 0.33825357118302546}, "9": {"xy": [638, 681, 461, 254], "panel_size": 117094, "panel_aspectRatio": 1.81496062992126, "category": "Discussion", "figures": 0, "textlen": 53, "fig_size": 0, "title": "Discussion and Future Work", "textRatio": 0.32919254658385094, "figRatio": 0.0}, "11": {"xy": [774, 187, 328, 465], "panel_size": 152520, "panel_aspectRatio": 0.7053763440860215, "category": "Method", "figures": 0, "textlen": 16, "fig_size": 0, "title": "Models", "textRatio": 0.09937888198757763, "figRatio": 0.0}, "13": {"xy": [1118, 180, 357, 755], "panel_size": 269535, "panel_aspectRatio": 0.4728476821192053, "category": "Result", "figures": 6, "textlen": 4, "fig_size": 182459, "title": "Results", "15": {"fig_size": 48034, "fig_aspectRatio": 2.2534246575342465, "fig_size_poster": 0.9215686274509803}, "16": {"fig_size": 31678, "fig_aspectRatio": 3.5851063829787235, "fig_size_poster": 0.9439775910364145}, "17": {"fig_size": 31208, "fig_aspectRatio": 0.8829787234042553, "fig_size_poster": 0.4649859943977591}, "18": {"fig_size": 22646, "fig_aspectRatio": 0.7928994082840237, "fig_size_poster": 0.3753501400560224}, "19": {"fig_size": 23712, "fig_aspectRatio": 0.9743589743589743, "fig_size_poster": 0.4257703081232493}, "20": {"fig_size": 25181, "fig_aspectRatio": 0.8816568047337278, "fig_size_poster": 0.4173669467787115}, "textRatio": 0.024844720496894408, "figRatio": 0.48248388273932613}}}