{"poster_size": 3110400, "doclen": 580, "figlen": 944114, "section": {"1": {"xy": [370, 15, 1543, 84], "panel_size": 129612, "panel_aspectRatio": 18.36904761904762, "category": "Title", "figures": 0, "textlen": 0, "fig_size": 0, "title": "Automatic Generation of Lyrics in Bob Dylan's Style", "textRatio": 0.0, "figRatio": 0.0}, "2": {"xy": [16, 157, 770, 147], "panel_size": 113190, "panel_aspectRatio": 5.238095238095238, "category": "Introduction", "figures": 0, "textlen": 72, "fig_size": 0, "title": "1. Introduction", "textRatio": 0.12413793103448276, "figRatio": 0.0}, "4": {"xy": [15, 306, 770, 115], "panel_size": 88550, "panel_aspectRatio": 6.695652173913044, "category": "Method", "figures": 0, "textlen": 43, "fig_size": 0, "title": "2. Data", "textRatio": 0.07413793103448275, "figRatio": 0.0}, "6": {"xy": [8, 421, 781, 232], "panel_size": 181192, "panel_aspectRatio": 3.3663793103448274, "category": "Method", "figures": 1, "textlen": 13, "fig_size": 48500, "title": "3. N-grams", "8": {"fig_size": 48500, "fig_aspectRatio": 3.104, "fig_size_poster": 0.4967989756722151}, "textRatio": 0.022413793103448276, "figRatio": 0.05137091495306711}, "9": {"xy": [7, 661, 781, 337], "panel_size": 263197, "panel_aspectRatio": 2.3175074183976263, "category": "Method", "figures": 1, "textlen": 43, "fig_size": 116032, "title": "4. RNN with LSTM", "12": {"fig_size": 116032, "fig_aspectRatio": 2.3125, "fig_size_poster": 0.6632522407170295}, "textRatio": 0.07413793103448275, "figRatio": 0.1229004124501914}, "13": {"xy": [4, 1005, 784, 433], "panel_size": 339472, "panel_aspectRatio": 1.8106235565819861, "category": "Method", "figures": 1, "textlen": 85, "fig_size": 125400, "title": "5. Word vs. Character level RNN", "16": {"fig_size": 125400, "fig_aspectRatio": 1.1515151515151516, "fig_size_poster": 0.4846938775510204}, "textRatio": 0.14655172413793102, "figRatio": 0.13282294299205394}, "17": {"xy": [800, 161, 827, 183], "panel_size": 151341, "panel_aspectRatio": 4.51912568306011, "category": "Method", "figures": 1, "textlen": 28, "fig_size": 23256, "title": "6. Metrics for RNN Performance", "19": {"fig_size": 23256, "fig_aspectRatio": 5.029411764705882, "fig_size_poster": 0.4135429262394196}, "textRatio": 0.04827586206896552, "figRatio": 0.024632618518526363}, "21": {"xy": [801, 350, 830, 460], "panel_size": 381800, "panel_aspectRatio": 1.8043478260869565, "category": "Result", "figures": 1, "textlen": 63, "fig_size": 149328, "title": "7. Training RNN", "22": {"fig_size": 149328, "fig_aspectRatio": 1.1147540983606556, "fig_size_poster": 0.491566265060241}, "textRatio": 0.10862068965517241, "figRatio": 0.15816733996106402}, "24": {"xy": [797, 822, 833, 601], "panel_size": 500633, "panel_aspectRatio": 1.3860232945091515, "category": "Result", "figures": 2, "textlen": 28, "fig_size": 302990, "title": "8. Effects of Batch Size and Hidden Layer Size", "25": {"fig_size": 159470, "fig_aspectRatio": 1.164864864864865, "fig_size_poster": 0.517406962785114}, "26": {"fig_size": 143520, "fig_aspectRatio": 1.059782608695652, "fig_size_poster": 0.468187274909964}, "textRatio": 0.04827586206896552, "figRatio": 0.32092522725009903}, "28": {"xy": [1638, 158, 521, 523], "panel_size": 272483, "panel_aspectRatio": 0.9961759082217974, "category": "Result", "figures": 1, "textlen": 29, "fig_size": 178608, "title": "9. Regularization by Drop-out", "30": {"fig_size": 178608, "fig_aspectRatio": 1.3333333333333333, "fig_size_poster": 0.9366602687140115}, "textRatio": 0.05, "figRatio": 0.18918054387499814}, "31": {"xy": [1638, 687, 522, 284], "panel_size": 148248, "panel_aspectRatio": 1.8380281690140845, "category": "Result", "figures": 0, "textlen": 88, "fig_size": 0, "title": "10. Sample lyrics", "textRatio": 0.15172413793103448, "figRatio": 0.0}, "33": {"xy": [1638, 977, 520, 277], "panel_size": 144040, "panel_aspectRatio": 1.8772563176895307, "category": "Discussion", "figures": 0, "textlen": 88, "fig_size": 0, "title": "11. Discussion", "textRatio": 0.15172413793103448, "figRatio": 0.0}}}