{"poster_size": 4478976, "doclen": 232, "figlen": 713445, "section": {"1": {"xy": [554, 34, 1500, 116], "panel_size": 174000, "panel_aspectRatio": 12.931034482758621, "category": "Title", "figures": 0, "textlen": 0, "fig_size": 0, "title": "Classifying Pneumonia in Chest X-Rays", "textRatio": 0.0, "figRatio": 0.0}, "2": {"xy": [35, 361, 917, 336], "panel_size": 308112, "panel_aspectRatio": 2.7291666666666665, "category": "Introduction", "figures": 0, "textlen": 39, "fig_size": 0, "title": "Problem", "textRatio": 0.16810344827586207, "figRatio": 0.0}, "4": {"xy": [26, 718, 926, 683], "panel_size": 632458, "panel_aspectRatio": 1.355783308931186, "category": "Introduction", "figures": 1, "textlen": 28, "fig_size": 286672, "title": "Data", "5": {"fig_size": 286672, "fig_aspectRatio": 2.1168478260869565, "fig_size_poster": 0.8412526997840173}, "textRatio": 0.1206896551724138, "figRatio": 0.4018137347658194}, "7": {"xy": [22, 1425, 927, 258], "panel_size": 239166, "panel_aspectRatio": 3.5930232558139537, "category": "Method", "figures": 0, "textlen": 19, "fig_size": 0, "title": "Pre-Processing", "textRatio": 0.08189655172413793, "figRatio": 0.0}, "9": {"xy": [984, 357, 777, 740], "panel_size": 574980, "panel_aspectRatio": 1.05, "category": "Method", "figures": 1, "textlen": 33, "fig_size": 248060, "title": "Baseline:Logistic Regression", "10": {"fig_size": 248060, "fig_aspectRatio": 1.589873417721519, "fig_size_poster": 0.8082368082368082}, "textRatio": 0.14224137931034483, "figRatio": 0.34769323493752147}, "12": {"xy": [1791, 350, 738, 754], "panel_size": 556452, "panel_aspectRatio": 0.9787798408488063, "category": "Method", "figures": 2, "textlen": 41, "fig_size": 178713, "title": "Model:DenseNet-121^2", "13": {"fig_size": 141988, "fig_aspectRatio": 1.4967532467532467, "fig_size_poster": 0.6246612466124661}, "14": {"fig_size": 36725, "fig_aspectRatio": 8.692307692307692, "fig_size_poster": 0.7655826558265583}, "textRatio": 0.17672413793103448, "figRatio": 0.25049303029665915}, "16": {"xy": [984, 1132, 1551, 260], "panel_size": 403260, "panel_aspectRatio": 5.9653846153846155, "category": "Result", "figures": 0, "textlen": 40, "fig_size": 0, "title": "Discussion", "textRatio": 0.1724137931034483, "figRatio": 0.0}, "18": {"xy": [984, 1422, 986, 275], "panel_size": 271150, "panel_aspectRatio": 3.5854545454545454, "category": "Discussion", "figures": 0, "textlen": 32, "fig_size": 0, "title": "Future Work", "textRatio": 0.13793103448275862, "figRatio": 0.0}}}