{"poster_size": 4478976, "doclen": 471, "figlen": 315456, "section": {"1": {"xy": [676, 79, 1242, 119], "panel_size": 147798, "panel_aspectRatio": 10.436974789915967, "category": "Title", "figures": 0, "textlen": 0, "fig_size": 0, "title": "Speech Accent Classification", "textRatio": 0.0, "figRatio": 0.0}, "2": {"xy": [47, 391, 751, 418], "panel_size": 313918, "panel_aspectRatio": 1.7966507177033493, "category": "Introduction", "figures": 0, "textlen": 76, "fig_size": 0, "title": "Abstract and Motivation", "textRatio": 0.1613588110403397, "figRatio": 0.0}, "4": {"xy": [49, 822, 762, 905], "panel_size": 689610, "panel_aspectRatio": 0.8419889502762431, "category": "Method", "figures": 1, "textlen": 100, "fig_size": 152790, "title": "Data and Features\n", "6": {"fig_size": 152790, "fig_aspectRatio": 1.403030303030303, "fig_size_poster": 0.6076115485564304}, "textRatio": 0.21231422505307856, "figRatio": 0.48434646987218505}, "7": {"xy": [901, 391, 791, 626], "panel_size": 495166, "panel_aspectRatio": 1.2635782747603834, "category": "Method", "figures": 1, "textlen": 65, "fig_size": 86676, "title": "Model\n", "9": {"fig_size": 86676, "fig_aspectRatio": 2.5053763440860215, "fig_size_poster": 0.5891276864728192}, "textRatio": 0.13800424628450106, "figRatio": 0.27476415094339623}, "11": {"xy": [908, 1027, 768, 220], "panel_size": 168960, "panel_aspectRatio": 3.4909090909090907, "category": "Result", "figures": 1, "textlen": 9, "fig_size": 75990, "title": "Results", "12": {"fig_size": 75990, "fig_aspectRatio": 7.303921568627451, "fig_size_poster": 0.9700520833333334}, "textRatio": 0.01910828025477707, "figRatio": 0.24088937918441874}, "15": {"xy": [1766, 390, 779, 645], "panel_size": 502455, "panel_aspectRatio": 1.207751937984496, "category": "Discussion", "figures": 0, "textlen": 123, "fig_size": 0, "title": "Discussion\n", "textRatio": 0.2611464968152866, "figRatio": 0.0}, "17": {"xy": [1793, 1047, 755, 590], "panel_size": 445450, "panel_aspectRatio": 1.2796610169491525, "category": "Discussion", "figures": 0, "textlen": 98, "fig_size": 0, "title": "Future Work\n", "textRatio": 0.208067940552017, "figRatio": 0.0}}}