{"poster_size": 4478976, "doclen": 493, "figlen": 985647, "section": {"1": {"xy": [426, 45, 1909, 88], "panel_size": 167992, "panel_aspectRatio": 21.693181818181817, "category": "Title", "figures": 0, "textlen": 0, "fig_size": 0, "title": "Unstructured Document Recognition on Business Invoice", "textRatio": 0.0, "figRatio": 0.0}, "2": {"xy": [91, 236, 904, 356], "panel_size": 321824, "panel_aspectRatio": 2.539325842696629, "category": "Introduction", "figures": 0, "textlen": 74, "fig_size": 0, "title": "ABSTRACT", "textRatio": 0.15010141987829614, "figRatio": 0.0}, "4": {"xy": [81, 607, 918, 551], "panel_size": 505818, "panel_aspectRatio": 1.6660617059891107, "category": "Method", "figures": 2, "textlen": 24, "fig_size": 230992, "title": "Data Preparation", "6": {"fig_size": 96460, "fig_aspectRatio": 1.426923076923077, "fig_size_poster": 0.40413943355119825}, "7": {"fig_size": 134532, "fig_aspectRatio": 0.8242574257425742, "fig_size_poster": 0.3627450980392157}, "textRatio": 0.0486815415821501, "figRatio": 0.23435570746930695}, "8": {"xy": [93, 1171, 880, 507], "panel_size": 446160, "panel_aspectRatio": 1.7357001972386588, "category": "Method", "figures": 2, "textlen": 51, "fig_size": 245869, "title": "FEATURE SELECTION", "10": {"fig_size": 124200, "fig_aspectRatio": 1.38, "fig_size_poster": 0.47045454545454546}, "11": {"fig_size": 121669, "fig_aspectRatio": 1.4567474048442905, "fig_size_poster": 0.4784090909090909}, "textRatio": 0.10344827586206896, "figRatio": 0.24944934646988223}, "12": {"xy": [1019, 236, 1472, 447], "panel_size": 657984, "panel_aspectRatio": 3.2930648769574944, "category": "Method", "figures": 1, "textlen": 86, "fig_size": 197064, "title": "Models", "14": {"fig_size": 197064, "fig_aspectRatio": 6.982142857142857, "fig_size_poster": 0.796875}, "textRatio": 0.1744421906693712, "figRatio": 0.19993364764464358}, "16": {"xy": [1013, 702, 920, 987], "panel_size": 908040, "panel_aspectRatio": 0.9321175278622087, "category": "Result", "figures": 2, "textlen": 166, "fig_size": 311722, "title": "RESULTS AND DISCUSSIONS", "17": {"fig_size": 166044, "fig_aspectRatio": 4.069306930693069, "fig_size_poster": 0.8934782608695652}, "20": {"fig_size": 145678, "fig_aspectRatio": 1.2751479289940828, "fig_size_poster": 0.46847826086956523}, "textRatio": 0.3367139959432049, "figRatio": 0.31626129841616724}, "22": {"xy": [1953, 685, 537, 599], "panel_size": 321663, "panel_aspectRatio": 0.8964941569282137, "category": "Discussion", "figures": 0, "textlen": 92, "fig_size": 0, "title": "Future Works", "textRatio": 0.18661257606490872, "figRatio": 0.0}}}