{"poster_size": 4478976, "doclen": 399, "figlen": 452708, "section": {"1": {"xy": [391, 59, 775, 63], "panel_size": 48825, "panel_aspectRatio": 12.301587301587302, "category": "Title", "figures": 0, "textlen": 0, "fig_size": 0, "title": "PREDICTING NBA GAME OUtcoME", "textRatio": 0.0, "figRatio": 0.0}, "2": {"xy": [32, 259, 1144, 595], "panel_size": 680680, "panel_aspectRatio": 1.9226890756302522, "category": "Introduction", "figures": 0, "textlen": 72, "fig_size": 0, "title": "Overview", "textRatio": 0.18045112781954886, "figRatio": 0.0}, "4": {"xy": [22, 868, 1171, 361], "panel_size": 422731, "panel_aspectRatio": 3.2437673130193905, "category": "Introduction", "figures": 0, "textlen": 41, "fig_size": 0, "title": "DATA", "textRatio": 0.10275689223057644, "figRatio": 0.0}, "6": {"xy": [24, 1237, 1142, 236], "panel_size": 269512, "panel_aspectRatio": 4.838983050847458, "category": "Introduction", "figures": 0, "textlen": 25, "fig_size": 0, "title": "Future", "textRatio": 0.06265664160401002, "figRatio": 0.0}, "9": {"xy": [1200, 20, 1381, 475], "panel_size": 655975, "panel_aspectRatio": 2.9073684210526314, "category": "Method", "figures": 2, "textlen": 34, "fig_size": 245156, "title": "Model 1 : SVM", "10": {"fig_size": 183866, "fig_aspectRatio": 2.0704697986577183, "fig_size_poster": 0.44677769732078204}, "11": {"fig_size": 61290, "fig_aspectRatio": 7.566666666666666, "fig_size_poster": 0.49312092686459086}, "textRatio": 0.08521303258145363, "figRatio": 0.54153229012962}, "14": {"xy": [1198, 515, 1383, 700], "panel_size": 968100, "panel_aspectRatio": 1.9757142857142858, "category": "Method", "figures": 2, "textlen": 142, "fig_size": 207552, "title": "Model 2 and 3 : Linear Regression and Netural Netword Regression", "15": {"fig_size": 188760, "fig_aspectRatio": 3.2231404958677685, "fig_size_poster": 0.5639913232104121}, "18": {"fig_size": 18792, "fig_aspectRatio": 2.8641975308641974, "fig_size_poster": 0.16775126536514823}, "textRatio": 0.3558897243107769, "figRatio": 0.45846770987038005}, "19": {"xy": [1190, 1249, 1393, 463], "panel_size": 644959, "panel_aspectRatio": 3.0086393088552916, "category": "Discussion", "figures": 0, "textlen": 85, "fig_size": 0, "title": "Discussion", "textRatio": 0.21303258145363407, "figRatio": 0.0}}}