{"poster_size": 4478976, "doclen": 200, "figlen": 1652136, "section": {"1": {"xy": [445, 21, 1715, 68], "panel_size": 116620, "panel_aspectRatio": 25.220588235294116, "category": "Title", "figures": 0, "textlen": 0, "fig_size": 0, "title": "Reconstructing Pore Networks Using Generative Adversarial Networks", "textRatio": 0.0, "figRatio": 0.0}, "2": {"xy": [21, 260, 657, 707], "panel_size": 464499, "panel_aspectRatio": 0.9292786421499293, "category": "Introduction", "figures": 0, "textlen": 88, "fig_size": 0, "title": "Introduction", "textRatio": 0.44, "figRatio": 0.0}, "4": {"xy": [32, 986, 557, 717], "panel_size": 399369, "panel_aspectRatio": 0.7768479776847977, "category": "Method", "figures": 3, "textlen": 20, "fig_size": 199898, "title": "Data Acquisition & Evaluation", "5": {"fig_size": 74404, "fig_aspectRatio": 2.348314606741573, "fig_size_poster": 0.7504488330341114}, "6": {"fig_size": 112998, "fig_aspectRatio": 2.2927927927927927, "fig_size_poster": 0.9138240574506283}, "8": {"fig_size": 12496, "fig_aspectRatio": 6.454545454545454, "fig_size_poster": 0.5098743267504489}, "textRatio": 0.1, "figRatio": 0.12099367122319228}, "9": {"xy": [689, 264, 1876, 714], "panel_size": 1339464, "panel_aspectRatio": 2.627450980392157, "category": "Method", "figures": 4, "textlen": 25, "fig_size": 877703, "title": "Model Architecture and Training", "10": {"fig_size": 485507, "fig_aspectRatio": 2.54233409610984, "fig_size_poster": 0.5922174840085288}, "11": {"fig_size": 69204, "fig_aspectRatio": 12.986301369863014, "fig_size_poster": 0.5053304904051172}, "12": {"fig_size": 91206, "fig_aspectRatio": 13.901234567901234, "fig_size_poster": 0.6002132196162047}, "13": {"fig_size": 231786, "fig_aspectRatio": 2.1809815950920246, "fig_size_poster": 0.37899786780383793}, "textRatio": 0.125, "figRatio": 0.5312534803430226}, "15": {"xy": [600, 989, 1052, 711], "panel_size": 747972, "panel_aspectRatio": 1.479606188466948, "category": "Result", "figures": 4, "textlen": 0, "fig_size": 574535, "title": "Results", "16": {"fig_size": 249249, "fig_aspectRatio": 1.3543123543123543, "fig_size_poster": 0.5522813688212928}, "17": {"fig_size": 147798, "fig_aspectRatio": 1.0343915343915344, "fig_size_poster": 0.37167300380228135}, "18": {"fig_size": 81744, "fig_aspectRatio": 4.763358778625954, "fig_size_poster": 0.5931558935361216}, "19": {"fig_size": 95744, "fig_aspectRatio": 1.4609375, "fig_size_poster": 0.35551330798479086}, "textRatio": 0.0, "figRatio": 0.3477528484337851}, "20": {"xy": [1667, 986, 904, 332], "panel_size": 300128, "panel_aspectRatio": 2.7228915662650603, "category": "Discussion", "figures": 0, "textlen": 67, "fig_size": 0, "title": "Conclusion", "textRatio": 0.335, "figRatio": 0.0}}}