{"poster_size": 3110400, "doclen": 260, "figlen": 745135, "section": {"1": {"xy": [159, 65, 1597, 125], "panel_size": 199625, "panel_aspectRatio": 12.776, "category": "Title", "figures": 0, "textlen": 0, "fig_size": 0, "title": "Decision impact in MOBA games", "textRatio": 0.0, "figRatio": 0.0}, "2": {"xy": [113, 232, 629, 345], "panel_size": 217005, "panel_aspectRatio": 1.8231884057971015, "category": "Introduction", "figures": 1, "textlen": 14, "fig_size": 117390, "title": "Problem", "4": {"fig_size": 117390, "fig_aspectRatio": 2.6619047619047618, "fig_size_poster": 0.8887122416534181}, "textRatio": 0.05384615384615385, "figRatio": 0.15754192193360936}, "5": {"xy": [111, 601, 594, 398], "panel_size": 236412, "panel_aspectRatio": 1.4924623115577889, "category": "Method", "figures": 1, "textlen": 41, "fig_size": 54784, "title": "Data", "7": {"fig_size": 54784, "fig_aspectRatio": 4.785046728971962, "fig_size_poster": 0.8619528619528619}, "textRatio": 0.1576923076923077, "figRatio": 0.07352224764639964}, "8": {"xy": [773, 234, 596, 246], "panel_size": 146616, "panel_aspectRatio": 2.4227642276422765, "category": "Method", "figures": 1, "textlen": 17, "fig_size": 53580, "title": "Early Game Decision Making", "9": {"fig_size": 53580, "fig_aspectRatio": 4.12280701754386, "fig_size_poster": 0.7885906040268457}, "textRatio": 0.06538461538461539, "figRatio": 0.07190643306246519}, "11": {"xy": [1419, 237, 625, 331], "panel_size": 206875, "panel_aspectRatio": 1.8882175226586102, "category": "Method", "figures": 1, "textlen": 49, "fig_size": 37814, "title": "Causal Modeling", "13": {"fig_size": 37814, "fig_aspectRatio": 6.905405405405405, "fig_size_poster": 0.8176}, "textRatio": 0.18846153846153846, "figRatio": 0.05074785106054608}, "15": {"xy": [767, 526, 594, 403], "panel_size": 239382, "panel_aspectRatio": 1.4739454094292803, "category": "Result", "figures": 2, "textlen": 22, "fig_size": 115685, "title": "Linear Classifiers", "17": {"fig_size": 59860, "fig_aspectRatio": 1.424390243902439, "fig_size_poster": 0.49158249158249157}, "18": {"fig_size": 55825, "fig_aspectRatio": 1.354679802955665, "fig_size_poster": 0.46296296296296297}, "textRatio": 0.08461538461538462, "figRatio": 0.15525374596549618}, "20": {"xy": [766, 976, 600, 387], "panel_size": 232200, "panel_aspectRatio": 1.550387596899225, "category": "Result", "figures": 2, "textlen": 21, "fig_size": 112355, "title": "Decision Trees", "23": {"fig_size": 56355, "fig_aspectRatio": 1.4820512820512821, "fig_size_poster": 0.4816666666666667}, "24": {"fig_size": 56000, "fig_aspectRatio": 1.4, "fig_size_poster": 0.4666666666666667}, "textRatio": 0.08076923076923077, "figRatio": 0.1507847571245479}, "25": {"xy": [1411, 601, 630, 771], "panel_size": 485730, "panel_aspectRatio": 0.8171206225680934, "category": "Result", "figures": 4, "textlen": 46, "fig_size": 253527, "title": "Propensity Score Matching", "27": {"fig_size": 52626, "fig_aspectRatio": 1.6424581005586592, "fig_size_poster": 0.4666666666666667}, "28": {"fig_size": 50552, "fig_aspectRatio": 1.595505617977528, "fig_size_poster": 0.4507936507936508}, "30": {"fig_size": 95304, "fig_aspectRatio": 2.1818181818181817, "fig_size_poster": 0.7238095238095238}, "31": {"fig_size": 55045, "fig_aspectRatio": 5.396039603960396, "fig_size_poster": 0.8650793650793651}, "textRatio": 0.17692307692307693, "figRatio": 0.34024304320693566}, "34": {"xy": [105, 1044, 614, 332], "panel_size": 203848, "panel_aspectRatio": 1.8493975903614457, "category": "Result", "figures": 0, "textlen": 50, "fig_size": 0, "title": "Results", "textRatio": 0.19230769230769232, "figRatio": 0.0}}}