{"poster_size": 3110400, "doclen": 239, "figlen": 820667, "section": {"1": {"xy": [112, 15, 1985, 91], "panel_size": 180635, "panel_aspectRatio": 21.813186813186814, "category": "Title", "figures": 0, "textlen": 0, "fig_size": 0, "title": "Predicting Bill Votes in the House of Representatives", "textRatio": 0.0, "figRatio": 0.0}, "2": {"xy": [7, 239, 1062, 291], "panel_size": 309042, "panel_aspectRatio": 3.649484536082474, "category": "Introduction", "figures": 0, "textlen": 45, "fig_size": 0, "title": "Intro", "textRatio": 0.18828451882845187, "figRatio": 0.0}, "4": {"xy": [15, 540, 1051, 318], "panel_size": 334218, "panel_aspectRatio": 3.3050314465408803, "category": "Method", "figures": 1, "textlen": 24, "fig_size": 141135, "title": "Campaign contributions", "5": {"fig_size": 141135, "fig_aspectRatio": 1.6666666666666667, "fig_size_poster": 0.461465271170314}, "textRatio": 0.100418410041841, "figRatio": 0.17197596589115927}, "7": {"xy": [9, 867, 1066, 572], "panel_size": 609752, "panel_aspectRatio": 1.8636363636363635, "category": "Method", "figures": 3, "textlen": 45, "fig_size": 358979, "title": "Voting Behavior", "8": {"fig_size": 94488, "fig_aspectRatio": 1.4645669291338583, "fig_size_poster": 0.34896810506566606}, "9": {"fig_size": 91385, "fig_aspectRatio": 1.5224489795918368, "fig_size_poster": 0.349906191369606}, "11": {"fig_size": 173106, "fig_aspectRatio": 1.6288343558282208, "fig_size_poster": 0.4981238273921201}, "textRatio": 0.18828451882845187, "figRatio": 0.4374234616476598}, "12": {"xy": [1080, 226, 1071, 284], "panel_size": 304164, "panel_aspectRatio": 3.7711267605633805, "category": "Method", "figures": 0, "textlen": 40, "fig_size": 0, "title": "Tags", "textRatio": 0.16736401673640167, "figRatio": 0.0}, "16": {"xy": [1081, 513, 1078, 596], "panel_size": 642488, "panel_aspectRatio": 1.808724832214765, "category": "Result", "figures": 3, "textlen": 49, "fig_size": 320553, "title": "Results", "19": {"fig_size": 105986, "fig_aspectRatio": 1.4646840148698885, "fig_size_poster": 0.3654916512059369}, "20": {"fig_size": 103880, "fig_aspectRatio": 1.4792452830188678, "fig_size_poster": 0.36363636363636365}, "21": {"fig_size": 110687, "fig_aspectRatio": 1.3252595155709344, "fig_size_poster": 0.35528756957328383}, "textRatio": 0.20502092050209206, "figRatio": 0.39060057246118096}, "22": {"xy": [1086, 1110, 1065, 317], "panel_size": 337605, "panel_aspectRatio": 3.359621451104101, "category": "Discussion", "figures": 0, "textlen": 36, "fig_size": 0, "title": "Future Work", "textRatio": 0.1506276150627615, "figRatio": 0.0}}}