{"poster_size": 3110400, "doclen": 246, "figlen": 802380, "section": {"0": {"xy": [428, 23, 1344, 100], "panel_size": 134400, "panel_aspectRatio": 13.44, "category": "Title", "figures": 0, "textlen": 0, "fig_size": 0, "title": "Fingerprint Identification using SVM", "textRatio": 0.0, "figRatio": 0.0}, "1": {"xy": [18, 242, 638, 359], "panel_size": 229042, "panel_aspectRatio": 1.777158774373259, "category": "Introduction", "figures": 0, "textlen": 48, "fig_size": 0, "title": "Introduction", "textRatio": 0.1951219512195122, "figRatio": 0.0}, "3": {"xy": [12, 630, 644, 731], "panel_size": 470764, "panel_aspectRatio": 0.8809849521203831, "category": "Introduction", "figures": 1, "textlen": 68, "fig_size": 95583, "title": "Data and Preprocess", "4": {"fig_size": 95583, "fig_aspectRatio": 2.146919431279621, "fig_size_poster": 0.703416149068323}, "textRatio": 0.2764227642276423, "figRatio": 0.11912435504374486}, "6": {"xy": [681, 240, 795, 1113], "panel_size": 884835, "panel_aspectRatio": 0.7142857142857143, "category": "Method", "figures": 3, "textlen": 50, "fig_size": 456365, "title": "Methodology", "7": {"fig_size": 106485, "fig_aspectRatio": 4.432258064516129, "fig_size_poster": 0.8641509433962264}, "8": {"fig_size": 178160, "fig_aspectRatio": 2.4080882352941178, "fig_size_poster": 0.8238993710691824}, "9": {"fig_size": 171720, "fig_aspectRatio": 2.4452830188679244, "fig_size_poster": 0.8150943396226416}, "textRatio": 0.2032520325203252, "figRatio": 0.5687641765746903}, "13": {"xy": [1495, 232, 648, 733], "panel_size": 474984, "panel_aspectRatio": 0.8840381991814461, "category": "Result", "figures": 1, "textlen": 31, "fig_size": 250432, "title": "Result and Discussion", "14": {"fig_size": 250432, "fig_aspectRatio": 1.2477678571428572, "fig_size_poster": 0.8626543209876543}, "textRatio": 0.12601626016260162, "figRatio": 0.31211146838156484}, "16": {"xy": [1495, 978, 642, 368], "panel_size": 236256, "panel_aspectRatio": 1.7445652173913044, "category": "Discussion", "figures": 0, "textlen": 49, "fig_size": 0, "title": "Future Work", "textRatio": 0.1991869918699187, "figRatio": 0.0}}}