{"poster_size": 484704, "doclen": 468, "figlen": 112750, "section": {"1": {"xy": [123, 47, 651, 35], "panel_size": 22785, "panel_aspectRatio": 18.6, "category": "Title", "figures": 0, "textlen": 0, "fig_size": 0, "title": "StruX: Structural Damage Classification for Post-Disaster Recovery", "textRatio": 0.0, "figRatio": 0.0}, "2": {"xy": [21, 131, 184, 126], "panel_size": 23184, "panel_aspectRatio": 1.4603174603174602, "category": "Introduction", "figures": 0, "textlen": 65, "fig_size": 0, "title": "Motivation", "textRatio": 0.1388888888888889, "figRatio": 0.0}, "4": {"xy": [12, 274, 200, 262], "panel_size": 52400, "panel_aspectRatio": 0.7633587786259542, "category": "Introduction", "figures": 4, "textlen": 89, "fig_size": 16644, "title": "Problem Statement", "6": {"fig_size": 4446, "fig_aspectRatio": 2.923076923076923, "fig_size_poster": 0.57}, "7": {"fig_size": 3157, "fig_aspectRatio": 1.8780487804878048, "fig_size_poster": 0.385}, "8": {"fig_size": 5499, "fig_aspectRatio": 2.4893617021276597, "fig_size_poster": 0.585}, "9": {"fig_size": 3542, "fig_aspectRatio": 1.673913043478261, "fig_size_poster": 0.385}, "textRatio": 0.19017094017094016, "figRatio": 0.14761862527716185}, "10": {"xy": [216, 134, 182, 146], "panel_size": 26572, "panel_aspectRatio": 1.2465753424657535, "category": "Method", "figures": 0, "textlen": 92, "fig_size": 0, "title": "Models & Improvement", "textRatio": 0.19658119658119658, "figRatio": 0.0}, "12": {"xy": [404, 135, 147, 229], "panel_size": 33663, "panel_aspectRatio": 0.6419213973799127, "category": "Method", "figures": 2, "textlen": 0, "fig_size": 28980, "title": "Models & Improvement", "13": {"fig_size": 13860, "fig_aspectRatio": 0.3142857142857143, "fig_size_poster": 0.4489795918367347}, "14": {"fig_size": 15120, "fig_aspectRatio": 0.34285714285714286, "fig_size_poster": 0.4897959183673469}, "textRatio": 0.0, "figRatio": 0.2570288248337029}, "15": {"xy": [399, 365, 169, 183], "panel_size": 30927, "panel_aspectRatio": 0.9234972677595629, "category": "Method", "figures": 4, "textlen": 0, "fig_size": 27699, "title": "Models & Improvement", "16": {"fig_size": 5966, "fig_aspectRatio": 4.131578947368421, "fig_size_poster": 0.9289940828402367}, "17": {"fig_size": 6201, "fig_aspectRatio": 4.076923076923077, "fig_size_poster": 0.9408284023668639}, "18": {"fig_size": 5904, "fig_aspectRatio": 4.555555555555555, "fig_size_poster": 0.9704142011834319}, "19": {"fig_size": 9628, "fig_aspectRatio": 2.8620689655172415, "fig_size_poster": 0.9822485207100592}, "textRatio": 0.0, "figRatio": 0.24566740576496673}, "20": {"xy": [218, 287, 180, 252], "panel_size": 45360, "panel_aspectRatio": 0.7142857142857143, "category": "Method", "figures": 1, "textlen": 55, "fig_size": 16892, "title": "Hyperparameter Tuning", "22": {"fig_size": 16892, "fig_aspectRatio": 1.5922330097087378, "fig_size_poster": 0.9111111111111111}, "textRatio": 0.11752136752136752, "figRatio": 0.14981818181818182}, "23": {"xy": [552, 141, 235, 207], "panel_size": 48645, "panel_aspectRatio": 1.1352657004830917, "category": "Result", "figures": 2, "textlen": 80, "fig_size": 22535, "title": "Result Analysis", "24": {"fig_size": 11375, "fig_aspectRatio": 1.3736263736263736, "fig_size_poster": 0.5319148936170213}, "25": {"fig_size": 11160, "fig_aspectRatio": 1.3777777777777778, "fig_size_poster": 0.5276595744680851}, "textRatio": 0.17094017094017094, "figRatio": 0.1998669623059867}, "27": {"xy": [569, 350, 220, 140], "panel_size": 30800, "panel_aspectRatio": 1.5714285714285714, "category": "Discussion", "figures": 0, "textlen": 87, "fig_size": 0, "title": "Conclusion & Future Work", "textRatio": 0.1858974358974359, "figRatio": 0.0}}}