{"poster_size": 4478976, "doclen": 52, "figlen": 550587, "section": {"1": {"xy": [498, 37, 1614, 68], "panel_size": 109752, "panel_aspectRatio": 23.735294117647058, "category": "Title", "figures": 0, "textlen": 0, "fig_size": 0, "title": "Automatic earthquake detection from distributed acoustic sensing (DAS) array data", "textRatio": 0.0, "figRatio": 0.0}, "2": {"xy": [27, 249, 834, 188], "panel_size": 156792, "panel_aspectRatio": 4.4361702127659575, "category": "Introduction", "figures": 0, "textlen": 14, "fig_size": 0, "title": "PROBLEM", "textRatio": 0.2692307692307692, "figRatio": 0.0}, "4": {"xy": [29, 456, 832, 1249], "panel_size": 1039168, "panel_aspectRatio": 0.6661329063250601, "category": "Method", "figures": 3, "textlen": 38, "fig_size": 550587, "title": "STANFORD DAS ARRAY (SDASA)", "7": {"fig_size": 132300, "fig_aspectRatio": 1.47, "fig_size_poster": 0.5300480769230769}, "8": {"fig_size": 69069, "fig_aspectRatio": 1.0790513833992095, "fig_size_poster": 0.328125}, "9": {"fig_size": 349218, "fig_aspectRatio": 0.7802690582959642, "fig_size_poster": 0.6274038461538461}, "textRatio": 0.7307692307692307, "figRatio": 1.0}}}