{"poster_size": 3110400, "doclen": 239, "figlen": 1276844, "section": {"1": {"xy": [60, 30, 1903, 90], "panel_size": 171270, "panel_aspectRatio": 21.144444444444446, "category": "Title", "figures": 0, "textlen": 0, "fig_size": 0, "title": "Modeling HLA ligands for binding prediction of new peptides", "textRatio": 0.0, "figRatio": 0.0}, "2": {"xy": [65, 198, 564, 648], "panel_size": 365472, "panel_aspectRatio": 0.8703703703703703, "category": "Introduction", "figures": 1, "textlen": 108, "fig_size": 106656, "title": "Introduction", "5": {"fig_size": 106656, "fig_aspectRatio": 2.613861386138614, "fig_size_poster": 0.9361702127659575}, "textRatio": 0.45188284518828453, "figRatio": 0.08353095601342059}, "7": {"xy": [66, 858, 552, 551], "panel_size": 304152, "panel_aspectRatio": 1.0018148820326678, "category": "Introduction", "figures": 1, "textlen": 57, "fig_size": 95823, "title": "Data", "9": {"fig_size": 95823, "fig_aspectRatio": 2.6825396825396823, "fig_size_poster": 0.9184782608695652}, "textRatio": 0.2384937238493724, "figRatio": 0.07504675590753451}, "10": {"xy": [648, 203, 581, 581], "panel_size": 337561, "panel_aspectRatio": 1.0, "category": "Method", "figures": 1, "textlen": 0, "fig_size": 269178, "title": "Visualization", "11": {"fig_size": 269178, "fig_aspectRatio": 1.1075050709939147, "fig_size_poster": 0.9397590361445783}, "textRatio": 0.0, "figRatio": 0.2108151034895414}, "12": {"xy": [640, 790, 600, 628], "panel_size": 376800, "panel_aspectRatio": 0.9554140127388535, "category": "Method", "figures": 3, "textlen": 0, "fig_size": 301731, "title": "Kernel Density Estimation", "14": {"fig_size": 133431, "fig_aspectRatio": 2.3755274261603376, "fig_size_poster": 0.9383333333333334}, "15": {"fig_size": 86372, "fig_aspectRatio": 0.9470198675496688, "fig_size_poster": 0.4766666666666667}, "16": {"fig_size": 81928, "fig_aspectRatio": 0.8636363636363636, "fig_size_poster": 0.44333333333333336}, "textRatio": 0.0, "figRatio": 0.23630999558285898}, "17": {"xy": [1255, 200, 305, 513], "panel_size": 156465, "panel_aspectRatio": 0.594541910331384, "category": "Result", "figures": 2, "textlen": 0, "fig_size": 112616, "title": "KL distances", "18": {"fig_size": 55760, "fig_aspectRatio": 1.326829268292683, "fig_size_poster": 0.8918032786885246}, "19": {"fig_size": 56856, "fig_aspectRatio": 1.3398058252427185, "fig_size_poster": 0.9049180327868852}, "textRatio": 0.0, "figRatio": 0.08819871495656478}, "20": {"xy": [1574, 203, 523, 517], "panel_size": 270391, "panel_aspectRatio": 1.011605415860735, "category": "Method", "figures": 2, "textlen": 0, "fig_size": 178045, "title": "One- & Two-Class V-SVM", "21": {"fig_size": 70980, "fig_aspectRatio": 2.142857142857143, "fig_size_poster": 0.745697896749522}, "22": {"fig_size": 107065, "fig_aspectRatio": 1.7836734693877552, "fig_size_poster": 0.8355640535372849}, "textRatio": 0.0, "figRatio": 0.1394414666161254}, "23": {"xy": [1253, 725, 862, 497], "panel_size": 428414, "panel_aspectRatio": 1.7344064386317908, "category": "Result", "figures": 1, "textlen": 74, "fig_size": 212795, "title": "Prediction with H1N1 (swine flu)", "26": {"fig_size": 212795, "fig_aspectRatio": 3.030188679245283, "fig_size_poster": 0.931554524361949}, "textRatio": 0.30962343096234307, "figRatio": 0.16665700743395434}}}