{"poster_size": 4478976, "doclen": 283, "figlen": 1387851, "section": {"1": {"xy": [185, 63, 2281, 109], "panel_size": 248629, "panel_aspectRatio": 20.926605504587155, "category": "Title", "figures": 0, "textlen": 0, "fig_size": 0, "title": "Minimizing Thermal lmpacts of Hydropower using Reinforcement Learning", "textRatio": 0.0, "figRatio": 0.0}, "2": {"xy": [26, 324, 597, 603], "panel_size": 359991, "panel_aspectRatio": 0.9900497512437811, "category": "Introduction", "figures": 0, "textlen": 85, "fig_size": 0, "title": "Introduction", "textRatio": 0.3003533568904594, "figRatio": 0.0}, "4": {"xy": [20, 930, 612, 691], "panel_size": 422892, "panel_aspectRatio": 0.8856729377713459, "category": "Method", "figures": 1, "textlen": 33, "fig_size": 199368, "title": "Simulation", "6": {"fig_size": 199368, "fig_aspectRatio": 1.6182336182336183, "fig_size_poster": 0.9281045751633987}, "textRatio": 0.1166077738515901, "figRatio": 0.1436523084970937}, "7": {"xy": [699, 326, 840, 381], "panel_size": 320040, "panel_aspectRatio": 2.204724409448819, "category": "Method", "figures": 1, "textlen": 0, "fig_size": 211692, "title": "System Model", "8": {"fig_size": 211692, "fig_aspectRatio": 2.778985507246377, "fig_size_poster": 0.9130952380952381}, "textRatio": 0.0, "figRatio": 0.15253222428056037}, "9": {"xy": [662, 715, 898, 897], "panel_size": 805506, "panel_aspectRatio": 1.0011148272017838, "category": "Method", "figures": 3, "textlen": 29, "fig_size": 615820, "title": "Q-Learning Algorithms", "11": {"fig_size": 140056, "fig_aspectRatio": 5.2073170731707314, "fig_size_poster": 0.9510022271714922}, "12": {"fig_size": 286110, "fig_aspectRatio": 2.6272727272727274, "fig_size_poster": 0.965478841870824}, "13": {"fig_size": 189654, "fig_aspectRatio": 3.954337899543379, "fig_size_poster": 0.9643652561247216}, "textRatio": 0.10247349823321555, "figRatio": 0.44372198456462547}, "14": {"xy": [1593, 329, 964, 485], "panel_size": 467540, "panel_aspectRatio": 1.9876288659793815, "category": "Result", "figures": 2, "textlen": 0, "fig_size": 360971, "title": "Results", "15": {"fig_size": 176039, "fig_aspectRatio": 1.0947630922693268, "fig_size_poster": 0.4553941908713693}, "16": {"fig_size": 184932, "fig_aspectRatio": 1.1792929292929293, "fig_size_poster": 0.48443983402489627}, "textRatio": 0.0, "figRatio": 0.2600934826577205}, "17": {"xy": [1582, 818, 990, 342], "panel_size": 338580, "panel_aspectRatio": 2.8947368421052633, "category": "Discussion", "figures": 0, "textlen": 81, "fig_size": 0, "title": "Discussion", "textRatio": 0.2862190812720848, "figRatio": 0.0}, "19": {"xy": [1582, 1170, 989, 287], "panel_size": 283843, "panel_aspectRatio": 3.445993031358885, "category": "Discussion", "figures": 0, "textlen": 55, "fig_size": 0, "title": "Future Work", "textRatio": 0.19434628975265017, "figRatio": 0.0}}}