{"poster_size": 4478976, "doclen": 196, "figlen": 1412335, "section": {"1": {"xy": [304, 53, 1145, 117], "panel_size": 133965, "panel_aspectRatio": 9.786324786324787, "category": "Title", "figures": 0, "textlen": 0, "fig_size": 0, "title": "Sales Prediction with Time Series Modeling", "textRatio": 0.0, "figRatio": 0.0}, "2": {"xy": [54, 245, 730, 848], "panel_size": 619040, "panel_aspectRatio": 0.8608490566037735, "category": "Introduction", "figures": 1, "textlen": 38, "fig_size": 136269, "title": "Predicting Sales", "4": {"fig_size": 136269, "fig_aspectRatio": 1.4271844660194175, "fig_size_poster": 0.6041095890410959}, "textRatio": 0.19387755102040816, "figRatio": 0.09648489912095927}, "5": {"xy": [61, 1125, 710, 595], "panel_size": 422450, "panel_aspectRatio": 1.1932773109243697, "category": "Method", "figures": 3, "textlen": 0, "fig_size": 268190, "title": "Conventional Time Series Models", "6": {"fig_size": 90896, "fig_aspectRatio": 3.9342105263157894, "fig_size_poster": 0.8422535211267606}, "7": {"fig_size": 73560, "fig_aspectRatio": 5.108333333333333, "fig_size_poster": 0.8633802816901408}, "8": {"fig_size": 103734, "fig_aspectRatio": 4.431372549019608, "fig_size_poster": 0.9549295774647887}, "textRatio": 0.0, "figRatio": 0.18989120853055402}, "9": {"xy": [61, 1728, 735, 822], "panel_size": 604170, "panel_aspectRatio": 0.8941605839416058, "category": "Method", "figures": 2, "textlen": 11, "fig_size": 322346, "title": "Feed-Forward Neural Networks", "10": {"fig_size": 121806, "fig_aspectRatio": 2.985148514851485, "fig_size_poster": 0.8204081632653061}, "11": {"fig_size": 200540, "fig_aspectRatio": 1.4648648648648648, "fig_size_poster": 0.7374149659863946}, "textRatio": 0.05612244897959184, "figRatio": 0.2282362187441365}, "13": {"xy": [811, 232, 880, 1285], "panel_size": 1130800, "panel_aspectRatio": 0.6848249027237354, "category": "Result", "figures": 3, "textlen": 81, "fig_size": 400654, "title": "Forcast Results", "14": {"fig_size": 134250, "fig_aspectRatio": 1.047486033519553, "fig_size_poster": 0.42613636363636365}, "15": {"fig_size": 136474, "fig_aspectRatio": 1.0414364640883977, "fig_size_poster": 0.4284090909090909}, "16": {"fig_size": 129930, "fig_aspectRatio": 1.0309859154929577, "fig_size_poster": 0.4159090909090909}, "textRatio": 0.413265306122449, "figRatio": 0.28368198763041347}, "20": {"xy": [813, 1562, 878, 938], "panel_size": 823564, "panel_aspectRatio": 0.9360341151385928, "category": "Method", "figures": 2, "textlen": 66, "fig_size": 284876, "title": "Model fitting", "21": {"fig_size": 144300, "fig_aspectRatio": 0.9487179487179487, "fig_size_poster": 0.4214123006833713}, "22": {"fig_size": 140576, "fig_aspectRatio": 0.9633507853403142, "fig_size_poster": 0.4191343963553531}, "textRatio": 0.336734693877551, "figRatio": 0.2017056859739368}}}