{"poster_size": 4478976, "doclen": 412, "figlen": 1018206, "section": {"0": {"xy": [56, 29, 2240, 91], "panel_size": 203840, "panel_aspectRatio": 24.615384615384617, "category": "Title", "figures": 0, "textlen": 0, "fig_size": 0, "title": "Cardiovascular disease prediction:a novel risk-stratification tool", "textRatio": 0.0, "figRatio": 0.0}, "1": {"xy": [59, 337, 688, 474], "panel_size": 326112, "panel_aspectRatio": 1.4514767932489452, "category": "Introduction", "figures": 0, "textlen": 80, "fig_size": 0, "title": "1.Introduction", "textRatio": 0.1941747572815534, "figRatio": 0.0}, "3": {"xy": [63, 860, 683, 801], "panel_size": 547083, "panel_aspectRatio": 0.8526841448189763, "category": "Method", "figures": 1, "textlen": 25, "fig_size": 231836, "title": "2.Methods", "4": {"fig_size": 231836, "fig_aspectRatio": 0.9896694214876033, "fig_size_poster": 0.7013177159590044}, "textRatio": 0.06067961165048544, "figRatio": 0.22769066377530678}, "6": {"xy": [787, 329, 980, 1364], "panel_size": 1336720, "panel_aspectRatio": 0.718475073313783, "category": "Result", "figures": 2, "textlen": 95, "fig_size": 786370, "title": "3.Results", "7": {"fig_size": 291650, "fig_aspectRatio": 3.0944625407166124, "fig_size_poster": 0.9693877551020408}, "8": {"fig_size": 494720, "fig_aspectRatio": 1.2078125, "fig_size_poster": 0.7887755102040817}, "textRatio": 0.23058252427184467, "figRatio": 0.7723093362246932}, "10": {"xy": [1825, 318, 716, 1368], "panel_size": 979488, "panel_aspectRatio": 0.5233918128654971, "category": "Discussion", "figures": 0, "textlen": 212, "fig_size": 0, "title": "4.Conclusions", "textRatio": 0.5145631067961165, "figRatio": 0.0}}}