{"poster_size": 3110400, "doclen": 189, "figlen": 899165, "section": {"1": {"xy": [217, 25, 1740, 84], "panel_size": 146160, "panel_aspectRatio": 20.714285714285715, "category": "Title", "figures": 0, "textlen": 0, "fig_size": 0, "title": "Optimization of Optical Structures Using Machine Learning Algorithms", "textRatio": 0.0, "figRatio": 0.0}, "2": {"xy": [30, 199, 597, 419], "panel_size": 250143, "panel_aspectRatio": 1.4248210023866348, "category": "Introduction", "figures": 0, "textlen": 53, "fig_size": 0, "title": "Introduction", "textRatio": 0.2804232804232804, "figRatio": 0.0}, "4": {"xy": [29, 631, 603, 790], "panel_size": 476370, "panel_aspectRatio": 0.7632911392405063, "category": "Method", "figures": 2, "textlen": 43, "fig_size": 175075, "title": "Background", "6": {"fig_size": 96775, "fig_aspectRatio": 3.16, "fig_size_poster": 0.9170812603648425}, "8": {"fig_size": 78300, "fig_aspectRatio": 3.7241379310344827, "fig_size_poster": 0.8955223880597015}, "textRatio": 0.2275132275132275, "figRatio": 0.19470842392664306}, "10": {"xy": [645, 201, 745, 1209], "panel_size": 900705, "panel_aspectRatio": 0.6162117452440034, "category": "Method", "figures": 3, "textlen": 61, "fig_size": 329944, "title": "Markov Decision Process", "12": {"fig_size": 32292, "fig_aspectRatio": 11.074074074074074, "fig_size_poster": 0.8026845637583893}, "14": {"fig_size": 120148, "fig_aspectRatio": 3.127551020408163, "fig_size_poster": 0.8228187919463087}, "16": {"fig_size": 177504, "fig_aspectRatio": 2.6666666666666665, "fig_size_poster": 0.9234899328859061}, "textRatio": 0.32275132275132273, "figRatio": 0.36694488775697454}, "18": {"xy": [1403, 201, 748, 997], "panel_size": 745756, "panel_aspectRatio": 0.7502507522567703, "category": "Result", "figures": 6, "textlen": 32, "fig_size": 394146, "title": "MDP Results", "20": {"fig_size": 60858, "fig_aspectRatio": 2.816326530612245, "fig_size_poster": 0.553475935828877}, "22": {"fig_size": 65728, "fig_aspectRatio": 2.632911392405063, "fig_size_poster": 0.5561497326203209}, "23": {"fig_size": 50932, "fig_aspectRatio": 0.8991596638655462, "fig_size_poster": 0.28609625668449196}, "24": {"fig_size": 37848, "fig_aspectRatio": 1.3734939759036144, "fig_size_poster": 0.3048128342245989}, "26": {"fig_size": 71280, "fig_aspectRatio": 2.7160493827160495, "fig_size_poster": 0.5882352941176471}, "29": {"fig_size": 107500, "fig_aspectRatio": 2.3255813953488373, "fig_size_poster": 0.6684491978609626}, "textRatio": 0.1693121693121693, "figRatio": 0.4383466883163824}}}