{"poster_size": 4478976, "doclen": 138, "figlen": 1682908, "section": {"1": {"xy": [720, 53, 1518, 79], "panel_size": 119922, "panel_aspectRatio": 19.21518987341772, "category": "Title", "figures": 0, "textlen": 0, "fig_size": 0, "title": "Machine Learning Prediction of Companies\u2019Business Success", "textRatio": 0.0, "figRatio": 0.0}, "2": {"xy": [91, 255, 655, 490], "panel_size": 320950, "panel_aspectRatio": 1.336734693877551, "category": "Introduction", "figures": 0, "textlen": 89, "fig_size": 0, "title": "Introduction", "textRatio": 0.644927536231884, "figRatio": 0.0}, "4": {"xy": [92, 780, 654, 906], "panel_size": 592524, "panel_aspectRatio": 0.7218543046357616, "category": "Method", "figures": 2, "textlen": 49, "fig_size": 260106, "title": "DATASET & METHODS", "6": {"fig_size": 114246, "fig_aspectRatio": 2.914141414141414, "fig_size_poster": 0.882262996941896}, "8": {"fig_size": 145860, "fig_aspectRatio": 2.243137254901961, "fig_size_poster": 0.8746177370030581}, "textRatio": 0.35507246376811596, "figRatio": 0.15455746838211}, "9": {"xy": [799, 262, 644, 1427], "panel_size": 918988, "panel_aspectRatio": 0.45129642606867554, "category": "Method", "figures": 4, "textlen": 0, "fig_size": 717036, "title": "EXPERIMENTS", "10": {"fig_size": 250411, "fig_aspectRatio": 1.3480278422273781, "fig_size_poster": 0.9021739130434783}, "11": {"fig_size": 228717, "fig_aspectRatio": 1.5271317829457365, "fig_size_poster": 0.9177018633540373}, "12": {"fig_size": 156128, "fig_aspectRatio": 2.110294117647059, "fig_size_poster": 0.8913043478260869}, "13": {"fig_size": 81780, "fig_aspectRatio": 4.113475177304965, "fig_size_poster": 0.9006211180124224}, "textRatio": 0.0, "figRatio": 0.4260696366052096}, "14": {"xy": [1508, 263, 1001, 928], "panel_size": 928928, "panel_aspectRatio": 1.0786637931034482, "category": "Result", "figures": 2, "textlen": 0, "fig_size": 705766, "title": "Results", "15": {"fig_size": 315416, "fig_aspectRatio": 2.4887640449438204, "fig_size_poster": 0.8851148851148851}, "16": {"fig_size": 390350, "fig_aspectRatio": 2.191943127962085, "fig_size_poster": 0.9240759240759241}, "textRatio": 0.0, "figRatio": 0.41937289501268044}, "17": {"xy": [1501, 1228, 490, 458], "panel_size": 224420, "panel_aspectRatio": 1.0698689956331877, "category": "Discussion", "figures": 0, "textlen": 0, "fig_size": 0, "title": "FUTURE WORK", "textRatio": 0.0, "figRatio": 0.0}}}