{"poster_size": 8957952, "doclen": 930, "figlen": 1236736, "section": {"1": {"xy": [1477, 40, 487, 128], "panel_size": 62336, "panel_aspectRatio": 3.8046875, "category": "Title", "figures": 0, "textlen": 0, "fig_size": 0, "title": "Popular Truth", "textRatio": 0.0, "figRatio": 0.0}, "2": {"xy": [94, 365, 736, 631], "panel_size": 464416, "panel_aspectRatio": 1.1664025356576861, "category": "Introduction", "figures": 0, "textlen": 104, "fig_size": 0, "title": "Motivation & Data", "textRatio": 0.11182795698924732, "figRatio": 0.0}, "4": {"xy": [83, 1046, 750, 1100], "panel_size": 825000, "panel_aspectRatio": 0.6818181818181818, "category": "Method", "figures": 0, "textlen": 134, "fig_size": 0, "title": "Models Rationale", "textRatio": 0.14408602150537633, "figRatio": 0.0}, "6": {"xy": [902, 357, 1664, 678], "panel_size": 1128192, "panel_aspectRatio": 2.454277286135693, "category": "Method", "figures": 0, "textlen": 194, "fig_size": 0, "title": "Metadata Features", "textRatio": 0.2086021505376344, "figRatio": 0.0}, "10": {"xy": [898, 1049, 1673, 1221], "panel_size": 2042733, "panel_aspectRatio": 1.3701883701883701, "category": "Method", "figures": 2, "textlen": 288, "fig_size": 719062, "title": "Content Features", "15": {"fig_size": 382414, "fig_aspectRatio": 1.4088291746641075, "fig_size_poster": 0.438732815301853}, "16": {"fig_size": 336648, "fig_aspectRatio": 1.309664694280079, "fig_size_poster": 0.3968918111177525}, "textRatio": 0.3096774193548387, "figRatio": 0.581419154936866}, "17": {"xy": [2611, 365, 758, 622], "panel_size": 471476, "panel_aspectRatio": 1.2186495176848875, "category": "Discussion", "figures": 0, "textlen": 113, "fig_size": 0, "title": "Discussion & Conclusion", "textRatio": 0.12150537634408602, "figRatio": 0.0}, "20": {"xy": [2623, 1048, 743, 809], "panel_size": 601087, "panel_aspectRatio": 0.9184177997527813, "category": "Result", "figures": 1, "textlen": 0, "fig_size": 517674, "title": "Conclusions (Being Finalized)", "21": {"fig_size": 517674, "fig_aspectRatio": 0.9930747922437673, "fig_size_poster": 0.9650067294751009}, "textRatio": 0.0, "figRatio": 0.4185808450631339}, "23": {"xy": [2614, 1870, 752, 360], "panel_size": 270720, "panel_aspectRatio": 2.088888888888889, "category": "Discussion", "figures": 0, "textlen": 97, "fig_size": 0, "title": "Future", "textRatio": 0.1043010752688172, "figRatio": 0.0}}}