{"poster_size": 3110400, "doclen": 515, "figlen": 720204, "section": {"0": {"xy": [25, 4, 1475, 79], "panel_size": 116525, "panel_aspectRatio": 18.670886075949365, "category": "Title", "figures": 0, "textlen": 0, "fig_size": 0, "title": "\"A Nation Divided\": Classifying Presidential Speeches", "textRatio": 0.0, "figRatio": 0.0}, "1": {"xy": [20, 111, 711, 320], "panel_size": 227520, "panel_aspectRatio": 2.221875, "category": "Introduction", "figures": 0, "textlen": 90, "fig_size": 0, "title": "MOTIVATION", "textRatio": 0.17475728155339806, "figRatio": 0.0}, "3": {"xy": [16, 438, 709, 566], "panel_size": 401294, "panel_aspectRatio": 1.2526501766784452, "category": "Method", "figures": 1, "textlen": 67, "fig_size": 175826, "title": "PREDICTING", "6": {"fig_size": 175826, "fig_aspectRatio": 2.4849624060150375, "fig_size_poster": 0.9322990126939351}, "textRatio": 0.13009708737864079, "figRatio": 0.24413360658924416}, "8": {"xy": [29, 1011, 702, 409], "panel_size": 287118, "panel_aspectRatio": 1.7163814180929096, "category": "Method", "figures": 1, "textlen": 28, "fig_size": 61146, "title": "DATA SET", "12": {"fig_size": 61146, "fig_aspectRatio": 1.0886075949367089, "fig_size_poster": 0.36752136752136755}, "textRatio": 0.05436893203883495, "figRatio": 0.08490094473232584}, "13": {"xy": [745, 115, 700, 934], "panel_size": 653800, "panel_aspectRatio": 0.7494646680942184, "category": "Method", "figures": 3, "textlen": 180, "fig_size": 85552, "title": "METHODS", "15": {"fig_size": 18300, "fig_aspectRatio": 4.918032786885246, "fig_size_poster": 0.42857142857142855}, "16": {"fig_size": 19722, "fig_aspectRatio": 6.0701754385964914, "fig_size_poster": 0.4942857142857143}, "18": {"fig_size": 47530, "fig_aspectRatio": 9.7, "fig_size_poster": 0.97}, "textRatio": 0.34951456310679613, "figRatio": 0.11878856546200799}, "19": {"xy": [743, 1058, 713, 357], "panel_size": 254541, "panel_aspectRatio": 1.9971988795518207, "category": "Result", "figures": 1, "textlen": 10, "fig_size": 165149, "title": "RESULTS", "21": {"fig_size": 165149, "fig_aspectRatio": 2.8912133891213387, "fig_size_poster": 0.9691444600280504}, "textRatio": 0.019417475728155338, "figRatio": 0.22930864032968437}, "22": {"xy": [1477, 113, 661, 525], "panel_size": 347025, "panel_aspectRatio": 1.259047619047619, "category": "Result", "figures": 2, "textlen": 0, "fig_size": 232531, "title": "RESULTS", "23": {"fig_size": 100561, "fig_aspectRatio": 1.9515418502202644, "fig_size_poster": 0.670196671709531}, "24": {"fig_size": 131970, "fig_aspectRatio": 1.879245283018868, "fig_size_poster": 0.7534039334341907}, "textRatio": 0.0, "figRatio": 0.32286824288673766}, "25": {"xy": [1459, 642, 682, 373], "panel_size": 254386, "panel_aspectRatio": 1.8284182305630028, "category": "Discussion", "figures": 0, "textlen": 103, "fig_size": 0, "title": "ANALYSIS", "textRatio": 0.2, "figRatio": 0.0}, "27": {"xy": [1461, 1024, 682, 173], "panel_size": 117986, "panel_aspectRatio": 3.9421965317919074, "category": "Discussion", "figures": 0, "textlen": 37, "fig_size": 0, "title": "FUTURE WORK", "textRatio": 0.07184466019417475, "figRatio": 0.0}}}