{"poster_size": 3110400, "doclen": 230, "figlen": 989010, "section": {"1": {"xy": [405, 34, 1355, 78], "panel_size": 105690, "panel_aspectRatio": 17.371794871794872, "category": "Title", "figures": 0, "textlen": 0, "fig_size": 0, "title": "Relationship Prediction for Scene Graph Generation", "textRatio": 0.0, "figRatio": 0.0}, "2": {"xy": [50, 250, 667, 448], "panel_size": 298816, "panel_aspectRatio": 1.4888392857142858, "category": "Introduction", "figures": 2, "textlen": 32, "fig_size": 124026, "title": "Introduction", "4": {"fig_size": 69560, "fig_aspectRatio": 1.9680851063829787, "fig_size_poster": 0.5547226386806596}, "5": {"fig_size": 54466, "fig_aspectRatio": 1.0663716814159292, "fig_size_poster": 0.3613193403298351}, "textRatio": 0.1391304347826087, "figRatio": 0.12540419207085873}, "6": {"xy": [52, 706, 659, 666], "panel_size": 438894, "panel_aspectRatio": 0.9894894894894894, "category": "Method", "figures": 1, "textlen": 75, "fig_size": 80104, "title": "Methodology", "8": {"fig_size": 80104, "fig_aspectRatio": 5.209677419354839, "fig_size_poster": 0.9802731411229135}, "textRatio": 0.32608695652173914, "figRatio": 0.08099412543856989}, "9": {"xy": [743, 259, 690, 478], "panel_size": 329820, "panel_aspectRatio": 1.4435146443514644, "category": "Method", "figures": 2, "textlen": 0, "fig_size": 239175, "title": "Methodology (cntd.)", "10": {"fig_size": 102465, "fig_aspectRatio": 3.7636363636363637, "fig_size_poster": 0.9}, "11": {"fig_size": 136710, "fig_aspectRatio": 3.1, "fig_size_poster": 0.9434782608695652}, "textRatio": 0.0, "figRatio": 0.24183274183274184}, "12": {"xy": [743, 744, 716, 629], "panel_size": 450364, "panel_aspectRatio": 1.1383147853736089, "category": "Result", "figures": 3, "textlen": 34, "fig_size": 239948, "title": "Results", "13": {"fig_size": 69068, "fig_aspectRatio": 4.491935483870968, "fig_size_poster": 0.7779329608938548}, "15": {"fig_size": 79380, "fig_aspectRatio": 1.25, "fig_size_poster": 0.4399441340782123}, "16": {"fig_size": 91500, "fig_aspectRatio": 1.464, "fig_size_poster": 0.5111731843575419}, "textRatio": 0.14782608695652175, "figRatio": 0.2426143315032204}, "17": {"xy": [1467, 245, 664, 785], "panel_size": 521240, "panel_aspectRatio": 0.845859872611465, "category": "Result", "figures": 1, "textlen": 44, "fig_size": 305757, "title": "Results (cntd.)", "18": {"fig_size": 305757, "fig_aspectRatio": 1.3438155136268344, "fig_size_poster": 0.9653614457831325}, "textRatio": 0.19130434782608696, "figRatio": 0.30915460915460913}, "20": {"xy": [1479, 1047, 673, 328], "panel_size": 220744, "panel_aspectRatio": 2.051829268292683, "category": "Discussion", "figures": 0, "textlen": 45, "fig_size": 0, "title": "Future Work", "textRatio": 0.1956521739130435, "figRatio": 0.0}}}