{"poster_size": 4478976, "doclen": 385, "figlen": 1434228, "section": {"1": {"xy": [510, 60, 1593, 60], "panel_size": 95580, "panel_aspectRatio": 26.55, "category": "Title", "figures": 0, "textlen": 0, "fig_size": 0, "title": "Predicting lmagined Meters in Musical Patterns from MEG Data", "textRatio": 0.0, "figRatio": 0.0}, "2": {"xy": [32, 256, 826, 335], "panel_size": 276710, "panel_aspectRatio": 2.4656716417910447, "category": "Introduction", "figures": 0, "textlen": 61, "fig_size": 0, "title": "Motivation", "textRatio": 0.15844155844155844, "figRatio": 0.0}, "4": {"xy": [32, 612, 833, 1074], "panel_size": 894642, "panel_aspectRatio": 0.7756052141527002, "category": "Method", "figures": 3, "textlen": 51, "fig_size": 488142, "title": "Data and Experiment", "6": {"fig_size": 118170, "fig_aspectRatio": 1.2871287128712872, "fig_size_poster": 0.468187274909964}, "7": {"fig_size": 115368, "fig_aspectRatio": 1.5144927536231885, "fig_size_poster": 0.5018007202881153}, "8": {"fig_size": 254604, "fig_aspectRatio": 1.3579676674364896, "fig_size_poster": 0.7058823529411765}, "textRatio": 0.13246753246753246, "figRatio": 0.3403517432374769}, "10": {"xy": [877, 258, 870, 1456], "panel_size": 1266720, "panel_aspectRatio": 0.5975274725274725, "category": "Method", "figures": 4, "textlen": 136, "fig_size": 532758, "title": "Methodology", "11": {"fig_size": 132680, "fig_aspectRatio": 5.52258064516129, "fig_size_poster": 0.9839080459770115}, "14": {"fig_size": 174386, "fig_aspectRatio": 0.8766816143497758, "fig_size_poster": 0.4494252873563218}, "15": {"fig_size": 98816, "fig_aspectRatio": 1.5078125, "fig_size_poster": 0.4436781609195402}, "16": {"fig_size": 126876, "fig_aspectRatio": 1.1865443425076452, "fig_size_poster": 0.4459770114942529}, "textRatio": 0.35324675324675325, "figRatio": 0.3714597679030112}, "17": {"xy": [1746, 262, 835, 724], "panel_size": 604540, "panel_aspectRatio": 1.1533149171270718, "category": "Result", "figures": 1, "textlen": 63, "fig_size": 222592, "title": "Results", "19": {"fig_size": 222592, "fig_aspectRatio": 2.5405405405405403, "fig_size_poster": 0.9005988023952096}, "textRatio": 0.16363636363636364, "figRatio": 0.1551998705924023}, "20": {"xy": [1745, 993, 846, 711], "panel_size": 601506, "panel_aspectRatio": 1.1898734177215189, "category": "Discussion", "figures": 2, "textlen": 74, "fig_size": 190736, "title": "Analysis and Future Work", "23": {"fig_size": 70308, "fig_aspectRatio": 2.032258064516129, "fig_size_poster": 0.44680851063829785}, "24": {"fig_size": 120428, "fig_aspectRatio": 1.1614906832298137, "fig_size_poster": 0.44208037825059104}, "textRatio": 0.19220779220779222, "figRatio": 0.13298861826710956}}}