{"poster_size": 3732480, "doclen": 70, "figlen": 1459821, "section": {"1": {"xy": [726, 81, 721, 202], "panel_size": 145642, "panel_aspectRatio": 3.5693069306930694, "category": "Title", "figures": 0, "textlen": 0, "fig_size": 0, "title": "A clustering algorithm forreduced order modelingof shock waves", "textRatio": 0.0, "figRatio": 0.0}, "2": {"xy": [42, 81, 573, 745], "panel_size": 426885, "panel_aspectRatio": 0.7691275167785235, "category": "Introduction", "figures": 3, "textlen": 6, "fig_size": 200780, "title": "Background", "3": {"fig_size": 83265, "fig_aspectRatio": 0.8950819672131147, "fig_size_poster": 0.47643979057591623}, "4": {"fig_size": 63111, "fig_aspectRatio": 0.5902140672782875, "fig_size_poster": 0.3368237347294939}, "6": {"fig_size": 54404, "fig_aspectRatio": 4.043103448275862, "fig_size_poster": 0.8184991273996509}, "textRatio": 0.08571428571428572, "figRatio": 0.1375374104085364}, "8": {"xy": [24, 908, 611, 753], "panel_size": 460083, "panel_aspectRatio": 0.8114209827357237, "category": "Method", "figures": 1, "textlen": 21, "fig_size": 262446, "title": "K-means Column Clustering", "9": {"fig_size": 262446, "fig_aspectRatio": 1.0582329317269077, "fig_size_poster": 0.8625204582651391}, "textRatio": 0.3, "figRatio": 0.1797795757151048}, "11": {"xy": [695, 348, 772, 616], "panel_size": 475552, "panel_aspectRatio": 1.2532467532467533, "category": "Method", "figures": 1, "textlen": 0, "fig_size": 313766, "title": "Flow Domain Structures", "12": {"fig_size": 313766, "fig_aspectRatio": 1.643020594965675, "fig_size_poster": 0.9300518134715026}, "textRatio": 0.0, "figRatio": 0.2149345707453174}, "13": {"xy": [684, 1020, 787, 603], "panel_size": 474561, "panel_aspectRatio": 1.3051409618573797, "category": "Method", "figures": 2, "textlen": 19, "fig_size": 225503, "title": "K-means Flow Domain Clustering", "15": {"fig_size": 106945, "fig_aspectRatio": 1.2457337883959045, "fig_size_poster": 0.46378653113087676}, "16": {"fig_size": 118558, "fig_aspectRatio": 0.8475935828877005, "fig_size_poster": 0.4027954256670902}, "textRatio": 0.2714285714285714, "figRatio": 0.15447304840798975}, "18": {"xy": [1533, 68, 590, 779], "panel_size": 459610, "panel_aspectRatio": 0.7573812580231065, "category": "Method", "figures": 3, "textlen": 9, "fig_size": 236951, "title": "Results-Shock Wave", "19": {"fig_size": 84780, "fig_aspectRatio": 2.6166666666666667, "fig_size_poster": 0.7983050847457627}, "20": {"fig_size": 78077, "fig_aspectRatio": 2.938650306748466, "fig_size_poster": 0.811864406779661}, "21": {"fig_size": 74094, "fig_aspectRatio": 2.930817610062893, "fig_size_poster": 0.7898305084745763}, "textRatio": 0.12857142857142856, "figRatio": 0.16231510575611668}, "23": {"xy": [1532, 905, 605, 771], "panel_size": 466455, "panel_aspectRatio": 0.7846952010376135, "category": "Result", "figures": 3, "textlen": 15, "fig_size": 220375, "title": "Results-2D Flows", "25": {"fig_size": 80250, "fig_aspectRatio": 1.284, "fig_size_poster": 0.5305785123966942}, "26": {"fig_size": 67445, "fig_aspectRatio": 1.221276595744681, "fig_size_poster": 0.4743801652892562}, "27": {"fig_size": 72680, "fig_aspectRatio": 1.373913043478261, "fig_size_poster": 0.5223140495867769}, "textRatio": 0.21428571428571427, "figRatio": 0.15096028896693497}}}