{"poster_size": 4478976, "doclen": 467, "figlen": 1092805, "section": {"1": {"xy": [431, 36, 1756, 131], "panel_size": 230036, "panel_aspectRatio": 13.404580152671755, "category": "Title", "figures": 0, "textlen": 0, "fig_size": 0, "title": "When to Book:Predicting Flight Pricing", "textRatio": 0.0, "figRatio": 0.0}, "2": {"xy": [10, 279, 835, 432], "panel_size": 360720, "panel_aspectRatio": 1.9328703703703705, "category": "Title", "figures": 0, "textlen": 73, "fig_size": 0, "title": "Predicting", "textRatio": 0.15631691648822268, "figRatio": 0.0}, "4": {"xy": [8, 720, 844, 993], "panel_size": 838092, "panel_aspectRatio": 0.8499496475327291, "category": "Introduction", "figures": 0, "textlen": 190, "fig_size": 0, "title": "Data and Features", "textRatio": 0.4068522483940043, "figRatio": 0.0}, "6": {"xy": [870, 278, 856, 473], "panel_size": 404888, "panel_aspectRatio": 1.809725158562368, "category": "Method", "figures": 1, "textlen": 32, "fig_size": 101232, "title": "Models", "7": {"fig_size": 101232, "fig_aspectRatio": 2.054054054054054, "fig_size_poster": 0.5327102803738317}, "textRatio": 0.06852248394004283, "figRatio": 0.0926350080755487}, "11": {"xy": [859, 769, 876, 956], "panel_size": 837456, "panel_aspectRatio": 0.9163179916317992, "category": "Result", "figures": 2, "textlen": 0, "fig_size": 710345, "title": "Results", "12": {"fig_size": 434420, "fig_aspectRatio": 1.5177570093457944, "fig_size_poster": 0.9269406392694064}, "13": {"fig_size": 275925, "fig_aspectRatio": 2.6123076923076924, "fig_size_poster": 0.9691780821917808}, "textRatio": 0.0, "figRatio": 0.6500199029104003}, "14": {"xy": [1740, 283, 847, 732], "panel_size": 620004, "panel_aspectRatio": 1.157103825136612, "category": "Discussion", "figures": 0, "textlen": 115, "fig_size": 0, "title": "Discussion", "textRatio": 0.2462526766595289, "figRatio": 0.0}, "16": {"xy": [1742, 1046, 849, 681], "panel_size": 578169, "panel_aspectRatio": 1.2466960352422907, "category": "Discussion", "figures": 1, "textlen": 57, "fig_size": 281228, "title": "Future", "18": {"fig_size": 281228, "fig_aspectRatio": 2.5209580838323356, "fig_size_poster": 0.9917550058892816}, "textRatio": 0.12205567451820129, "figRatio": 0.257345089014051}}}