{"poster_size": 8036464, "doclen": 628, "figlen": 968629, "section": {"0": {"xy": [930, 4, 1650, 108], "panel_size": 178200, "panel_aspectRatio": 15.277777777777779, "category": "Title", "figures": 0, "textlen": 0, "fig_size": 0, "title": "CORPORATE BANKRUPTCY PREDICTION", "textRatio": 0.0, "figRatio": 0.0}, "1": {"xy": [30, 256, 816, 764], "panel_size": 623424, "panel_aspectRatio": 1.068062827225131, "category": "Introduction", "figures": 0, "textlen": 107, "fig_size": 0, "title": "PREDICTING", "textRatio": 0.17038216560509553, "figRatio": 0.0}, "3": {"xy": [30, 1030, 815, 1326], "panel_size": 1080690, "panel_aspectRatio": 0.6146304675716441, "category": "Method", "figures": 1, "textlen": 119, "fig_size": 196040, "title": "DATASET", "5": {"fig_size": 196040, "fig_aspectRatio": 1.7159763313609468, "fig_size_poster": 0.7116564417177914}, "textRatio": 0.18949044585987262, "figRatio": 0.20238915002544833}, "7": {"xy": [858, 258, 818, 754], "panel_size": 616772, "panel_aspectRatio": 1.0848806366047745, "category": "Method", "figures": 0, "textlen": 104, "fig_size": 0, "title": "FEATURES", "textRatio": 0.16560509554140126, "figRatio": 0.0}, "9": {"xy": [860, 1025, 822, 1327], "panel_size": 1090794, "panel_aspectRatio": 0.6194423511680482, "category": "Method", "figures": 1, "textlen": 109, "fig_size": 273819, "title": "Models", "11": {"fig_size": 273819, "fig_aspectRatio": 2.1484593837535013, "fig_size_poster": 0.9330900243309003}, "textRatio": 0.1735668789808917, "figRatio": 0.28268717950835665}, "14": {"xy": [1698, 260, 1640, 849], "panel_size": 1392360, "panel_aspectRatio": 1.9316843345111896, "category": "Result", "figures": 1, "textlen": 53, "fig_size": 458835, "title": "RESULTS", "15": {"fig_size": 458835, "fig_aspectRatio": 1.7850098619329389, "fig_size_poster": 0.551829268292683}, "textRatio": 0.08439490445859872, "figRatio": 0.4736952951026657}, "18": {"xy": [1696, 1126, 1657, 452], "panel_size": 748964, "panel_aspectRatio": 3.665929203539823, "category": "Discussion", "figures": 1, "textlen": 80, "fig_size": 39935, "title": "DIscussion", "20": {"fig_size": 39935, "fig_aspectRatio": 16.632653061224488, "fig_size_poster": 0.49185274592637296}, "textRatio": 0.12738853503184713, "figRatio": 0.041228375363529274}, "22": {"xy": [1696, 1595, 1649, 285], "panel_size": 469965, "panel_aspectRatio": 5.7859649122807015, "category": "Discussion", "figures": 0, "textlen": 56, "fig_size": 0, "title": "FUTURE RESEARCH", "textRatio": 0.08917197452229299, "figRatio": 0.0}}}