{"poster_size": 8957952, "doclen": 408, "figlen": 2185497, "section": {"1": {"xy": [247, 46, 2737, 138], "panel_size": 377706, "panel_aspectRatio": 19.833333333333332, "category": "Title", "figures": 0, "textlen": 0, "fig_size": 0, "title": "Encoding the natural responses of primate retina", "textRatio": 0.0, "figRatio": 0.0}, "2": {"xy": [19, 415, 1128, 405], "panel_size": 456840, "panel_aspectRatio": 2.785185185185185, "category": "Introduction", "figures": 0, "textlen": 48, "fig_size": 0, "title": "Introduction", "textRatio": 0.11764705882352941, "figRatio": 0.0}, "4": {"xy": [17, 828, 1105, 949], "panel_size": 1048645, "panel_aspectRatio": 1.1643835616438356, "category": "Introduction", "figures": 1, "textlen": 56, "fig_size": 338904, "title": "Problem Formulation", "6": {"fig_size": 338904, "fig_aspectRatio": 3.228395061728395, "fig_size_poster": 0.9466063348416289}, "textRatio": 0.13725490196078433, "figRatio": 0.15506953338302454}, "7": {"xy": [44, 1785, 1094, 646], "panel_size": 706724, "panel_aspectRatio": 1.693498452012384, "category": "Method", "figures": 0, "textlen": 85, "fig_size": 0, "title": "Data", "textRatio": 0.20833333333333334, "figRatio": 0.0}, "9": {"xy": [1163, 437, 1119, 370], "panel_size": 414030, "panel_aspectRatio": 3.0243243243243243, "category": "Method", "figures": 1, "textlen": 22, "fig_size": 143773, "title": "Linear Nonlinear Poisson Model", "11": {"fig_size": 143773, "fig_aspectRatio": 8.12781954887218, "fig_size_poster": 0.966041108132261}, "textRatio": 0.05392156862745098, "figRatio": 0.06578503653859968}, "12": {"xy": [1163, 810, 1105, 518], "panel_size": 572390, "panel_aspectRatio": 2.1332046332046333, "category": "Method", "figures": 1, "textlen": 61, "fig_size": 23427, "title": "Linear Block - STA", "14": {"fig_size": 23427, "fig_aspectRatio": 7.2105263157894735, "fig_size_poster": 0.3719457013574661}, "textRatio": 0.14950980392156862, "figRatio": 0.010719300918738392}, "16": {"xy": [1155, 1339, 1119, 560], "panel_size": 626640, "panel_aspectRatio": 1.9982142857142857, "category": "Method", "figures": 1, "textlen": 8, "fig_size": 30666, "title": "Nonlinear Block", "18": {"fig_size": 30666, "fig_aspectRatio": 9.43859649122807, "fig_size_poster": 0.48078641644325293}, "textRatio": 0.0196078431372549, "figRatio": 0.014031590983652689}, "20": {"xy": [1163, 1912, 1119, 657], "panel_size": 735183, "panel_aspectRatio": 1.7031963470319635, "category": "Result", "figures": 3, "textlen": 0, "fig_size": 633060, "title": "Results", "21": {"fig_size": 303000, "fig_aspectRatio": 0.8416666666666667, "fig_size_poster": 0.451295799821269}, "22": {"fig_size": 135660, "fig_aspectRatio": 2.3949579831932772, "fig_size_poster": 0.5093833780160858}, "23": {"fig_size": 194400, "fig_aspectRatio": 1.8518518518518519, "fig_size_poster": 0.5361930294906166}, "textRatio": 0.0, "figRatio": 0.2896640901360194}, "24": {"xy": [2319, 420, 1103, 684], "panel_size": 754452, "panel_aspectRatio": 1.6125730994152048, "category": "Method", "figures": 1, "textlen": 32, "fig_size": 391322, "title": "Deep Learning:CNN Architecture", "26": {"fig_size": 391322, "fig_aspectRatio": 2.9861878453038675, "fig_size_poster": 0.9800543970988214}, "textRatio": 0.0784313725490196, "figRatio": 0.17905400922536155}, "27": {"xy": [2292, 1128, 1141, 809], "panel_size": 923069, "panel_aspectRatio": 1.4103831891223733, "category": "Result", "figures": 4, "textlen": 19, "fig_size": 624345, "title": "Deep Learning Results", "28": {"fig_size": 241125, "fig_aspectRatio": 1.7146666666666666, "fig_size_poster": 0.5635407537248028}, "29": {"fig_size": 99144, "fig_aspectRatio": 0.9444444444444444, "fig_size_poster": 0.26818580192813324}, "30": {"fig_size": 112812, "fig_aspectRatio": 1.129746835443038, "fig_size_poster": 0.3128834355828221}, "31": {"fig_size": 171264, "fig_aspectRatio": 1.1614583333333333, "fig_size_poster": 0.3908851884312007}, "textRatio": 0.04656862745098039, "figRatio": 0.28567643881460375}, "33": {"xy": [2319, 1991, 1098, 567], "panel_size": 622566, "panel_aspectRatio": 1.9365079365079365, "category": "Discussion", "figures": 0, "textlen": 77, "fig_size": 0, "title": "Discussion and Future Work", "textRatio": 0.18872549019607843, "figRatio": 0.0}}}