{"poster_size": 501832, "doclen": 206, "figlen": 222692, "section": {"0": {"xy": [158, 5, 541, 30], "panel_size": 16230, "panel_aspectRatio": 18.033333333333335, "category": "Title", "figures": 0, "textlen": 0, "fig_size": 0, "title": "Automated Stitching and Spine Detection of Spiny Projection Neurons", "textRatio": 0.0, "figRatio": 0.0}, "1": {"xy": [2, 70, 228, 128], "panel_size": 29184, "panel_aspectRatio": 1.78125, "category": "Introduction", "figures": 0, "textlen": 75, "fig_size": 0, "title": "Backgound and motivation", "textRatio": 0.3640776699029126, "figRatio": 0.0}, "3": {"xy": [3, 204, 227, 238], "panel_size": 54026, "panel_aspectRatio": 0.9537815126050421, "category": "Method", "figures": 4, "textlen": 18, "fig_size": 32774, "title": "2-Photon Imaging (data summary)", "4": {"fig_size": 10080, "fig_aspectRatio": 1.2444444444444445, "fig_size_poster": 0.4933920704845815}, "5": {"fig_size": 7371, "fig_aspectRatio": 1.123456790123457, "fig_size_poster": 0.4008810572687225}, "6": {"fig_size": 8393, "fig_aspectRatio": 1.4155844155844155, "fig_size_poster": 0.4801762114537445}, "7": {"fig_size": 6930, "fig_aspectRatio": 1.1688311688311688, "fig_size_poster": 0.3964757709251101}, "textRatio": 0.08737864077669903, "figRatio": 0.14717187864853698}, "9": {"xy": [3, 444, 227, 151], "panel_size": 34277, "panel_aspectRatio": 1.5033112582781456, "category": "Method", "figures": 0, "textlen": 44, "fig_size": 0, "title": "Project Outline", "textRatio": 0.21359223300970873, "figRatio": 0.0}, "11": {"xy": [237, 71, 188, 524], "panel_size": 98512, "panel_aspectRatio": 0.35877862595419846, "category": "Method", "figures": 5, "textlen": 12, "fig_size": 70922, "title": "Stitching Spiny Projection Neurons", "12": {"fig_size": 11644, "fig_aspectRatio": 1.7317073170731707, "fig_size_poster": 0.7553191489361702}, "15": {"fig_size": 6232, "fig_aspectRatio": 1.0789473684210527, "fig_size_poster": 0.43617021276595747}, "16": {"fig_size": 6006, "fig_aspectRatio": 0.9871794871794872, "fig_size_poster": 0.4095744680851064}, "18": {"fig_size": 16789, "fig_aspectRatio": 1.5825242718446602, "fig_size_poster": 0.8670212765957447}, "19": {"fig_size": 30251, "fig_aspectRatio": 1.0591715976331362, "fig_size_poster": 0.9521276595744681}, "textRatio": 0.05825242718446602, "figRatio": 0.3184757422808184}, "21": {"xy": [432, 72, 188, 521], "panel_size": 97948, "panel_aspectRatio": 0.36084452975047987, "category": "Method", "figures": 9, "textlen": 8, "fig_size": 74507, "title": "spine Detection with Ramdom forest", "22": {"fig_size": 11808, "fig_aspectRatio": 1.7560975609756098, "fig_size_poster": 0.7659574468085106}, "24": {"fig_size": 7560, "fig_aspectRatio": 0.9333333333333333, "fig_size_poster": 0.44680851063829785}, "25": {"fig_size": 7917, "fig_aspectRatio": 0.9560439560439561, "fig_size_poster": 0.4627659574468085}, "27": {"fig_size": 7644, "fig_aspectRatio": 0.9230769230769231, "fig_size_poster": 0.44680851063829785}, "28": {"fig_size": 8272, "fig_aspectRatio": 0.9361702127659575, "fig_size_poster": 0.46808510638297873}, "29": {"fig_size": 7820, "fig_aspectRatio": 0.9239130434782609, "fig_size_poster": 0.4521276595744681}, "30": {"fig_size": 8352, "fig_aspectRatio": 0.90625, "fig_size_poster": 0.4627659574468085}, "32": {"fig_size": 7565, "fig_aspectRatio": 1.0470588235294118, "fig_size_poster": 0.4734042553191489}, "33": {"fig_size": 7569, "fig_aspectRatio": 1.0, "fig_size_poster": 0.4627659574468085}, "textRatio": 0.038834951456310676, "figRatio": 0.3345742101198067}, "34": {"xy": [628, 73, 208, 291], "panel_size": 60528, "panel_aspectRatio": 0.7147766323024055, "category": "Result", "figures": 2, "textlen": 4, "fig_size": 44489, "title": "Analysis and summary", "35": {"fig_size": 25125, "fig_aspectRatio": 1.608, "fig_size_poster": 0.9663461538461539}, "36": {"fig_size": 19364, "fig_aspectRatio": 1.825242718446602, "fig_size_poster": 0.9038461538461539}, "textRatio": 0.019417475728155338, "figRatio": 0.19977816895083794}, "39": {"xy": [630, 366, 205, 114], "panel_size": 23370, "panel_aspectRatio": 1.7982456140350878, "category": "Discussion", "figures": 0, "textlen": 45, "fig_size": 0, "title": "Future Directions", "textRatio": 0.21844660194174756, "figRatio": 0.0}}}