{"poster_size": 3110400, "doclen": 526, "figlen": 549543, "section": {"1": {"xy": [101, 49, 1934, 80], "panel_size": 154720, "panel_aspectRatio": 24.175, "category": "Title", "figures": 0, "textlen": 0, "fig_size": 0, "title": "Sentiment Classification and Opinion Mining on Airline Reviews", "textRatio": 0.0, "figRatio": 0.0}, "2": {"xy": [18, 258, 610, 652], "panel_size": 397720, "panel_aspectRatio": 0.9355828220858896, "category": "Introduction", "figures": 0, "textlen": 126, "fig_size": 0, "title": "Overview", "textRatio": 0.23954372623574144, "figRatio": 0.0}, "4": {"xy": [28, 913, 597, 522], "panel_size": 311634, "panel_aspectRatio": 1.1436781609195403, "category": "Introduction", "figures": 0, "textlen": 111, "fig_size": 0, "title": "Data and Features", "textRatio": 0.21102661596958175, "figRatio": 0.0}, "6": {"xy": [637, 253, 758, 933], "panel_size": 707214, "panel_aspectRatio": 0.812433011789925, "category": "Method", "figures": 1, "textlen": 119, "fig_size": 278784, "title": "Approaches", "8": {"fig_size": 278784, "fig_aspectRatio": 1.890625, "fig_size_poster": 0.9577836411609498}, "textRatio": 0.2262357414448669, "figRatio": 0.5073015214460015}, "9": {"xy": [1403, 263, 720, 661], "panel_size": 475920, "panel_aspectRatio": 1.0892586989409985, "category": "Result", "figures": 3, "textlen": 48, "fig_size": 270759, "title": "Results and discussion", "10": {"fig_size": 127588, "fig_aspectRatio": 3.4973821989528795, "fig_size_poster": 0.9277777777777778}, "11": {"fig_size": 63315, "fig_aspectRatio": 5.742857142857143, "fig_size_poster": 0.8375}, "12": {"fig_size": 79856, "fig_aspectRatio": 1.2983870967741935, "fig_size_poster": 0.44722222222222224}, "textRatio": 0.09125475285171103, "figRatio": 0.4926984785539985}, "14": {"xy": [1412, 936, 716, 470], "panel_size": 336520, "panel_aspectRatio": 1.523404255319149, "category": "Discussion", "figures": 0, "textlen": 122, "fig_size": 0, "title": "Discussion", "textRatio": 0.23193916349809887, "figRatio": 0.0}}}