{"poster_size": 4478976, "doclen": 392, "figlen": 856756, "section": {"1": {"xy": [335, 82, 2213, 113], "panel_size": 250069, "panel_aspectRatio": 19.58407079646018, "category": "Title", "figures": 0, "textlen": 0, "fig_size": 0, "title": "Achieving Better Predictions with Collaborative Neighborhood", "textRatio": 0.0, "figRatio": 0.0}, "2": {"xy": [38, 341, 818, 502], "panel_size": 410636, "panel_aspectRatio": 1.6294820717131475, "category": "Introduction", "figures": 0, "textlen": 101, "fig_size": 0, "title": "Introduction", "textRatio": 0.2576530612244898, "figRatio": 0.0}, "4": {"xy": [54, 853, 775, 273], "panel_size": 211575, "panel_aspectRatio": 2.838827838827839, "category": "Method", "figures": 0, "textlen": 54, "fig_size": 0, "title": "Dataset", "textRatio": 0.1377551020408163, "figRatio": 0.0}, "6": {"xy": [48, 1134, 784, 577], "panel_size": 452368, "panel_aspectRatio": 1.3587521663778164, "category": "Method", "figures": 2, "textlen": 32, "fig_size": 133696, "title": "Models", "8": {"fig_size": 77361, "fig_aspectRatio": 6.757009345794392, "fig_size_poster": 0.9221938775510204}, "9": {"fig_size": 56335, "fig_aspectRatio": 6.242105263157895, "fig_size_poster": 0.7563775510204082}, "textRatio": 0.08163265306122448, "figRatio": 0.15604909682570067}, "11": {"xy": [897, 340, 820, 786], "panel_size": 644520, "panel_aspectRatio": 1.0432569974554708, "category": "Method", "figures": 1, "textlen": 0, "fig_size": 402600, "title": "Experiments", "12": {"fig_size": 402600, "fig_aspectRatio": 0.8941877794336811, "fig_size_poster": 0.7317073170731707}, "textRatio": 0.0, "figRatio": 0.4699120869885942}, "13": {"xy": [910, 1145, 789, 507], "panel_size": 400023, "panel_aspectRatio": 1.5562130177514792, "category": "Result", "figures": 1, "textlen": 0, "fig_size": 320460, "title": "Results", "14": {"fig_size": 320460, "fig_aspectRatio": 1.8166666666666667, "fig_size_poster": 0.9670468948035488}, "textRatio": 0.0, "figRatio": 0.37403881618570517}, "15": {"xy": [1769, 354, 782, 516], "panel_size": 403512, "panel_aspectRatio": 1.5155038759689923, "category": "Discussion", "figures": 0, "textlen": 99, "fig_size": 0, "title": "Discussion", "textRatio": 0.25255102040816324, "figRatio": 0.0}, "17": {"xy": [1796, 880, 754, 405], "panel_size": 305370, "panel_aspectRatio": 1.8617283950617285, "category": "Discussion", "figures": 0, "textlen": 65, "fig_size": 0, "title": "challenges", "textRatio": 0.16581632653061223, "figRatio": 0.0}, "19": {"xy": [1795, 1289, 746, 232], "panel_size": 173072, "panel_aspectRatio": 3.2155172413793105, "category": "Discussion", "figures": 0, "textlen": 41, "fig_size": 0, "title": "Future", "textRatio": 0.10459183673469388, "figRatio": 0.0}}}