{"poster_size": 4478976, "doclen": 413, "figlen": 622164, "section": {"1": {"xy": [530, 34, 1498, 154], "panel_size": 230692, "panel_aspectRatio": 9.727272727272727, "category": "Title", "figures": 0, "textlen": 0, "fig_size": 0, "title": "Heart Disease Prediction Using Adaptive Network-BasedFuzzy Inference System (ANFIS)", "textRatio": 0.0, "figRatio": 0.0}, "2": {"xy": [16, 374, 608, 416], "panel_size": 252928, "panel_aspectRatio": 1.4615384615384615, "category": "Introduction", "figures": 0, "textlen": 95, "fig_size": 0, "title": "Introduction", "textRatio": 0.23002421307506055, "figRatio": 0.0}, "4": {"xy": [14, 810, 638, 850], "panel_size": 542300, "panel_aspectRatio": 0.7505882352941177, "category": "Method", "figures": 2, "textlen": 77, "fig_size": 99100, "title": "data and Features", "6": {"fig_size": 43616, "fig_aspectRatio": 1.2340425531914894, "fig_size_poster": 0.36363636363636365}, "7": {"fig_size": 55484, "fig_aspectRatio": 1.4742268041237114, "fig_size_poster": 0.4482758620689655}, "textRatio": 0.1864406779661017, "figRatio": 0.1592827614583936}, "8": {"xy": [662, 372, 622, 1244], "panel_size": 773768, "panel_aspectRatio": 0.5, "category": "Method", "figures": 1, "textlen": 149, "fig_size": 86848, "title": "Models", "10": {"fig_size": 86848, "fig_aspectRatio": 1.5593220338983051, "fig_size_poster": 0.5916398713826366}, "textRatio": 0.36077481840193704, "figRatio": 0.1395902045119936}, "12": {"xy": [1314, 370, 640, 1260], "panel_size": 806400, "panel_aspectRatio": 0.5079365079365079, "category": "Result", "figures": 5, "textlen": 38, "fig_size": 436216, "title": "Results", "14": {"fig_size": 41968, "fig_aspectRatio": 1.4186046511627908, "fig_size_poster": 0.38125}, "15": {"fig_size": 46368, "fig_aspectRatio": 1.3695652173913044, "fig_size_poster": 0.39375}, "16": {"fig_size": 125160, "fig_aspectRatio": 2.8380952380952382, "fig_size_poster": 0.93125}, "17": {"fig_size": 94080, "fig_aspectRatio": 3.3333333333333335, "fig_size_poster": 0.875}, "18": {"fig_size": 128640, "fig_aspectRatio": 2.2333333333333334, "fig_size_poster": 0.8375}, "textRatio": 0.09200968523002422, "figRatio": 0.7011270340296127}, "19": {"xy": [1980, 364, 600, 316], "panel_size": 189600, "panel_aspectRatio": 1.8987341772151898, "category": "Discussion", "figures": 0, "textlen": 23, "fig_size": 0, "title": "Conclusion", "textRatio": 0.05569007263922518, "figRatio": 0.0}, "21": {"xy": [1976, 698, 584, 328], "panel_size": 191552, "panel_aspectRatio": 1.7804878048780488, "category": "Discussion", "figures": 0, "textlen": 31, "fig_size": 0, "title": "Future Work", "textRatio": 0.07506053268765134, "figRatio": 0.0}}}