{"poster_size": 3110400, "doclen": 274, "figlen": 948990, "section": {"1": {"xy": [400, 49, 1351, 101], "panel_size": 136451, "panel_aspectRatio": 13.376237623762377, "category": "Title", "figures": 0, "textlen": 0, "fig_size": 0, "title": "Predicting an Aptamer's Target Binding Affinity", "textRatio": 0.0, "figRatio": 0.0}, "2": {"xy": [25, 274, 700, 300], "panel_size": 210000, "panel_aspectRatio": 2.3333333333333335, "category": "Introduction", "figures": 0, "textlen": 65, "fig_size": 0, "title": "Motivation", "textRatio": 0.23722627737226276, "figRatio": 0.0}, "4": {"xy": [23, 609, 704, 573], "panel_size": 403392, "panel_aspectRatio": 1.2286212914485166, "category": "Method", "figures": 0, "textlen": 112, "fig_size": 0, "title": "Methods", "textRatio": 0.40875912408759124, "figRatio": 0.0}, "6": {"xy": [13, 1199, 714, 226], "panel_size": 161364, "panel_aspectRatio": 3.15929203539823, "category": "Method", "figures": 1, "textlen": 20, "fig_size": 40328, "title": "Data", "8": {"fig_size": 40328, "fig_aspectRatio": 8.0, "fig_size_poster": 0.7955182072829131}, "textRatio": 0.072992700729927, "figRatio": 0.0424957059610744}, "9": {"xy": [751, 268, 667, 1159], "panel_size": 773053, "panel_aspectRatio": 0.5754961173425367, "category": "Result", "figures": 6, "textlen": 0, "fig_size": 543348, "title": "Results: SVM", "10": {"fig_size": 60134, "fig_aspectRatio": 1.3130841121495327, "fig_size_poster": 0.42128935532233885}, "11": {"fig_size": 60632, "fig_aspectRatio": 1.349056603773585, "fig_size_poster": 0.4287856071964018}, "12": {"fig_size": 58170, "fig_aspectRatio": 1.319047619047619, "fig_size_poster": 0.41529235382308843}, "13": {"fig_size": 63504, "fig_aspectRatio": 1.3611111111111112, "fig_size_poster": 0.4407796101949025}, "14": {"fig_size": 132573, "fig_aspectRatio": 1.2866043613707165, "fig_size_poster": 0.6191904047976012}, "15": {"fig_size": 168335, "fig_aspectRatio": 2.5486381322957197, "fig_size_poster": 0.9820089955022488}, "textRatio": 0.0, "figRatio": 0.5725539784402365}, "16": {"xy": [1439, 266, 702, 767], "panel_size": 538434, "panel_aspectRatio": 0.9152542372881356, "category": "Result", "figures": 2, "textlen": 0, "fig_size": 365314, "title": "Results: GP-UCB", "17": {"fig_size": 183866, "fig_aspectRatio": 2.0704697986577183, "fig_size_poster": 0.8789173789173789}, "18": {"fig_size": 181448, "fig_aspectRatio": 2.070945945945946, "fig_size_poster": 0.8732193732193733}, "textRatio": 0.0, "figRatio": 0.38495031559868914}, "19": {"xy": [1439, 1060, 704, 363], "panel_size": 255552, "panel_aspectRatio": 1.9393939393939394, "category": "Discussion", "figures": 0, "textlen": 77, "fig_size": 0, "title": "Analysis and Future Work", "textRatio": 0.28102189781021897, "figRatio": 0.0}}}