{"poster_size": 3110400, "doclen": 374, "figlen": 1767691, "section": {"1": {"xy": [510, 10, 1149, 87], "panel_size": 99963, "panel_aspectRatio": 13.206896551724139, "category": "Title", "figures": 0, "textlen": 0, "fig_size": 0, "title": "Malicious Agent Classification In Multi-Agent Formation Control", "textRatio": 0.0, "figRatio": 0.0}, "2": {"xy": [28, 182, 463, 597], "panel_size": 276411, "panel_aspectRatio": 0.7755443886097152, "category": "Introduction", "figures": 0, "textlen": 210, "fig_size": 0, "title": "Introduction", "textRatio": 0.5614973262032086, "figRatio": 0.0}, "4": {"xy": [494, 194, 1662, 593], "panel_size": 985566, "panel_aspectRatio": 2.8026981450252952, "category": "Method", "figures": 5, "textlen": 99, "fig_size": 769337, "title": "System Dynamics and Control", "5": {"fig_size": 218940, "fig_aspectRatio": 1.7275280898876404, "fig_size_poster": 0.3700361010830325}, "6": {"fig_size": 33936, "fig_aspectRatio": 10.821428571428571, "fig_size_poster": 0.36462093862815886}, "7": {"fig_size": 51324, "fig_aspectRatio": 5.808510638297872, "fig_size_poster": 0.3285198555956679}, "8": {"fig_size": 15849, "fig_aspectRatio": 21.74074074074074, "fig_size_poster": 0.35318892900120336}, "9": {"fig_size": 449288, "fig_aspectRatio": 2.1991150442477876, "fig_size_poster": 0.5980746089049338}, "textRatio": 0.2647058823529412, "figRatio": 0.435221427274337}, "11": {"xy": [48, 793, 2076, 646], "panel_size": 1341096, "panel_aspectRatio": 3.2136222910216716, "category": "Result", "figures": 9, "textlen": 65, "fig_size": 998354, "title": "Results", "12": {"fig_size": 114512, "fig_aspectRatio": 1.5477941176470589, "fig_size_poster": 0.20279383429672446}, "13": {"fig_size": 101080, "fig_aspectRatio": 1.2892857142857144, "fig_size_poster": 0.17389210019267823}, "14": {"fig_size": 119000, "fig_aspectRatio": 1.5178571428571428, "fig_size_poster": 0.20472061657032756}, "15": {"fig_size": 103776, "fig_aspectRatio": 1.3623188405797102, "fig_size_poster": 0.1811175337186898}, "16": {"fig_size": 138138, "fig_aspectRatio": 1.6888111888111887, "fig_size_poster": 0.23265895953757226}, "17": {"fig_size": 111108, "fig_aspectRatio": 1.3971631205673758, "fig_size_poster": 0.18978805394990367}, "18": {"fig_size": 84118, "fig_aspectRatio": 1.1204379562043796, "fig_size_poster": 0.1478805394990366}, "19": {"fig_size": 115374, "fig_aspectRatio": 1.4006968641114983, "fig_size_poster": 0.1936416184971098}, "20": {"fig_size": 111248, "fig_aspectRatio": 1.5036764705882353, "fig_size_poster": 0.1970134874759152}, "textRatio": 0.17379679144385027, "figRatio": 0.564778572725663}}}