{"poster_size": 3110400, "doclen": 333, "figlen": 940834, "section": {"1": {"xy": [311, 56, 1533, 138], "panel_size": 211554, "panel_aspectRatio": 11.108695652173912, "category": "Title", "figures": 0, "textlen": 0, "fig_size": 0, "title": "Non-stationary autoregressive filters for prediction of subsurface geological structure", "textRatio": 0.0, "figRatio": 0.0}, "2": {"xy": [87, 267, 683, 242], "panel_size": 165286, "panel_aspectRatio": 2.822314049586777, "category": "Introduction", "figures": 0, "textlen": 38, "fig_size": 0, "title": "Geology's non-stationary issues", "textRatio": 0.11411411411411411, "figRatio": 0.0}, "4": {"xy": [91, 517, 676, 270], "panel_size": 182520, "panel_aspectRatio": 2.5037037037037035, "category": "Method", "figures": 1, "textlen": 15, "fig_size": 93436, "title": "Learn and regularize", "5": {"fig_size": 93436, "fig_aspectRatio": 4.633802816901408, "fig_size_poster": 0.9733727810650887}, "textRatio": 0.04504504504504504, "figRatio": 0.09931188711292321}, "7": {"xy": [85, 797, 691, 585], "panel_size": 404235, "panel_aspectRatio": 1.1811965811965812, "category": "Method", "figures": 1, "textlen": 50, "fig_size": 207680, "title": "Non-stationary filters for non-stationary geology", "9": {"fig_size": 207680, "fig_aspectRatio": 2.028125, "fig_size_poster": 0.9392185238784371}, "textRatio": 0.15015015015015015, "figRatio": 0.22074032188462578}, "10": {"xy": [780, 270, 735, 790], "panel_size": 580650, "panel_aspectRatio": 0.930379746835443, "category": "Method", "figures": 4, "textlen": 58, "fig_size": 338586, "title": "Data: Multiple TIs", "12": {"fig_size": 92672, "fig_aspectRatio": 1.4140625, "fig_size_poster": 0.4925170068027211}, "13": {"fig_size": 89154, "fig_aspectRatio": 1.3818897637795275, "fig_size_poster": 0.4775510204081633}, "15": {"fig_size": 74412, "fig_aspectRatio": 1.358974358974359, "fig_size_poster": 0.4326530612244898}, "16": {"fig_size": 82348, "fig_aspectRatio": 1.453781512605042, "fig_size_poster": 0.4707482993197279}, "textRatio": 0.17417417417417416, "figRatio": 0.35987857581677535}, "17": {"xy": [780, 1069, 742, 344], "panel_size": 255248, "panel_aspectRatio": 2.1569767441860463, "category": "Method", "figures": 1, "textlen": 41, "fig_size": 85852, "title": "2D spatial features", "19": {"fig_size": 85852, "fig_aspectRatio": 1.330708661417323, "fig_size_poster": 0.4555256064690027}, "textRatio": 0.12312312312312312, "figRatio": 0.09125095394086523}, "20": {"xy": [1525, 269, 544, 759], "panel_size": 412896, "panel_aspectRatio": 0.7167325428194994, "category": "Result", "figures": 1, "textlen": 62, "fig_size": 215280, "title": "Results", "22": {"fig_size": 215280, "fig_aspectRatio": 1.017391304347826, "fig_size_poster": 0.8602941176470589}, "textRatio": 0.18618618618618618, "figRatio": 0.22881826124481044}, "23": {"xy": [1528, 1038, 544, 365], "panel_size": 198560, "panel_aspectRatio": 1.4904109589041097, "category": "Discussion", "figures": 0, "textlen": 69, "fig_size": 0, "title": "Discussion", "textRatio": 0.2072072072072072, "figRatio": 0.0}}}