{"poster_size": 6718464, "doclen": 779, "figlen": 748700, "section": {"1": {"xy": [548, 368, 1473, 155], "panel_size": 228315, "panel_aspectRatio": 9.503225806451614, "category": "Title", "figures": 0, "textlen": 0, "fig_size": 0, "title": "Curricula\nGenerating Ad-hoc", "textRatio": 0.0, "figRatio": 0.0}, "2": {"xy": [59, 677, 577, 734], "panel_size": 423518, "panel_aspectRatio": 0.7861035422343324, "category": "Introduction", "figures": 0, "textlen": 152, "fig_size": 0, "title": "Introduction", "textRatio": 0.1951219512195122, "figRatio": 0.0}, "4": {"xy": [54, 1453, 585, 775], "panel_size": 453375, "panel_aspectRatio": 0.7548387096774194, "category": "Method", "figures": 0, "textlen": 138, "fig_size": 0, "title": "Potential Curricula", "textRatio": 0.17715019255455713, "figRatio": 0.0}, "6": {"xy": [687, 660, 1220, 808], "panel_size": 985760, "panel_aspectRatio": 1.50990099009901, "category": "Method", "figures": 1, "textlen": 209, "fig_size": 336300, "title": "Main Tasks: MNIST & Noisy MNIST", "8": {"fig_size": 336300, "fig_aspectRatio": 3.864406779661017, "fig_size_poster": 0.9344262295081968}, "textRatio": 0.2682926829268293, "figRatio": 0.4491785761987445}, "9": {"xy": [697, 1509, 1204, 699], "panel_size": 841596, "panel_aspectRatio": 1.7224606580829758, "category": "Result", "figures": 2, "textlen": 84, "fig_size": 412400, "title": "Results", "11": {"fig_size": 309504, "fig_aspectRatio": 2.0989583333333335, "fig_size_poster": 0.6694352159468439}, "13": {"fig_size": 102896, "fig_aspectRatio": 8.660550458715596, "fig_size_poster": 0.7840531561461794}, "textRatio": 0.10783055198973042, "figRatio": 0.5508214238012555}, "14": {"xy": [1948, 668, 589, 1125], "panel_size": 662625, "panel_aspectRatio": 0.5235555555555556, "category": "Method", "figures": 0, "textlen": 196, "fig_size": 0, "title": "Discussion/Conclusions", "textRatio": 0.251604621309371, "figRatio": 0.0}}}