{"poster_size": 4478976, "doclen": 228, "figlen": 2100910, "section": {"0": {"xy": [487, 24, 1649, 63], "panel_size": 103887, "panel_aspectRatio": 26.174603174603174, "category": "Title", "figures": 0, "textlen": 0, "fig_size": 0, "title": "Reducing False Arrhythmia Alarms in the Intensive Care Unit", "textRatio": 0.0, "figRatio": 0.0}, "1": {"xy": [53, 186, 1005, 364], "panel_size": 365820, "panel_aspectRatio": 2.760989010989011, "category": "Introduction", "figures": 0, "textlen": 63, "fig_size": 0, "title": "Introduction", "textRatio": 0.27631578947368424, "figRatio": 0.0}, "3": {"xy": [1088, 168, 1471, 379], "panel_size": 557509, "panel_aspectRatio": 3.8812664907651717, "category": "Method", "figures": 0, "textlen": 107, "fig_size": 0, "title": "Methods", "textRatio": 0.4692982456140351, "figRatio": 0.0}, "5": {"xy": [37, 556, 2523, 756], "panel_size": 1907388, "panel_aspectRatio": 3.3373015873015874, "category": "Method", "figures": 4, "textlen": 0, "fig_size": 1640257, "title": "figures", "6": {"fig_size": 798490, "fig_aspectRatio": 1.773472429210134, "fig_size_poster": 0.4716607213634562}, "7": {"fig_size": 284811, "fig_aspectRatio": 0.6105417276720352, "fig_size_poster": 0.16527942925089179}, "8": {"fig_size": 283284, "fig_aspectRatio": 0.5286885245901639, "fig_size_poster": 0.15338882282996433}, "9": {"fig_size": 273672, "fig_aspectRatio": 0.5220994475138122, "fig_size_poster": 0.14982164090368608}, "textRatio": 0.0, "figRatio": 0.7807364427795574}, "10": {"xy": [37, 1340, 2014, 352], "panel_size": 708928, "panel_aspectRatio": 5.721590909090909, "category": "Result", "figures": 1, "textlen": 39, "fig_size": 460653, "title": "Results", "12": {"fig_size": 460653, "fig_aspectRatio": 5.439862542955327, "fig_size_poster": 0.7859980139026812}, "textRatio": 0.17105263157894737, "figRatio": 0.21926355722044258}, "13": {"xy": [2078, 1346, 464, 340], "panel_size": 157760, "panel_aspectRatio": 1.3647058823529412, "category": "Discussion", "figures": 0, "textlen": 19, "fig_size": 0, "title": "FUTURE WORK", "textRatio": 0.08333333333333333, "figRatio": 0.0}}}