{"poster_size": 4478976, "doclen": 581, "figlen": 1103722, "section": {"0": {"xy": [529, 62, 1776, 74], "panel_size": 131424, "panel_aspectRatio": 24.0, "category": "Title", "figures": 0, "textlen": 0, "fig_size": 0, "title": "Huamn Fall Detection in Indoor Environments Using Channel State Information of Wi-Fi Signals", "textRatio": 0.0, "figRatio": 0.0}, "1": {"xy": [73, 200, 579, 443], "panel_size": 256497, "panel_aspectRatio": 1.306997742663657, "category": "Introduction", "figures": 0, "textlen": 93, "fig_size": 0, "title": "Abstract-Motivation", "textRatio": 0.16006884681583478, "figRatio": 0.0}, "3": {"xy": [75, 659, 584, 643], "panel_size": 375512, "panel_aspectRatio": 0.9082426127527217, "category": "Introduction", "figures": 1, "textlen": 31, "fig_size": 222154, "title": "Channel State Information(CSI)", "4": {"fig_size": 222154, "fig_aspectRatio": 1.3815461346633418, "fig_size_poster": 0.9486301369863014}, "textRatio": 0.05335628227194492, "figRatio": 0.20127713319114776}, "6": {"xy": [77, 1310, 580, 380], "panel_size": 220400, "panel_aspectRatio": 1.5263157894736843, "category": "Introduction", "figures": 0, "textlen": 52, "fig_size": 0, "title": "Data Collection", "textRatio": 0.08950086058519793, "figRatio": 0.0}, "8": {"xy": [682, 196, 662, 612], "panel_size": 405144, "panel_aspectRatio": 1.0816993464052287, "category": "Introduction", "figures": 2, "textlen": 27, "fig_size": 262247, "title": "Data Colllection(cont'd)", "9": {"fig_size": 124871, "fig_aspectRatio": 3.3523316062176165, "fig_size_poster": 0.9773413897280967}, "10": {"fig_size": 137376, "fig_aspectRatio": 3.056603773584906, "fig_size_poster": 0.9788519637462235}, "textRatio": 0.04647160068846816, "figRatio": 0.23760240350378084}, "12": {"xy": [685, 816, 667, 903], "panel_size": 602301, "panel_aspectRatio": 0.7386489479512736, "category": "Method", "figures": 2, "textlen": 96, "fig_size": 229524, "title": "CSI Data Feature Extraction", "13": {"fig_size": 87954, "fig_aspectRatio": 4.686131386861314, "fig_size_poster": 0.9625187406296851}, "14": {"fig_size": 141570, "fig_aspectRatio": 1.0743801652892562, "fig_size_poster": 0.5847076461769115}, "textRatio": 0.16523235800344235, "figRatio": 0.2079545392771006}, "17": {"xy": [1363, 198, 1152, 469], "panel_size": 540288, "panel_aspectRatio": 2.4562899786780386, "category": "Result", "figures": 1, "textlen": 108, "fig_size": 142200, "title": "Supervised Learning Results & Discussion", "18": {"fig_size": 142200, "fig_aspectRatio": 1.0972222222222223, "fig_size_poster": 0.3428819444444444}, "textRatio": 0.18588640275387264, "figRatio": 0.12883679042367552}, "20": {"xy": [1363, 674, 1147, 542], "panel_size": 621674, "panel_aspectRatio": 2.1162361623616235, "category": "Result", "figures": 2, "textlen": 104, "fig_size": 247597, "title": "Deep Learning Results & Discussion", "21": {"fig_size": 115710, "fig_aspectRatio": 1.3758620689655172, "fig_size_poster": 0.34786399302528337}, "22": {"fig_size": 131887, "fig_aspectRatio": 2.5594713656387666, "fig_size_poster": 0.5065387968613775}, "textRatio": 0.17900172117039587, "figRatio": 0.2243291336042953}, "26": {"xy": [1369, 1223, 1142, 238], "panel_size": 271796, "panel_aspectRatio": 4.798319327731092, "category": "Discussion", "figures": 0, "textlen": 70, "fig_size": 0, "title": "Future Work", "textRatio": 0.12048192771084337, "figRatio": 0.0}}}