{"poster_size": 4478976, "doclen": 165, "figlen": 1919709, "section": {"1": {"xy": [857, 6, 878, 142], "panel_size": 124676, "panel_aspectRatio": 6.183098591549296, "category": "Title", "figures": 0, "textlen": 0, "fig_size": 0, "title": "Wildfire Burn- Area Prediction", "textRatio": 0.0, "figRatio": 0.0}, "2": {"xy": [24, 235, 821, 766], "panel_size": 628886, "panel_aspectRatio": 1.0718015665796345, "category": "Introduction", "figures": 1, "textlen": 42, "fig_size": 178872, "title": "Abstract", "4": {"fig_size": 178872, "fig_aspectRatio": 3.3232758620689653, "fig_size_poster": 0.9390986601705238}, "textRatio": 0.2545454545454545, "figRatio": 0.09317662208178427}, "6": {"xy": [27, 1037, 803, 653], "panel_size": 524359, "panel_aspectRatio": 1.229709035222052, "category": "Method", "figures": 1, "textlen": 29, "fig_size": 256291, "title": "Data", "8": {"fig_size": 256291, "fig_aspectRatio": 2.3677811550151975, "fig_size_poster": 0.9701120797011208}, "textRatio": 0.17575757575757575, "figRatio": 0.13350513020462998}, "9": {"xy": [862, 208, 852, 1519], "panel_size": 1294188, "panel_aspectRatio": 0.5608953258722844, "category": "Method", "figures": 1, "textlen": 23, "fig_size": 919933, "title": "Models", "10": {"fig_size": 919933, "fig_aspectRatio": 0.6801375752364575, "fig_size_poster": 0.9284037558685446}, "textRatio": 0.1393939393939394, "figRatio": 0.47920440025024624}, "12": {"xy": [1719, 214, 853, 1139], "panel_size": 971567, "panel_aspectRatio": 0.7489025460930641, "category": "Result", "figures": 3, "textlen": 47, "fig_size": 564613, "title": "Results/Discussion", "13": {"fig_size": 124898, "fig_aspectRatio": 3.218274111675127, "fig_size_poster": 0.7432590855803048}, "15": {"fig_size": 174496, "fig_aspectRatio": 3.4776785714285716, "fig_size_poster": 0.9132473622508792}, "17": {"fig_size": 265219, "fig_aspectRatio": 2.335311572700297, "fig_size_poster": 0.9226260257913247}, "textRatio": 0.28484848484848485, "figRatio": 0.2941138474633395}, "18": {"xy": [1745, 1377, 837, 242], "panel_size": 202554, "panel_aspectRatio": 3.458677685950413, "category": "Discussion", "figures": 0, "textlen": 24, "fig_size": 0, "title": "Future work", "textRatio": 0.14545454545454545, "figRatio": 0.0}}}