{"poster_size": 4478976, "doclen": 205, "figlen": 1158190, "section": {"1": {"xy": [557, 29, 1487, 88], "panel_size": 130856, "panel_aspectRatio": 16.897727272727273, "category": "Title", "figures": 0, "textlen": 0, "fig_size": 0, "title": "SpeakerTagger: a Speaker Diarization System", "textRatio": 0.0, "figRatio": 0.0}, "3": {"xy": [34, 278, 728, 498], "panel_size": 362544, "panel_aspectRatio": 1.461847389558233, "category": "Introduction", "figures": 0, "textlen": 34, "fig_size": 0, "title": "", "textRatio": 0.16585365853658537, "figRatio": 0.0}, "5": {"xy": [38, 823, 696, 871], "panel_size": 606216, "panel_aspectRatio": 0.799081515499426, "category": "Method", "figures": 1, "textlen": 44, "fig_size": 45471, "title": "Performance Metric:\nDiarization Error Rate(DER)", "7": {"fig_size": 45471, "fig_aspectRatio": 9.55072463768116, "fig_size_poster": 0.9468390804597702}, "textRatio": 0.2146341463414634, "figRatio": 0.039260397689498266}, "9": {"xy": [791, 264, 1006, 1429], "panel_size": 1437574, "panel_aspectRatio": 0.7039888033589923, "category": "Method", "figures": 6, "textlen": 59, "fig_size": 694944, "title": "", "11": {"fig_size": 234250, "fig_aspectRatio": 3.748, "fig_size_poster": 0.9314115308151093}, "13": {"fig_size": 82389, "fig_aspectRatio": 10.885057471264368, "fig_size_poster": 0.941351888667992}, "15": {"fig_size": 82911, "fig_aspectRatio": 10.954022988505747, "fig_size_poster": 0.9473161033797217}, "17": {"fig_size": 118818, "fig_aspectRatio": 7.484126984126984, "fig_size_poster": 0.937375745526839}, "19": {"fig_size": 94100, "fig_aspectRatio": 9.41, "fig_size_poster": 0.9353876739562624}, "21": {"fig_size": 82476, "fig_aspectRatio": 10.89655172413793, "fig_size_poster": 0.9423459244532804}, "textRatio": 0.28780487804878047, "figRatio": 0.6000259024857753}, "22": {"xy": [1827, 247, 713, 350], "panel_size": 249550, "panel_aspectRatio": 2.037142857142857, "category": "Result", "figures": 0, "textlen": 30, "fig_size": 0, "title": "Baseline Implementation:\nKmeans with Segment Lengths", "textRatio": 0.14634146341463414, "figRatio": 0.0}, "23": {"xy": [1823, 602, 727, 361], "panel_size": 262447, "panel_aspectRatio": 2.0138504155124655, "category": "Result", "figures": 1, "textlen": 0, "fig_size": 216342, "title": "Other Features under Kmeans", "25": {"fig_size": 216342, "fig_aspectRatio": 2.310457516339869, "fig_size_poster": 0.9724896836313618}, "textRatio": 0.0, "figRatio": 0.18679318591940874}, "26": {"xy": [1817, 973, 734, 340], "panel_size": 249560, "panel_aspectRatio": 2.1588235294117646, "category": "Result", "figures": 1, "textlen": 0, "fig_size": 201433, "title": "Gaussian Mixture Models (GMM)", "27": {"fig_size": 201433, "fig_aspectRatio": 2.411764705882353, "fig_size_poster": 0.9495912806539509}, "textRatio": 0.0, "figRatio": 0.1739205139053178}, "28": {"xy": [1817, 1326, 759, 338], "panel_size": 256542, "panel_aspectRatio": 2.2455621301775146, "category": "Discussion", "figures": 0, "textlen": 38, "fig_size": 0, "title": "Further Work", "textRatio": 0.18536585365853658, "figRatio": 0.0}}}