{"poster_size": 3110400, "doclen": 340, "figlen": 1077517, "section": {"1": {"xy": [327, 37, 1582, 89], "panel_size": 140798, "panel_aspectRatio": 17.775280898876403, "category": "Title", "figures": 0, "textlen": 0, "fig_size": 0, "title": "Food X: Building a Recommendation System for Chinese Dishes", "textRatio": 0.0, "figRatio": 0.0}, "2": {"xy": [23, 249, 432, 1184], "panel_size": 511488, "panel_aspectRatio": 0.36486486486486486, "category": "Introduction", "figures": 1, "textlen": 119, "fig_size": 109871, "title": "objective", "4": {"fig_size": 109871, "fig_aspectRatio": 1.3914590747330962, "fig_size_poster": 0.9050925925925926}, "textRatio": 0.35, "figRatio": 0.10196683671812139}, "6": {"xy": [474, 241, 429, 1198], "panel_size": 513942, "panel_aspectRatio": 0.3580968280467446, "category": "Method", "figures": 2, "textlen": 79, "fig_size": 211581, "title": "ratings", "8": {"fig_size": 101016, "fig_aspectRatio": 1.326086956521739, "fig_size_poster": 0.8531468531468531}, "9": {"fig_size": 110565, "fig_aspectRatio": 1.4835164835164836, "fig_size_poster": 0.9440559440559441}, "textRatio": 0.2323529411764706, "figRatio": 0.19635977901044716}, "11": {"xy": [916, 244, 431, 1193], "panel_size": 514183, "panel_aspectRatio": 0.36127409891031015, "category": "Method", "figures": 5, "textlen": 43, "fig_size": 266564, "title": "Collaborative Filtering", "12": {"fig_size": 85272, "fig_aspectRatio": 1.6403508771929824, "fig_size_poster": 0.8677494199535963}, "13": {"fig_size": 47815, "fig_aspectRatio": 2.786259541984733, "fig_size_poster": 0.8468677494199536}, "15": {"fig_size": 46440, "fig_aspectRatio": 2.7906976744186047, "fig_size_poster": 0.8352668213457076}, "16": {"fig_size": 45200, "fig_aspectRatio": 3.5398230088495577, "fig_size_poster": 0.9280742459396751}, "17": {"fig_size": 41837, "fig_aspectRatio": 3.6542056074766354, "fig_size_poster": 0.9071925754060325}, "textRatio": 0.1264705882352941, "figRatio": 0.2473872802006836}, "18": {"xy": [1361, 240, 405, 1176], "panel_size": 476280, "panel_aspectRatio": 0.34438775510204084, "category": "Result", "figures": 4, "textlen": 20, "fig_size": 335643, "title": "Results", "20": {"fig_size": 66432, "fig_aspectRatio": 2.2196531791907512, "fig_size_poster": 0.9481481481481482}, "21": {"fig_size": 93996, "fig_aspectRatio": 1.4801587301587302, "fig_size_poster": 0.9209876543209876}, "22": {"fig_size": 94672, "fig_aspectRatio": 1.5901639344262295, "fig_size_poster": 0.9580246913580247}, "23": {"fig_size": 80543, "fig_aspectRatio": 1.4100418410041842, "fig_size_poster": 0.8320987654320988}, "textRatio": 0.058823529411764705, "figRatio": 0.31149670956467507}, "24": {"xy": [1783, 241, 358, 519], "panel_size": 185802, "panel_aspectRatio": 0.6897880539499036, "category": "Result", "figures": 3, "textlen": 0, "fig_size": 153858, "title": "Result", "25": {"fig_size": 63742, "fig_aspectRatio": 1.5467980295566504, "fig_size_poster": 0.8770949720670391}, "26": {"fig_size": 62424, "fig_aspectRatio": 1.5, "fig_size_poster": 0.8547486033519553}, "27": {"fig_size": 27692, "fig_aspectRatio": 3.744186046511628, "fig_size_poster": 0.8994413407821229}, "textRatio": 0.0, "figRatio": 0.14278939450607275}, "28": {"xy": [1784, 770, 364, 659], "panel_size": 239876, "panel_aspectRatio": 0.5523520485584219, "category": "Discussion", "figures": 0, "textlen": 79, "fig_size": 0, "title": "conclusions", "textRatio": 0.2323529411764706, "figRatio": 0.0}}}