{"poster_size": 4478976, "doclen": 231, "figlen": 1971496, "section": {"1": {"xy": [51, 6, 2496, 79], "panel_size": 197184, "panel_aspectRatio": 31.59493670886076, "category": "Title", "figures": 0, "textlen": 0, "fig_size": 0, "title": "Classification of Hand Gestures using Surface Electromyography Signals for Upper Limb Amputees", "textRatio": 0.0, "figRatio": 0.0}, "2": {"xy": [17, 242, 958, 500], "panel_size": 479000, "panel_aspectRatio": 1.916, "category": "Introduction", "figures": 1, "textlen": 73, "fig_size": 125048, "title": "MOTIVATION", "4": {"fig_size": 125048, "fig_aspectRatio": 1.3181818181818181, "fig_size_poster": 0.42379958246346555}, "textRatio": 0.31601731601731603, "figRatio": 0.0634279755069247}, "5": {"xy": [12, 763, 968, 949], "panel_size": 918632, "panel_aspectRatio": 1.0200210748155953, "category": "Introduction", "figures": 5, "textlen": 61, "fig_size": 419307, "title": "DATASET & FEATURES", "8": {"fig_size": 78003, "fig_aspectRatio": 1.3209876543209877, "fig_size_poster": 0.33161157024793386}, "9": {"fig_size": 83104, "fig_aspectRatio": 0.46226415094339623, "fig_size_poster": 0.2024793388429752}, "10": {"fig_size": 97200, "fig_aspectRatio": 0.411522633744856, "fig_size_poster": 0.2066115702479339}, "11": {"fig_size": 108640, "fig_aspectRatio": 0.4618556701030928, "fig_size_poster": 0.23140495867768596}, "12": {"fig_size": 52360, "fig_aspectRatio": 0.6678571428571428, "fig_size_poster": 0.19318181818181818}, "textRatio": 0.26406926406926406, "figRatio": 0.21268468208913435}, "13": {"xy": [1026, 240, 1558, 739], "panel_size": 1151362, "panel_aspectRatio": 2.108254397834912, "category": "Method", "figures": 2, "textlen": 97, "fig_size": 523863, "title": "METHODOLOGY", "14": {"fig_size": 139583, "fig_aspectRatio": 14.835051546391753, "fig_size_poster": 0.923620025673941}, "18": {"fig_size": 384280, "fig_aspectRatio": 5.684615384615385, "fig_size_poster": 0.9486521181001284}, "textRatio": 0.4199134199134199, "figRatio": 0.2657185203520575}, "19": {"xy": [1018, 999, 1562, 718], "panel_size": 1121516, "panel_aspectRatio": 2.1754874651810585, "category": "Result", "figures": 6, "textlen": 0, "fig_size": 903278, "title": "RESULTS", "20": {"fig_size": 137370, "fig_aspectRatio": 1.6912280701754385, "fig_size_poster": 0.3085787451984635}, "21": {"fig_size": 166320, "fig_aspectRatio": 1.2833333333333334, "fig_size_poster": 0.29577464788732394}, "22": {"fig_size": 130938, "fig_aspectRatio": 1.6942446043165467, "fig_size_poster": 0.30153649167733676}, "23": {"fig_size": 153406, "fig_aspectRatio": 1.1389645776566757, "fig_size_poster": 0.2676056338028169}, "24": {"fig_size": 143956, "fig_aspectRatio": 1.6883561643835616, "fig_size_poster": 0.31562099871959026}, "25": {"fig_size": 171288, "fig_aspectRatio": 1.278688524590164, "fig_size_poster": 0.29961587708066584}, "textRatio": 0.0, "figRatio": 0.4581688220518834}}}