{"poster_size": 7838208, "doclen": 332, "figlen": 2390177, "section": {"1": {"xy": [463, 66, 2089, 94], "panel_size": 196366, "panel_aspectRatio": 22.22340425531915, "category": "Title", "figures": 0, "textlen": 0, "fig_size": 0, "title": "Controlling Two-Wheels Self Balancing Robot Using Q-Learning", "textRatio": 0.0, "figRatio": 0.0}, "2": {"xy": [96, 343, 844, 208], "panel_size": 175552, "panel_aspectRatio": 4.0576923076923075, "category": "Introduction", "figures": 0, "textlen": 19, "fig_size": 0, "title": "Problem", "textRatio": 0.0572289156626506, "figRatio": 0.0}, "4": {"xy": [87, 572, 841, 515], "panel_size": 433115, "panel_aspectRatio": 1.633009708737864, "category": "Method", "figures": 1, "textlen": 38, "fig_size": 164952, "title": "PID Loop", "6": {"fig_size": 164952, "fig_aspectRatio": 3.064655172413793, "fig_size_poster": 0.845422116527943}, "textRatio": 0.1144578313253012, "figRatio": 0.0690124622569793}, "7": {"xy": [68, 1106, 875, 334], "panel_size": 292250, "panel_aspectRatio": 2.6197604790419162, "category": "Method", "figures": 1, "textlen": 39, "fig_size": 23907, "title": "Complimentary Filter", "9": {"fig_size": 23907, "fig_aspectRatio": 15.717948717948717, "fig_size_poster": 0.7005714285714286}, "textRatio": 0.11746987951807229, "figRatio": 0.01000218812246959}, "10": {"xy": [91, 1449, 837, 411], "panel_size": 344007, "panel_aspectRatio": 2.0364963503649633, "category": "Method", "figures": 0, "textlen": 56, "fig_size": 0, "title": "Binary PID output", "textRatio": 0.1686746987951807, "figRatio": 0.0}, "12": {"xy": [85, 1874, 855, 688], "panel_size": 588240, "panel_aspectRatio": 1.242732558139535, "category": "Method", "figures": 1, "textlen": 10, "fig_size": 352988, "title": "Simulation Platform", "14": {"fig_size": 352988, "fig_aspectRatio": 1.4523326572008113, "fig_size_poster": 0.8374269005847953}, "textRatio": 0.030120481927710843, "figRatio": 0.1476827866722841}, "15": {"xy": [1066, 354, 896, 764], "panel_size": 684544, "panel_aspectRatio": 1.1727748691099475, "category": "Method", "figures": 1, "textlen": 17, "fig_size": 440148, "title": "Robotic Platform", "17": {"fig_size": 440148, "fig_aspectRatio": 1.6531007751937985, "fig_size_poster": 0.9520089285714286}, "textRatio": 0.05120481927710843, "figRatio": 0.18414870530508828}, "18": {"xy": [1092, 1137, 884, 538], "panel_size": 475592, "panel_aspectRatio": 1.6431226765799256, "category": "Method", "figures": 1, "textlen": 17, "fig_size": 227971, "title": "Machine Learning Architectures", "20": {"fig_size": 227971, "fig_aspectRatio": 2.9711191335740073, "fig_size_poster": 0.9309954751131222}, "textRatio": 0.05120481927710843, "figRatio": 0.09537829206790961}, "21": {"xy": [1101, 1679, 868, 868], "panel_size": 753424, "panel_aspectRatio": 1.0, "category": "Method", "figures": 4, "textlen": 62, "fig_size": 242040, "title": "Q-Learning", "22": {"fig_size": 62520, "fig_aspectRatio": 4.341666666666667, "fig_size_poster": 0.6002304147465438}, "23": {"fig_size": 44064, "fig_aspectRatio": 15.11111111111111, "fig_size_poster": 0.9400921658986175}, "25": {"fig_size": 56832, "fig_aspectRatio": 10.378378378378379, "fig_size_poster": 0.8847926267281107}, "26": {"fig_size": 78624, "fig_aspectRatio": 8.53125, "fig_size_poster": 0.9435483870967742}, "textRatio": 0.18674698795180722, "figRatio": 0.10126446702482703}, "27": {"xy": [2034, 393, 865, 746], "panel_size": 645290, "panel_aspectRatio": 1.1595174262734584, "category": "Result", "figures": 1, "textlen": 14, "fig_size": 423776, "title": "Simulation Performance", "29": {"fig_size": 423776, "fig_aspectRatio": 1.431985294117647, "fig_size_poster": 0.900578034682081}, "textRatio": 0.04216867469879518, "figRatio": 0.17729900337924764}, "30": {"xy": [2032, 1137, 886, 1063], "panel_size": 941818, "panel_aspectRatio": 0.8334901222953904, "category": "Result", "figures": 1, "textlen": 60, "fig_size": 514395, "title": "Robotic Platform Demo", "32": {"fig_size": 514395, "fig_aspectRatio": 1.2597809076682316, "fig_size_poster": 0.9085778781038375}, "textRatio": 0.18072289156626506, "figRatio": 0.21521209517119444}}}