{"poster_size": 4478976, "doclen": 284, "figlen": 1608018, "section": {"1": {"xy": [195, 43, 2234, 106], "panel_size": 236804, "panel_aspectRatio": 21.07547169811321, "category": "Title", "figures": 0, "textlen": 0, "fig_size": 0, "title": "Machine Learning Techniques for Thyroid Cancer Diagnosis", "textRatio": 0.0, "figRatio": 0.0}, "2": {"xy": [42, 358, 891, 527], "panel_size": 469557, "panel_aspectRatio": 1.6907020872865275, "category": "Introduction", "figures": 0, "textlen": 111, "fig_size": 0, "title": "Problem Definition\nData Set", "textRatio": 0.3908450704225352, "figRatio": 0.0}, "4": {"xy": [38, 909, 889, 785], "panel_size": 697865, "panel_aspectRatio": 1.132484076433121, "category": "Method", "figures": 2, "textlen": 73, "fig_size": 362756, "title": "Preprocessing: Feature Selection", "5": {"fig_size": 197316, "fig_aspectRatio": 3.107142857142857, "fig_size_poster": 0.8807649043869517}, "6": {"fig_size": 165440, "fig_aspectRatio": 1.1702127659574468, "fig_size_poster": 0.4949381327334083}, "textRatio": 0.25704225352112675, "figRatio": 0.22559200207957872}, "8": {"xy": [951, 347, 1626, 1125], "panel_size": 1829250, "panel_aspectRatio": 1.4453333333333334, "category": "Method", "figures": 6, "textlen": 67, "fig_size": 1245262, "title": "Learning Methodology and Results", "9": {"fig_size": 221409, "fig_aspectRatio": 1.9495548961424332, "fig_size_poster": 0.4040590405904059}, "10": {"fig_size": 406430, "fig_aspectRatio": 1.7278350515463918, "fig_size_poster": 0.5153751537515375}, "11": {"fig_size": 200651, "fig_aspectRatio": 1.9717868338557993, "fig_size_poster": 0.38683886838868387}, "12": {"fig_size": 64355, "fig_aspectRatio": 1.4454976303317535, "fig_size_poster": 0.1875768757687577}, "13": {"fig_size": 67405, "fig_aspectRatio": 1.3800904977375565, "fig_size_poster": 0.1875768757687577}, "14": {"fig_size": 285012, "fig_aspectRatio": 1.3012820512820513, "fig_size_poster": 0.37453874538745385}, "textRatio": 0.23591549295774647, "figRatio": 0.7744079979204213}, "16": {"xy": [949, 1494, 1611, 145], "panel_size": 233595, "panel_aspectRatio": 11.110344827586207, "category": "Result", "figures": 0, "textlen": 33, "fig_size": 0, "title": "Conclusion and Future Work", "textRatio": 0.11619718309859155, "figRatio": 0.0}}}