{"poster_size": 4478976, "doclen": 647, "figlen": 1316120, "section": {"1": {"xy": [999, 17, 598, 176], "panel_size": 105248, "panel_aspectRatio": 3.397727272727273, "category": "Title", "figures": 0, "textlen": 0, "fig_size": 0, "title": "ABLOC\nAudio-Based Localization", "textRatio": 0.0, "figRatio": 0.0}, "2": {"xy": [78, 276, 767, 548], "panel_size": 420316, "panel_aspectRatio": 1.3996350364963503, "category": "Introduction", "figures": 0, "textlen": 151, "fig_size": 0, "title": "Motivation", "textRatio": 0.23338485316846985, "figRatio": 0.0}, "4": {"xy": [847, 285, 1733, 578], "panel_size": 1001674, "panel_aspectRatio": 2.9982698961937717, "category": "Method", "figures": 5, "textlen": 55, "fig_size": 491057, "title": "Methodology", "6": {"fig_size": 93922, "fig_aspectRatio": 1.0298013245033113, "fig_size_poster": 0.17945758799769188}, "7": {"fig_size": 158752, "fig_aspectRatio": 1.475609756097561, "fig_size_poster": 0.27928447778418924}, "9": {"fig_size": 117600, "fig_aspectRatio": 2.94, "fig_size_poster": 0.33929601846508944}, "10": {"fig_size": 58575, "fig_aspectRatio": 1.2910798122065728, "fig_size_poster": 0.15868436237738026}, "11": {"fig_size": 62208, "fig_aspectRatio": 1.3333333333333333, "fig_size_poster": 0.1661858049624928}, "textRatio": 0.08500772797527048, "figRatio": 0.3731095948697687}, "12": {"xy": [1724, 864, 847, 812], "panel_size": 687764, "panel_aspectRatio": 1.043103448275862, "category": "Method", "figures": 2, "textlen": 172, "fig_size": 233652, "title": "Methodology", "14": {"fig_size": 110559, "fig_aspectRatio": 1.5278810408921932, "fig_size_poster": 0.4852420306965762}, "19": {"fig_size": 123093, "fig_aspectRatio": 1.4536082474226804, "fig_size_poster": 0.49940968122786306}, "textRatio": 0.26584234930448225, "figRatio": 0.17753092423183298}, "21": {"xy": [41, 875, 1671, 828], "panel_size": 1383588, "panel_aspectRatio": 2.0181159420289854, "category": "Result", "figures": 3, "textlen": 269, "fig_size": 591411, "title": "Results", "24": {"fig_size": 101556, "fig_aspectRatio": 1.3626373626373627, "fig_size_poster": 0.22262118491921004}, "25": {"fig_size": 250020, "fig_aspectRatio": 3.4296296296296296, "fig_size_poster": 0.5541591861160982}, "26": {"fig_size": 239835, "fig_aspectRatio": 2.7559322033898304, "fig_size_poster": 0.4865350089766607}, "textRatio": 0.41576506955177744, "figRatio": 0.44935948089839833}}}