{"poster_size": 6220800, "doclen": 516, "figlen": 1185777, "section": {"0": {"xy": [741, 23, 1423, 156], "panel_size": 221988, "panel_aspectRatio": 9.121794871794872, "category": "Title", "figures": 0, "textlen": 0, "fig_size": 0, "title": "\"A SoundHound for the Sounds of Hounds\" \nWeakly Supervised Modeling of Animal Sounds", "textRatio": 0.0, "figRatio": 0.0}, "1": {"xy": [38, 370, 921, 618], "panel_size": 569178, "panel_aspectRatio": 1.4902912621359223, "category": "Introduction", "figures": 0, "textlen": 144, "fig_size": 0, "title": "Abstract", "textRatio": 0.27906976744186046, "figRatio": 0.0}, "3": {"xy": [34, 1006, 914, 1072], "panel_size": 979808, "panel_aspectRatio": 0.8526119402985075, "category": "Method", "figures": 0, "textlen": 202, "fig_size": 0, "title": "Dataset and Features", "textRatio": 0.39147286821705424, "figRatio": 0.0}, "6": {"xy": [984, 364, 1868, 1362], "panel_size": 2544216, "panel_aspectRatio": 1.3715124816446402, "category": "Method", "figures": 7, "textlen": 170, "fig_size": 1185777, "title": "Methods", "9": {"fig_size": 39130, "fig_aspectRatio": 4.725274725274725, "fig_size_poster": 0.23019271948608136}, "10": {"fig_size": 57378, "fig_aspectRatio": 2.691780821917808, "fig_size_poster": 0.21038543897216275}, "11": {"fig_size": 54040, "fig_aspectRatio": 2.757142857142857, "fig_size_poster": 0.20663811563169165}, "12": {"fig_size": 114000, "fig_aspectRatio": 1.2335526315789473, "fig_size_poster": 0.2007494646680942}, "14": {"fig_size": 113781, "fig_aspectRatio": 1.3436426116838487, "fig_size_poster": 0.20931477516059957}, "16": {"fig_size": 426725, "fig_aspectRatio": 1.6732673267326732, "fig_size_poster": 0.45235546038543895}, "17": {"fig_size": 380723, "fig_aspectRatio": 2.415617128463476, "fig_size_poster": 0.5133832976445396}, "textRatio": 0.32945736434108525, "figRatio": 1.0}}}