{"poster_size": 3110400, "doclen": 211, "figlen": 965961, "section": {"1": {"xy": [393, 0, 1515, 63], "panel_size": 95445, "panel_aspectRatio": 24.047619047619047, "category": "Title", "figures": 0, "textlen": 0, "fig_size": 0, "title": "Predicting Success of Restaurants In Las Vegas", "textRatio": 0.0, "figRatio": 0.0}, "2": {"xy": [36, 254, 602, 276], "panel_size": 166152, "panel_aspectRatio": 2.181159420289855, "category": "Introduction", "figures": 0, "textlen": 63, "fig_size": 0, "title": "Motivation", "textRatio": 0.2985781990521327, "figRatio": 0.0}, "4": {"xy": [19, 552, 613, 767], "panel_size": 470171, "panel_aspectRatio": 0.7992177314211213, "category": "Method", "figures": 3, "textlen": 45, "fig_size": 248647, "title": "Data and Features", "6": {"fig_size": 156142, "fig_aspectRatio": 2.206766917293233, "fig_size_poster": 0.9575856443719413}, "7": {"fig_size": 46781, "fig_aspectRatio": 1.7607361963190185, "fig_size_poster": 0.46818923327895595}, "8": {"fig_size": 45724, "fig_aspectRatio": 1.763975155279503, "fig_size_poster": 0.4632952691680261}, "textRatio": 0.2132701421800948, "figRatio": 0.25740894301115674}, "9": {"xy": [660, 243, 643, 237], "panel_size": 152391, "panel_aspectRatio": 2.7130801687763713, "category": "Method", "figures": 1, "textlen": 9, "fig_size": 50024, "title": "Models", "11": {"fig_size": 50024, "fig_aspectRatio": 1.7514792899408285, "fig_size_poster": 0.4603421461897356}, "textRatio": 0.04265402843601896, "figRatio": 0.05178676985923862}, "12": {"xy": [666, 495, 607, 820], "panel_size": 497740, "panel_aspectRatio": 0.7402439024390244, "category": "Result", "figures": 2, "textlen": 21, "fig_size": 339435, "title": "Results and Analysis", "14": {"fig_size": 184110, "fig_aspectRatio": 1.4127423822714682, "fig_size_poster": 0.8401976935749588}, "15": {"fig_size": 155325, "fig_aspectRatio": 1.912280701754386, "fig_size_poster": 0.8978583196046128}, "textRatio": 0.0995260663507109, "figRatio": 0.351396174379711}, "16": {"xy": [1316, 265, 827, 446], "panel_size": 368842, "panel_aspectRatio": 1.8542600896860986, "category": "Result", "figures": 2, "textlen": 0, "fig_size": 327855, "title": "Results and Analysis", "17": {"fig_size": 159192, "fig_aspectRatio": 4.0606060606060606, "fig_size_poster": 0.9721886336154776}, "18": {"fig_size": 168663, "fig_aspectRatio": 3.861244019138756, "fig_size_poster": 0.9758162031438936}, "textRatio": 0.0, "figRatio": 0.33940811274989363}, "19": {"xy": [1306, 728, 832, 313], "panel_size": 260416, "panel_aspectRatio": 2.65814696485623, "category": "Discussion", "figures": 0, "textlen": 73, "fig_size": 0, "title": "Discussion & Future Steps", "textRatio": 0.3459715639810427, "figRatio": 0.0}}}