{"poster_size": 8036464, "doclen": 466, "figlen": 3715457, "section": {"0": {"xy": [1080, 48, 1386, 81], "panel_size": 112266, "panel_aspectRatio": 17.11111111111111, "category": "Title", "figures": 0, "textlen": 0, "fig_size": 0, "title": "ALLOCATING FUNDS TO THE RIGHT PEOPLE", "textRatio": 0.0, "figRatio": 0.0}, "1": {"xy": [26, 256, 829, 500], "panel_size": 414500, "panel_aspectRatio": 1.658, "category": "Introduction", "figures": 0, "textlen": 108, "fig_size": 0, "title": "PROBLEM", "textRatio": 0.2317596566523605, "figRatio": 0.0}, "3": {"xy": [32, 767, 813, 439], "panel_size": 356907, "panel_aspectRatio": 1.8519362186788155, "category": "Introduction", "figures": 0, "textlen": 92, "fig_size": 0, "title": "DATA", "textRatio": 0.19742489270386265, "figRatio": 0.0}, "5": {"xy": [26, 1229, 825, 523], "panel_size": 431475, "panel_aspectRatio": 1.5774378585086042, "category": "Introduction", "figures": 0, "textlen": 97, "fig_size": 0, "title": "FEATURES", "textRatio": 0.20815450643776823, "figRatio": 0.0}, "7": {"xy": [24, 1768, 827, 314], "panel_size": 259678, "panel_aspectRatio": 2.6337579617834397, "category": "Method", "figures": 0, "textlen": 47, "fig_size": 0, "title": "METHOD", "textRatio": 0.10085836909871244, "figRatio": 0.0}, "9": {"xy": [864, 228, 1648, 1839], "panel_size": 3030672, "panel_aspectRatio": 0.8961392060902664, "category": "Method", "figures": 3, "textlen": 0, "fig_size": 2616940, "title": "MODELS", "10": {"fig_size": 1178713, "fig_aspectRatio": 0.5552505147563487, "fig_size_poster": 0.49089805825242716}, "11": {"fig_size": 1249740, "fig_aspectRatio": 0.49433962264150944, "fig_size_poster": 0.47694174757281554}, "12": {"fig_size": 188487, "fig_aspectRatio": 13.76923076923077, "fig_size_poster": 0.9775485436893204}, "textRatio": 0.0, "figRatio": 0.7043386587437293}, "13": {"xy": [2522, 263, 806, 1550], "panel_size": 1249300, "panel_aspectRatio": 0.52, "category": "Result", "figures": 4, "textlen": 0, "fig_size": 1098517, "title": "RESULTS", "14": {"fig_size": 347545, "fig_aspectRatio": 1.7550561797752808, "fig_size_poster": 0.9689826302729528}, "15": {"fig_size": 211575, "fig_aspectRatio": 2.838827838827839, "fig_size_poster": 0.9615384615384616}, "16": {"fig_size": 248994, "fig_aspectRatio": 2.4622641509433962, "fig_size_poster": 0.9714640198511166}, "17": {"fig_size": 290403, "fig_aspectRatio": 2.1327913279132793, "fig_size_poster": 0.9764267990074442}, "textRatio": 0.0, "figRatio": 0.29566134125627075}, "18": {"xy": [2526, 1849, 815, 435], "panel_size": 354525, "panel_aspectRatio": 1.8735632183908046, "category": "Discussion", "figures": 0, "textlen": 79, "fig_size": 0, "title": "DISCUSSION", "textRatio": 0.16952789699570817, "figRatio": 0.0}, "20": {"xy": [866, 2094, 1639, 219], "panel_size": 358941, "panel_aspectRatio": 7.4840182648401825, "category": "Discussion", "figures": 0, "textlen": 43, "fig_size": 0, "title": "FUTURE RESEARCH", "textRatio": 0.09227467811158799, "figRatio": 0.0}}}