{"poster_size": 4478976, "doclen": 121, "figlen": 1834020, "section": {"1": {"xy": [747, 54, 1103, 103], "panel_size": 113609, "panel_aspectRatio": 10.70873786407767, "category": "Title", "figures": 0, "textlen": 0, "fig_size": 0, "title": "ECG R-RInterval Estimation", "textRatio": 0.0, "figRatio": 0.0}, "2": {"xy": [53, 336, 910, 665], "panel_size": 605150, "panel_aspectRatio": 1.368421052631579, "category": "Introduction", "figures": 1, "textlen": 55, "fig_size": 150054, "title": "Motivation", "4": {"fig_size": 150054, "fig_aspectRatio": 4.735955056179775, "fig_size_poster": 0.9263736263736264}, "textRatio": 0.45454545454545453, "figRatio": 0.08181699218111035}, "5": {"xy": [1003, 332, 1569, 685], "panel_size": 1074765, "panel_aspectRatio": 2.2905109489051094, "category": "Method", "figures": 3, "textlen": 23, "fig_size": 660963, "title": "Classification", "6": {"fig_size": 310500, "fig_aspectRatio": 1.4673913043478262, "fig_size_poster": 0.43021032504780116}, "7": {"fig_size": 305715, "fig_aspectRatio": 1.543820224719101, "fig_size_poster": 0.4378585086042065}, "9": {"fig_size": 44748, "fig_aspectRatio": 2.5681818181818183, "fig_size_poster": 0.21606118546845124}, "textRatio": 0.19008264462809918, "figRatio": 0.3603902901822227}, "10": {"xy": [34, 1042, 951, 634], "panel_size": 602934, "panel_aspectRatio": 1.5, "category": "Method", "figures": 1, "textlen": 0, "fig_size": 509675, "title": "Dataset", "11": {"fig_size": 509675, "fig_aspectRatio": 1.6787658802177858, "fig_size_poster": 0.9726603575184016}, "textRatio": 0.0, "figRatio": 0.27790045910077316}, "12": {"xy": [1005, 1030, 1570, 671], "panel_size": 1053470, "panel_aspectRatio": 2.339791356184799, "category": "Method", "figures": 3, "textlen": 43, "fig_size": 513328, "title": "Nonlinear Autoregressive Neural Network", "14": {"fig_size": 187944, "fig_aspectRatio": 3.105691056910569, "fig_size_poster": 0.48662420382165605}, "15": {"fig_size": 160776, "fig_aspectRatio": 2.5317460317460316, "fig_size_poster": 0.4063694267515924}, "16": {"fig_size": 164608, "fig_aspectRatio": 2.51171875, "fig_size_poster": 0.40955414012738856}, "textRatio": 0.35537190082644626, "figRatio": 0.27989225853589383}}}