{"poster_size": 4478976, "doclen": 220, "figlen": 1478269, "section": {"1": {"xy": [687, 48, 1495, 89], "panel_size": 133055, "panel_aspectRatio": 16.797752808988765, "category": "Title", "figures": 0, "textlen": 0, "fig_size": 0, "title": "Autonomous R/C Car Behavioral Cloning Optimization", "textRatio": 0.0, "figRatio": 0.0}, "2": {"xy": [38, 301, 930, 469], "panel_size": 436170, "panel_aspectRatio": 1.9829424307036247, "category": "Introduction", "figures": 0, "textlen": 77, "fig_size": 0, "title": "Abstract", "textRatio": 0.35, "figRatio": 0.0}, "4": {"xy": [31, 792, 937, 394], "panel_size": 369178, "panel_aspectRatio": 2.3781725888324874, "category": "Method", "figures": 1, "textlen": 58, "fig_size": 76629, "title": "Agent & Data", "5": {"fig_size": 76629, "fig_aspectRatio": 1.0749063670411985, "fig_size_poster": 0.3062966915688367}, "textRatio": 0.2636363636363636, "figRatio": 0.05183697960249454}, "7": {"xy": [49, 1199, 920, 513], "panel_size": 471960, "panel_aspectRatio": 1.793372319688109, "category": "Method", "figures": 1, "textlen": 0, "fig_size": 288052, "title": "Behavioral Cloning", "8": {"fig_size": 288052, "fig_aspectRatio": 1.7648514851485149, "fig_size_poster": 0.775}, "textRatio": 0.0, "figRatio": 0.19485763416536503}, "9": {"xy": [1005, 291, 1547, 542], "panel_size": 838474, "panel_aspectRatio": 2.8542435424354244, "category": "Method", "figures": 1, "textlen": 0, "fig_size": 693108, "title": "Model", "10": {"fig_size": 693108, "fig_aspectRatio": 3.1645299145299144, "fig_size_poster": 0.9573367808661927}, "textRatio": 0.0, "figRatio": 0.4688645977153008}, "11": {"xy": [1005, 854, 705, 408], "panel_size": 287640, "panel_aspectRatio": 1.7279411764705883, "category": "Method", "figures": 1, "textlen": 0, "fig_size": 176400, "title": "Expert Controlin Iteration j", "12": {"fig_size": 176400, "fig_aspectRatio": 1.7777777777777777, "fig_size_poster": 0.7943262411347518}, "textRatio": 0.0, "figRatio": 0.11932875545655088}, "13": {"xy": [1749, 845, 802, 409], "panel_size": 328018, "panel_aspectRatio": 1.960880195599022, "category": "Result", "figures": 1, "textlen": 0, "fig_size": 244080, "title": "Experiment Results", "14": {"fig_size": 244080, "fig_aspectRatio": 2.1238938053097347, "fig_size_poster": 0.8977556109725686}, "textRatio": 0.0, "figRatio": 0.16511203306028877}, "15": {"xy": [1005, 1287, 1542, 237], "panel_size": 365454, "panel_aspectRatio": 6.506329113924051, "category": "Discussion", "figures": 0, "textlen": 85, "fig_size": 0, "title": "Discussion", "textRatio": 0.38636363636363635, "figRatio": 0.0}}}