{"poster_size": 3902220, "doclen": 325, "figlen": 556727, "section": {"1": {"xy": [426, 310, 1161, 76], "panel_size": 88236, "panel_aspectRatio": 15.276315789473685, "category": "Title", "figures": 0, "textlen": 0, "fig_size": 0, "title": "Bitcoin Price Prediction Using Bitcoin Ledger Data", "textRatio": 0.0, "figRatio": 0.0}, "2": {"xy": [308, 466, 526, 592], "panel_size": 311392, "panel_aspectRatio": 0.8885135135135135, "category": "Introduction", "figures": 1, "textlen": 53, "fig_size": 176500, "title": "Motivation", "9": {"fig_size": 176500, "fig_aspectRatio": 1.4164305949008498, "fig_size_poster": 0.9505703422053232}, "textRatio": 0.16307692307692306, "figRatio": 0.31703150736357316}, "3": {"xy": [307, 1066, 532, 349], "panel_size": 185668, "panel_aspectRatio": 1.524355300859599, "category": "Introduction", "figures": 0, "textlen": 77, "fig_size": 0, "title": "Data", "textRatio": 0.23692307692307693, "figRatio": 0.0}, "4": {"xy": [876, 466, 537, 297], "panel_size": 159489, "panel_aspectRatio": 1.8080808080808082, "category": "Method", "figures": 0, "textlen": 72, "fig_size": 0, "title": "Approach", "textRatio": 0.22153846153846155, "figRatio": 0.0}, "5": {"xy": [874, 771, 544, 650], "panel_size": 353600, "panel_aspectRatio": 0.8369230769230769, "category": "Method", "figures": 1, "textlen": 47, "fig_size": 168381, "title": "Model and Feature Selection", "13": {"fig_size": 168381, "fig_aspectRatio": 1.3512747875354107, "fig_size_poster": 0.8768382352941176}, "textRatio": 0.14461538461538462, "figRatio": 0.3024480580248488}, "6": {"xy": [1441, 465, 533, 576], "panel_size": 307008, "panel_aspectRatio": 0.9253472222222222, "category": "Result", "figures": 2, "textlen": 8, "fig_size": 211846, "title": "Results", "15": {"fig_size": 25410, "fig_aspectRatio": 2.3047619047619046, "fig_size_poster": 0.4540337711069418}, "16": {"fig_size": 186436, "fig_aspectRatio": 1.3841961852861036, "fig_size_poster": 0.9530956848030019}, "textRatio": 0.024615384615384615, "figRatio": 0.38052043461157803}, "7": {"xy": [1442, 1046, 532, 273], "panel_size": 145236, "panel_aspectRatio": 1.9487179487179487, "category": "Discussion", "figures": 0, "textlen": 68, "fig_size": 0, "title": "Discussion and Future Work", "textRatio": 0.20923076923076922, "figRatio": 0.0}}}