{"poster_size": 9144576, "doclen": 676, "figlen": 1123961, "section": {"1": {"xy": [818, 101, 1324, 147], "panel_size": 194628, "panel_aspectRatio": 9.006802721088436, "category": "Title", "figures": 0, "textlen": 0, "fig_size": 0, "title": "Are Anime Cartoons?", "textRatio": 0.0, "figRatio": 0.0}, "2": {"xy": [50, 429, 976, 658], "panel_size": 642208, "panel_aspectRatio": 1.4832826747720365, "category": "Introduction", "figures": 0, "textlen": 98, "fig_size": 0, "title": "Motivation", "textRatio": 0.14497041420118342, "figRatio": 0.0}, "4": {"xy": [50, 1088, 987, 1018], "panel_size": 1004766, "panel_aspectRatio": 0.9695481335952849, "category": "Method", "figures": 2, "textlen": 76, "fig_size": 311486, "title": "Data", "6": {"fig_size": 206948, "fig_aspectRatio": 2.924812030075188, "fig_size_poster": 0.7882472137791287}, "9": {"fig_size": 104538, "fig_aspectRatio": 5.909774436090226, "fig_size_poster": 0.7963525835866262}, "textRatio": 0.11242603550295859, "figRatio": 0.277132391604335}, "10": {"xy": [53, 2112, 973, 123], "panel_size": 119679, "panel_aspectRatio": 7.9105691056910565, "category": "Method", "figures": 0, "textlen": 8, "fig_size": 0, "title": "Methods", "textRatio": 0.011834319526627219, "figRatio": 0.0}, "12": {"xy": [1040, 426, 997, 559], "panel_size": 557323, "panel_aspectRatio": 1.7835420393559929, "category": "Method", "figures": 0, "textlen": 83, "fig_size": 0, "title": "", "textRatio": 0.1227810650887574, "figRatio": 0.0}, "15": {"xy": [1048, 1013, 970, 1229], "panel_size": 1192130, "panel_aspectRatio": 0.789259560618389, "category": "Result", "figures": 4, "textlen": 72, "fig_size": 431034, "title": "Results", "17": {"fig_size": 109910, "fig_aspectRatio": 1.306896551724138, "fig_size_poster": 0.3907216494845361}, "18": {"fig_size": 105120, "fig_aspectRatio": 1.2328767123287672, "fig_size_poster": 0.3711340206185567}, "20": {"fig_size": 105774, "fig_aspectRatio": 1.2664359861591696, "fig_size_poster": 0.37731958762886597}, "21": {"fig_size": 110230, "fig_aspectRatio": 1.2086092715231789, "fig_size_poster": 0.37628865979381443}, "textRatio": 0.10650887573964497, "figRatio": 0.3834955127446593}, "23": {"xy": [2040, 433, 965, 493], "panel_size": 475745, "panel_aspectRatio": 1.9574036511156188, "category": "Result", "figures": 0, "textlen": 14, "fig_size": 0, "title": "", "textRatio": 0.020710059171597635, "figRatio": 0.0}, "25": {"xy": [2034, 929, 985, 1326], "panel_size": 1306110, "panel_aspectRatio": 0.7428355957767723, "category": "Discussion", "figures": 2, "textlen": 112, "fig_size": 381441, "title": "Discussion", "27": {"fig_size": 141860, "fig_aspectRatio": 1.1849710982658959, "fig_size_poster": 0.41624365482233505}, "29": {"fig_size": 239581, "fig_aspectRatio": 2.868512110726644, "fig_size_poster": 0.8416243654822335}, "textRatio": 0.16568047337278108, "figRatio": 0.3393720956510057}, "31": {"xy": [3018, 437, 987, 432], "panel_size": 426384, "panel_aspectRatio": 2.2847222222222223, "category": "Discussion", "figures": 0, "textlen": 51, "fig_size": 0, "title": "", "textRatio": 0.07544378698224852, "figRatio": 0.0}, "33": {"xy": [3025, 870, 987, 542], "panel_size": 534954, "panel_aspectRatio": 1.8210332103321034, "category": "Discussion", "figures": 0, "textlen": 70, "fig_size": 0, "title": "Ramifications", "textRatio": 0.10355029585798817, "figRatio": 0.0}, "35": {"xy": [3026, 1432, 984, 685], "panel_size": 674040, "panel_aspectRatio": 1.4364963503649635, "category": "Discussion", "figures": 0, "textlen": 92, "fig_size": 0, "title": "Future", "textRatio": 0.13609467455621302, "figRatio": 0.0}}}