{"poster_size": 5515776, "doclen": 599, "figlen": 1037766, "section": {"1": {"xy": [417, 229, 1019, 115], "panel_size": 117185, "panel_aspectRatio": 8.860869565217392, "category": "Title", "figures": 0, "textlen": 0, "fig_size": 0, "title": "Controllable text generation", "textRatio": 0.0, "figRatio": 0.0}, "2": {"xy": [93, 406, 794, 661], "panel_size": 524834, "panel_aspectRatio": 1.2012102874432677, "category": "Introduction", "figures": 0, "textlen": 197, "fig_size": 0, "title": "Introduction", "textRatio": 0.328881469115192, "figRatio": 0.0}, "4": {"xy": [88, 1074, 802, 918], "panel_size": 736236, "panel_aspectRatio": 0.8736383442265795, "category": "Method", "figures": 4, "textlen": 66, "fig_size": 265889, "title": "Model description", "5": {"fig_size": 206525, "fig_aspectRatio": 2.730909090909091, "fig_size_poster": 0.9364089775561097}, "7": {"fig_size": 11934, "fig_aspectRatio": 4.588235294117647, "fig_size_poster": 0.29177057356608477}, "9": {"fig_size": 36576, "fig_aspectRatio": 7.055555555555555, "fig_size_poster": 0.6334164588528678}, "11": {"fig_size": 10854, "fig_aspectRatio": 3.7222222222222223, "fig_size_poster": 0.2506234413965087}, "textRatio": 0.11018363939899833, "figRatio": 0.25621286494257856}, "12": {"xy": [957, 418, 826, 1487], "panel_size": 1228262, "panel_aspectRatio": 0.5554808338937458, "category": "Method", "figures": 7, "textlen": 142, "fig_size": 345261, "title": "Model training", "14": {"fig_size": 32193, "fig_aspectRatio": 13.408163265306122, "fig_size_poster": 0.7953995157384988}, "16": {"fig_size": 20688, "fig_aspectRatio": 8.979166666666666, "fig_size_poster": 0.5217917675544794}, "18": {"fig_size": 20500, "fig_aspectRatio": 8.2, "fig_size_poster": 0.4963680387409201}, "20": {"fig_size": 18348, "fig_aspectRatio": 9.477272727272727, "fig_size_poster": 0.5048426150121066}, "22": {"fig_size": 20562, "fig_aspectRatio": 4.318840579710145, "fig_size_poster": 0.36077481840193704}, "23": {"fig_size": 117730, "fig_aspectRatio": 1.2655737704918033, "fig_size_poster": 0.46731234866828086}, "24": {"fig_size": 115240, "fig_aspectRatio": 0.9738372093023255, "fig_size_poster": 0.40556900726392253}, "textRatio": 0.2370617696160267, "figRatio": 0.3326963882031209}, "26": {"xy": [1833, 414, 816, 221], "panel_size": 180336, "panel_aspectRatio": 3.6923076923076925, "category": "Method", "figures": 0, "textlen": 38, "fig_size": 0, "title": "Dataset", "textRatio": 0.06343906510851419, "figRatio": 0.0}, "28": {"xy": [1824, 636, 872, 1266], "panel_size": 1103952, "panel_aspectRatio": 0.688783570300158, "category": "Result", "figures": 2, "textlen": 156, "fig_size": 426616, "title": "Results", "29": {"fig_size": 219898, "fig_aspectRatio": 2.8453237410071943, "fig_size_poster": 0.9071100917431193}, "30": {"fig_size": 206718, "fig_aspectRatio": 2.988593155893536, "fig_size_poster": 0.9013761467889908}, "textRatio": 0.2604340567612688, "figRatio": 0.41109074685430047}}}