{"poster_size": 3110400, "doclen": 811, "figlen": 829454, "section": {"1": {"xy": [251, 36, 1770, 185], "panel_size": 327450, "panel_aspectRatio": 9.567567567567568, "category": "Title", "figures": 0, "textlen": 11, "fig_size": 0, "title": "Real-time learning and prediction of public transit bus arrival times", "textRatio": 0.013563501849568433, "figRatio": 0.0}, "3": {"xy": [37, 236, 563, 305], "panel_size": 171715, "panel_aspectRatio": 1.8459016393442622, "category": "Introduction", "figures": 0, "textlen": 74, "fig_size": 0, "title": "Abstract\n", "textRatio": 0.09124537607891492, "figRatio": 0.0}, "5": {"xy": [37, 554, 564, 866], "panel_size": 488424, "panel_aspectRatio": 0.651270207852194, "category": "Introduction", "figures": 1, "textlen": 215, "fig_size": 118341, "title": "Overview", "7": {"fig_size": 118341, "fig_aspectRatio": 2.0041152263374484, "fig_size_poster": 0.8634751773049646}, "textRatio": 0.2651048088779285, "figRatio": 0.14267337308639177}, "9": {"xy": [617, 235, 715, 365], "panel_size": 260975, "panel_aspectRatio": 1.9589041095890412, "category": "Method", "figures": 1, "textlen": 96, "fig_size": 36166, "title": "Route segmentation", "12": {"fig_size": 36166, "fig_aspectRatio": 1.2662721893491125, "fig_size_poster": 0.2993006993006993}, "textRatio": 0.11837237977805179, "figRatio": 0.04360217685368929}, "13": {"xy": [618, 605, 722, 835], "panel_size": 602870, "panel_aspectRatio": 0.8646706586826347, "category": "Method", "figures": 1, "textlen": 6, "fig_size": 486350, "title": "Data collection pipeline", "14": {"fig_size": 486350, "fig_aspectRatio": 0.9647887323943662, "fig_size_poster": 0.9487534626038782}, "textRatio": 0.007398273736128237, "figRatio": 0.5863495745393958}, "16": {"xy": [1352, 246, 784, 505], "panel_size": 395920, "panel_aspectRatio": 1.5524752475247525, "category": "Method", "figures": 2, "textlen": 223, "fig_size": 29309, "title": "Periodic locally-weighted averaging", "18": {"fig_size": 17066, "fig_aspectRatio": 8.065217391304348, "fig_size_poster": 0.4732142857142857}, "22": {"fig_size": 12243, "fig_aspectRatio": 4.3584905660377355, "fig_size_poster": 0.29464285714285715}, "textRatio": 0.2749691738594328, "figRatio": 0.035335292855299995}, "25": {"xy": [1354, 766, 775, 627], "panel_size": 485925, "panel_aspectRatio": 1.2360446570972887, "category": "Result", "figures": 2, "textlen": 186, "fig_size": 159288, "title": "Result and future work", "27": {"fig_size": 91434, "fig_aspectRatio": 0.9453376205787781, "fig_size_poster": 0.3793548387096774}, "28": {"fig_size": 67854, "fig_aspectRatio": 0.9809885931558935, "fig_size_poster": 0.3329032258064516}, "textRatio": 0.22934648581997533, "figRatio": 0.19203958266522314}}}