{"poster_size": 8957952, "doclen": 472, "figlen": 1640457, "section": {"0": {"xy": [630, 41, 2173, 113], "panel_size": 245549, "panel_aspectRatio": 19.23008849557522, "category": "Title", "figures": 0, "textlen": 0, "fig_size": 0, "title": "Deep Q-Learning With Recurrent Neural Networks", "textRatio": 0.0, "figRatio": 0.0}, "1": {"xy": [57, 394, 797, 596], "panel_size": 475012, "panel_aspectRatio": 1.337248322147651, "category": "Introduction", "figures": 0, "textlen": 60, "fig_size": 0, "title": "Abstract", "textRatio": 0.1271186440677966, "figRatio": 0.0}, "3": {"xy": [54, 1026, 818, 1193], "panel_size": 975874, "panel_aspectRatio": 0.6856663872590109, "category": "Introduction", "figures": 1, "textlen": 81, "fig_size": 253113, "title": "Introduction\n", "5": {"fig_size": 253113, "fig_aspectRatio": 1.9859943977591037, "fig_size_poster": 0.8667481662591687}, "textRatio": 0.1716101694915254, "figRatio": 0.15429419972605196}, "6": {"xy": [899, 403, 829, 736], "panel_size": 610144, "panel_aspectRatio": 1.1263586956521738, "category": "Method", "figures": 2, "textlen": 48, "fig_size": 61774, "title": "Deep Recurrent Q-Learning\n", "8": {"fig_size": 16800, "fig_aspectRatio": 4.666666666666667, "fig_size_poster": 0.33775633293124246}, "10": {"fig_size": 44974, "fig_aspectRatio": 3.52212389380531, "fig_size_poster": 0.48009650180940894}, "textRatio": 0.1016949152542373, "figRatio": 0.037656579843299766}, "12": {"xy": [903, 1155, 811, 419], "panel_size": 339809, "panel_aspectRatio": 1.9355608591885443, "category": "Method", "figures": 1, "textlen": 21, "fig_size": 41644, "title": "Attention Deep Recurrent Q-Learning\n", "14": {"fig_size": 41644, "fig_aspectRatio": 12.379310344827585, "fig_size_poster": 0.8853267570900123}, "textRatio": 0.04449152542372881, "figRatio": 0.025385609010172165}, "15": {"xy": [923, 1601, 1600, 854], "panel_size": 1366400, "panel_aspectRatio": 1.873536299765808, "category": "Result", "figures": 1, "textlen": 55, "fig_size": 709456, "title": "Experiments", "16": {"fig_size": 709456, "fig_aspectRatio": 3.2952586206896552, "fig_size_poster": 0.955625}, "textRatio": 0.11652542372881355, "figRatio": 0.43247460920950687}, "20": {"xy": [1757, 412, 811, 1178], "panel_size": 955358, "panel_aspectRatio": 0.6884550084889643, "category": "Method", "figures": 4, "textlen": 64, "fig_size": 423318, "title": "Attention Deep Recurrent Q-Learning", "22": {"fig_size": 22532, "fig_aspectRatio": 3.046511627906977, "fig_size_poster": 0.32305795314426633}, "24": {"fig_size": 53176, "fig_aspectRatio": 11.5, "fig_size_poster": 0.9642416769420469}, "26": {"fig_size": 70914, "fig_aspectRatio": 6.311320754716981, "fig_size_poster": 0.8249075215782984}, "27": {"fig_size": 276696, "fig_aspectRatio": 1.1618852459016393, "fig_size_poster": 0.6991368680641183}, "textRatio": 0.13559322033898305, "figRatio": 0.258048824199598}, "29": {"xy": [2603, 412, 754, 638], "panel_size": 481052, "panel_aspectRatio": 1.1818181818181819, "category": "Result", "figures": 1, "textlen": 12, "fig_size": 151152, "title": "Results", "30": {"fig_size": 151152, "fig_aspectRatio": 0.9353233830845771, "fig_size_poster": 0.4986737400530504}, "textRatio": 0.025423728813559324, "figRatio": 0.09214017801137123}, "32": {"xy": [2586, 1108, 806, 1187], "panel_size": 956722, "panel_aspectRatio": 0.6790227464195451, "category": "Discussion", "figures": 0, "textlen": 131, "fig_size": 0, "title": "Discussion", "textRatio": 0.2775423728813559, "figRatio": 0.0}}}