{"poster_size": 3110400, "doclen": 232, "figlen": 936404, "section": {"0": {"xy": [93, 39, 1985, 83], "panel_size": 164755, "panel_aspectRatio": 23.91566265060241, "category": "Title", "figures": 0, "textlen": 0, "fig_size": 0, "title": "Painfree LaTeX with Optical Character Recognition and Machine Learning", "textRatio": 0.0, "figRatio": 0.0}, "1": {"xy": [22, 246, 580, 351], "panel_size": 203580, "panel_aspectRatio": 1.6524216524216524, "category": "Introduction", "figures": 0, "textlen": 44, "fig_size": 0, "title": "Overview and Objective", "textRatio": 0.1896551724137931, "figRatio": 0.0}, "3": {"xy": [16, 608, 592, 554], "panel_size": 327968, "panel_aspectRatio": 1.068592057761733, "category": "Introduction", "figures": 1, "textlen": 49, "fig_size": 55044, "title": "Dataset and Processing", "5": {"fig_size": 55044, "fig_aspectRatio": 5.616161616161616, "fig_size_poster": 0.9391891891891891}, "textRatio": 0.21120689655172414, "figRatio": 0.05878232045142908}, "7": {"xy": [612, 236, 921, 1175], "panel_size": 1082175, "panel_aspectRatio": 0.7838297872340425, "category": "Method", "figures": 5, "textlen": 18, "fig_size": 792810, "title": "Pipeline and Methods", "9": {"fig_size": 84942, "fig_aspectRatio": 2.1666666666666665, "fig_size_poster": 0.46579804560260585}, "10": {"fig_size": 215016, "fig_aspectRatio": 3.495967741935484, "fig_size_poster": 0.9413680781758957}, "11": {"fig_size": 202410, "fig_aspectRatio": 3.6965811965811968, "fig_size_poster": 0.9391965255157437}, "12": {"fig_size": 173262, "fig_aspectRatio": 4.288557213930348, "fig_size_poster": 0.9359391965255157}, "13": {"fig_size": 117180, "fig_aspectRatio": 6.42962962962963, "fig_size_poster": 0.9424538545059717}, "textRatio": 0.07758620689655173, "figRatio": 0.8466537947296252}, "14": {"xy": [1547, 240, 601, 471], "panel_size": 283071, "panel_aspectRatio": 1.276008492569002, "category": "Result", "figures": 1, "textlen": 32, "fig_size": 88550, "title": "Results", "17": {"fig_size": 88550, "fig_aspectRatio": 1.170909090909091, "fig_size_poster": 0.5357737104825291}, "textRatio": 0.13793103448275862, "figRatio": 0.09456388481894566}, "18": {"xy": [1555, 729, 592, 394], "panel_size": 233248, "panel_aspectRatio": 1.50253807106599, "category": "Discussion", "figures": 0, "textlen": 54, "fig_size": 0, "title": "Discussion", "textRatio": 0.23275862068965517, "figRatio": 0.0}, "20": {"xy": [1549, 1136, 598, 276], "panel_size": 165048, "panel_aspectRatio": 2.1666666666666665, "category": "Discussion", "figures": 0, "textlen": 35, "fig_size": 0, "title": "Future Directions", "textRatio": 0.15086206896551724, "figRatio": 0.0}}}