{"poster_size": 484704, "doclen": 102, "figlen": 105588, "section": {"1": {"xy": [20, 100, 727, 419], "panel_size": 304613, "panel_aspectRatio": 1.7350835322195703, "category": "Result", "figures": 2, "textlen": 102, "fig_size": 105588, "title": "Testing and Conclusion", "4": {"fig_size": 52402, "fig_aspectRatio": 1.350253807106599, "fig_size_poster": 0.3658872077028886}, "5": {"fig_size": 53186, "fig_aspectRatio": 1.29064039408867, "fig_size_poster": 0.3603851444291609}, "textRatio": 1.0, "figRatio": 1.0}}}