{"poster_size": 4478976, "doclen": 426, "figlen": 1421191, "section": {"1": {"xy": [632, 107, 1380, 124], "panel_size": 171120, "panel_aspectRatio": 11.129032258064516, "category": "Title", "figures": 0, "textlen": 0, "fig_size": 0, "title": "Matching Handwriting With its Author", "textRatio": 0.0, "figRatio": 0.0}, "2": {"xy": [58, 403, 600, 286], "panel_size": 171600, "panel_aspectRatio": 2.097902097902098, "category": "Introduction", "figures": 0, "textlen": 76, "fig_size": 0, "title": "Introduction", "textRatio": 0.1784037558685446, "figRatio": 0.0}, "4": {"xy": [70, 707, 602, 985], "panel_size": 592970, "panel_aspectRatio": 0.6111675126903553, "category": "Method", "figures": 3, "textlen": 180, "fig_size": 145227, "title": "Data Acquisition", "6": {"fig_size": 54173, "fig_aspectRatio": 4.559633027522936, "fig_size_poster": 0.8255813953488372}, "8": {"fig_size": 43142, "fig_aspectRatio": 3.839622641509434, "fig_size_poster": 0.6760797342192691}, "10": {"fig_size": 47912, "fig_aspectRatio": 3.752212389380531, "fig_size_poster": 0.7043189368770764}, "textRatio": 0.4225352112676056, "figRatio": 0.10218682780850709}, "11": {"xy": [676, 403, 592, 1256], "panel_size": 743552, "panel_aspectRatio": 0.4713375796178344, "category": "Method", "figures": 3, "textlen": 74, "fig_size": 490166, "title": "Naive Bayes Algorithm", "13": {"fig_size": 157080, "fig_aspectRatio": 1.655844155844156, "fig_size_poster": 0.8614864864864865}, "14": {"fig_size": 175500, "fig_aspectRatio": 1.6615384615384616, "fig_size_poster": 0.9121621621621622}, "15": {"fig_size": 157586, "fig_aspectRatio": 1.54858934169279, "fig_size_poster": 0.8344594594594594}, "textRatio": 0.17370892018779344, "figRatio": 0.3448980467790747}, "16": {"xy": [1314, 401, 620, 1228], "panel_size": 761360, "panel_aspectRatio": 0.504885993485342, "category": "Method", "figures": 3, "textlen": 47, "fig_size": 482096, "title": "Support Vector Machine(SVM) Algorithm", "18": {"fig_size": 161862, "fig_aspectRatio": 1.60062893081761, "fig_size_poster": 0.8209677419354838}, "19": {"fig_size": 162134, "fig_aspectRatio": 1.6549520766773163, "fig_size_poster": 0.8354838709677419}, "20": {"fig_size": 158100, "fig_aspectRatio": 1.6451612903225807, "fig_size_poster": 0.8225806451612904}, "textRatio": 0.11032863849765258, "figRatio": 0.339219710791864}, "21": {"xy": [1960, 404, 603, 755], "panel_size": 455265, "panel_aspectRatio": 0.7986754966887417, "category": "Result", "figures": 2, "textlen": 49, "fig_size": 303702, "title": "SVM for Three Authors", "23": {"fig_size": 122430, "fig_aspectRatio": 2.294372294372294, "fig_size_poster": 0.87893864013267}, "24": {"fig_size": 181272, "fig_aspectRatio": 1.8621794871794872, "fig_size_poster": 0.9635157545605307}, "textRatio": 0.11502347417840375, "figRatio": 0.21369541462055416}}}