{"poster_size": 3110400, "doclen": 208, "figlen": 1543143, "section": {"1": {"xy": [338, 9, 1768, 64], "panel_size": 113152, "panel_aspectRatio": 27.625, "category": "Title", "figures": 0, "textlen": 0, "fig_size": 0, "title": "To what extent are motor choice and color percept represented in dorsal premotor cortex?", "textRatio": 0.0, "figRatio": 0.0}, "2": {"xy": [14, 124, 527, 189], "panel_size": 99603, "panel_aspectRatio": 2.7883597883597884, "category": "Introduction", "figures": 0, "textlen": 38, "fig_size": 0, "title": "Background and motivation", "textRatio": 0.18269230769230768, "figRatio": 0.0}, "4": {"xy": [12, 324, 534, 645], "panel_size": 344430, "panel_aspectRatio": 0.827906976744186, "category": "Method", "figures": 2, "textlen": 19, "fig_size": 205084, "title": "Electrophysiology recordings during aperceptual decision making task", "6": {"fig_size": 35424, "fig_aspectRatio": 1.3170731707317074, "fig_size_poster": 0.4044943820224719}, "7": {"fig_size": 169660, "fig_aspectRatio": 1.4676470588235293, "fig_size_poster": 0.9344569288389513}, "textRatio": 0.09134615384615384, "figRatio": 0.1329001913626929}, "8": {"xy": [9, 975, 540, 446], "panel_size": 240840, "panel_aspectRatio": 1.210762331838565, "category": "Method", "figures": 2, "textlen": 0, "fig_size": 163708, "title": "Simple averaging does not convey the true dynamics of neural activity during reaching", "9": {"fig_size": 85273, "fig_aspectRatio": 0.8485804416403786, "fig_size_poster": 0.4981481481481482}, "10": {"fig_size": 78435, "fig_aspectRatio": 0.7904761904761904, "fig_size_poster": 0.46111111111111114}, "textRatio": 0.0, "figRatio": 0.10608738140276047}, "11": {"xy": [554, 126, 834, 129], "panel_size": 107586, "panel_aspectRatio": 6.465116279069767, "category": "Method", "figures": 0, "textlen": 37, "fig_size": 0, "title": "Analysis methods", "textRatio": 0.1778846153846154, "figRatio": 0.0}, "13": {"xy": [560, 260, 825, 641], "panel_size": 528825, "panel_aspectRatio": 1.2870514820592824, "category": "Result", "figures": 6, "textlen": 0, "fig_size": 374889, "title": "We can decode motor choice, but not color percept, on unprocessed neural data", "14": {"fig_size": 75828, "fig_aspectRatio": 0.9401408450704225, "fig_size_poster": 0.3236363636363636}, "15": {"fig_size": 67854, "fig_aspectRatio": 1.0193798449612403, "fig_size_poster": 0.3187878787878788}, "21": {"fig_size": 54208, "fig_aspectRatio": 0.9256198347107438, "fig_size_poster": 0.27151515151515154}, "22": {"fig_size": 57021, "fig_aspectRatio": 0.9196787148594378, "fig_size_poster": 0.2775757575757576}, "23": {"fig_size": 56224, "fig_aspectRatio": 0.8924302788844621, "fig_size_poster": 0.27151515151515154}, "24": {"fig_size": 63754, "fig_aspectRatio": 0.9881889763779528, "fig_size_poster": 0.30424242424242426}, "textRatio": 0.0, "figRatio": 0.24293859998716905}, "16": {"xy": [560, 901, 838, 311], "panel_size": 260618, "panel_aspectRatio": 2.694533762057878, "category": "Method", "figures": 4, "textlen": 0, "fig_size": 182922, "title": "Decoding motor choice using data projected onto their principal components increases model performance for SVM", "17": {"fig_size": 46400, "fig_aspectRatio": 0.8620689655172413, "fig_size_poster": 0.2386634844868735}, "18": {"fig_size": 45200, "fig_aspectRatio": 0.8849557522123894, "fig_size_poster": 0.2386634844868735}, "19": {"fig_size": 46800, "fig_aspectRatio": 0.8547008547008547, "fig_size_poster": 0.2386634844868735}, "20": {"fig_size": 44522, "fig_aspectRatio": 0.8716814159292036, "fig_size_poster": 0.2350835322195704}, "textRatio": 0.0, "figRatio": 0.11853859298846575}, "25": {"xy": [1394, 101, 757, 499], "panel_size": 377743, "panel_aspectRatio": 1.5170340681362726, "category": "Method", "figures": 3, "textlen": 0, "fig_size": 288708, "title": "Forward feature selection reveals that motor choice can bedecoded with very few neurons", "26": {"fig_size": 70600, "fig_aspectRatio": 1.765, "fig_size_poster": 0.4663143989431968}, "27": {"fig_size": 68816, "fig_aspectRatio": 1.967914438502674, "fig_size_poster": 0.4861294583883752}, "28": {"fig_size": 149292, "fig_aspectRatio": 0.952020202020202, "fig_size_poster": 0.49801849405548215}, "textRatio": 0.0, "figRatio": 0.18709089177088578}, "29": {"xy": [1403, 609, 725, 597], "panel_size": 432825, "panel_aspectRatio": 1.2144053601340032, "category": "Method", "figures": 3, "textlen": 0, "fig_size": 327832, "title": "investigating decoder stability reveals that neural representation of motor choice dynamically evolves prior to movement onset", "30": {"fig_size": 115182, "fig_aspectRatio": 0.5126582278481012, "fig_size_poster": 0.3351724137931035}, "31": {"fig_size": 110095, "fig_aspectRatio": 0.46804123711340206, "fig_size_poster": 0.31310344827586206}, "32": {"fig_size": 102555, "fig_aspectRatio": 0.45073375262054505, "fig_size_poster": 0.296551724137931}, "textRatio": 0.0, "figRatio": 0.21244434248802607}, "33": {"xy": [572, 1218, 1166, 218], "panel_size": 254188, "panel_aspectRatio": 5.348623853211009, "category": "Discussion", "figures": 0, "textlen": 114, "fig_size": 0, "title": "Summary", "textRatio": 0.5480769230769231, "figRatio": 0.0}}}