{"poster_size": 3110400, "doclen": 246, "figlen": 1121284, "section": {"1": {"xy": [451, 38, 1255, 99], "panel_size": 124245, "panel_aspectRatio": 12.676767676767676, "category": "Title", "figures": 0, "textlen": 0, "fig_size": 0, "title": "Demystifying the Workings of Lending Club", "textRatio": 0.0, "figRatio": 0.0}, "2": {"xy": [60, 211, 1052, 330], "panel_size": 347160, "panel_aspectRatio": 3.187878787878788, "category": "Introduction", "figures": 1, "textlen": 0, "fig_size": 302526, "title": "Project Overview", "3": {"fig_size": 302526, "fig_aspectRatio": 3.5, "fig_size_poster": 0.9781368821292775}, "textRatio": 0.0, "figRatio": 0.26980318991441954}, "4": {"xy": [64, 587, 1035, 737], "panel_size": 762795, "panel_aspectRatio": 1.4043419267299864, "category": "Method", "figures": 4, "textlen": 99, "fig_size": 309714, "title": "Analysis", "6": {"fig_size": 46805, "fig_aspectRatio": 3.5391304347826087, "fig_size_poster": 0.3932367149758454}, "8": {"fig_size": 46640, "fig_aspectRatio": 1.5056818181818181, "fig_size_poster": 0.2560386473429952}, "9": {"fig_size": 45064, "fig_aspectRatio": 1.5232558139534884, "fig_size_poster": 0.2531400966183575}, "12": {"fig_size": 171205, "fig_aspectRatio": 1.3739376770538243, "fig_size_poster": 0.46859903381642515}, "textRatio": 0.4024390243902439, "figRatio": 0.27621369786780153}, "14": {"xy": [1149, 215, 952, 1117], "panel_size": 1063384, "panel_aspectRatio": 0.8522829006266786, "category": "Result", "figures": 3, "textlen": 147, "fig_size": 509044, "title": "Results", "16": {"fig_size": 114688, "fig_aspectRatio": 1.75, "fig_size_poster": 0.47058823529411764}, "17": {"fig_size": 170280, "fig_aspectRatio": 1.438953488372093, "fig_size_poster": 0.5199579831932774}, "20": {"fig_size": 224076, "fig_aspectRatio": 1.2347417840375587, "fig_size_poster": 0.5525210084033614}, "textRatio": 0.5975609756097561, "figRatio": 0.45398311221777893}}}