{"poster_size": 4478976, "doclen": 295, "figlen": 597702, "section": {"1": {"xy": [271, 18, 2320, 131], "panel_size": 303920, "panel_aspectRatio": 17.709923664122137, "category": "Title", "figures": 0, "textlen": 0, "fig_size": 0, "title": "Benchmarking Graph Convolutional Networks Performance with Mixed-Product Space Embedding", "textRatio": 0.0, "figRatio": 0.0}, "2": {"xy": [53, 330, 782, 517], "panel_size": 404294, "panel_aspectRatio": 1.5125725338491296, "category": "Introduction", "figures": 0, "textlen": 57, "fig_size": 0, "title": "Motivation", "textRatio": 0.19322033898305085, "figRatio": 0.0}, "4": {"xy": [60, 885, 775, 744], "panel_size": 576600, "panel_aspectRatio": 1.0416666666666667, "category": "Method", "figures": 1, "textlen": 76, "fig_size": 99775, "title": "Dataset", "5": {"fig_size": 99775, "fig_aspectRatio": 1.0586319218241043, "fig_size_poster": 0.41935483870967744}, "textRatio": 0.2576271186440678, "figRatio": 0.16693101244432845}, "9": {"xy": [871, 323, 831, 1338], "panel_size": 1111878, "panel_aspectRatio": 0.6210762331838565, "category": "Method", "figures": 4, "textlen": 57, "fig_size": 282872, "title": "Methodology", "10": {"fig_size": 98340, "fig_aspectRatio": 4.429530201342282, "fig_size_poster": 0.7942238267148014}, "11": {"fig_size": 60354, "fig_aspectRatio": 3.8015873015873014, "fig_size_poster": 0.5764139590854392}, "12": {"fig_size": 77248, "fig_aspectRatio": 3.8309859154929575, "fig_size_poster": 0.6546329723225031}, "16": {"fig_size": 46930, "fig_aspectRatio": 11.107692307692307, "fig_size_poster": 0.8688327316486161}, "textRatio": 0.19322033898305085, "figRatio": 0.473265941890775}, "18": {"xy": [1722, 329, 782, 681], "panel_size": 532542, "panel_aspectRatio": 1.1483113069016153, "category": "Result", "figures": 1, "textlen": 54, "fig_size": 215055, "title": "Performance & Discussion ", "19": {"fig_size": 215055, "fig_aspectRatio": 2.471186440677966, "fig_size_poster": 0.9322250639386189}, "textRatio": 0.18305084745762712, "figRatio": 0.35980304566489657}, "21": {"xy": [1720, 1034, 842, 335], "panel_size": 282070, "panel_aspectRatio": 2.5134328358208955, "category": "Discussion", "figures": 0, "textlen": 51, "fig_size": 0, "title": "Future Work", "textRatio": 0.17288135593220338, "figRatio": 0.0}}}