{"poster_size": 4478976, "doclen": 892, "figlen": 494364, "section": {"1": {"xy": [665, 86, 1297, 55], "panel_size": 71335, "panel_aspectRatio": 23.581818181818182, "category": "Title", "figures": 0, "textlen": 0, "fig_size": 0, "title": "Predicting Corporate Influence Cascades In Health Care Communities", "textRatio": 0.0, "figRatio": 0.0}, "2": {"xy": [36, 325, 630, 1362], "panel_size": 858060, "panel_aspectRatio": 0.46255506607929514, "category": "Introduction", "figures": 1, "textlen": 193, "fig_size": 136144, "title": "Data & Features", "4": {"fig_size": 136144, "fig_aspectRatio": 1.8955223880597014, "fig_size_poster": 0.8063492063492064}, "textRatio": 0.2163677130044843, "figRatio": 0.27539222111642436}, "6": {"xy": [683, 332, 595, 1351], "panel_size": 803845, "panel_aspectRatio": 0.44041450777202074, "category": "Method", "figures": 1, "textlen": 203, "fig_size": 189994, "title": "Method", "9": {"fig_size": 189994, "fig_aspectRatio": 1.7341389728096677, "fig_size_poster": 0.9647058823529412}, "textRatio": 0.22757847533632286, "figRatio": 0.3843200556674839}, "10": {"xy": [1300, 338, 615, 1331], "panel_size": 818565, "panel_aspectRatio": 0.46205860255447034, "category": "Result", "figures": 2, "textlen": 180, "fig_size": 168226, "title": "Results", "12": {"fig_size": 77254, "fig_aspectRatio": 1.6869158878504673, "fig_size_poster": 0.5869918699186992}, "14": {"fig_size": 90972, "fig_aspectRatio": 1.75, "fig_size_poster": 0.6487804878048781}, "textRatio": 0.20179372197309417, "figRatio": 0.3402877232160918}, "15": {"xy": [1942, 303, 601, 446], "panel_size": 268046, "panel_aspectRatio": 1.3475336322869955, "category": "Result", "figures": 0, "textlen": 116, "fig_size": 0, "title": "", "textRatio": 0.13004484304932734, "figRatio": 0.0}, "17": {"xy": [1939, 759, 613, 723], "panel_size": 443199, "panel_aspectRatio": 0.8478561549100968, "category": "Discussion", "figures": 0, "textlen": 200, "fig_size": 0, "title": "Conclusions", "textRatio": 0.2242152466367713, "figRatio": 0.0}}}