{"poster_size": 4478976, "doclen": 231, "figlen": 1697124, "section": {"1": {"xy": [732, 89, 1147, 87], "panel_size": 99789, "panel_aspectRatio": 13.183908045977011, "category": "Title", "figures": 0, "textlen": 0, "fig_size": 0, "title": "Recommendation System Using Yelp Data", "textRatio": 0.0, "figRatio": 0.0}, "2": {"xy": [46, 356, 720, 469], "panel_size": 337680, "panel_aspectRatio": 1.535181236673774, "category": "Introduction", "figures": 1, "textlen": 54, "fig_size": 55968, "title": "Background & Motivation", "4": {"fig_size": 55968, "fig_aspectRatio": 1.8068181818181819, "fig_size_poster": 0.44166666666666665}, "textRatio": 0.23376623376623376, "figRatio": 0.03297814420160224}, "6": {"xy": [59, 839, 707, 834], "panel_size": 589638, "panel_aspectRatio": 0.8477218225419664, "category": "Method", "figures": 0, "textlen": 149, "fig_size": 0, "title": "Data Preprocessing & Feature Selection", "textRatio": 0.645021645021645, "figRatio": 0.0}, "8": {"xy": [803, 353, 679, 1323], "panel_size": 898317, "panel_aspectRatio": 0.5132275132275133, "category": "Method", "figures": 3, "textlen": 0, "fig_size": 745728, "title": "K-Means Result", "9": {"fig_size": 196283, "fig_aspectRatio": 1.7915407854984895, "fig_size_poster": 0.8733431516936672}, "10": {"fig_size": 285090, "fig_aspectRatio": 1.4592760180995474, "fig_size_poster": 0.9499263622974963}, "11": {"fig_size": 264355, "fig_aspectRatio": 1.5349397590361447, "fig_size_poster": 0.9381443298969072}, "textRatio": 0.0, "figRatio": 0.4394069025009369}, "12": {"xy": [1500, 360, 1065, 1247], "panel_size": 1328055, "panel_aspectRatio": 0.8540497193263833, "category": "Method", "figures": 2, "textlen": 28, "fig_size": 895428, "title": "Matrix Factorization", "13": {"fig_size": 497988, "fig_aspectRatio": 2.188679245283019, "fig_size_poster": 0.9802816901408451}, "14": {"fig_size": 397440, "fig_aspectRatio": 2.6953125, "fig_size_poster": 0.971830985915493}, "textRatio": 0.12121212121212122, "figRatio": 0.5276149532974609}}}