{"poster_size": 4478976, "doclen": 471, "figlen": 1424488, "section": {"1": {"xy": [987, 8, 638, 127], "panel_size": 81026, "panel_aspectRatio": 5.0236220472440944, "category": "Title", "figures": 0, "textlen": 0, "fig_size": 0, "title": "Rock or not? This sure does [Category] Audio and Music", "textRatio": 0.0, "figRatio": 0.0}, "2": {"xy": [54, 219, 806, 628], "panel_size": 506168, "panel_aspectRatio": 1.28343949044586, "category": "Introduction", "figures": 2, "textlen": 74, "fig_size": 209822, "title": "Motivation", "4": {"fig_size": 103037, "fig_aspectRatio": 0.9876160990712074, "fig_size_poster": 0.3957816377171216}, "6": {"fig_size": 106785, "fig_aspectRatio": 1.0761904761904761, "fig_size_poster": 0.4205955334987593}, "textRatio": 0.15711252653927812, "figRatio": 0.1472964321215763}, "7": {"xy": [65, 864, 793, 634], "panel_size": 502762, "panel_aspectRatio": 1.250788643533123, "category": "Method", "figures": 1, "textlen": 100, "fig_size": 189303, "title": "Dataset and Pre-Processing", "9": {"fig_size": 189303, "fig_aspectRatio": 2.655430711610487, "fig_size_poster": 0.8940731399747793}, "textRatio": 0.21231422505307856, "figRatio": 0.1328919583738157}, "10": {"xy": [878, 214, 795, 362], "panel_size": 287790, "panel_aspectRatio": 2.196132596685083, "category": "Method", "figures": 1, "textlen": 45, "fig_size": 47226, "title": "Distance Metric", "12": {"fig_size": 47226, "fig_aspectRatio": 4.53921568627451, "fig_size_poster": 0.5823899371069182}, "textRatio": 0.09554140127388536, "figRatio": 0.033152964433536825}, "13": {"xy": [871, 586, 813, 941], "panel_size": 765033, "panel_aspectRatio": 0.8639744952178533, "category": "Method", "figures": 3, "textlen": 67, "fig_size": 411580, "title": "Classification Methods", "15": {"fig_size": 60604, "fig_aspectRatio": 1.275229357798165, "fig_size_poster": 0.3419434194341943}, "16": {"fig_size": 53376, "fig_aspectRatio": 1.4479166666666667, "fig_size_poster": 0.3419434194341943}, "17": {"fig_size": 297600, "fig_aspectRatio": 2.150537634408602, "fig_size_poster": 0.984009840098401}, "textRatio": 0.14225053078556263, "figRatio": 0.2889318828940644}, "18": {"xy": [1693, 214, 841, 814], "panel_size": 684574, "panel_aspectRatio": 1.0331695331695332, "category": "Result", "figures": 7, "textlen": 0, "fig_size": 566557, "title": "Plots and Figures", "19": {"fig_size": 59925, "fig_aspectRatio": 1.0851063829787233, "fig_size_poster": 0.3032104637336504}, "20": {"fig_size": 60580, "fig_aspectRatio": 1.1158798283261802, "fig_size_poster": 0.3091557669441142}, "21": {"fig_size": 72036, "fig_aspectRatio": 1.0574712643678161, "fig_size_poster": 0.3281807372175981}, "22": {"fig_size": 137286, "fig_aspectRatio": 1.984790874524715, "fig_size_poster": 0.6206896551724138}, "24": {"fig_size": 60228, "fig_aspectRatio": 1.0543933054393306, "fig_size_poster": 0.29964328180737215}, "25": {"fig_size": 117702, "fig_aspectRatio": 2.1495726495726495, "fig_size_poster": 0.5980975029726516}, "26": {"fig_size": 58800, "fig_aspectRatio": 1.0208333333333333, "fig_size_poster": 0.291319857312723}, "textRatio": 0.0, "figRatio": 0.39772676217700675}, "27": {"xy": [1687, 1030, 875, 500], "panel_size": 437500, "panel_aspectRatio": 1.75, "category": "Result", "figures": 0, "textlen": 185, "fig_size": 0, "title": "Results and Discussion", "textRatio": 0.39278131634819535, "figRatio": 0.0}}}