{"poster_size": 3110400, "doclen": 36, "figlen": 1403246, "section": {"0": {"xy": [27, 37, 1395, 98], "panel_size": 136710, "panel_aspectRatio": 14.23469387755102, "category": "Title", "figures": 0, "textlen": 0, "fig_size": 0, "title": "INTELLIGENT RAPID VOICE RECOGNITION", "textRatio": 0.0, "figRatio": 0.0}, "1": {"xy": [14, 296, 1415, 179], "panel_size": 253285, "panel_aspectRatio": 7.905027932960894, "category": "Introduction", "figures": 0, "textlen": 19, "fig_size": 0, "title": "QUESTION:", "textRatio": 0.5277777777777778, "figRatio": 0.0}, "3": {"xy": [11, 485, 1418, 220], "panel_size": 311960, "panel_aspectRatio": 6.445454545454545, "category": "Method", "figures": 1, "textlen": 0, "fig_size": 173061, "title": "Methods", "4": {"fig_size": 173061, "fig_aspectRatio": 11.439024390243903, "fig_size_poster": 0.9922425952045134}, "textRatio": 0.0, "figRatio": 0.12332905278190709}, "5": {"xy": [5, 712, 1434, 807], "panel_size": 1157238, "panel_aspectRatio": 1.7769516728624535, "category": "Result", "figures": 6, "textlen": 0, "fig_size": 804251, "title": "Neural Tensor Network\nSoftmax Neural Network\nSupport Vector Machine", "6": {"fig_size": 174724, "fig_aspectRatio": 1.0, "fig_size_poster": 0.2914923291492329}, "7": {"fig_size": 92442, "fig_aspectRatio": 2.0375586854460095, "fig_size_poster": 0.30264993026499304}, "8": {"fig_size": 183159, "fig_aspectRatio": 1.0236406619385343, "fig_size_poster": 0.301952580195258}, "9": {"fig_size": 97732, "fig_aspectRatio": 2.1745283018867925, "fig_size_poster": 0.3214783821478382}, "10": {"fig_size": 162687, "fig_aspectRatio": 0.892271662763466, "fig_size_poster": 0.26569037656903766}, "11": {"fig_size": 93507, "fig_aspectRatio": 2.0610328638497655, "fig_size_poster": 0.30613668061366806}, "textRatio": 0.0, "figRatio": 0.5731361429143571}, "12": {"xy": [22, 1525, 1398, 426], "panel_size": 595548, "panel_aspectRatio": 3.2816901408450705, "category": "Result", "figures": 2, "textlen": 0, "fig_size": 425934, "title": "Results", "13": {"fig_size": 257850, "fig_aspectRatio": 1.7670157068062826, "fig_size_poster": 0.48283261802575106}, "14": {"fig_size": 168084, "fig_aspectRatio": 2.467432950191571, "fig_size_poster": 0.46065808297567956}, "textRatio": 0.0, "figRatio": 0.30353480430373575}, "15": {"xy": [23, 1975, 1415, 168], "panel_size": 237720, "panel_aspectRatio": 8.422619047619047, "category": "Result", "figures": 0, "textlen": 17, "fig_size": 0, "title": "CONCLUSION:", "textRatio": 0.4722222222222222, "figRatio": 0.0}}}