{"poster_size": 4478976, "doclen": 356, "figlen": 1337069, "section": {"1": {"xy": [533, 27, 1567, 165], "panel_size": 258555, "panel_aspectRatio": 9.496969696969696, "category": "Title", "figures": 0, "textlen": 0, "fig_size": 0, "title": "Applying Techniques in Supervised Deep Learning to Steering Angle Prediction in Autonomous Vehicles", "textRatio": 0.0, "figRatio": 0.0}, "2": {"xy": [40, 292, 800, 407], "panel_size": 325600, "panel_aspectRatio": 1.9656019656019657, "category": "Introduction", "figures": 0, "textlen": 64, "fig_size": 0, "title": "Problem Definition", "textRatio": 0.1797752808988764, "figRatio": 0.0}, "4": {"xy": [47, 719, 802, 993], "panel_size": 796386, "panel_aspectRatio": 0.8076535750251762, "category": "Method", "figures": 3, "textlen": 112, "fig_size": 291328, "title": "Image Pre-Processing", "6": {"fig_size": 176902, "fig_aspectRatio": 3.020661157024793, "fig_size_poster": 0.9114713216957606}, "7": {"fig_size": 100016, "fig_aspectRatio": 5.654135338345864, "fig_size_poster": 0.9376558603491272}, "8": {"fig_size": 14410, "fig_aspectRatio": 4.763636363636364, "fig_size_poster": 0.3266832917705736}, "textRatio": 0.3146067415730337, "figRatio": 0.21788553919057282}, "9": {"xy": [897, 312, 1683, 724], "panel_size": 1218492, "panel_aspectRatio": 2.324585635359116, "category": "Method", "figures": 8, "textlen": 54, "fig_size": 811828, "title": "Convolutional Neural Network Model", "11": {"fig_size": 610935, "fig_aspectRatio": 2.3767258382642997, "fig_size_poster": 0.7159833630421866}, "12": {"fig_size": 23961, "fig_aspectRatio": 9.979591836734693, "fig_size_poster": 0.2905525846702317}, "13": {"fig_size": 5952, "fig_aspectRatio": 2.5833333333333335, "fig_size_poster": 0.0736779560308972}, "14": {"fig_size": 8544, "fig_aspectRatio": 3.7083333333333335, "fig_size_poster": 0.10576351752822341}, "15": {"fig_size": 28325, "fig_aspectRatio": 9.363636363636363, "fig_size_poster": 0.30600118835412954}, "16": {"fig_size": 36750, "fig_aspectRatio": 3.826530612244898, "fig_size_poster": 0.22281639928698752}, "17": {"fig_size": 37771, "fig_aspectRatio": 3.2990654205607477, "fig_size_poster": 0.20974450386215093}, "18": {"fig_size": 59590, "fig_aspectRatio": 4.279661016949152, "fig_size_poster": 0.30005941770647654}, "textRatio": 0.15168539325842698, "figRatio": 0.6071698618395909}, "19": {"xy": [907, 1043, 771, 662], "panel_size": 510402, "panel_aspectRatio": 1.1646525679758308, "category": "Result", "figures": 1, "textlen": 52, "fig_size": 233913, "title": "Results", "20": {"fig_size": 233913, "fig_aspectRatio": 2.4498381877022655, "fig_size_poster": 0.9818417639429312}, "textRatio": 0.14606741573033707, "figRatio": 0.17494459896983627}, "22": {"xy": [1744, 1041, 809, 406], "panel_size": 328454, "panel_aspectRatio": 1.9926108374384237, "category": "Discussion", "figures": 0, "textlen": 74, "fig_size": 0, "title": "Future Work", "textRatio": 0.20786516853932585, "figRatio": 0.0}}}