{"poster_size": 3902220, "doclen": 653, "figlen": 266859, "section": {"23": {"xy": [308, 456, 509, 268], "panel_size": 136412, "panel_aspectRatio": 1.8992537313432836, "category": "Introduction", "figures": 0, "textlen": 73, "fig_size": 0, "title": "Natural Language Inference", "textRatio": 0.11179173047473201, "figRatio": 0.0}, "25": {"xy": [642, 312, 1012, 56], "panel_size": 56672, "panel_aspectRatio": 18.071428571428573, "category": "Title", "figures": 0, "textlen": 0, "fig_size": 0, "title": "An Automated and Exhaustive Natural Language Inference Corpus", "textRatio": 0.0, "figRatio": 0.0}, "26": {"xy": [288, 732, 514, 258], "panel_size": 132612, "panel_aspectRatio": 1.9922480620155039, "category": "Introduction", "figures": 0, "textlen": 88, "fig_size": 0, "title": "Existing NLI Corpora", "textRatio": 0.13476263399693722, "figRatio": 0.0}, "28": {"xy": [243, 995, 565, 360], "panel_size": 203400, "panel_aspectRatio": 1.5694444444444444, "category": "Introduction", "figures": 0, "textlen": 119, "fig_size": 0, "title": "The Automated and Exhaustive NLl corpus", "textRatio": 0.18223583460949463, "figRatio": 0.0}, "30": {"xy": [824, 452, 615, 545], "panel_size": 335175, "panel_aspectRatio": 1.128440366972477, "category": "Method", "figures": 1, "textlen": 79, "fig_size": 136836, "title": "Generating Clauses", "33": {"fig_size": 136836, "fig_aspectRatio": 0.9576719576719577, "fig_size_poster": 0.5886178861788618}, "textRatio": 0.12098009188361408, "figRatio": 0.5127651681224916}, "34": {"xy": [824, 1008, 618, 136], "panel_size": 84048, "panel_aspectRatio": 4.544117647058823, "category": "Method", "figures": 0, "textlen": 42, "fig_size": 0, "title": "Generating Examples", "textRatio": 0.06431852986217458, "figRatio": 0.0}, "36": {"xy": [818, 1149, 640, 196], "panel_size": 125440, "panel_aspectRatio": 3.2653061224489797, "category": "Method", "figures": 1, "textlen": 20, "fig_size": 63788, "title": "Expanding the Data with Boolean Logic", "37": {"fig_size": 63788, "fig_aspectRatio": 2.9121621621621623, "fig_size_poster": 0.6734375}, "textRatio": 0.030627871362940276, "figRatio": 0.23903259773888083}, "39": {"xy": [1456, 452, 535, 374], "panel_size": 200090, "panel_aspectRatio": 1.4304812834224598, "category": "Result", "figures": 2, "textlen": 75, "fig_size": 66235, "title": "Evaluating Models", "42": {"fig_size": 20889, "fig_aspectRatio": 2.1313131313131315, "fig_size_poster": 0.394392523364486}, "43": {"fig_size": 45346, "fig_aspectRatio": 1.8164556962025316, "fig_size_poster": 0.5364485981308411}, "textRatio": 0.11485451761102604, "figRatio": 0.24820223413862752}, "44": {"xy": [1463, 832, 519, 385], "panel_size": 199815, "panel_aspectRatio": 1.348051948051948, "category": "Discussion", "figures": 0, "textlen": 132, "fig_size": 0, "title": "Discussion", "textRatio": 0.20214395099540583, "figRatio": 0.0}, "46": {"xy": [1460, 1224, 530, 130], "panel_size": 68900, "panel_aspectRatio": 4.076923076923077, "category": "Discussion", "figures": 0, "textlen": 25, "fig_size": 0, "title": "Future", "textRatio": 0.03828483920367534, "figRatio": 0.0}}}