{"poster_size": 8036464, "doclen": 619, "figlen": 1083355, "section": {"1": {"xy": [440, 12, 2541, 228], "panel_size": 579348, "panel_aspectRatio": 11.144736842105264, "category": "Title", "figures": 0, "textlen": 7, "fig_size": 0, "title": "PREDICTING MARKET VOLATILITYUSING MACRO HEDLINES", "textRatio": 0.011308562197092083, "figRatio": 0.0}, "3": {"xy": [34, 264, 816, 741], "panel_size": 604656, "panel_aspectRatio": 1.1012145748987854, "category": "Introduction", "figures": 0, "textlen": 99, "fig_size": 0, "title": "INTRODUCTION", "textRatio": 0.15993537964458804, "figRatio": 0.0}, "5": {"xy": [870, 266, 804, 732], "panel_size": 588528, "panel_aspectRatio": 1.098360655737705, "category": "Introduction", "figures": 0, "textlen": 67, "fig_size": 0, "title": "OBIECTIVES\n", "textRatio": 0.10823909531502424, "figRatio": 0.0}, "7": {"xy": [37, 1029, 808, 969], "panel_size": 782952, "panel_aspectRatio": 0.8338493292053664, "category": "Method", "figures": 1, "textlen": 76, "fig_size": 279801, "title": "EVENT-DRIVEN VIX", "8": {"fig_size": 279801, "fig_aspectRatio": 1.8682170542635659, "fig_size_poster": 0.8948019801980198}, "textRatio": 0.12277867528271405, "figRatio": 0.2582726807002321}, "10": {"xy": [1696, 266, 1642, 821], "panel_size": 1348082, "panel_aspectRatio": 2.0, "category": "Method", "figures": 2, "textlen": 120, "fig_size": 310074, "title": "MACHINE LEARNING APPROACH", "11": {"fig_size": 220160, "fig_aspectRatio": 1.8604651162790697, "fig_size_poster": 0.38976857490864797}, "16": {"fig_size": 89914, "fig_aspectRatio": 5.007462686567164, "fig_size_poster": 0.40864799025578563}, "textRatio": 0.1938610662358643, "figRatio": 0.2862164295175635}, "18": {"xy": [865, 1027, 818, 984], "panel_size": 804912, "panel_aspectRatio": 0.8313008130081301, "category": "Method", "figures": 0, "textlen": 94, "fig_size": 0, "title": "DATA PROCESSING", "textRatio": 0.1518578352180937, "figRatio": 0.0}, "20": {"xy": [1693, 1105, 1642, 900], "panel_size": 1477800, "panel_aspectRatio": 1.8244444444444445, "category": "Discussion", "figures": 1, "textlen": 91, "fig_size": 493480, "title": "CONCLUSION AND FUTURE STEPS", "21": {"fig_size": 493480, "fig_aspectRatio": 1.446917808219178, "fig_size_poster": 0.5146163215590743}, "textRatio": 0.1470113085621971, "figRatio": 0.45551088978220433}, "24": {"xy": [861, 2030, 1651, 324], "panel_size": 534924, "panel_aspectRatio": 5.095679012345679, "category": "Result", "figures": 0, "textlen": 59, "fig_size": 0, "title": "TRADING VOL BASED ON PREDICTIONS\n", "textRatio": 0.09531502423263329, "figRatio": 0.0}, "26": {"xy": [2528, 2022, 812, 332], "panel_size": 269584, "panel_aspectRatio": 2.4457831325301207, "category": "Introduction", "figures": 0, "textlen": 6, "fig_size": 0, "title": "CONTACT INFORMATION\n", "textRatio": 0.009693053311793215, "figRatio": 0.0}}}