{"poster_size": 4478976, "doclen": 176, "figlen": 1895359, "section": {"1": {"xy": [340, 49, 1918, 66], "panel_size": 126588, "panel_aspectRatio": 29.060606060606062, "category": "Title", "figures": 0, "textlen": 0, "fig_size": 0, "title": "Appliance-level Residential Consumer Segmentation from Smart Meter Data", "textRatio": 0.0, "figRatio": 0.0}, "2": {"xy": [33, 249, 816, 674], "panel_size": 549984, "panel_aspectRatio": 1.2106824925816024, "category": "Introduction", "figures": 1, "textlen": 51, "fig_size": 224076, "title": "Introduction", "4": {"fig_size": 224076, "fig_aspectRatio": 2.778169014084507, "fig_size_poster": 0.9669117647058824}, "textRatio": 0.2897727272727273, "figRatio": 0.11822351332913712}, "5": {"xy": [34, 962, 821, 745], "panel_size": 611645, "panel_aspectRatio": 1.1020134228187919, "category": "Method", "figures": 1, "textlen": 46, "fig_size": 284130, "title": "Dataset and Features", "7": {"fig_size": 284130, "fig_aspectRatio": 1.9168831168831169, "fig_size_poster": 0.8989037758830695}, "textRatio": 0.26136363636363635, "figRatio": 0.14990827595194367}, "8": {"xy": [880, 240, 817, 799], "panel_size": 652783, "panel_aspectRatio": 1.0225281602002503, "category": "Method", "figures": 3, "textlen": 17, "fig_size": 380309, "title": "Methods", "9": {"fig_size": 190734, "fig_aspectRatio": 3.076305220883534, "fig_size_poster": 0.9375764993880049}, "10": {"fig_size": 98540, "fig_aspectRatio": 5.8307692307692305, "fig_size_poster": 0.9277845777233782}, "11": {"fig_size": 91035, "fig_aspectRatio": 6.428571428571429, "fig_size_poster": 0.9363525091799265}, "textRatio": 0.09659090909090909, "figRatio": 0.2006527523281869}, "13": {"xy": [878, 1065, 824, 640], "panel_size": 527360, "panel_aspectRatio": 1.2875, "category": "Result", "figures": 1, "textlen": 0, "fig_size": 426344, "title": "Results", "14": {"fig_size": 426344, "fig_aspectRatio": 1.4197080291970803, "fig_size_poster": 0.9441747572815534}, "textRatio": 0.0, "figRatio": 0.2249410270033276}, "15": {"xy": [1746, 239, 813, 844], "panel_size": 686172, "panel_aspectRatio": 0.9632701421800948, "category": "Result", "figures": 1, "textlen": 0, "fig_size": 580500, "title": "Results", "16": {"fig_size": 580500, "fig_aspectRatio": 1.032, "fig_size_poster": 0.9520295202952029}, "textRatio": 0.0, "figRatio": 0.30627443138740473}, "17": {"xy": [1743, 1119, 813, 414], "panel_size": 336582, "panel_aspectRatio": 1.963768115942029, "category": "Discussion", "figures": 0, "textlen": 62, "fig_size": 0, "title": "Conclusions and Future Work", "textRatio": 0.3522727272727273, "figRatio": 0.0}}}