{"poster_size": 4478976, "doclen": 285, "figlen": 1497209, "section": {"1": {"xy": [701, 55, 1224, 107], "panel_size": 130968, "panel_aspectRatio": 11.439252336448599, "category": "Title", "figures": 0, "textlen": 0, "fig_size": 0, "title": "Local Degree of Freedom Ductility Demand", "textRatio": 0.0, "figRatio": 0.0}, "2": {"xy": [25, 238, 825, 874], "panel_size": 721050, "panel_aspectRatio": 0.9439359267734554, "category": "Introduction", "figures": 1, "textlen": 57, "fig_size": 360750, "title": "predicting", "4": {"fig_size": 360750, "fig_aspectRatio": 1.5592515592515592, "fig_size_poster": 0.9090909090909091}, "textRatio": 0.2, "figRatio": 0.24094832451581577}, "5": {"xy": [865, 260, 1659, 829], "panel_size": 1375311, "panel_aspectRatio": 2.0012062726176114, "category": "Method", "figures": 5, "textlen": 92, "fig_size": 801179, "title": "models", "6": {"fig_size": 88400, "fig_aspectRatio": 1.3076923076923077, "fig_size_poster": 0.2049427365883062}, "7": {"fig_size": 46816, "fig_aspectRatio": 3.732142857142857, "fig_size_poster": 0.25195901145268235}, "8": {"fig_size": 96924, "fig_aspectRatio": 3.6036585365853657, "fig_size_poster": 0.3562386980108499}, "9": {"fig_size": 182748, "fig_aspectRatio": 2.1580756013745703, "fig_size_poster": 0.378541289933695}, "10": {"fig_size": 386291, "fig_aspectRatio": 1.3908918406072106, "fig_size_poster": 0.44183242917420135}, "textRatio": 0.32280701754385965, "figRatio": 0.5351150039840797}, "13": {"xy": [24, 1135, 1494, 565], "panel_size": 844110, "panel_aspectRatio": 2.6442477876106194, "category": "Method", "figures": 1, "textlen": 63, "fig_size": 335280, "title": "Data and Features", "15": {"fig_size": 335280, "fig_aspectRatio": 1.2026515151515151, "fig_size_poster": 0.4250334672021419}, "textRatio": 0.22105263157894736, "figRatio": 0.22393667150010452}, "17": {"xy": [1563, 1146, 925, 357], "panel_size": 330225, "panel_aspectRatio": 2.5910364145658265, "category": "Discussion", "figures": 0, "textlen": 73, "fig_size": 0, "title": "future work", "textRatio": 0.256140350877193, "figRatio": 0.0}}}