{"poster_size": 8034080, "doclen": 657, "figlen": 1188400, "section": {"1": {"xy": [140, 69, 3088, 125], "panel_size": 386000, "panel_aspectRatio": 24.704, "category": "Title", "figures": 0, "textlen": 0, "fig_size": 0, "title": "Insincere Questions Classification on Quora using pre-trained word embeddings", "textRatio": 0.0, "figRatio": 0.0}, "2": {"xy": [80, 317, 760, 575], "panel_size": 437000, "panel_aspectRatio": 1.3217391304347825, "category": "Introduction", "figures": 0, "textlen": 77, "fig_size": 0, "title": "Motivation", "textRatio": 0.1171993911719939, "figRatio": 0.0}, "3": {"xy": [80, 899, 755, 705], "panel_size": 532275, "panel_aspectRatio": 1.070921985815603, "category": "Introduction", "figures": 0, "textlen": 99, "fig_size": 0, "title": "Data Preparation", "textRatio": 0.1506849315068493, "figRatio": 0.0}, "4": {"xy": [75, 1619, 765, 695], "panel_size": 531675, "panel_aspectRatio": 1.1007194244604317, "category": "Introduction", "figures": 1, "textlen": 30, "fig_size": 318682, "title": "Does the data form clusters?", "16": {"fig_size": 318682, "fig_aspectRatio": 1.6312217194570136, "fig_size_poster": 0.9424836601307189}, "textRatio": 0.045662100456621, "figRatio": 0.2681605520026927}, "5": {"xy": [903, 317, 760, 582], "panel_size": 442320, "panel_aspectRatio": 1.3058419243986255, "category": "Introduction", "figures": 1, "textlen": 29, "fig_size": 208848, "title": "Principal Component Analysis", "18": {"fig_size": 208848, "fig_aspectRatio": 2.2598684210526314, "fig_size_poster": 0.9039473684210526}, "textRatio": 0.0441400304414003, "figRatio": 0.1757388084819926}, "6": {"xy": [898, 944, 777, 508], "panel_size": 394716, "panel_aspectRatio": 1.529527559055118, "category": "Method", "figures": 0, "textlen": 51, "fig_size": 0, "title": "Modeling Approaches", "textRatio": 0.0776255707762557, "figRatio": 0.0}, "7": {"xy": [900, 1462, 770, 785], "panel_size": 604450, "panel_aspectRatio": 0.9808917197452229, "category": "Result", "figures": 1, "textlen": 65, "fig_size": 162855, "title": "Logistic Regression and SVM", "21": {"fig_size": 162855, "fig_aspectRatio": 3.051948051948052, "fig_size_poster": 0.9155844155844156}, "textRatio": 0.0989345509893455, "figRatio": 0.13703719286435542}, "8": {"xy": [1703, 317, 777, 1195], "panel_size": 928515, "panel_aspectRatio": 0.6502092050209205, "category": "Result", "figures": 2, "textlen": 94, "fig_size": 295821, "title": "Neural Networks", "24": {"fig_size": 168246, "fig_aspectRatio": 3.072649572649573, "fig_size_poster": 0.9253539253539254}, "26": {"fig_size": 127575, "fig_aspectRatio": 3.5714285714285716, "fig_size_poster": 0.8687258687258688}, "textRatio": 0.1430745814307458, "figRatio": 0.24892376304274655}, "9": {"xy": [1703, 1537, 785, 757], "panel_size": 594245, "panel_aspectRatio": 1.0369881109643329, "category": "Result", "figures": 1, "textlen": 54, "fig_size": 202194, "title": "Random Forests [Ensembles]", "28": {"fig_size": 202194, "fig_aspectRatio": 2.5425531914893615, "fig_size_poster": 0.913375796178344}, "textRatio": 0.0821917808219178, "figRatio": 0.17013968360821272}, "10": {"xy": [2518, 309, 777, 535], "panel_size": 415695, "panel_aspectRatio": 1.452336448598131, "category": "Discussion", "figures": 0, "textlen": 66, "fig_size": 0, "title": "Embedding Choice and Data Size", "textRatio": 0.1004566210045662, "figRatio": 0.0}, "11": {"xy": [2520, 862, 780, 565], "panel_size": 440700, "panel_aspectRatio": 1.3805309734513274, "category": "Discussion", "figures": 0, "textlen": 63, "fig_size": 0, "title": "Conclusion", "textRatio": 0.0958904109589041, "figRatio": 0.0}, "12": {"xy": [2520, 1437, 795, 315], "panel_size": 250425, "panel_aspectRatio": 2.5238095238095237, "category": "Discussion", "figures": 0, "textlen": 29, "fig_size": 0, "title": "Future Work", "textRatio": 0.0441400304414003, "figRatio": 0.0}}}