{"poster_size": 4478976, "doclen": 238, "figlen": 1418848, "section": {"0": {"xy": [196, 31, 2334, 69], "panel_size": 161046, "panel_aspectRatio": 33.82608695652174, "category": "Title", "figures": 0, "textlen": 0, "fig_size": 0, "title": "mproving Neural Abstractive Summarization via Reinforcement Learning with BERTScore", "textRatio": 0.0, "figRatio": 0.0}, "1": {"xy": [16, 229, 723, 417], "panel_size": 301491, "panel_aspectRatio": 1.7338129496402879, "category": "Introduction", "figures": 0, "textlen": 35, "fig_size": 0, "title": "Problem Statement", "textRatio": 0.14705882352941177, "figRatio": 0.0}, "5": {"xy": [19, 656, 718, 502], "panel_size": 360436, "panel_aspectRatio": 1.4302788844621515, "category": "Introduction", "figures": 1, "textlen": 46, "fig_size": 74160, "title": "From ROUGE to BERTScore", "7": {"fig_size": 74160, "fig_aspectRatio": 3.576388888888889, "fig_size_poster": 0.7172701949860725}, "textRatio": 0.19327731092436976, "figRatio": 0.052267755249329036}, "9": {"xy": [19, 1174, 718, 531], "panel_size": 381258, "panel_aspectRatio": 1.3521657250470809, "category": "Method", "figures": 3, "textlen": 14, "fig_size": 217791, "title": "Dataset", "11": {"fig_size": 47436, "fig_aspectRatio": 3.406779661016949, "fig_size_poster": 0.5598885793871866}, "12": {"fig_size": 82917, "fig_aspectRatio": 1.3373493975903614, "fig_size_poster": 0.4637883008356546}, "13": {"fig_size": 87438, "fig_aspectRatio": 1.4331983805668016, "fig_size_poster": 0.49303621169916434}, "textRatio": 0.058823529411764705, "figRatio": 0.15349847199981959}, "14": {"xy": [748, 229, 1084, 535], "panel_size": 579940, "panel_aspectRatio": 2.0261682242990653, "category": "Method", "figures": 4, "textlen": 16, "fig_size": 276770, "title": "BERTScore", "16": {"fig_size": 60123, "fig_aspectRatio": 2.7823129251700682, "fig_size_poster": 0.3773062730627306}, "17": {"fig_size": 61759, "fig_aspectRatio": 2.7086092715231787, "fig_size_poster": 0.3773062730627306}, "18": {"fig_size": 82384, "fig_aspectRatio": 0.8914473684210527, "fig_size_poster": 0.25}, "19": {"fig_size": 72504, "fig_aspectRatio": 1.394736842105263, "fig_size_poster": 0.2933579335793358}, "textRatio": 0.06722689075630252, "figRatio": 0.19506670200049617}, "23": {"xy": [755, 786, 1073, 918], "panel_size": 985014, "panel_aspectRatio": 1.1688453159041394, "category": "Method", "figures": 4, "textlen": 53, "fig_size": 527070, "title": "Model Architectures", "25": {"fig_size": 374110, "fig_aspectRatio": 2.1411483253588517, "fig_size_poster": 0.8341099720410066}, "26": {"fig_size": 58710, "fig_aspectRatio": 6.505263157894737, "fig_size_poster": 0.575955265610438}, "27": {"fig_size": 67860, "fig_aspectRatio": 8.96551724137931, "fig_size_poster": 0.7269338303821062}, "31": {"fig_size": 26390, "fig_aspectRatio": 7.844827586206897, "fig_size_poster": 0.424044734389562}, "textRatio": 0.22268907563025211, "figRatio": 0.3714774239382936}, "33": {"xy": [1866, 239, 696, 1021], "panel_size": 710616, "panel_aspectRatio": 0.6816846229187071, "category": "Result", "figures": 3, "textlen": 43, "fig_size": 323057, "title": "Results & Analysis", "35": {"fig_size": 126725, "fig_aspectRatio": 3.7027027027027026, "fig_size_poster": 0.9841954022988506}, "37": {"fig_size": 106020, "fig_aspectRatio": 2.9368421052631577, "fig_size_poster": 0.8017241379310345}, "39": {"fig_size": 90312, "fig_aspectRatio": 1.9906103286384977, "fig_size_poster": 0.6091954022988506}, "textRatio": 0.18067226890756302, "figRatio": 0.2276896468120616}, "41": {"xy": [1858, 1286, 713, 266], "panel_size": 189658, "panel_aspectRatio": 2.680451127819549, "category": "Discussion", "figures": 0, "textlen": 31, "fig_size": 0, "title": "Discussion & Future Work", "textRatio": 0.13025210084033614, "figRatio": 0.0}}}