{"poster_size": 4478976, "doclen": 647, "figlen": 1176796, "section": {"1": {"xy": [305, 43, 2024, 71], "panel_size": 143704, "panel_aspectRatio": 28.507042253521128, "category": "Title", "figures": 0, "textlen": 0, "fig_size": 0, "title": "Predicting Chemical Reaction Type and Reaction Products with Recurrent Neural Networks", "textRatio": 0.0, "figRatio": 0.0}, "2": {"xy": [32, 182, 834, 628], "panel_size": 523752, "panel_aspectRatio": 1.3280254777070064, "category": "Method", "figures": 0, "textlen": 169, "fig_size": 0, "title": "Abstract", "textRatio": 0.26120556414219476, "figRatio": 0.0}, "4": {"xy": [56, 818, 802, 353], "panel_size": 283106, "panel_aspectRatio": 2.271954674220963, "category": "Method", "figures": 1, "textlen": 58, "fig_size": 55440, "title": "Models: Reaction Type Classification", "5": {"fig_size": 55440, "fig_aspectRatio": 0.7954545454545454, "fig_size_poster": 0.26184538653366585}, "textRatio": 0.08964451313755796, "figRatio": 0.0471109691059453}, "7": {"xy": [874, 189, 846, 969], "panel_size": 819774, "panel_aspectRatio": 0.8730650154798761, "category": "Result", "figures": 5, "textlen": 0, "fig_size": 701510, "title": "Results", "8": {"fig_size": 256564, "fig_aspectRatio": 2.7045454545454546, "fig_size_poster": 0.9846335697399528}, "9": {"fig_size": 145860, "fig_aspectRatio": 1.3393939393939394, "fig_size_poster": 0.5224586288416075}, "10": {"fig_size": 133200, "fig_aspectRatio": 1.0277777777777777, "fig_size_poster": 0.4373522458628842}, "11": {"fig_size": 62832, "fig_aspectRatio": 2.2261904761904763, "fig_size_poster": 0.44208037825059104}, "12": {"fig_size": 103054, "fig_aspectRatio": 1.819327731092437, "fig_size_poster": 0.5118203309692672}, "textRatio": 0.0, "figRatio": 0.5961186135914806}, "13": {"xy": [49, 1166, 1658, 531], "panel_size": 880398, "panel_aspectRatio": 3.12241054613936, "category": "Method", "figures": 3, "textlen": 167, "fig_size": 198999, "title": "Models: Reaction Product Generation", "15": {"fig_size": 72267, "fig_aspectRatio": 1.4796380090497738, "fig_size_poster": 0.19722557297949336}, "19": {"fig_size": 53454, "fig_aspectRatio": 0.5860927152317881, "fig_size_poster": 0.10675512665862485}, "20": {"fig_size": 73278, "fig_aspectRatio": 1.710144927536232, "fig_size_poster": 0.2135102533172497}, "textRatio": 0.2581143740340031, "figRatio": 0.1691023762827202}, "22": {"xy": [1738, 184, 814, 1334], "panel_size": 1085876, "panel_aspectRatio": 0.6101949025487257, "category": "Discussion", "figures": 4, "textlen": 253, "fig_size": 220847, "title": "Discussion", "24": {"fig_size": 41181, "fig_aspectRatio": 1.628930817610063, "fig_size_poster": 0.3181818181818182}, "25": {"fig_size": 42579, "fig_aspectRatio": 1.456140350877193, "fig_size_poster": 0.3058968058968059}, "26": {"fig_size": 44954, "fig_aspectRatio": 1.3571428571428572, "fig_size_poster": 0.3034398034398034}, "30": {"fig_size": 92133, "fig_aspectRatio": 1.3524904214559388, "fig_size_poster": 0.43366093366093367}, "textRatio": 0.3910355486862442, "figRatio": 0.1876680410198539}}}