{"poster_size": 4478976, "doclen": 582, "figlen": 486461, "section": {"1": {"xy": [631, 134, 1419, 93], "panel_size": 131967, "panel_aspectRatio": 15.258064516129032, "category": "Title", "figures": 0, "textlen": 0, "fig_size": 0, "title": "Data-Driven Insights into Football Match Results", "textRatio": 0.0, "figRatio": 0.0}, "2": {"xy": [10, 363, 740, 302], "panel_size": 223480, "panel_aspectRatio": 2.4503311258278146, "category": "Introduction", "figures": 0, "textlen": 68, "fig_size": 0, "title": "The Goal:", "textRatio": 0.11683848797250859, "figRatio": 0.0}, "4": {"xy": [13, 680, 744, 293], "panel_size": 217992, "panel_aspectRatio": 2.539249146757679, "category": "Introduction", "figures": 0, "textlen": 62, "fig_size": 0, "title": "The Playing Field:", "textRatio": 0.10652920962199312, "figRatio": 0.0}, "6": {"xy": [17, 991, 736, 440], "panel_size": 323840, "panel_aspectRatio": 1.6727272727272726, "category": "Introduction", "figures": 0, "textlen": 101, "fig_size": 0, "title": "The Players:", "textRatio": 0.17353951890034364, "figRatio": 0.0}, "8": {"xy": [766, 427, 774, 951], "panel_size": 736074, "panel_aspectRatio": 0.8138801261829653, "category": "Method", "figures": 4, "textlen": 67, "fig_size": 122132, "title": "The Formations:", "10": {"fig_size": 55650, "fig_aspectRatio": 2.473333333333333, "fig_size_poster": 0.479328165374677}, "12": {"fig_size": 19952, "fig_aspectRatio": 5.931034482758621, "fig_size_poster": 0.4444444444444444}, "14": {"fig_size": 32373, "fig_aspectRatio": 3.303030303030303, "fig_size_poster": 0.42248062015503873}, "16": {"fig_size": 14157, "fig_aspectRatio": 9.307692307692308, "fig_size_poster": 0.4689922480620155}, "textRatio": 0.11512027491408934, "figRatio": 0.25106226398416315}, "18": {"xy": [16, 1447, 1508, 230], "panel_size": 346840, "panel_aspectRatio": 6.556521739130435, "category": "Introduction", "figures": 0, "textlen": 52, "fig_size": 0, "title": "Backroom Staff:", "textRatio": 0.08934707903780069, "figRatio": 0.0}, "20": {"xy": [1555, 364, 998, 594], "panel_size": 592812, "panel_aspectRatio": 1.6801346801346801, "category": "Result", "figures": 3, "textlen": 10, "fig_size": 364329, "title": "The Results:", "22": {"fig_size": 114829, "fig_aspectRatio": 7.8429752066115705, "fig_size_poster": 0.9509018036072144}, "23": {"fig_size": 119700, "fig_aspectRatio": 1.4736842105263157, "fig_size_poster": 0.42084168336673344}, "24": {"fig_size": 129800, "fig_aspectRatio": 1.4915254237288136, "fig_size_poster": 0.4408817635270541}, "textRatio": 0.01718213058419244, "figRatio": 0.7489377360158368}, "25": {"xy": [1553, 974, 993, 435], "panel_size": 431955, "panel_aspectRatio": 2.282758620689655, "category": "Result", "figures": 0, "textlen": 141, "fig_size": 0, "title": "Post-Match Analysis:\n", "textRatio": 0.2422680412371134, "figRatio": 0.0}, "27": {"xy": [1553, 1427, 1002, 267], "panel_size": 267534, "panel_aspectRatio": 3.752808988764045, "category": "Discussion", "figures": 0, "textlen": 81, "fig_size": 0, "title": "Next Fixtures", "textRatio": 0.13917525773195877, "figRatio": 0.0}}}