{"poster_size": 4478976, "doclen": 241, "figlen": 1452880, "section": {"1": {"xy": [624, 13, 1386, 100], "panel_size": 138600, "panel_aspectRatio": 13.86, "category": "Title", "figures": 0, "textlen": 0, "fig_size": 0, "title": "Fraud detection using Machine Learning", "textRatio": 0.0, "figRatio": 0.0}, "2": {"xy": [66, 184, 749, 369], "panel_size": 276381, "panel_aspectRatio": 2.029810298102981, "category": "Introduction", "figures": 0, "textlen": 47, "fig_size": 0, "title": "Introduction", "textRatio": 0.1950207468879668, "figRatio": 0.0}, "4": {"xy": [70, 562, 731, 560], "panel_size": 409360, "panel_aspectRatio": 1.3053571428571429, "category": "Method", "figures": 1, "textlen": 35, "fig_size": 125758, "title": "Dataset and Analysis", "5": {"fig_size": 125758, "fig_aspectRatio": 2.4405286343612334, "fig_size_poster": 0.7578659370725034}, "textRatio": 0.14522821576763487, "figRatio": 0.0865577336049777}, "7": {"xy": [70, 1143, 742, 565], "panel_size": 419230, "panel_aspectRatio": 1.3132743362831858, "category": "Method", "figures": 3, "textlen": 0, "fig_size": 279122, "title": "Models", "8": {"fig_size": 97270, "fig_aspectRatio": 5.182481751824818, "fig_size_poster": 0.9568733153638814}, "9": {"fig_size": 117151, "fig_aspectRatio": 3.145077720207254, "fig_size_poster": 0.8180592991913747}, "10": {"fig_size": 64701, "fig_aspectRatio": 4.726495726495727, "fig_size_poster": 0.7452830188679245}, "textRatio": 0.0, "figRatio": 0.19211634821871043}, "11": {"xy": [826, 1062, 737, 426], "panel_size": 313962, "panel_aspectRatio": 1.7300469483568075, "category": "Method", "figures": 0, "textlen": 55, "fig_size": 0, "title": "Class weight based approach", "textRatio": 0.22821576763485477, "figRatio": 0.0}, "13": {"xy": [826, 181, 1716, 860], "panel_size": 1475760, "panel_aspectRatio": 1.9953488372093022, "category": "Result", "figures": 3, "textlen": 19, "fig_size": 1048000, "title": "Results", "14": {"fig_size": 134608, "fig_aspectRatio": 0.9521276595744681, "fig_size_poster": 0.20862470862470864}, "15": {"fig_size": 322432, "fig_aspectRatio": 0.6505681818181818, "fig_size_poster": 0.2668997668997669}, "16": {"fig_size": 590960, "fig_aspectRatio": 1.1657303370786516, "fig_size_poster": 0.4836829836829837}, "textRatio": 0.07883817427385892, "figRatio": 0.7213259181763119}, "18": {"xy": [1584, 1053, 961, 386], "panel_size": 370946, "panel_aspectRatio": 2.489637305699482, "category": "Discussion", "figures": 0, "textlen": 59, "fig_size": 0, "title": "Discussion", "textRatio": 0.24481327800829875, "figRatio": 0.0}, "20": {"xy": [1582, 1460, 960, 246], "panel_size": 236160, "panel_aspectRatio": 3.902439024390244, "category": "Discussion", "figures": 0, "textlen": 26, "fig_size": 0, "title": "Future work", "textRatio": 0.1078838174273859, "figRatio": 0.0}}}