{"poster_size": 4478976, "doclen": 466, "figlen": 1297270, "section": {"1": {"xy": [710, 32, 1195, 166], "panel_size": 198370, "panel_aspectRatio": 7.198795180722891, "category": "Title", "figures": 0, "textlen": 6, "fig_size": 0, "title": "Predicting Final Scores of Major League Baseball Games\n", "textRatio": 0.012875536480686695, "figRatio": 0.0}, "3": {"xy": [76, 220, 798, 437], "panel_size": 348726, "panel_aspectRatio": 1.826086956521739, "category": "Introduction", "figures": 0, "textlen": 96, "fig_size": 0, "title": "Introduction", "textRatio": 0.20600858369098712, "figRatio": 0.0}, "10": {"xy": [51, 665, 816, 846], "panel_size": 690336, "panel_aspectRatio": 0.9645390070921985, "category": "Method", "figures": 1, "textlen": 109, "fig_size": 198750, "title": "Simulating Games", "13": {"fig_size": 198750, "fig_aspectRatio": 1.9654088050314464, "fig_size_poster": 0.7659313725490197}, "textRatio": 0.23390557939914164, "figRatio": 0.15320634871692093}, "15": {"xy": [879, 226, 834, 1280], "panel_size": 1067520, "panel_aspectRatio": 0.6515625, "category": "Method", "figures": 2, "textlen": 46, "fig_size": 889630, "title": "Exploring the State Space", "18": {"fig_size": 643950, "fig_aspectRatio": 1.0188679245283019, "fig_size_poster": 0.9712230215827338}, "19": {"fig_size": 245680, "fig_aspectRatio": 2.804054054054054, "fig_size_poster": 0.9952038369304557}, "textRatio": 0.09871244635193133, "figRatio": 0.6857708880957704}, "21": {"xy": [1716, 228, 804, 431], "panel_size": 346524, "panel_aspectRatio": 1.865429234338747, "category": "Method", "figures": 1, "textlen": 9, "fig_size": 208890, "title": "", "23": {"fig_size": 208890, "fig_aspectRatio": 1.9181818181818182, "fig_size_poster": 0.7873134328358209}, "textRatio": 0.019313304721030045, "figRatio": 0.16102276318730874}, "25": {"xy": [1721, 683, 803, 476], "panel_size": 382228, "panel_aspectRatio": 1.6869747899159664, "category": "Result", "figures": 0, "textlen": 112, "fig_size": 0, "title": "Learning P(actions|state)", "textRatio": 0.24034334763948498, "figRatio": 0.0}, "27": {"xy": [1725, 1168, 783, 343], "panel_size": 268569, "panel_aspectRatio": 2.282798833819242, "category": "Discussion", "figures": 0, "textlen": 88, "fig_size": 0, "title": "Conclusions", "textRatio": 0.1888412017167382, "figRatio": 0.0}}}