{"poster_size": 4016340, "doclen": 137, "figlen": 1560090, "section": {"1": {"xy": [245, 102, 1916, 108], "panel_size": 206928, "panel_aspectRatio": 17.74074074074074, "category": "Title", "figures": 0, "textlen": 0, "fig_size": 0, "title": "Crime Prediction and Classification in San Francisco City", "textRatio": 0.0, "figRatio": 0.0}, "2": {"xy": [112, 391, 654, 261], "panel_size": 170694, "panel_aspectRatio": 2.5057471264367814, "category": "Introduction", "figures": 0, "textlen": 53, "fig_size": 0, "title": "Introduction", "textRatio": 0.38686131386861317, "figRatio": 0.0}, "4": {"xy": [118, 671, 651, 963], "panel_size": 626913, "panel_aspectRatio": 0.67601246105919, "category": "Method", "figures": 2, "textlen": 9, "fig_size": 436078, "title": "Initial Approach", "5": {"fig_size": 172840, "fig_aspectRatio": 2.0551724137931036, "fig_size_poster": 0.9155145929339478}, "7": {"fig_size": 263238, "fig_aspectRatio": 1.3721461187214612, "fig_size_poster": 0.9231950844854071}, "textRatio": 0.06569343065693431, "figRatio": 0.2795210532725676}, "8": {"xy": [823, 383, 744, 600], "panel_size": 446400, "panel_aspectRatio": 1.24, "category": "Method", "figures": 1, "textlen": 0, "fig_size": 316589, "title": "Collapse Classes", "9": {"fig_size": 316589, "fig_aspectRatio": 1.2816901408450705, "fig_size_poster": 0.8561827956989247}, "textRatio": 0.0, "figRatio": 0.2029299591690223}, "10": {"xy": [819, 1013, 746, 626], "panel_size": 466996, "panel_aspectRatio": 1.1916932907348243, "category": "Method", "figures": 1, "textlen": 53, "fig_size": 162396, "title": "Data Enriching", "12": {"fig_size": 162396, "fig_aspectRatio": 2.965811965811966, "fig_size_poster": 0.9302949061662198}, "textRatio": 0.38686131386861317, "figRatio": 0.10409399457723593}, "14": {"xy": [1617, 386, 690, 1256], "panel_size": 866640, "panel_aspectRatio": 0.5493630573248408, "category": "Result", "figures": 3, "textlen": 22, "fig_size": 645027, "title": "Results", "16": {"fig_size": 142080, "fig_aspectRatio": 2.8828828828828827, "fig_size_poster": 0.927536231884058}, "17": {"fig_size": 137361, "fig_aspectRatio": 2.9170506912442398, "fig_size_poster": 0.9173913043478261}, "18": {"fig_size": 365586, "fig_aspectRatio": 1.1699463327370303, "fig_size_poster": 0.9478260869565217}, "textRatio": 0.16058394160583941, "figRatio": 0.41345499298117416}}}