{"poster_size": 3110400, "doclen": 526, "figlen": 482561, "section": {"1": {"xy": [265, 54, 1631, 163], "panel_size": 265853, "panel_aspectRatio": 10.006134969325153, "category": "Title", "figures": 0, "textlen": 0, "fig_size": 0, "title": "Exploration of Anomaly detection in CCTV footage\nComputerVision", "textRatio": 0.0, "figRatio": 0.0}, "2": {"xy": [67, 320, 475, 316], "panel_size": 150100, "panel_aspectRatio": 1.5031645569620253, "category": "Introduction", "figures": 0, "textlen": 81, "fig_size": 0, "title": "Introduction", "textRatio": 0.15399239543726237, "figRatio": 0.0}, "4": {"xy": [59, 660, 485, 728], "panel_size": 353080, "panel_aspectRatio": 0.6662087912087912, "category": "Introduction", "figures": 2, "textlen": 61, "fig_size": 157588, "title": "data & features", "6": {"fig_size": 78916, "fig_aspectRatio": 2.408839779005525, "fig_size_poster": 0.8989690721649485}, "7": {"fig_size": 78672, "fig_aspectRatio": 2.539772727272727, "fig_size_poster": 0.9216494845360824}, "textRatio": 0.11596958174904944, "figRatio": 0.32656596782582925}, "9": {"xy": [590, 340, 497, 531], "panel_size": 263907, "panel_aspectRatio": 0.935969868173258, "category": "Method", "figures": 1, "textlen": 87, "fig_size": 45582, "title": "Methods-model", "11": {"fig_size": 45582, "fig_aspectRatio": 3.9813084112149535, "fig_size_poster": 0.8571428571428571}, "textRatio": 0.16539923954372623, "figRatio": 0.09445852441452998}, "13": {"xy": [590, 897, 480, 506], "panel_size": 242880, "panel_aspectRatio": 0.9486166007905138, "category": "Method", "figures": 0, "textlen": 116, "fig_size": 0, "title": "Methods-explanation  tools", "textRatio": 0.22053231939163498, "figRatio": 0.0}, "15": {"xy": [1121, 334, 495, 1054], "panel_size": 521730, "panel_aspectRatio": 0.4696394686907021, "category": "Result", "figures": 3, "textlen": 73, "fig_size": 240910, "title": "Preliminary Results", "17": {"fig_size": 78480, "fig_aspectRatio": 2.422222222222222, "fig_size_poster": 0.8808080808080808}, "18": {"fig_size": 84600, "fig_aspectRatio": 2.393617021276596, "fig_size_poster": 0.9090909090909091}, "19": {"fig_size": 77830, "fig_aspectRatio": 2.3756906077348066, "fig_size_poster": 0.8686868686868687}, "textRatio": 0.13878326996197718, "figRatio": 0.4992322214186393}, "21": {"xy": [1637, 331, 483, 324], "panel_size": 156492, "panel_aspectRatio": 1.4907407407407407, "category": "Discussion", "figures": 0, "textlen": 61, "fig_size": 0, "title": "Discussion", "textRatio": 0.11596958174904944, "figRatio": 0.0}, "23": {"xy": [1632, 669, 489, 393], "panel_size": 192177, "panel_aspectRatio": 1.2442748091603053, "category": "Discussion", "figures": 1, "textlen": 47, "fig_size": 38481, "title": "Future", "25": {"fig_size": 38481, "fig_aspectRatio": 2.3858267716535435, "fig_size_poster": 0.6196319018404908}, "textRatio": 0.08935361216730038, "figRatio": 0.07974328634100145}}}