{"poster_size": 4478976, "doclen": 351, "figlen": 926972, "section": {"0": {"xy": [501, 43, 1544, 82], "panel_size": 126608, "panel_aspectRatio": 18.829268292682926, "category": "Title", "figures": 0, "textlen": 0, "fig_size": 0, "title": "Exploration of Reinforcement Learning to SNAKE", "textRatio": 0.0, "figRatio": 0.0}, "1": {"xy": [31, 328, 844, 451], "panel_size": 380644, "panel_aspectRatio": 1.8713968957871396, "category": "Introduction", "figures": 0, "textlen": 87, "fig_size": 0, "title": "Abstract", "textRatio": 0.24786324786324787, "figRatio": 0.0}, "3": {"xy": [31, 815, 852, 841], "panel_size": 716532, "panel_aspectRatio": 1.0130796670630202, "category": "Method", "figures": 3, "textlen": 58, "fig_size": 277630, "title": "Methods", "4": {"fig_size": 136396, "fig_aspectRatio": 4.6104651162790695, "fig_size_poster": 0.9307511737089202}, "5": {"fig_size": 54594, "fig_aspectRatio": 8.320987654320987, "fig_size_poster": 0.7910798122065728}, "6": {"fig_size": 86640, "fig_aspectRatio": 6.666666666666667, "fig_size_poster": 0.892018779342723}, "textRatio": 0.16524216524216523, "figRatio": 0.2995020345814113}, "9": {"xy": [919, 329, 963, 1328], "panel_size": 1278864, "panel_aspectRatio": 0.7251506024096386, "category": "Result", "figures": 4, "textlen": 92, "fig_size": 649342, "title": "Evaluation", "10": {"fig_size": 172542, "fig_aspectRatio": 1.1580310880829014, "fig_size_poster": 0.46417445482866043}, "11": {"fig_size": 169260, "fig_aspectRatio": 1.1128205128205129, "fig_size_poster": 0.45067497403946}, "13": {"fig_size": 166964, "fig_aspectRatio": 1.3174157303370786, "fig_size_poster": 0.48701973001038423}, "14": {"fig_size": 140576, "fig_aspectRatio": 1.0380434782608696, "fig_size_poster": 0.39667705088265837}, "textRatio": 0.2621082621082621, "figRatio": 0.7004979654185887}, "18": {"xy": [1901, 329, 647, 503], "panel_size": 325441, "panel_aspectRatio": 1.286282306163022, "category": "Result", "figures": 0, "textlen": 53, "fig_size": 0, "title": "Observation&Analysis", "textRatio": 0.150997150997151, "figRatio": 0.0}, "20": {"xy": [1916, 865, 605, 401], "panel_size": 242605, "panel_aspectRatio": 1.5087281795511223, "category": "Discussion", "figures": 0, "textlen": 35, "fig_size": 0, "title": "Discussion", "textRatio": 0.09971509971509972, "figRatio": 0.0}, "23": {"xy": [1916, 1351, 609, 298], "panel_size": 181482, "panel_aspectRatio": 2.0436241610738257, "category": "Discussion", "figures": 0, "textlen": 26, "fig_size": 0, "title": "Related Work", "textRatio": 0.07407407407407407, "figRatio": 0.0}}}