{"poster_size": 4478976, "doclen": 145, "figlen": 1621739, "section": {"1": {"xy": [697, 28, 1196, 92], "panel_size": 110032, "panel_aspectRatio": 13.0, "category": "Title", "figures": 0, "textlen": 0, "fig_size": 0, "title": "ldentifying Industries in Economic Networks", "textRatio": 0.0, "figRatio": 0.0}, "2": {"xy": [14, 217, 866, 1508], "panel_size": 1305928, "panel_aspectRatio": 0.5742705570291777, "category": "Introduction", "figures": 3, "textlen": 35, "fig_size": 647058, "title": "Introduction", "4": {"fig_size": 99298, "fig_aspectRatio": 5.786259541984733, "fig_size_poster": 0.8752886836027713}, "5": {"fig_size": 248460, "fig_aspectRatio": 2.706270627062706, "fig_size_poster": 0.9468822170900693}, "6": {"fig_size": 299300, "fig_aspectRatio": 2.2465753424657535, "fig_size_poster": 0.9468822170900693}, "textRatio": 0.2413793103448276, "figRatio": 0.39899021975792653}, "7": {"xy": [887, 208, 836, 1513], "panel_size": 1264868, "panel_aspectRatio": 0.5525446133509584, "category": "Method", "figures": 3, "textlen": 47, "fig_size": 528248, "title": "Methods", "11": {"fig_size": 87150, "fig_aspectRatio": 1.9761904761904763, "fig_size_poster": 0.4964114832535885}, "12": {"fig_size": 225362, "fig_aspectRatio": 2.8540925266903914, "fig_size_poster": 0.9593301435406698}, "14": {"fig_size": 215736, "fig_aspectRatio": 1.702247191011236, "fig_size_poster": 0.7248803827751196}, "textRatio": 0.32413793103448274, "figRatio": 0.32572935595678465}, "15": {"xy": [1736, 205, 851, 996], "panel_size": 847596, "panel_aspectRatio": 0.8544176706827309, "category": "Result", "figures": 2, "textlen": 18, "fig_size": 446433, "title": "Results", "16": {"fig_size": 192192, "fig_aspectRatio": 3.601731601731602, "fig_size_poster": 0.9776733254994124}, "17": {"fig_size": 254241, "fig_aspectRatio": 0.8949343339587242, "fig_size_poster": 0.5605170387779084}, "textRatio": 0.12413793103448276, "figRatio": 0.2752804242852888}, "20": {"xy": [1735, 1211, 856, 483], "panel_size": 413448, "panel_aspectRatio": 1.7722567287784678, "category": "Discussion", "figures": 0, "textlen": 45, "fig_size": 0, "title": "Discussion & Future Work", "textRatio": 0.3103448275862069, "figRatio": 0.0}}}