{"poster_size": 4478976, "doclen": 466, "figlen": 1181071, "section": {"1": {"xy": [389, 27, 1849, 85], "panel_size": 157165, "panel_aspectRatio": 21.75294117647059, "category": "Title", "figures": 0, "textlen": 0, "fig_size": 0, "title": "Traffic-Signal Control in Real-World Environments", "textRatio": 0.0, "figRatio": 0.0}, "2": {"xy": [27, 270, 715, 346], "panel_size": 247390, "panel_aspectRatio": 2.066473988439306, "category": "Introduction", "figures": 1, "textlen": 38, "fig_size": 63684, "title": "Motivation", "3": {"fig_size": 63684, "fig_aspectRatio": 0.9348659003831418, "fig_size_poster": 0.3412587412587413}, "textRatio": 0.0815450643776824, "figRatio": 0.05392055177038468}, "4": {"xy": [31, 627, 711, 413], "panel_size": 293643, "panel_aspectRatio": 1.721549636803874, "category": "Method", "figures": 1, "textlen": 64, "fig_size": 52877, "title": "Primary Model", "6": {"fig_size": 52877, "fig_aspectRatio": 1.2105263157894737, "fig_size_poster": 0.3558368495077356}, "textRatio": 0.13733905579399142, "figRatio": 0.044770382136213656}, "7": {"xy": [753, 276, 776, 756], "panel_size": 586656, "panel_aspectRatio": 1.0264550264550265, "category": "Method", "figures": 0, "textlen": 84, "fig_size": 0, "title": "Q-learning with feature-based light dependencies", "textRatio": 0.18025751072961374, "figRatio": 0.0}, "9": {"xy": [1538, 274, 1042, 756], "panel_size": 787752, "panel_aspectRatio": 1.3783068783068784, "category": "Method", "figures": 2, "textlen": 71, "fig_size": 422193, "title": "Multi-agent Q-learning with ICM", "11": {"fig_size": 102068, "fig_aspectRatio": 0.978328173374613, "fig_size_poster": 0.30326295585412666}, "12": {"fig_size": 320125, "fig_aspectRatio": 3.0307692307692307, "fig_size_poster": 0.9452975047984645}, "textRatio": 0.15236051502145923, "figRatio": 0.3574662319200116}, "13": {"xy": [26, 1050, 1745, 646], "panel_size": 1127270, "panel_aspectRatio": 2.7012383900928794, "category": "Result", "figures": 3, "textlen": 139, "fig_size": 577049, "title": "Results and Error Analysis", "15": {"fig_size": 286720, "fig_aspectRatio": 1.4285714285714286, "fig_size_poster": 0.3667621776504298}, "17": {"fig_size": 124188, "fig_aspectRatio": 1.8091603053435115, "fig_size_poster": 0.27163323782234955}, "18": {"fig_size": 166141, "fig_aspectRatio": 1.4629080118694362, "fig_size_poster": 0.2825214899713467}, "textRatio": 0.2982832618025751, "figRatio": 0.48858112679085336}, "20": {"xy": [1786, 1052, 794, 442], "panel_size": 350948, "panel_aspectRatio": 1.7963800904977376, "category": "Result", "figures": 1, "textlen": 70, "fig_size": 65268, "title": "Conclusions", "22": {"fig_size": 65268, "fig_aspectRatio": 1.6989795918367347, "fig_size_poster": 0.4193954659949622}, "textRatio": 0.15021459227467812, "figRatio": 0.0552617073825367}}}