{"poster_size": 3877632, "doclen": 271, "figlen": 1616885, "section": {"1": {"xy": [283, 18, 1967, 171], "panel_size": 336357, "panel_aspectRatio": 11.502923976608187, "category": "Title", "figures": 0, "textlen": 0, "fig_size": 0, "title": "White Christmas: Remaking Augmented Reality Censorship from Black Mirror with Identity-Preserving Instance Segmentationv", "textRatio": 0.0, "figRatio": 0.0}, "2": {"xy": [16, 304, 689, 431], "panel_size": 296959, "panel_aspectRatio": 1.5986078886310904, "category": "Introduction", "figures": 1, "textlen": 27, "fig_size": 97869, "title": "Introduction", "3": {"fig_size": 97869, "fig_aspectRatio": 0.9380804953560371, "fig_size_poster": 0.4397677793904209}, "textRatio": 0.0996309963099631, "figRatio": 0.06052935119071548}, "5": {"xy": [25, 757, 673, 785], "panel_size": 528305, "panel_aspectRatio": 0.8573248407643312, "category": "Method", "figures": 1, "textlen": 0, "fig_size": 472140, "title": "Method", "6": {"fig_size": 472140, "fig_aspectRatio": 0.8811475409836066, "fig_size_poster": 0.9583952451708767}, "textRatio": 0.0, "figRatio": 0.2920059249730191}, "7": {"xy": [723, 302, 1007, 1250], "panel_size": 1258750, "panel_aspectRatio": 0.8056, "category": "Result", "figures": 9, "textlen": 148, "fig_size": 752830, "title": "Results", "9": {"fig_size": 12750, "fig_aspectRatio": 5.1, "fig_size_poster": 0.253227408142999}, "10": {"fig_size": 7831, "fig_aspectRatio": 4.658536585365853, "fig_size_poster": 0.18967229394240318}, "11": {"fig_size": 6586, "fig_aspectRatio": 4.8108108108108105, "fig_size_poster": 0.17676266137040714}, "13": {"fig_size": 118902, "fig_aspectRatio": 1.6804511278195489, "fig_size_poster": 0.4438927507447865}, "14": {"fig_size": 67348, "fig_aspectRatio": 3.033557046979866, "fig_size_poster": 0.44885799404170806}, "15": {"fig_size": 81524, "fig_aspectRatio": 2.5730337078651684, "fig_size_poster": 0.4548162859980139}, "18": {"fig_size": 221760, "fig_aspectRatio": 1.2571428571428571, "fig_size_poster": 0.5243296921549155}, "19": {"fig_size": 70642, "fig_aspectRatio": 3.4545454545454546, "fig_size_poster": 0.49056603773584906}, "20": {"fig_size": 165487, "fig_aspectRatio": 1.5288753799392096, "fig_size_poster": 0.49950347567030784}, "textRatio": 0.5461254612546126, "figRatio": 0.4656051605401745}, "21": {"xy": [1742, 307, 688, 377], "panel_size": 259376, "panel_aspectRatio": 1.8249336870026525, "category": "Result", "figures": 1, "textlen": 0, "fig_size": 232112, "title": "Results (cont.)", "22": {"fig_size": 232112, "fig_aspectRatio": 1.8314606741573034, "fig_size_poster": 0.9476744186046512}, "textRatio": 0.0, "figRatio": 0.14355504565878216}, "24": {"xy": [1750, 703, 671, 536], "panel_size": 359656, "panel_aspectRatio": 1.251865671641791, "category": "Discussion", "figures": 1, "textlen": 62, "fig_size": 61934, "title": "Discussion", "26": {"fig_size": 61934, "fig_aspectRatio": 0.5173410404624278, "fig_size_poster": 0.2667660208643815}, "textRatio": 0.22878228782287824, "figRatio": 0.03830451763730878}, "27": {"xy": [1753, 1260, 671, 290], "panel_size": 194590, "panel_aspectRatio": 2.3137931034482757, "category": "Discussion", "figures": 0, "textlen": 34, "fig_size": 0, "title": "Conclusion", "textRatio": 0.12546125461254612, "figRatio": 0.0}}}