{"poster_size": 3110400, "doclen": 233, "figlen": 1107617, "section": {"0": {"xy": [643, 36, 1025, 59], "panel_size": 60475, "panel_aspectRatio": 17.372881355932204, "category": "Title", "figures": 0, "textlen": 0, "fig_size": 0, "title": "Finding Your WAY, Courtesy of Machine Learning", "textRatio": 0.0, "figRatio": 0.0}, "1": {"xy": [18, 184, 687, 143], "panel_size": 98241, "panel_aspectRatio": 4.804195804195804, "category": "Introduction", "figures": 0, "textlen": 18, "fig_size": 0, "title": "Motivation", "textRatio": 0.07725321888412018, "figRatio": 0.0}, "4": {"xy": [29, 341, 682, 172], "panel_size": 117304, "panel_aspectRatio": 3.9651162790697674, "category": "Introduction", "figures": 0, "textlen": 26, "fig_size": 0, "title": "Background", "textRatio": 0.11158798283261803, "figRatio": 0.0}, "6": {"xy": [31, 520, 677, 227], "panel_size": 153679, "panel_aspectRatio": 2.9823788546255505, "category": "Introduction", "figures": 0, "textlen": 39, "fig_size": 0, "title": "Problem Statement", "textRatio": 0.16738197424892703, "figRatio": 0.0}, "9": {"xy": [11, 756, 697, 200], "panel_size": 139400, "panel_aspectRatio": 3.485, "category": "Introduction", "figures": 0, "textlen": 38, "fig_size": 0, "title": "Dataset", "textRatio": 0.1630901287553648, "figRatio": 0.0}, "11": {"xy": [21, 963, 691, 123], "panel_size": 84993, "panel_aspectRatio": 5.617886178861789, "category": "Method", "figures": 1, "textlen": 0, "fig_size": 24675, "title": "Evaluation Metric: Hamming Error", "12": {"fig_size": 24675, "fig_aspectRatio": 4.386666666666667, "fig_size_poster": 0.4761215629522431}, "textRatio": 0.0, "figRatio": 0.022277556231079878}, "13": {"xy": [18, 1095, 683, 341], "panel_size": 232903, "panel_aspectRatio": 2.002932551319648, "category": "Method", "figures": 1, "textlen": 10, "fig_size": 139860, "title": "Baseline Models", "15": {"fig_size": 139860, "fig_aspectRatio": 2.8378378378378377, "fig_size_poster": 0.9224011713030746}, "textRatio": 0.04291845493562232, "figRatio": 0.12627108467999318}, "16": {"xy": [725, 190, 746, 374], "panel_size": 279004, "panel_aspectRatio": 1.9946524064171123, "category": "Method", "figures": 2, "textlen": 5, "fig_size": 178778, "title": "OneVsRest Support Vector Machines", "18": {"fig_size": 86978, "fig_aspectRatio": 1.1335740072202165, "fig_size_poster": 0.42091152815013405}, "19": {"fig_size": 91800, "fig_aspectRatio": 1.2592592592592593, "fig_size_poster": 0.45576407506702415}, "textRatio": 0.02145922746781116, "figRatio": 0.16140777904275574}, "20": {"xy": [729, 581, 714, 425], "panel_size": 303450, "panel_aspectRatio": 1.68, "category": "Method", "figures": 2, "textlen": 8, "fig_size": 212842, "title": "Dimensionality Reduction with PCA", "22": {"fig_size": 108514, "fig_aspectRatio": 1.046583850931677, "fig_size_poster": 0.47198879551820727}, "23": {"fig_size": 104328, "fig_aspectRatio": 1.0062111801242235, "fig_size_poster": 0.453781512605042}, "textRatio": 0.034334763948497854, "figRatio": 0.19216209213112476}, "24": {"xy": [732, 1024, 343, 399], "panel_size": 136857, "panel_aspectRatio": 0.8596491228070176, "category": "Result", "figures": 1, "textlen": 5, "fig_size": 83485, "title": "Independence", "26": {"fig_size": 83485, "fig_aspectRatio": 1.0424028268551238, "fig_size_poster": 0.8600583090379009}, "textRatio": 0.02145922746781116, "figRatio": 0.07537352713076813}, "27": {"xy": [1092, 1019, 371, 415], "panel_size": 153965, "panel_aspectRatio": 0.8939759036144578, "category": "Result", "figures": 1, "textlen": 7, "fig_size": 87535, "title": "BoosTexter", "29": {"fig_size": 87535, "fig_aspectRatio": 1.0627177700348431, "fig_size_poster": 0.8221024258760108}, "textRatio": 0.030042918454935622, "figRatio": 0.07903002572188762}, "30": {"xy": [1478, 184, 681, 832], "panel_size": 566592, "panel_aspectRatio": 0.8185096153846154, "category": "Method", "figures": 3, "textlen": 54, "fig_size": 280812, "title": "Neural Sequential Models", "31": {"fig_size": 100362, "fig_aspectRatio": 1.5077519379844961, "fig_size_poster": 0.5712187958883994}, "33": {"fig_size": 97350, "fig_aspectRatio": 1.2872727272727273, "fig_size_poster": 0.5198237885462555}, "34": {"fig_size": 83100, "fig_aspectRatio": 1.0830324909747293, "fig_size_poster": 0.44052863436123346}, "textRatio": 0.2317596566523605, "figRatio": 0.2535280697208512}, "35": {"xy": [1481, 1021, 588, 271], "panel_size": 159348, "panel_aspectRatio": 2.169741697416974, "category": "Result", "figures": 1, "textlen": 0, "fig_size": 99630, "title": "Comparison of All Models", "36": {"fig_size": 99630, "fig_aspectRatio": 1.6872427983539096, "fig_size_poster": 0.6972789115646258}, "textRatio": 0.0, "figRatio": 0.08994986534153954}, "37": {"xy": [1468, 1293, 684, 142], "panel_size": 97128, "panel_aspectRatio": 4.816901408450704, "category": "Discussion", "figures": 0, "textlen": 23, "fig_size": 0, "title": "Future Directions", "textRatio": 0.09871244635193133, "figRatio": 0.0}}}