{"poster_size": 3110400, "doclen": 130, "figlen": 1198466, "section": {"1": {"xy": [596, 63, 1008, 62], "panel_size": 62496, "panel_aspectRatio": 16.258064516129032, "category": "Title", "figures": 0, "textlen": 0, "fig_size": 0, "title": "CS 229 Project: Similar Language Detection", "textRatio": 0.0, "figRatio": 0.0}, "2": {"xy": [40, 215, 940, 307], "panel_size": 288580, "panel_aspectRatio": 3.0618892508143323, "category": "Introduction", "figures": 0, "textlen": 45, "fig_size": 0, "title": "Introduction", "textRatio": 0.34615384615384615, "figRatio": 0.0}, "3": {"xy": [39, 535, 939, 872], "panel_size": 818808, "panel_aspectRatio": 1.076834862385321, "category": "Method", "figures": 1, "textlen": 50, "fig_size": 390055, "title": "Method", "5": {"fig_size": 390055, "fig_aspectRatio": 2.0997679814385153, "fig_size_poster": 0.9637912673056444}, "textRatio": 0.38461538461538464, "figRatio": 0.3254618821059588}, "6": {"xy": [997, 212, 669, 1178], "panel_size": 788082, "panel_aspectRatio": 0.5679117147707979, "category": "Result", "figures": 3, "textlen": 35, "fig_size": 378666, "title": "Results", "9": {"fig_size": 85848, "fig_aspectRatio": 1.0068493150684932, "fig_size_poster": 0.43946188340807174}, "10": {"fig_size": 85536, "fig_aspectRatio": 1.03125, "fig_size_poster": 0.4439461883408072}, "11": {"fig_size": 207282, "fig_aspectRatio": 1.6173184357541899, "fig_size_poster": 0.8654708520179372}, "textRatio": 0.2692307692307692, "figRatio": 0.3159589007948494}, "12": {"xy": [1699, 207, 440, 1209], "panel_size": 531960, "panel_aspectRatio": 0.3639371381306865, "category": "Method", "figures": 4, "textlen": 0, "fig_size": 429745, "title": "Regularization constant and feature scoring", "13": {"fig_size": 115227, "fig_aspectRatio": 1.4802867383512546, "fig_size_poster": 0.9386363636363636}, "14": {"fig_size": 118958, "fig_aspectRatio": 1.3856655290102389, "fig_size_poster": 0.9227272727272727}, "15": {"fig_size": 74888, "fig_aspectRatio": 2.2119565217391304, "fig_size_poster": 0.925}, "16": {"fig_size": 120672, "fig_aspectRatio": 1.4548611111111112, "fig_size_poster": 0.9522727272727273}, "textRatio": 0.0, "figRatio": 0.3585792170991918}}}