{"poster_size": 10077696, "doclen": 515, "figlen": 2476699, "section": {"1": {"xy": [1385, 14, 1127, 95], "panel_size": 107065, "panel_aspectRatio": 11.863157894736842, "category": "Title", "figures": 0, "textlen": 0, "fig_size": 0, "title": "Personal Conversation Model", "textRatio": 0.0, "figRatio": 0.0}, "2": {"xy": [34, 347, 1230, 1500], "panel_size": 1845000, "panel_aspectRatio": 0.82, "category": "Method", "figures": 1, "textlen": 92, "fig_size": 960348, "title": "Method: Recurrent Statistical Mode", "4": {"fig_size": 960348, "fig_aspectRatio": 1.3675417661097853, "fig_size_poster": 0.9317073170731708}, "textRatio": 0.1786407766990291, "figRatio": 0.3877532150656983}, "5": {"xy": [23, 1882, 1224, 576], "panel_size": 705024, "panel_aspectRatio": 2.125, "category": "Method", "figures": 0, "textlen": 61, "fig_size": 0, "title": "Other Methods Attempted", "textRatio": 0.11844660194174757, "figRatio": 0.0}, "7": {"xy": [1304, 339, 1308, 2152], "panel_size": 2814816, "panel_aspectRatio": 0.6078066914498141, "category": "Introduction", "figures": 0, "textlen": 289, "fig_size": 0, "title": "Examples", "textRatio": 0.5611650485436893, "figRatio": 0.0}, "12": {"xy": [2652, 366, 1174, 2079], "panel_size": 2440746, "panel_aspectRatio": 0.5646945646945647, "category": "Result", "figures": 4, "textlen": 73, "fig_size": 1516351, "title": "Results", "15": {"fig_size": 374000, "fig_aspectRatio": 2.070588235294118, "fig_size_poster": 0.7495741056218058}, "16": {"fig_size": 631686, "fig_aspectRatio": 1.9928952042628774, "fig_size_poster": 0.9557069846678024}, "17": {"fig_size": 264440, "fig_aspectRatio": 1.365909090909091, "fig_size_poster": 0.5119250425894378}, "18": {"fig_size": 246225, "fig_aspectRatio": 1.1194029850746268, "fig_size_poster": 0.44718909710391824}, "textRatio": 0.141747572815534, "figRatio": 0.6122467849343016}}}