{"poster_size": 3110400, "doclen": 664, "figlen": 447695, "section": {"1": {"xy": [768, 18, 630, 68], "panel_size": 42840, "panel_aspectRatio": 9.264705882352942, "category": "Title", "figures": 0, "textlen": 0, "fig_size": 0, "title": "Music Composition with RNN", "textRatio": 0.0, "figRatio": 0.0}, "2": {"xy": [9, 221, 520, 759], "panel_size": 394680, "panel_aspectRatio": 0.6851119894598156, "category": "Introduction", "figures": 0, "textlen": 223, "fig_size": 0, "title": "PREDICTING", "textRatio": 0.3358433734939759, "figRatio": 0.0}, "6": {"xy": [14, 983, 512, 423], "panel_size": 216576, "panel_aspectRatio": 1.210401891252955, "category": "Introduction", "figures": 0, "textlen": 85, "fig_size": 0, "title": "FEATURES", "textRatio": 0.1280120481927711, "figRatio": 0.0}, "8": {"xy": [546, 221, 1055, 692], "panel_size": 730060, "panel_aspectRatio": 1.5245664739884393, "category": "Method", "figures": 3, "textlen": 123, "fig_size": 260336, "title": "MODEL", "10": {"fig_size": 34316, "fig_aspectRatio": 4.054347826086956, "fig_size_poster": 0.35355450236966823}, "12": {"fig_size": 133194, "fig_aspectRatio": 1.686832740213523, "fig_size_poster": 0.4492890995260663}, "14": {"fig_size": 92826, "fig_aspectRatio": 2.5445026178010473, "fig_size_poster": 0.4606635071090047}, "textRatio": 0.1852409638554217, "figRatio": 0.5815030321982599}, "15": {"xy": [558, 933, 1043, 457], "panel_size": 476651, "panel_aspectRatio": 2.2822757111597376, "category": "Result", "figures": 2, "textlen": 79, "fig_size": 187359, "title": "RESULTS", "16": {"fig_size": 150720, "fig_aspectRatio": 6.114649681528663, "fig_size_poster": 0.9204218600191755}, "18": {"fig_size": 36639, "fig_aspectRatio": 7.695652173913044, "fig_size_poster": 0.5091083413231065}, "textRatio": 0.11897590361445783, "figRatio": 0.41849696780174}, "20": {"xy": [1621, 204, 523, 494], "panel_size": 258362, "panel_aspectRatio": 1.0587044534412955, "category": "Discussion", "figures": 0, "textlen": 101, "fig_size": 0, "title": "DISCUSSION", "textRatio": 0.15210843373493976, "figRatio": 0.0}, "22": {"xy": [1626, 706, 511, 217], "panel_size": 110887, "panel_aspectRatio": 2.3548387096774195, "category": "Discussion", "figures": 0, "textlen": 53, "fig_size": 0, "title": "FUTURE WORK", "textRatio": 0.07981927710843373, "figRatio": 0.0}}}