{"poster_size": 4478976, "doclen": 390, "figlen": 729550, "section": {"0": {"xy": [297, 88, 2103, 110], "panel_size": 231330, "panel_aspectRatio": 19.118181818181817, "category": "Title", "figures": 0, "textlen": 0, "fig_size": 0, "title": "Application Testing of Generative Adversarial Privacy", "textRatio": 0.0, "figRatio": 0.0}, "1": {"xy": [63, 308, 606, 550], "panel_size": 333300, "panel_aspectRatio": 1.1018181818181818, "category": "Introduction", "figures": 0, "textlen": 76, "fig_size": 0, "title": "Background and Motivation", "textRatio": 0.19487179487179487, "figRatio": 0.0}, "3": {"xy": [52, 886, 630, 384], "panel_size": 241920, "panel_aspectRatio": 1.640625, "category": "Introduction", "figures": 0, "textlen": 45, "fig_size": 0, "title": "Problem Statement", "textRatio": 0.11538461538461539, "figRatio": 0.0}, "6": {"xy": [63, 1286, 600, 326], "panel_size": 195600, "panel_aspectRatio": 1.8404907975460123, "category": "Introduction", "figures": 0, "textlen": 31, "fig_size": 0, "title": "Data Preprocessing", "textRatio": 0.07948717948717948, "figRatio": 0.0}, "8": {"xy": [693, 310, 596, 1354], "panel_size": 806984, "panel_aspectRatio": 0.4401772525849335, "category": "Method", "figures": 1, "textlen": 107, "fig_size": 144606, "title": "The Model", "10": {"fig_size": 144606, "fig_aspectRatio": 1.476038338658147, "fig_size_poster": 0.7751677852348994}, "textRatio": 0.2743589743589744, "figRatio": 0.19821259680625042}, "12": {"xy": [1308, 312, 1202, 985], "panel_size": 1183970, "panel_aspectRatio": 1.2203045685279188, "category": "Result", "figures": 5, "textlen": 83, "fig_size": 584944, "title": "Results and Discussion", "13": {"fig_size": 188760, "fig_aspectRatio": 6.933333333333334, "fig_size_poster": 0.9517470881863561}, "15": {"fig_size": 98250, "fig_aspectRatio": 1.572, "fig_size_poster": 0.326955074875208}, "16": {"fig_size": 94605, "fig_aspectRatio": 1.4549019607843137, "fig_size_poster": 0.3086522462562396}, "17": {"fig_size": 116801, "fig_aspectRatio": 1.5904059040590406, "fig_size_poster": 0.35856905158069885}, "18": {"fig_size": 86528, "fig_aspectRatio": 1.3203125, "fig_size_poster": 0.281198003327787}, "textRatio": 0.2128205128205128, "figRatio": 0.8017874031937495}, "19": {"xy": [1300, 1323, 604, 320], "panel_size": 193280, "panel_aspectRatio": 1.8875, "category": "Discussion", "figures": 0, "textlen": 48, "fig_size": 0, "title": "Future Work", "textRatio": 0.12307692307692308, "figRatio": 0.0}}}