{"poster_size": 3110400, "doclen": 383, "figlen": 601161, "section": {"1": {"xy": [366, 27, 1484, 82], "panel_size": 121688, "panel_aspectRatio": 18.097560975609756, "category": "Title", "figures": 0, "textlen": 0, "fig_size": 0, "title": "Using Capsule Networks to Disarm Adversarial Attacks", "textRatio": 0.0, "figRatio": 0.0}, "2": {"xy": [8, 237, 634, 299], "panel_size": 189566, "panel_aspectRatio": 2.120401337792642, "category": "Introduction", "figures": 0, "textlen": 55, "fig_size": 0, "title": "Introduction & Motivation", "textRatio": 0.14360313315926893, "figRatio": 0.0}, "4": {"xy": [12, 539, 640, 350], "panel_size": 224000, "panel_aspectRatio": 1.8285714285714285, "category": "Method", "figures": 0, "textlen": 65, "fig_size": 0, "title": "Approach", "textRatio": 0.16971279373368145, "figRatio": 0.0}, "6": {"xy": [11, 898, 641, 535], "panel_size": 342935, "panel_aspectRatio": 1.1981308411214953, "category": "Method", "figures": 2, "textlen": 61, "fig_size": 134062, "title": "Adversarial Attacks", "7": {"fig_size": 64798, "fig_aspectRatio": 1.977900552486188, "fig_size_poster": 0.5585023400936038}, "10": {"fig_size": 69264, "fig_aspectRatio": 5.621621621621622, "fig_size_poster": 0.9734789391575663}, "textRatio": 0.15926892950391644, "figRatio": 0.2230051516981308}, "11": {"xy": [662, 240, 773, 667], "panel_size": 515591, "panel_aspectRatio": 1.158920539730135, "category": "Method", "figures": 1, "textlen": 52, "fig_size": 186714, "title": "Model and Architecture", "12": {"fig_size": 186714, "fig_aspectRatio": 3.0853658536585367, "fig_size_poster": 0.981888745148771}, "textRatio": 0.13577023498694518, "figRatio": 0.31058901026513697}, "14": {"xy": [659, 913, 771, 511], "panel_size": 393981, "panel_aspectRatio": 1.5088062622309197, "category": "Result", "figures": 1, "textlen": 34, "fig_size": 199867, "title": "Results", "16": {"fig_size": 199867, "fig_aspectRatio": 2.7620817843866172, "fig_size_poster": 0.9636835278858625}, "textRatio": 0.08877284595300261, "figRatio": 0.3324683404279386}, "17": {"xy": [1448, 238, 702, 564], "panel_size": 395928, "panel_aspectRatio": 1.2446808510638299, "category": "Discussion", "figures": 1, "textlen": 50, "fig_size": 80518, "title": "Analysis and Discussion", "19": {"fig_size": 80518, "fig_aspectRatio": 4.9921259842519685, "fig_size_poster": 0.9031339031339032}, "textRatio": 0.13054830287206268, "figRatio": 0.13393749760879364}, "20": {"xy": [1441, 818, 708, 418], "panel_size": 295944, "panel_aspectRatio": 1.69377990430622, "category": "Discussion", "figures": 0, "textlen": 66, "fig_size": 0, "title": "Future Work & Discussion", "textRatio": 0.17232375979112272, "figRatio": 0.0}}}