{"poster_size": 484704, "doclen": 127, "figlen": 205230, "section": {"1": {"xy": [247, 58, 302, 23], "panel_size": 6946, "panel_aspectRatio": 13.130434782608695, "category": "Title", "figures": 0, "textlen": 0, "fig_size": 0, "title": "Bitcoin UTXO Lifespan Prediction", "textRatio": 0.0, "figRatio": 0.0}, "2": {"xy": [26, 116, 244, 151], "panel_size": 36844, "panel_aspectRatio": 1.6158940397350994, "category": "Introduction", "figures": 1, "textlen": 18, "fig_size": 20646, "title": "Motivating", "3": {"fig_size": 20646, "fig_aspectRatio": 2.3870967741935485, "fig_size_poster": 0.9098360655737705}, "textRatio": 0.14173228346456693, "figRatio": 0.1005993275836866}, "5": {"xy": [35, 271, 232, 221], "panel_size": 51272, "panel_aspectRatio": 1.0497737556561086, "category": "Method", "figures": 0, "textlen": 109, "fig_size": 0, "title": "Collecting", "textRatio": 0.8582677165354331, "figRatio": 0.0}, "7": {"xy": [269, 116, 244, 376], "panel_size": 91744, "panel_aspectRatio": 0.648936170212766, "category": "Method", "figures": 3, "textlen": 0, "fig_size": 81006, "title": "Labelling", "8": {"fig_size": 35112, "fig_aspectRatio": 1.4805194805194806, "fig_size_poster": 0.9344262295081968}, "9": {"fig_size": 23760, "fig_aspectRatio": 2.4242424242424243, "fig_size_poster": 0.9836065573770492}, "10": {"fig_size": 22134, "fig_aspectRatio": 2.5591397849462365, "fig_size_poster": 0.9754098360655737}, "textRatio": 0.0, "figRatio": 0.3947083759684257}, "11": {"xy": [515, 117, 261, 135], "panel_size": 35235, "panel_aspectRatio": 1.9333333333333333, "category": "Method", "figures": 1, "textlen": 0, "fig_size": 27346, "title": "Classifying", "12": {"fig_size": 27346, "fig_aspectRatio": 2.1415929203539825, "fig_size_poster": 0.9272030651340997}, "textRatio": 0.0, "figRatio": 0.13324562685767188}, "13": {"xy": [518, 253, 254, 238], "panel_size": 60452, "panel_aspectRatio": 1.0672268907563025, "category": "Method", "figures": 2, "textlen": 0, "fig_size": 42842, "title": "Validating", "14": {"fig_size": 25704, "fig_aspectRatio": 1.815126050420168, "fig_size_poster": 0.8503937007874016}, "15": {"fig_size": 17138, "fig_aspectRatio": 2.548780487804878, "fig_size_poster": 0.8228346456692913}, "textRatio": 0.0, "figRatio": 0.20875115723822052}, "16": {"xy": [72, 495, 656, 64], "panel_size": 41984, "panel_aspectRatio": 10.25, "category": "Method", "figures": 1, "textlen": 0, "fig_size": 33390, "title": "", "17": {"fig_size": 33390, "fig_aspectRatio": 11.88679245283019, "fig_size_poster": 0.9603658536585366}, "textRatio": 0.0, "figRatio": 0.16269551235199534}}}