{"poster_size": 4478976, "doclen": 712, "figlen": 902878, "section": {"0": {"xy": [388, 39, 1812, 86], "panel_size": 155832, "panel_aspectRatio": 21.069767441860463, "category": "Title", "figures": 0, "textlen": 0, "fig_size": 0, "title": "Adversarial Examples generation and defense Based on generative Adversarial Network", "textRatio": 0.0, "figRatio": 0.0}, "1": {"xy": [82, 246, 786, 156], "panel_size": 122616, "panel_aspectRatio": 5.038461538461538, "category": "Introduction", "figures": 0, "textlen": 48, "fig_size": 0, "title": "Abstract", "textRatio": 0.06741573033707865, "figRatio": 0.0}, "3": {"xy": [77, 431, 802, 622], "panel_size": 498844, "panel_aspectRatio": 1.2893890675241158, "category": "Introduction", "figures": 4, "textlen": 101, "fig_size": 127370, "title": "Introduction", "5": {"fig_size": 37260, "fig_aspectRatio": 2.0444444444444443, "fig_size_poster": 0.34413965087281795}, "6": {"fig_size": 32364, "fig_aspectRatio": 2.1048387096774195, "fig_size_poster": 0.3254364089775561}, "7": {"fig_size": 30261, "fig_aspectRatio": 1.7633587786259541, "fig_size_poster": 0.2880299251870324}, "8": {"fig_size": 27485, "fig_aspectRatio": 2.0782608695652174, "fig_size_poster": 0.29800498753117205}, "textRatio": 0.14185393258426968, "figRatio": 0.1410711081674379}, "10": {"xy": [900, 243, 786, 636], "panel_size": 499896, "panel_aspectRatio": 1.2358490566037736, "category": "Method", "figures": 2, "textlen": 110, "fig_size": 184729, "title": "Model", "12": {"fig_size": 162329, "fig_aspectRatio": 2.2103321033210332, "fig_size_poster": 0.7620865139949109}, "14": {"fig_size": 22400, "fig_aspectRatio": 7.142857142857143, "fig_size_poster": 0.5089058524173028}, "textRatio": 0.1544943820224719, "figRatio": 0.20460017854017928}, "16": {"xy": [907, 914, 779, 136], "panel_size": 105944, "panel_aspectRatio": 5.727941176470588, "category": "Method", "figures": 0, "textlen": 40, "fig_size": 0, "title": "Data & Fearure", "textRatio": 0.056179775280898875, "figRatio": 0.0}, "18": {"xy": [75, 1084, 1620, 406], "panel_size": 657720, "panel_aspectRatio": 3.9901477832512313, "category": "Result", "figures": 4, "textlen": 180, "fig_size": 194122, "title": "Results", "20": {"fig_size": 41106, "fig_aspectRatio": 1.1881720430107527, "fig_size_poster": 0.13641975308641976}, "21": {"fig_size": 43362, "fig_aspectRatio": 1.106060606060606, "fig_size_poster": 0.13518518518518519}, "22": {"fig_size": 46410, "fig_aspectRatio": 1.401098901098901, "fig_size_poster": 0.1574074074074074}, "24": {"fig_size": 63244, "fig_aspectRatio": 2.3803680981595092, "fig_size_poster": 0.23950617283950618}, "textRatio": 0.25280898876404495, "figRatio": 0.21500357744900198}, "27": {"xy": [1707, 239, 833, 371], "panel_size": 309043, "panel_aspectRatio": 2.2452830188679247, "category": "Result", "figures": 2, "textlen": 0, "fig_size": 242280, "title": "Results", "28": {"fig_size": 119040, "fig_aspectRatio": 1.238709677419355, "fig_size_poster": 0.460984393757503}, "29": {"fig_size": 123240, "fig_aspectRatio": 1.266025641025641, "fig_size_poster": 0.47418967587034816}, "textRatio": 0.0, "figRatio": 0.26834190222820803}, "30": {"xy": [1717, 622, 817, 858], "panel_size": 700986, "panel_aspectRatio": 0.9522144522144522, "category": "Discussion", "figures": 2, "textlen": 233, "fig_size": 154377, "title": "Discussion & Future Work", "32": {"fig_size": 77745, "fig_aspectRatio": 1.7136150234741785, "fig_size_poster": 0.4467564259485924}, "33": {"fig_size": 76632, "fig_aspectRatio": 1.8058252427184467, "fig_size_poster": 0.45532435740514077}, "textRatio": 0.32724719101123595, "figRatio": 0.1709832336151728}}}