{"poster_size": 3110400, "doclen": 267, "figlen": 1026241, "section": {"0": {"xy": [819, 31, 534, 97], "panel_size": 51798, "panel_aspectRatio": 5.505154639175258, "category": "Title", "figures": 0, "textlen": 0, "fig_size": 0, "title": "Viewpoint Invariant Person Classification in RGB-D Data", "textRatio": 0.0, "figRatio": 0.0}, "2": {"xy": [13, 189, 700, 308], "panel_size": 215600, "panel_aspectRatio": 2.272727272727273, "category": "Introduction", "figures": 0, "textlen": 120, "fig_size": 0, "title": "Purpose", "textRatio": 0.449438202247191, "figRatio": 0.0}, "4": {"xy": [31, 504, 685, 872], "panel_size": 597320, "panel_aspectRatio": 0.7855504587155964, "category": "Method", "figures": 3, "textlen": 83, "fig_size": 138008, "title": "dataset\n", "6": {"fig_size": 73010, "fig_aspectRatio": 1.2163265306122448, "fig_size_poster": 0.43503649635036495}, "9": {"fig_size": 48762, "fig_aspectRatio": 1.3650793650793651, "fig_size_poster": 0.37664233576642336}, "11": {"fig_size": 16236, "fig_aspectRatio": 3.727272727272727, "fig_size_poster": 0.35912408759124087}, "textRatio": 0.31086142322097376, "figRatio": 0.1344791330691329}, "12": {"xy": [724, 191, 721, 693], "panel_size": 499653, "panel_aspectRatio": 1.0404040404040404, "category": "Method", "figures": 2, "textlen": 50, "fig_size": 238178, "title": "Convolutional Neural Network Implementation", "14": {"fig_size": 122614, "fig_aspectRatio": 3.004950495049505, "fig_size_poster": 0.841886269070735}, "15": {"fig_size": 115564, "fig_aspectRatio": 3.861271676300578, "fig_size_poster": 0.926490984743412}, "textRatio": 0.18726591760299627, "figRatio": 0.23208778444829237}, "16": {"xy": [735, 906, 691, 482], "panel_size": 333062, "panel_aspectRatio": 1.433609958506224, "category": "Result", "figures": 2, "textlen": 0, "fig_size": 246020, "title": "Result", "17": {"fig_size": 80811, "fig_aspectRatio": 5.341463414634147, "fig_size_poster": 0.9507959479015919}, "18": {"fig_size": 165209, "fig_aspectRatio": 2.58102766798419, "fig_size_poster": 0.9450072358900145}, "textRatio": 0.0, "figRatio": 0.23972926437357306}, "19": {"xy": [1451, 202, 706, 864], "panel_size": 609984, "panel_aspectRatio": 0.8171296296296297, "category": "Discussion", "figures": 4, "textlen": 14, "fig_size": 404035, "title": "Discussion", "20": {"fig_size": 138156, "fig_aspectRatio": 1.1408045977011494, "fig_size_poster": 0.5623229461756374}, "21": {"fig_size": 41958, "fig_aspectRatio": 2.642857142857143, "fig_size_poster": 0.471671388101983}, "22": {"fig_size": 62155, "fig_aspectRatio": 2.587096774193548, "fig_size_poster": 0.5679886685552408}, "23": {"fig_size": 161766, "fig_aspectRatio": 0.41148325358851673, "fig_size_poster": 0.3654390934844193}, "textRatio": 0.052434456928838954, "figRatio": 0.3937038181090017}}}