{"poster_size": 4478976, "doclen": 338, "figlen": 1467948, "section": {"1": {"xy": [380, 8, 1954, 110], "panel_size": 214940, "panel_aspectRatio": 17.763636363636362, "category": "Title", "figures": 0, "textlen": 0, "fig_size": 0, "title": "Foreign Exchange Forecasting via Machine Learning", "textRatio": 0.0, "figRatio": 0.0}, "2": {"xy": [50, 317, 826, 515], "panel_size": 425390, "panel_aspectRatio": 1.603883495145631, "category": "Introduction", "figures": 0, "textlen": 93, "fig_size": 0, "title": "Introduction", "textRatio": 0.27514792899408286, "figRatio": 0.0}, "4": {"xy": [48, 839, 822, 844], "panel_size": 693768, "panel_aspectRatio": 0.9739336492890995, "category": "Method", "figures": 1, "textlen": 117, "fig_size": 136708, "title": "Market Variables vs. Fundamentals", "6": {"fig_size": 136708, "fig_aspectRatio": 1.6713286713286712, "fig_size_poster": 0.5815085158150851}, "textRatio": 0.34615384615384615, "figRatio": 0.0931286394340944}, "8": {"xy": [891, 320, 816, 1374], "panel_size": 1121184, "panel_aspectRatio": 0.5938864628820961, "category": "Method", "figures": 5, "textlen": 94, "fig_size": 517688, "title": "Models", "10": {"fig_size": 22794, "fig_aspectRatio": 6.775862068965517, "fig_size_poster": 0.48161764705882354}, "12": {"fig_size": 22134, "fig_aspectRatio": 8.509803921568627, "fig_size_poster": 0.5318627450980392}, "13": {"fig_size": 156800, "fig_aspectRatio": 1.28, "fig_size_poster": 0.5490196078431373}, "15": {"fig_size": 150480, "fig_aspectRatio": 4.168421052631579, "fig_size_poster": 0.9705882352941176}, "16": {"fig_size": 165480, "fig_aspectRatio": 3.7523809523809524, "fig_size_poster": 0.9656862745098039}, "textRatio": 0.2781065088757396, "figRatio": 0.35266099344118457}, "17": {"xy": [1732, 318, 807, 1134], "panel_size": 915138, "panel_aspectRatio": 0.7116402116402116, "category": "Result", "figures": 5, "textlen": 0, "fig_size": 813552, "title": "", "18": {"fig_size": 274994, "fig_aspectRatio": 2.1337047353760448, "fig_size_poster": 0.9491945477075588}, "19": {"fig_size": 150840, "fig_aspectRatio": 1.163888888888889, "fig_size_poster": 0.5192069392812887}, "20": {"fig_size": 117972, "fig_aspectRatio": 0.9741379310344828, "fig_size_poster": 0.4200743494423792}, "21": {"fig_size": 147136, "fig_aspectRatio": 1.1875, "fig_size_poster": 0.5179677819083024}, "22": {"fig_size": 122610, "fig_aspectRatio": 1.0925373134328358, "fig_size_poster": 0.45353159851301117}, "textRatio": 0.0, "figRatio": 0.554210367124721}, "23": {"xy": [1742, 1460, 797, 247], "panel_size": 196859, "panel_aspectRatio": 3.2267206477732793, "category": "Discussion", "figures": 0, "textlen": 34, "fig_size": 0, "title": "conclusion and Future Work", "textRatio": 0.10059171597633136, "figRatio": 0.0}}}