{"poster_size": 4478976, "doclen": 295, "figlen": 1360973, "section": {"1": {"xy": [316, 30, 1958, 106], "panel_size": 207548, "panel_aspectRatio": 18.471698113207548, "category": "Title", "figures": 0, "textlen": 0, "fig_size": 0, "title": "Predicting Short-term Market Response to Liquidity Shocks", "textRatio": 0.0, "figRatio": 0.0}, "2": {"xy": [32, 341, 827, 289], "panel_size": 239003, "panel_aspectRatio": 2.86159169550173, "category": "Introduction", "figures": 0, "textlen": 66, "fig_size": 0, "title": "Motivation and Objective", "textRatio": 0.22372881355932203, "figRatio": 0.0}, "4": {"xy": [33, 652, 831, 921], "panel_size": 765351, "panel_aspectRatio": 0.9022801302931596, "category": "Introduction", "figures": 3, "textlen": 100, "fig_size": 286365, "title": "Data and Benchmark", "6": {"fig_size": 36005, "fig_aspectRatio": 3.9894736842105263, "fig_size_poster": 0.45607701564380265}, "8": {"fig_size": 126100, "fig_aspectRatio": 1.1938461538461538, "fig_size_poster": 0.46690734055354993}, "9": {"fig_size": 124260, "fig_aspectRatio": 1.162079510703364, "fig_size_poster": 0.457280385078219}, "textRatio": 0.3389830508474576, "figRatio": 0.21041196261792114}, "11": {"xy": [884, 340, 819, 972], "panel_size": 796068, "panel_aspectRatio": 0.8425925925925926, "category": "Method", "figures": 4, "textlen": 58, "fig_size": 472570, "title": "Linear Regression", "13": {"fig_size": 117750, "fig_aspectRatio": 1.194267515923567, "fig_size_poster": 0.45787545787545786}, "14": {"fig_size": 117760, "fig_aspectRatio": 1.15, "fig_size_poster": 0.44932844932844934}, "16": {"fig_size": 120818, "fig_aspectRatio": 1.233226837060703, "fig_size_poster": 0.4713064713064713}, "17": {"fig_size": 116242, "fig_aspectRatio": 1.1211180124223603, "fig_size_poster": 0.44078144078144077}, "textRatio": 0.19661016949152543, "figRatio": 0.3472295188809771}, "18": {"xy": [885, 1333, 827, 315], "panel_size": 260505, "panel_aspectRatio": 2.6253968253968254, "category": "Method", "figures": 1, "textlen": 7, "fig_size": 108810, "title": "K-means Clustering", "19": {"fig_size": 108810, "fig_aspectRatio": 4.529032258064516, "fig_size_poster": 0.848851269649335}, "textRatio": 0.023728813559322035, "figRatio": 0.07995015330943377}, "21": {"xy": [1731, 336, 837, 332], "panel_size": 277884, "panel_aspectRatio": 2.5210843373493974, "category": "Method", "figures": 1, "textlen": 12, "fig_size": 80032, "title": "Weighted LR: Heteroskedasticity fix", "23": {"fig_size": 80032, "fig_aspectRatio": 2.975609756097561, "fig_size_poster": 0.5830346475507766}, "textRatio": 0.04067796610169491, "figRatio": 0.058804987314222984}, "24": {"xy": [1729, 684, 846, 568], "panel_size": 480528, "panel_aspectRatio": 1.4894366197183098, "category": "Method", "figures": 1, "textlen": 52, "fig_size": 212268, "title": "Support Vector Regression", "27": {"fig_size": 212268, "fig_aspectRatio": 3.0, "fig_size_poster": 0.9432624113475178}, "textRatio": 0.17627118644067796, "figRatio": 0.15596782595980963}, "29": {"xy": [1737, 1276, 830, 375], "panel_size": 311250, "panel_aspectRatio": 2.2133333333333334, "category": "Result", "figures": 1, "textlen": 0, "fig_size": 200928, "title": "Performance", "30": {"fig_size": 200928, "fig_aspectRatio": 2.63768115942029, "fig_size_poster": 0.8771084337349397}, "textRatio": 0.0, "figRatio": 0.1476355519176354}}}