{"poster_size": 4478976, "doclen": 380, "figlen": 795281, "section": {"1": {"xy": [171, 22, 2395, 76], "panel_size": 182020, "panel_aspectRatio": 31.513157894736842, "category": "Title", "figures": 0, "textlen": 0, "fig_size": 0, "title": "Approaches for Identifying & Characterizing Faults in Logic Simulation for Silicon Development Processes", "textRatio": 0.0, "figRatio": 0.0}, "2": {"xy": [39, 151, 824, 176], "panel_size": 145024, "panel_aspectRatio": 4.681818181818182, "category": "Introduction", "figures": 0, "textlen": 10, "fig_size": 0, "title": "Summary", "textRatio": 0.02631578947368421, "figRatio": 0.0}, "4": {"xy": [15, 339, 858, 839], "panel_size": 719862, "panel_aspectRatio": 1.0226460071513708, "category": "Introduction", "figures": 0, "textlen": 97, "fig_size": 0, "title": "Device Under Test", "textRatio": 0.25526315789473686, "figRatio": 0.0}, "6": {"xy": [24, 1185, 839, 471], "panel_size": 395169, "panel_aspectRatio": 1.7813163481953291, "category": "Introduction", "figures": 0, "textlen": 73, "fig_size": 0, "title": "Data Set", "textRatio": 0.19210526315789472, "figRatio": 0.0}, "8": {"xy": [884, 156, 845, 1166], "panel_size": 985270, "panel_aspectRatio": 0.7246998284734134, "category": "Method", "figures": 1, "textlen": 103, "fig_size": 328245, "title": "Model", "10": {"fig_size": 328245, "fig_aspectRatio": 2.1037974683544305, "fig_size_poster": 0.9834319526627219}, "textRatio": 0.2710526315789474, "figRatio": 0.4127409054158216}, "11": {"xy": [874, 1359, 848, 368], "panel_size": 312064, "panel_aspectRatio": 2.3043478260869565, "category": "Discussion", "figures": 0, "textlen": 47, "fig_size": 0, "title": "Future Work", "textRatio": 0.12368421052631579, "figRatio": 0.0}, "13": {"xy": [1742, 156, 846, 1198], "panel_size": 1013508, "panel_aspectRatio": 0.7061769616026711, "category": "Result", "figures": 2, "textlen": 50, "fig_size": 467036, "title": "Results", "14": {"fig_size": 232576, "fig_aspectRatio": 1.7173913043478262, "fig_size_poster": 0.7470449172576832}, "15": {"fig_size": 234460, "fig_aspectRatio": 1.6236842105263158, "fig_size_poster": 0.7293144208037825}, "textRatio": 0.13157894736842105, "figRatio": 0.5872590945841785}}}