{"poster_size": 4478976, "doclen": 162, "figlen": 2265788, "section": {"0": {"xy": [343, 49, 1893, 97], "panel_size": 183621, "panel_aspectRatio": 19.515463917525775, "category": "Title", "figures": 0, "textlen": 0, "fig_size": 0, "title": "Whale Detection and ldentification from Aerial lmagery", "textRatio": 0.0, "figRatio": 0.0}, "1": {"xy": [13, 301, 895, 687], "panel_size": 614865, "panel_aspectRatio": 1.3027656477438136, "category": "Introduction", "figures": 1, "textlen": 110, "fig_size": 150024, "title": "Introduction", "3": {"fig_size": 150024, "fig_aspectRatio": 0.7214912280701754, "fig_size_poster": 0.3675977653631285}, "textRatio": 0.6790123456790124, "figRatio": 0.0662127259920169}, "5": {"xy": [15, 997, 895, 710], "panel_size": 635450, "panel_aspectRatio": 1.2605633802816902, "category": "Introduction", "figures": 3, "textlen": 0, "fig_size": 451288, "title": "Dataset", "6": {"fig_size": 288920, "fig_aspectRatio": 0.7516129032258064, "fig_size_poster": 0.5206703910614525}, "7": {"fig_size": 62656, "fig_aspectRatio": 1.9775280898876404, "fig_size_poster": 0.39329608938547483}, "8": {"fig_size": 99712, "fig_aspectRatio": 1.0789473684210527, "fig_size_poster": 0.3664804469273743}, "textRatio": 0.0, "figRatio": 0.1991748566061785}, "9": {"xy": [919, 286, 1644, 694], "panel_size": 1140936, "panel_aspectRatio": 2.3688760806916425, "category": "Method", "figures": 2, "textlen": 0, "fig_size": 945222, "title": "Detection and Identification Algorithms", "10": {"fig_size": 655557, "fig_aspectRatio": 1.8896434634974533, "fig_size_poster": 0.677007299270073}, "11": {"fig_size": 289665, "fig_aspectRatio": 0.7658536585365854, "fig_size_poster": 0.2864963503649635}, "textRatio": 0.0, "figRatio": 0.4171714211567896}, "12": {"xy": [930, 993, 1163, 727], "panel_size": 845501, "panel_aspectRatio": 1.5997248968363136, "category": "Result", "figures": 5, "textlen": 0, "fig_size": 681734, "title": "Result", "13": {"fig_size": 167072, "fig_aspectRatio": 0.8105726872246696, "fig_size_poster": 0.3164230438521066}, "14": {"fig_size": 159720, "fig_aspectRatio": 0.825, "fig_size_poster": 0.31212381771281167}, "15": {"fig_size": 127716, "fig_aspectRatio": 4.218390804597701, "fig_size_poster": 0.6311263972484953}, "16": {"fig_size": 102816, "fig_aspectRatio": 1.2395833333333333, "fig_size_poster": 0.3069647463456578}, "17": {"fig_size": 124410, "fig_aspectRatio": 1.1424242424242423, "fig_size_poster": 0.3241616509028375}, "textRatio": 0.0, "figRatio": 0.30088163588120337}, "18": {"xy": [2119, 997, 457, 716], "panel_size": 327212, "panel_aspectRatio": 0.638268156424581, "category": "Discussion", "figures": 1, "textlen": 52, "fig_size": 37520, "title": "Future Work", "19": {"fig_size": 37520, "fig_aspectRatio": 0.4785714285714286, "fig_size_poster": 0.29321663019693656}, "textRatio": 0.32098765432098764, "figRatio": 0.01655936036381162}}}