{"poster_size": 4478976, "doclen": 204, "figlen": 1825135, "section": {"1": {"xy": [135, 16, 2352, 78], "panel_size": 183456, "panel_aspectRatio": 30.153846153846153, "category": "Title", "figures": 0, "textlen": 0, "fig_size": 0, "title": "Uncertainty Quantification and Sensitivity Analysis of Reservoir Forecasts with Machine Learning", "textRatio": 0.0, "figRatio": 0.0}, "2": {"xy": [15, 272, 790, 485], "panel_size": 383150, "panel_aspectRatio": 1.6288659793814433, "category": "Introduction", "figures": 0, "textlen": 81, "fig_size": 0, "title": "Motivation", "textRatio": 0.39705882352941174, "figRatio": 0.0}, "4": {"xy": [18, 778, 790, 281], "panel_size": 221990, "panel_aspectRatio": 2.811387900355872, "category": "Method", "figures": 0, "textlen": 39, "fig_size": 0, "title": "Methodology", "textRatio": 0.19117647058823528, "figRatio": 0.0}, "6": {"xy": [18, 1070, 785, 640], "panel_size": 502400, "panel_aspectRatio": 1.2265625, "category": "Method", "figures": 2, "textlen": 44, "fig_size": 213154, "title": "Global sensitivity analysis", "8": {"fig_size": 104104, "fig_aspectRatio": 5.090909090909091, "fig_size_poster": 0.9273885350318471}, "9": {"fig_size": 109050, "fig_aspectRatio": 4.846666666666667, "fig_size_poster": 0.9261146496815287}, "textRatio": 0.21568627450980393, "figRatio": 0.11678807321102275}, "11": {"xy": [813, 276, 849, 836], "panel_size": 709764, "panel_aspectRatio": 1.0155502392344498, "category": "Method", "figures": 3, "textlen": 12, "fig_size": 457619, "title": "Training data", "13": {"fig_size": 86346, "fig_aspectRatio": 1.5769230769230769, "fig_size_poster": 0.43462897526501765}, "14": {"fig_size": 92220, "fig_aspectRatio": 2.05188679245283, "fig_size_poster": 0.5123674911660777}, "15": {"fig_size": 279053, "fig_aspectRatio": 2.141274238227147, "fig_size_poster": 0.9104829210836278}, "textRatio": 0.058823529411764705, "figRatio": 0.25073158971802084}, "16": {"xy": [831, 1123, 825, 593], "panel_size": 489225, "panel_aspectRatio": 1.391231028667791, "category": "Result", "figures": 2, "textlen": 28, "fig_size": 205803, "title": "Results", "18": {"fig_size": 97428, "fig_aspectRatio": 1.2789855072463767, "fig_size_poster": 0.42787878787878786}, "19": {"fig_size": 108375, "fig_aspectRatio": 1.2975778546712802, "fig_size_poster": 0.45454545454545453}, "textRatio": 0.13725490196078433, "figRatio": 0.11276042594109477}, "21": {"xy": [1693, 281, 885, 1197], "panel_size": 1059345, "panel_aspectRatio": 0.7393483709273183, "category": "Result", "figures": 4, "textlen": 0, "fig_size": 948559, "title": "Results", "22": {"fig_size": 116070, "fig_aspectRatio": 1.1477987421383649, "fig_size_poster": 0.4124293785310734}, "23": {"fig_size": 127260, "fig_aspectRatio": 1.2825396825396826, "fig_size_poster": 0.45649717514124294}, "24": {"fig_size": 343560, "fig_aspectRatio": 2.053789731051345, "fig_size_poster": 0.9491525423728814}, "25": {"fig_size": 361669, "fig_aspectRatio": 1.9836065573770492, "fig_size_poster": 0.9570621468926553}, "textRatio": 0.0, "figRatio": 0.5197199111298616}}}