{"poster_size": 3110400, "doclen": 296, "figlen": 803837, "section": {"1": {"xy": [629, 108, 901, 66], "panel_size": 59466, "panel_aspectRatio": 13.651515151515152, "category": "Title", "figures": 0, "textlen": 0, "fig_size": 0, "title": "ldentifying Media Bias in Online News", "textRatio": 0.0, "figRatio": 0.0}, "2": {"xy": [58, 311, 508, 326], "panel_size": 165608, "panel_aspectRatio": 1.5582822085889572, "category": "Introduction", "figures": 0, "textlen": 40, "fig_size": 0, "title": "Overview", "textRatio": 0.13513513513513514, "figRatio": 0.0}, "6": {"xy": [60, 653, 509, 730], "panel_size": 371570, "panel_aspectRatio": 0.6972602739726027, "category": "Method", "figures": 0, "textlen": 89, "fig_size": 0, "title": "Dataset and Procession", "textRatio": 0.30067567567567566, "figRatio": 0.0}, "10": {"xy": [582, 317, 757, 1068], "panel_size": 808476, "panel_aspectRatio": 0.7088014981273408, "category": "Method", "figures": 3, "textlen": 65, "fig_size": 440786, "title": "Title Keyword Analysis", "12": {"fig_size": 76722, "fig_aspectRatio": 5.9035087719298245, "fig_size_poster": 0.8890356671070013}, "14": {"fig_size": 22336, "fig_aspectRatio": 5.453125, "fig_size_poster": 0.4610303830911493}, "16": {"fig_size": 341728, "fig_aspectRatio": 1.5338983050847457, "fig_size_poster": 0.9564068692206077}, "textRatio": 0.2195945945945946, "figRatio": 0.5483524644921793}, "17": {"xy": [1358, 311, 753, 1080], "panel_size": 813240, "panel_aspectRatio": 0.6972222222222222, "category": "Result", "figures": 2, "textlen": 102, "fig_size": 363051, "title": "Event Selection Bias", "20": {"fig_size": 148461, "fig_aspectRatio": 3.272300469483568, "fig_size_poster": 0.9256308100929614}, "22": {"fig_size": 214590, "fig_aspectRatio": 2.2186495176848875, "fig_size_poster": 0.9163346613545816}, "textRatio": 0.34459459459459457, "figRatio": 0.4516475355078206}}}