{"poster_size": 8036464, "doclen": 570, "figlen": 1556117, "section": {"0": {"xy": [646, 14, 2475, 153], "panel_size": 378675, "panel_aspectRatio": 16.176470588235293, "category": "Title", "figures": 0, "textlen": 0, "fig_size": 0, "title": "STUDY IMPACT OF ARCHITECTURAL STYLE AND PARTIAL VIEW ON LANDMARK RECOGNITION", "textRatio": 0.0, "figRatio": 0.0}, "1": {"xy": [31, 257, 820, 597], "panel_size": 489540, "panel_aspectRatio": 1.373534338358459, "category": "Introduction", "figures": 0, "textlen": 85, "fig_size": 0, "title": "Introduction", "textRatio": 0.14912280701754385, "figRatio": 0.0}, "3": {"xy": [33, 877, 820, 1155], "panel_size": 947100, "panel_aspectRatio": 0.70995670995671, "category": "Method", "figures": 1, "textlen": 81, "fig_size": 321750, "title": "FEATURE EXTRACTION", "5": {"fig_size": 321750, "fig_aspectRatio": 1.3131313131313131, "fig_size_poster": 0.7926829268292683}, "textRatio": 0.14210526315789473, "figRatio": 0.2067646584414925}, "6": {"xy": [868, 264, 809, 585], "panel_size": 473265, "panel_aspectRatio": 1.3829059829059829, "category": "Method", "figures": 0, "textlen": 81, "fig_size": 0, "title": "DATASET", "textRatio": 0.14210526315789473, "figRatio": 0.0}, "8": {"xy": [858, 884, 822, 1143], "panel_size": 939546, "panel_aspectRatio": 0.7191601049868767, "category": "Method", "figures": 2, "textlen": 75, "fig_size": 320388, "title": "CATEGORIZATION", "10": {"fig_size": 37668, "fig_aspectRatio": 7.068493150684931, "fig_size_poster": 0.6277372262773723}, "12": {"fig_size": 282720, "fig_aspectRatio": 1.9578947368421054, "fig_size_poster": 0.9051094890510949}, "textRatio": 0.13157894736842105, "figRatio": 0.20588940291764693}, "13": {"xy": [1698, 274, 1650, 1045], "panel_size": 1724250, "panel_aspectRatio": 1.5789473684210527, "category": "Result", "figures": 2, "textlen": 110, "fig_size": 586829, "title": "RESULTS", "14": {"fig_size": 278595, "fig_aspectRatio": 1.3576158940397351, "fig_size_poster": 0.37272727272727274}, "17": {"fig_size": 308234, "fig_aspectRatio": 1.4694323144104804, "fig_size_poster": 0.4078787878787879}, "textRatio": 0.19298245614035087, "figRatio": 0.3771111041136367}, "18": {"xy": [1696, 1327, 1660, 705], "panel_size": 1170300, "panel_aspectRatio": 2.354609929078014, "category": "Discussion", "figures": 1, "textlen": 96, "fig_size": 327150, "title": "DISCUSSIONS", "21": {"fig_size": 327150, "fig_aspectRatio": 1.6155555555555556, "fig_size_poster": 0.43795180722891563}, "textRatio": 0.16842105263157894, "figRatio": 0.21023483452722386}, "22": {"xy": [1693, 2054, 1670, 310], "panel_size": 517700, "panel_aspectRatio": 5.387096774193548, "category": "Discussion", "figures": 0, "textlen": 42, "fig_size": 0, "title": "FUTURE RESEARCH", "textRatio": 0.07368421052631578, "figRatio": 0.0}}}