{"poster_size": 4478976, "doclen": 270, "figlen": 1207987, "section": {"1": {"xy": [369, 21, 1863, 168], "panel_size": 312984, "panel_aspectRatio": 11.089285714285714, "category": "Title", "figures": 0, "textlen": 0, "fig_size": 0, "title": "Combining signal transformation to learning models for human activity recognition", "textRatio": 0.0, "figRatio": 0.0}, "2": {"xy": [52, 336, 700, 522], "panel_size": 365400, "panel_aspectRatio": 1.3409961685823755, "category": "Introduction", "figures": 0, "textlen": 53, "fig_size": 0, "title": "Introduction", "textRatio": 0.1962962962962963, "figRatio": 0.0}, "4": {"xy": [41, 886, 711, 800], "panel_size": 568800, "panel_aspectRatio": 0.88875, "category": "Method", "figures": 1, "textlen": 59, "fig_size": 200277, "title": "Dataset", "5": {"fig_size": 200277, "fig_aspectRatio": 1.5714285714285714, "fig_size_poster": 0.7890295358649789}, "textRatio": 0.21851851851851853, "figRatio": 0.1657940027500296}, "7": {"xy": [780, 334, 872, 657], "panel_size": 572904, "panel_aspectRatio": 1.3272450532724505, "category": "Method", "figures": 1, "textlen": 53, "fig_size": 231763, "title": "Transforms", "8": {"fig_size": 231763, "fig_aspectRatio": 2.6996587030716723, "fig_size_poster": 0.9071100917431193}, "textRatio": 0.1962962962962963, "figRatio": 0.1918588527856674}, "10": {"xy": [797, 999, 840, 687], "panel_size": 577080, "panel_aspectRatio": 1.222707423580786, "category": "Method", "figures": 1, "textlen": 40, "fig_size": 275171, "title": "Dimension Reduction", "11": {"fig_size": 275171, "fig_aspectRatio": 2.2853025936599423, "fig_size_poster": 0.944047619047619}, "textRatio": 0.14814814814814814, "figRatio": 0.2277930143287966}, "13": {"xy": [1708, 336, 837, 1024], "panel_size": 857088, "panel_aspectRatio": 0.8173828125, "category": "Result", "figures": 5, "textlen": 36, "fig_size": 500776, "title": "High-pass Filtering", "14": {"fig_size": 91440, "fig_aspectRatio": 1.5875, "fig_size_poster": 0.4551971326164875}, "15": {"fig_size": 100098, "fig_aspectRatio": 1.6144578313253013, "fig_size_poster": 0.48028673835125446}, "16": {"fig_size": 100188, "fig_aspectRatio": 1.565217391304348, "fig_size_poster": 0.4731182795698925}, "17": {"fig_size": 95830, "fig_aspectRatio": 1.4285714285714286, "fig_size_poster": 0.44205495818399043}, "18": {"fig_size": 113220, "fig_aspectRatio": 5.168918918918919, "fig_size_poster": 0.9139784946236559}, "textRatio": 0.13333333333333333, "figRatio": 0.4145541301355064}, "20": {"xy": [1700, 1389, 849, 310], "panel_size": 263190, "panel_aspectRatio": 2.738709677419355, "category": "Discussion", "figures": 0, "textlen": 29, "fig_size": 0, "title": "Discussion", "textRatio": 0.10740740740740741, "figRatio": 0.0}}}