{"poster_size": 4173120, "doclen": 525, "figlen": 1075264, "section": {"1": {"xy": [296, 29, 2175, 191], "panel_size": 415425, "panel_aspectRatio": 11.387434554973822, "category": "Title", "figures": 0, "textlen": 10, "fig_size": 0, "title": "Learning Adversarially Robust and Rich lmage Transformations for Object Detection", "textRatio": 0.01904761904761905, "figRatio": 0.0}, "3": {"xy": [17, 249, 804, 484], "panel_size": 389136, "panel_aspectRatio": 1.6611570247933884, "category": "Introduction", "figures": 0, "textlen": 75, "fig_size": 0, "title": "Motivation", "textRatio": 0.14285714285714285, "figRatio": 0.0}, "5": {"xy": [25, 747, 798, 863], "panel_size": 688674, "panel_aspectRatio": 0.9246813441483198, "category": "Method", "figures": 1, "textlen": 117, "fig_size": 148554, "title": "Data and Defenses", "7": {"fig_size": 148554, "fig_aspectRatio": 2.16412213740458, "fig_size_poster": 0.7105263157894737}, "textRatio": 0.22285714285714286, "figRatio": 0.13815583893815844}, "9": {"xy": [853, 242, 805, 768], "panel_size": 618240, "panel_aspectRatio": 1.0481770833333333, "category": "Method", "figures": 2, "textlen": 61, "fig_size": 365133, "title": "Attacks and Models", "11": {"fig_size": 179322, "fig_aspectRatio": 2.9392712550607287, "fig_size_poster": 0.901863354037267}, "14": {"fig_size": 185811, "fig_aspectRatio": 3.199170124481328, "fig_size_poster": 0.9577639751552796}, "textRatio": 0.11619047619047619, "figRatio": 0.3395752112969466}, "16": {"xy": [854, 1014, 810, 606], "panel_size": 490860, "panel_aspectRatio": 1.3366336633663367, "category": "Result", "figures": 1, "textlen": 42, "fig_size": 325193, "title": "Result", "18": {"fig_size": 325193, "fig_aspectRatio": 1.9631449631449631, "fig_size_poster": 0.9864197530864197}, "textRatio": 0.08, "figRatio": 0.3024308448901851}, "20": {"xy": [1703, 248, 793, 904], "panel_size": 716872, "panel_aspectRatio": 0.8772123893805309, "category": "Discussion", "figures": 1, "textlen": 128, "fig_size": 236384, "title": "Discussion", "21": {"fig_size": 236384, "fig_aspectRatio": 1.8651685393258426, "fig_size_poster": 0.8373266078184111}, "textRatio": 0.2438095238095238, "figRatio": 0.21983810487470984}, "25": {"xy": [1714, 1167, 750, 447], "panel_size": 335250, "panel_aspectRatio": 1.6778523489932886, "category": "Discussion", "figures": 0, "textlen": 92, "fig_size": 0, "title": "Conclusion/Future Work", "textRatio": 0.17523809523809525, "figRatio": 0.0}}}