{"poster_size": 4478976, "doclen": 423, "figlen": 720979, "section": {"1": {"xy": [567, 36, 1522, 143], "panel_size": 217646, "panel_aspectRatio": 10.643356643356643, "category": "Title", "figures": 0, "textlen": 0, "fig_size": 0, "title": "Just One Shot of Wine?\nDeveloping Siamese LSTM Models for Sentence Similarity", "textRatio": 0.0, "figRatio": 0.0}, "2": {"xy": [38, 320, 601, 275], "panel_size": 165275, "panel_aspectRatio": 2.1854545454545455, "category": "Introduction", "figures": 0, "textlen": 31, "fig_size": 0, "title": "Introduction", "textRatio": 0.07328605200945626, "figRatio": 0.0}, "4": {"xy": [32, 600, 609, 538], "panel_size": 327642, "panel_aspectRatio": 1.1319702602230484, "category": "Introduction", "figures": 1, "textlen": 56, "fig_size": 52736, "title": "Problem", "6": {"fig_size": 52736, "fig_aspectRatio": 3.21875, "fig_size_poster": 0.6765188834154351}, "textRatio": 0.13238770685579196, "figRatio": 0.07314498757938859}, "8": {"xy": [38, 1153, 593, 507], "panel_size": 300651, "panel_aspectRatio": 1.1696252465483234, "category": "Introduction", "figures": 0, "textlen": 62, "fig_size": 0, "title": "Data", "textRatio": 0.14657210401891252, "figRatio": 0.0}, "10": {"xy": [676, 314, 602, 572], "panel_size": 344344, "panel_aspectRatio": 1.0524475524475525, "category": "Introduction", "figures": 1, "textlen": 42, "fig_size": 99045, "title": "Word Embeddings", "12": {"fig_size": 99045, "fig_aspectRatio": 2.183098591549296, "fig_size_poster": 0.7724252491694352}, "textRatio": 0.09929078014184398, "figRatio": 0.13737570719812922}, "13": {"xy": [676, 897, 607, 763], "panel_size": 463141, "panel_aspectRatio": 0.7955439056356488, "category": "Method", "figures": 1, "textlen": 66, "fig_size": 101184, "title": "Setting 1", "15": {"fig_size": 101184, "fig_aspectRatio": 2.924731182795699, "fig_size_poster": 0.8962108731466227}, "textRatio": 0.15602836879432624, "figRatio": 0.14034250650851135}, "17": {"xy": [1314, 314, 608, 960], "panel_size": 583680, "panel_aspectRatio": 0.6333333333333333, "category": "Method", "figures": 2, "textlen": 54, "fig_size": 290253, "title": "Setting 2", "19": {"fig_size": 206853, "fig_aspectRatio": 1.5872576177285318, "fig_size_poster": 0.9424342105263158}, "20": {"fig_size": 83400, "fig_aspectRatio": 3.7066666666666666, "fig_size_poster": 0.9144736842105263}, "textRatio": 0.1276595744680851, "figRatio": 0.40258176729141903}, "22": {"xy": [1314, 1278, 606, 373], "panel_size": 226038, "panel_aspectRatio": 1.6246648793565683, "category": "Discussion", "figures": 0, "textlen": 47, "fig_size": 0, "title": "Discussion", "textRatio": 0.1111111111111111, "figRatio": 0.0}, "24": {"xy": [1954, 319, 616, 503], "panel_size": 309848, "panel_aspectRatio": 1.2246520874751492, "category": "Result", "figures": 2, "textlen": 18, "fig_size": 177761, "title": "Results", "26": {"fig_size": 99731, "fig_aspectRatio": 3.044198895027624, "fig_size_poster": 0.8944805194805194}, "27": {"fig_size": 78030, "fig_aspectRatio": 4.281481481481482, "fig_size_poster": 0.9383116883116883}, "textRatio": 0.0425531914893617, "figRatio": 0.24655503142255183}, "28": {"xy": [1972, 832, 570, 325], "panel_size": 185250, "panel_aspectRatio": 1.7538461538461538, "category": "Discussion", "figures": 0, "textlen": 47, "fig_size": 0, "title": "Future Work", "textRatio": 0.1111111111111111, "figRatio": 0.0}}}