{"poster_size": 7755264, "doclen": 819, "figlen": 1448775, "section": {"1": {"xy": [849, 0, 753, 165], "panel_size": 124245, "panel_aspectRatio": 4.5636363636363635, "category": "Title", "figures": 0, "textlen": 0, "fig_size": 0, "title": "Emotions classification on face images", "textRatio": 0.0, "figRatio": 0.0}, "2": {"xy": [47, 283, 1177, 552], "panel_size": 649704, "panel_aspectRatio": 2.1322463768115942, "category": "Introduction", "figures": 0, "textlen": 159, "fig_size": 0, "title": "Abstract", "textRatio": 0.19413919413919414, "figRatio": 0.0}, "4": {"xy": [1239, 290, 1128, 558], "panel_size": 629424, "panel_aspectRatio": 2.021505376344086, "category": "Introduction", "figures": 1, "textlen": 37, "fig_size": 310991, "title": "Data set", "6": {"fig_size": 310991, "fig_aspectRatio": 3.2996742671009773, "fig_size_poster": 0.8980496453900709}, "textRatio": 0.045177045177045176, "figRatio": 0.21465790064019602}, "7": {"xy": [47, 865, 2345, 1873], "panel_size": 4392185, "panel_aspectRatio": 1.2520021356113187, "category": "Method", "figures": 3, "textlen": 471, "fig_size": 1137784, "title": "Traditional methods", "8": {"fig_size": 855760, "fig_aspectRatio": 5.926315789473684, "fig_size_poster": 0.9603411513859275}, "12": {"fig_size": 83250, "fig_aspectRatio": 1.332, "fig_size_poster": 0.14200426439232408}, "15": {"fig_size": 198774, "fig_aspectRatio": 3.366255144032922, "fig_size_poster": 0.3488272921108742}, "textRatio": 0.575091575091575, "figRatio": 0.7853420993598039}, "10": {"xy": [54, 2743, 2350, 385], "panel_size": 904750, "panel_aspectRatio": 6.103896103896104, "category": "Result", "figures": 0, "textlen": 152, "fig_size": 0, "title": "Deep convolutional neural networks", "textRatio": 0.1855921855921856, "figRatio": 0.0}}}