{"poster_size": 4478976, "doclen": 340, "figlen": 1589920, "section": {"1": {"xy": [826, 25, 949, 83], "panel_size": 78767, "panel_aspectRatio": 11.433734939759036, "category": "Title", "figures": 0, "textlen": 0, "fig_size": 0, "title": "DISCOVERING UTILITY FROM CHOICES", "textRatio": 0.0, "figRatio": 0.0}, "2": {"xy": [44, 175, 626, 370], "panel_size": 231620, "panel_aspectRatio": 1.691891891891892, "category": "Introduction", "figures": 0, "textlen": 80, "fig_size": 0, "title": "Introduction", "textRatio": 0.23529411764705882, "figRatio": 0.0}, "4": {"xy": [33, 554, 633, 1101], "panel_size": 696933, "panel_aspectRatio": 0.5749318801089919, "category": "Method", "figures": 3, "textlen": 0, "fig_size": 587226, "title": "Data", "5": {"fig_size": 70210, "fig_aspectRatio": 5.0423728813559325, "fig_size_poster": 0.9399684044233807}, "6": {"fig_size": 103200, "fig_aspectRatio": 3.488372093023256, "fig_size_poster": 0.9478672985781991}, "7": {"fig_size": 413816, "fig_aspectRatio": 0.8641618497109826, "fig_size_poster": 0.9447077409162717}, "textRatio": 0.0, "figRatio": 0.3693431116030995}, "8": {"xy": [683, 176, 1243, 1077], "panel_size": 1338711, "panel_aspectRatio": 1.1541318477251625, "category": "Result", "figures": 8, "textlen": 83, "fig_size": 648311, "title": "Results", "10": {"fig_size": 95676, "fig_aspectRatio": 1.3320895522388059, "fig_size_poster": 0.28720836685438456}, "11": {"fig_size": 90440, "fig_aspectRatio": 1.2781954887218046, "fig_size_poster": 0.2735317779565567}, "12": {"fig_size": 74090, "fig_aspectRatio": 1.297071129707113, "fig_size_poster": 0.249396621078037}, "14": {"fig_size": 89858, "fig_aspectRatio": 1.4262948207171315, "fig_size_poster": 0.28801287208366855}, "15": {"fig_size": 88803, "fig_aspectRatio": 1.3873517786561265, "fig_size_poster": 0.2823813354786806}, "16": {"fig_size": 66440, "fig_aspectRatio": 1.3727272727272728, "fig_size_poster": 0.24296057924376507}, "17": {"fig_size": 102780, "fig_aspectRatio": 3.172222222222222, "fig_size_poster": 0.4593724859211585}, "18": {"fig_size": 40224, "fig_aspectRatio": 4.364583333333333, "fig_size_poster": 0.337087691069992}, "textRatio": 0.24411764705882352, "figRatio": 0.4077632836872295}, "21": {"xy": [1941, 172, 619, 794], "panel_size": 491486, "panel_aspectRatio": 0.7795969773299748, "category": "Method", "figures": 2, "textlen": 53, "fig_size": 269783, "title": "Neural Network", "23": {"fig_size": 215267, "fig_aspectRatio": 1.5145888594164456, "fig_size_poster": 0.9224555735056543}, "24": {"fig_size": 54516, "fig_aspectRatio": 3.9152542372881354, "fig_size_poster": 0.7463651050080775}, "textRatio": 0.15588235294117647, "figRatio": 0.16968338029586394}, "25": {"xy": [1944, 980, 609, 336], "panel_size": 204624, "panel_aspectRatio": 1.8125, "category": "Method", "figures": 1, "textlen": 9, "fig_size": 84600, "title": "Softmax Regression", "27": {"fig_size": 84600, "fig_aspectRatio": 2.611111111111111, "fig_size_poster": 0.7717569786535303}, "textRatio": 0.026470588235294117, "figRatio": 0.05321022441380698}, "28": {"xy": [679, 1260, 1254, 418], "panel_size": 524172, "panel_aspectRatio": 3.0, "category": "Discussion", "figures": 0, "textlen": 115, "fig_size": 0, "title": "Discussion", "textRatio": 0.3382352941176471, "figRatio": 0.0}}}