{"poster_size": 4478976, "doclen": 369, "figlen": 1784404, "section": {"1": {"xy": [610, 10, 1425, 159], "panel_size": 226575, "panel_aspectRatio": 8.962264150943396, "category": "Title", "figures": 0, "textlen": 0, "fig_size": 0, "title": "A Reinforcement Learning Approach for Motion Planning of Hopping Rovers", "textRatio": 0.0, "figRatio": 0.0}, "2": {"xy": [29, 283, 623, 780], "panel_size": 485940, "panel_aspectRatio": 0.7987179487179488, "category": "Introduction", "figures": 1, "textlen": 110, "fig_size": 179400, "title": "Obiective", "3": {"fig_size": 179400, "fig_aspectRatio": 1.8429487179487178, "fig_size_poster": 0.9229534510433387}, "textRatio": 0.2981029810298103, "figRatio": 0.10053777059455146}, "6": {"xy": [21, 1085, 636, 619], "panel_size": 393684, "panel_aspectRatio": 1.0274636510500808, "category": "Introduction", "figures": 1, "textlen": 67, "fig_size": 117786, "title": "Motion Planning as an MDP", "7": {"fig_size": 117786, "fig_aspectRatio": 2.915422885572139, "fig_size_poster": 0.9213836477987422}, "textRatio": 0.18157181571815717, "figRatio": 0.06600859446627558}, "9": {"xy": [671, 1085, 622, 598], "panel_size": 371956, "panel_aspectRatio": 1.040133779264214, "category": "Method", "figures": 1, "textlen": 73, "fig_size": 124439, "title": "Data Collection", "10": {"fig_size": 124439, "fig_aspectRatio": 3.019704433497537, "fig_size_poster": 0.9855305466237942}, "textRatio": 0.1978319783197832, "figRatio": 0.06973701022862536}, "12": {"xy": [1301, 285, 634, 1405], "panel_size": 890770, "panel_aspectRatio": 0.4512455516014235, "category": "Method", "figures": 5, "textlen": 41, "fig_size": 607240, "title": "reinforcement Learning Model", "13": {"fig_size": 196416, "fig_aspectRatio": 1.5852272727272727, "fig_size_poster": 0.8801261829652997}, "14": {"fig_size": 82320, "fig_aspectRatio": 3.8095238095238093, "fig_size_poster": 0.8832807570977917}, "15": {"fig_size": 121690, "fig_aspectRatio": 2.6325581395348836, "fig_size_poster": 0.8927444794952681}, "18": {"fig_size": 78114, "fig_aspectRatio": 3.9290780141843973, "fig_size_poster": 0.8738170347003155}, "19": {"fig_size": 128700, "fig_aspectRatio": 2.542222222222222, "fig_size_poster": 0.9022082018927445}, "textRatio": 0.1111111111111111, "figRatio": 0.3403041015375442}, "20": {"xy": [1954, 296, 618, 1017], "panel_size": 628506, "panel_aspectRatio": 0.6076696165191741, "category": "Result", "figures": 4, "textlen": 45, "fig_size": 380188, "title": "Results and Discussion", "22": {"fig_size": 119480, "fig_aspectRatio": 2.8155339805825244, "fig_size_poster": 0.9385113268608414}, "23": {"fig_size": 95030, "fig_aspectRatio": 3.288235294117647, "fig_size_poster": 0.9045307443365695}, "26": {"fig_size": 82695, "fig_aspectRatio": 3.7248322147651005, "fig_size_poster": 0.8980582524271845}, "27": {"fig_size": 82983, "fig_aspectRatio": 4.294964028776978, "fig_size_poster": 0.9660194174757282}, "textRatio": 0.12195121951219512, "figRatio": 0.21306161609142324}, "28": {"xy": [1963, 1327, 613, 361], "panel_size": 221293, "panel_aspectRatio": 1.6980609418282548, "category": "Result", "figures": 0, "textlen": 33, "fig_size": 0, "title": "Conclusion", "textRatio": 0.08943089430894309, "figRatio": 0.0}, "29": {"xy": [671, 286, 616, 781], "panel_size": 481096, "panel_aspectRatio": 0.7887323943661971, "category": "Method", "figures": 3, "textlen": 0, "fig_size": 375351, "title": "MDP Formulation", "30": {"fig_size": 169940, "fig_aspectRatio": 1.9795221843003412, "fig_size_poster": 0.9415584415584416}, "31": {"fig_size": 127347, "fig_aspectRatio": 2.4713656387665197, "fig_size_poster": 0.9107142857142857}, "32": {"fig_size": 78064, "fig_aspectRatio": 4.220588235294118, "fig_size_poster": 0.9318181818181818}, "textRatio": 0.0, "figRatio": 0.2103509070815802}}}