{"poster_size": 2519424, "doclen": 141, "figlen": 819482, "section": {"1": {"xy": [489, 60, 990, 121], "panel_size": 119790, "panel_aspectRatio": 8.181818181818182, "category": "Title", "figures": 0, "textlen": 0, "fig_size": 0, "title": "Chinese Calligraphy Font Classification and Transformation", "textRatio": 0.0, "figRatio": 0.0}, "2": {"xy": [42, 216, 522, 442], "panel_size": 230724, "panel_aspectRatio": 1.1809954751131222, "category": "Introduction", "figures": 0, "textlen": 68, "fig_size": 0, "title": "Motivation", "textRatio": 0.48226950354609927, "figRatio": 0.0}, "4": {"xy": [35, 674, 543, 327], "panel_size": 177561, "panel_aspectRatio": 1.6605504587155964, "category": "Introduction", "figures": 0, "textlen": 44, "fig_size": 0, "title": "Challenges", "textRatio": 0.3120567375886525, "figRatio": 0.0}, "6": {"xy": [36, 1012, 541, 265], "panel_size": 143365, "panel_aspectRatio": 2.0415094339622644, "category": "Method", "figures": 1, "textlen": 0, "fig_size": 80640, "title": "Methodology", "7": {"fig_size": 80640, "fig_aspectRatio": 2.857142857142857, "fig_size_poster": 0.8872458410351202}, "textRatio": 0.0, "figRatio": 0.09840362570501854}, "8": {"xy": [634, 205, 766, 1027], "panel_size": 786682, "panel_aspectRatio": 0.7458617332035054, "category": "Method", "figures": 5, "textlen": 29, "fig_size": 452208, "title": "Classification", "10": {"fig_size": 78900, "fig_aspectRatio": 1.1406844106463878, "fig_size_poster": 0.391644908616188}, "11": {"fig_size": 111210, "fig_aspectRatio": 0.9792284866468842, "fig_size_poster": 0.4308093994778068}, "12": {"fig_size": 149202, "fig_aspectRatio": 2.5267489711934155, "fig_size_poster": 0.8015665796344648}, "14": {"fig_size": 58128, "fig_aspectRatio": 1.9421965317919074, "fig_size_poster": 0.4386422976501306}, "15": {"fig_size": 54768, "fig_aspectRatio": 1.9404761904761905, "fig_size_poster": 0.4255874673629243}, "textRatio": 0.20567375886524822, "figRatio": 0.5518217605755831}, "16": {"xy": [1462, 223, 423, 815], "panel_size": 344745, "panel_aspectRatio": 0.5190184049079755, "category": "Result", "figures": 1, "textlen": 0, "fig_size": 286634, "title": "Transformation", "17": {"fig_size": 286634, "fig_aspectRatio": 0.5498614958448753, "fig_size_poster": 0.9385342789598109}, "textRatio": 0.0, "figRatio": 0.34977461371939833}}}