{"poster_size": 3110400, "doclen": 501, "figlen": 708146, "section": {"1": {"xy": [451, 28, 1273, 61], "panel_size": 77653, "panel_aspectRatio": 20.868852459016395, "category": "Title", "figures": 0, "textlen": 0, "fig_size": 0, "title": "Predicting Flight Delays Using Local Weather Data", "textRatio": 0.0, "figRatio": 0.0}, "3": {"xy": [23, 173, 617, 448], "panel_size": 276416, "panel_aspectRatio": 1.3772321428571428, "category": "Introduction", "figures": 0, "textlen": 71, "fig_size": 0, "title": "Introduction", "textRatio": 0.14171656686626746, "figRatio": 0.0}, "5": {"xy": [28, 637, 607, 680], "panel_size": 412760, "panel_aspectRatio": 0.8926470588235295, "category": "Method", "figures": 0, "textlen": 88, "fig_size": 0, "title": "Data", "textRatio": 0.17564870259481039, "figRatio": 0.0}, "8": {"xy": [653, 176, 853, 1227], "panel_size": 1046631, "panel_aspectRatio": 0.6951915240423798, "category": "Result", "figures": 5, "textlen": 129, "fig_size": 556642, "title": "Results", "10": {"fig_size": 83916, "fig_aspectRatio": 0.7567567567567568, "fig_size_poster": 0.2954279015240328}, "11": {"fig_size": 101504, "fig_aspectRatio": 1.7049180327868851, "fig_size_poster": 0.4876905041031653}, "12": {"fig_size": 96957, "fig_aspectRatio": 1.6419753086419753, "fig_size_poster": 0.46776084407971863}, "13": {"fig_size": 121690, "fig_aspectRatio": 1.519434628975265, "fig_size_poster": 0.5041031652989449}, "14": {"fig_size": 152575, "fig_aspectRatio": 0.8447058823529412, "fig_size_poster": 0.4208675263774912}, "textRatio": 0.25748502994011974, "figRatio": 0.7860554179505356}, "16": {"xy": [1541, 180, 583, 1220], "panel_size": 711260, "panel_aspectRatio": 0.4778688524590164, "category": "Discussion", "figures": 1, "textlen": 213, "fig_size": 151504, "title": "Discussion", "18": {"fig_size": 151504, "fig_aspectRatio": 2.047794117647059, "fig_size_poster": 0.9554030874785592}, "textRatio": 0.4251497005988024, "figRatio": 0.21394458204946437}}}