{"poster_size": 3110400, "doclen": 361, "figlen": 1056229, "section": {"1": {"xy": [80, 33, 2023, 43], "panel_size": 86989, "panel_aspectRatio": 47.04651162790697, "category": "Title", "figures": 0, "textlen": 0, "fig_size": 0, "title": "Classification of Neonatal Brain Ultrasound Scans Using Deep Convolutional Neural Networks", "textRatio": 0.0, "figRatio": 0.0}, "2": {"xy": [30, 151, 1153, 267], "panel_size": 307851, "panel_aspectRatio": 4.318352059925093, "category": "Introduction", "figures": 1, "textlen": 92, "fig_size": 15340, "title": "Motivation", "4": {"fig_size": 15340, "fig_aspectRatio": 1.1016949152542372, "fig_size_poster": 0.11274934952298352}, "textRatio": 0.2548476454293629, "figRatio": 0.014523365671648856}, "5": {"xy": [33, 431, 715, 565], "panel_size": 403975, "panel_aspectRatio": 1.2654867256637168, "category": "Method", "figures": 3, "textlen": 36, "fig_size": 171890, "title": "Medical Data", "6": {"fig_size": 26656, "fig_aspectRatio": 2.7755102040816326, "fig_size_poster": 0.3804195804195804}, "7": {"fig_size": 73606, "fig_aspectRatio": 0.8288590604026845, "fig_size_poster": 0.34545454545454546}, "8": {"fig_size": 71628, "fig_aspectRatio": 0.900709219858156, "fig_size_poster": 0.35524475524475524}, "textRatio": 0.0997229916897507, "figRatio": 0.16273933020206793}, "10": {"xy": [32, 1010, 1048, 410], "panel_size": 429680, "panel_aspectRatio": 2.55609756097561, "category": "Method", "figures": 1, "textlen": 118, "fig_size": 117390, "title": "Report Natural Language Processing (NLP)", "12": {"fig_size": 117390, "fig_aspectRatio": 0.7717948717948718, "fig_size_poster": 0.2872137404580153}, "textRatio": 0.3268698060941828, "figRatio": 0.11114067119914336}, "13": {"xy": [1198, 150, 914, 342], "panel_size": 312588, "panel_aspectRatio": 2.672514619883041, "category": "Method", "figures": 1, "textlen": 26, "fig_size": 191134, "title": "Project Goal", "15": {"fig_size": 191134, "fig_aspectRatio": 3.709251101321586, "fig_size_poster": 0.9212253829321663}, "textRatio": 0.07202216066481995, "figRatio": 0.18095886403421985}, "16": {"xy": [779, 423, 391, 567], "panel_size": 221697, "panel_aspectRatio": 0.689594356261023, "category": "Method", "figures": 1, "textlen": 0, "fig_size": 143040, "title": "Learning Pipeline", "17": {"fig_size": 143040, "fig_aspectRatio": 0.6208333333333333, "fig_size_poster": 0.7621483375959079}, "textRatio": 0.0, "figRatio": 0.13542517768400603}, "19": {"xy": [1173, 503, 944, 487], "panel_size": 459728, "panel_aspectRatio": 1.9383983572895278, "category": "Method", "figures": 2, "textlen": 0, "fig_size": 417435, "title": "", "20": {"fig_size": 204685, "fig_aspectRatio": 3.706382978723404, "fig_size_poster": 0.9226694915254238}, "22": {"fig_size": 212750, "fig_aspectRatio": 4.021739130434782, "fig_size_poster": 0.9798728813559322}, "textRatio": 0.0, "figRatio": 0.395212591208914}, "23": {"xy": [1103, 1005, 1035, 250], "panel_size": 258750, "panel_aspectRatio": 4.14, "category": "Result", "figures": 0, "textlen": 89, "fig_size": 0, "title": "Results", "textRatio": 0.24653739612188366, "figRatio": 0.0}}}