{"poster_size": 291600, "doclen": 232, "figlen": 80730, "section": {"1": {"xy": [240, 17, 250, 22], "panel_size": 5500, "panel_aspectRatio": 11.363636363636363, "category": "Title", "figures": 0, "textlen": 0, "fig_size": 0, "title": "Outbrain Click Prediction", "textRatio": 0.0, "figRatio": 0.0}, "2": {"xy": [24, 59, 214, 290], "panel_size": 62060, "panel_aspectRatio": 0.7379310344827587, "category": "Introduction", "figures": 1, "textlen": 90, "fig_size": 25296, "title": "Problem", "6": {"fig_size": 25296, "fig_aspectRatio": 1.6451612903225807, "fig_size_poster": 0.9532710280373832}, "textRatio": 0.3879310344827586, "figRatio": 0.31334076551467854}, "3": {"xy": [251, 61, 233, 288], "panel_size": 67104, "panel_aspectRatio": 0.8090277777777778, "category": "Method", "figures": 1, "textlen": 73, "fig_size": 31974, "title": "Method", "8": {"fig_size": 31974, "fig_aspectRatio": 1.5, "fig_size_poster": 0.9399141630901288}, "textRatio": 0.3146551724137931, "figRatio": 0.39606094388703084}, "4": {"xy": [499, 59, 210, 290], "panel_size": 60900, "panel_aspectRatio": 0.7241379310344828, "category": "Result", "figures": 2, "textlen": 69, "fig_size": 23460, "title": "Results", "10": {"fig_size": 14342, "fig_aspectRatio": 2.8450704225352115, "fig_size_poster": 0.9619047619047619}, "11": {"fig_size": 9118, "fig_aspectRatio": 4.127659574468085, "fig_size_poster": 0.9238095238095239}, "textRatio": 0.2974137931034483, "figRatio": 0.2905982905982906}}}