{"poster_size": 3110400, "doclen": 299, "figlen": 1431854, "section": {"1": {"xy": [30, 169, 669, 228], "panel_size": 152532, "panel_aspectRatio": 2.9342105263157894, "category": "Introduction", "figures": 0, "textlen": 0, "fig_size": 0, "title": "Objectives", "textRatio": 0.0, "figRatio": 0.0}, "3": {"xy": [30, 403, 663, 444], "panel_size": 294372, "panel_aspectRatio": 1.4932432432432432, "category": "Method", "figures": 6, "textlen": 10, "fig_size": 215975, "title": "Scoring Algorithm Approach", "5": {"fig_size": 33210, "fig_aspectRatio": 1.2654320987654322, "fig_size_poster": 0.3092006033182504}, "6": {"fig_size": 40095, "fig_aspectRatio": 1.4727272727272727, "fig_size_poster": 0.3665158371040724}, "7": {"fig_size": 31871, "fig_aspectRatio": 1.2929936305732483, "fig_size_poster": 0.30618401206636503}, "9": {"fig_size": 36456, "fig_aspectRatio": 1.2916666666666667, "fig_size_poster": 0.3273001508295626}, "10": {"fig_size": 37236, "fig_aspectRatio": 1.2298850574712643, "fig_size_poster": 0.32277526395173456}, "12": {"fig_size": 37107, "fig_aspectRatio": 1.2690058479532165, "fig_size_poster": 0.3273001508295626}, "textRatio": 0.033444816053511704, "figRatio": 0.15083590924773058}, "13": {"xy": [28, 860, 676, 562], "panel_size": 379912, "panel_aspectRatio": 1.2028469750889679, "category": "Method", "figures": 2, "textlen": 69, "fig_size": 74260, "title": "Background Model", "15": {"fig_size": 42846, "fig_aspectRatio": 1.150259067357513, "fig_size_poster": 0.32840236686390534}, "16": {"fig_size": 31414, "fig_aspectRatio": 1.6258992805755397, "fig_size_poster": 0.3343195266272189}, "textRatio": 0.23076923076923078, "figRatio": 0.05186282959016771}, "18": {"xy": [714, 171, 720, 413], "panel_size": 297360, "panel_aspectRatio": 1.7433414043583535, "category": "Method", "figures": 3, "textlen": 30, "fig_size": 175376, "title": "Object Detection", "20": {"fig_size": 56810, "fig_aspectRatio": 0.9311740890688259, "fig_size_poster": 0.3194444444444444}, "21": {"fig_size": 56388, "fig_aspectRatio": 0.8740157480314961, "fig_size_poster": 0.30833333333333335}, "22": {"fig_size": 62178, "fig_aspectRatio": 0.9341085271317829, "fig_size_poster": 0.3347222222222222}, "textRatio": 0.10033444816053512, "figRatio": 0.12248176140863523}, "23": {"xy": [708, 594, 730, 820], "panel_size": 598600, "panel_aspectRatio": 0.8902439024390244, "category": "Method", "figures": 2, "textlen": 39, "fig_size": 405008, "title": "Webcam Scoring", "25": {"fig_size": 198800, "fig_aspectRatio": 2.5357142857142856, "fig_size_poster": 0.9726027397260274}, "26": {"fig_size": 206208, "fig_aspectRatio": 2.486111111111111, "fig_size_poster": 0.9808219178082191}, "textRatio": 0.13043478260869565, "figRatio": 0.28285565427760095}, "27": {"xy": [1451, 165, 688, 738], "panel_size": 507744, "panel_aspectRatio": 0.9322493224932249, "category": "Method", "figures": 1, "textlen": 68, "fig_size": 345423, "title": "Clustering Webcams", "29": {"fig_size": 345423, "fig_aspectRatio": 1.272552783109405, "fig_size_poster": 0.9636627906976745}, "textRatio": 0.22742474916387959, "figRatio": 0.24124177465020874}, "30": {"xy": [1448, 910, 676, 506], "panel_size": 342056, "panel_aspectRatio": 1.3359683794466404, "category": "Method", "figures": 1, "textlen": 53, "fig_size": 215812, "title": "Convolutional Networks for Filtering", "32": {"fig_size": 215812, "fig_aspectRatio": 2.0306748466257667, "fig_size_poster": 0.9792899408284024}, "textRatio": 0.17725752508361203, "figRatio": 0.1507220708256568}}}