{"poster_size": 4478976, "doclen": 817, "figlen": 1035230, "section": {"1": {"xy": [625, 29, 1340, 78], "panel_size": 104520, "panel_aspectRatio": 17.17948717948718, "category": "Title", "figures": 0, "textlen": 0, "fig_size": 0, "title": "Learning Hyperbolic Representations in Real-World Networks", "textRatio": 0.0, "figRatio": 0.0}, "2": {"xy": [1, 216, 1285, 560], "panel_size": 719600, "panel_aspectRatio": 2.294642857142857, "category": "Introduction", "figures": 1, "textlen": 112, "fig_size": 319523, "title": "Overview", "7": {"fig_size": 319523, "fig_aspectRatio": 5.0717131474103585, "fig_size_poster": 0.9906614785992218}, "textRatio": 0.13708690330477355, "figRatio": 0.30864928566598726}, "3": {"xy": [1294, 216, 1297, 473], "panel_size": 613481, "panel_aspectRatio": 2.7420718816067655, "category": "Introduction", "figures": 2, "textlen": 99, "fig_size": 174246, "title": "Hyperbolic Embeddings", "18": {"fig_size": 68326, "fig_aspectRatio": 1.0590551181102361, "fig_size_poster": 0.20740169622205087}, "19": {"fig_size": 105920, "fig_aspectRatio": 1.034375, "fig_size_poster": 0.25520431765612955}, "textRatio": 0.1211750305997552, "figRatio": 0.1683162195840538}, "4": {"xy": [0, 790, 1288, 497], "panel_size": 640136, "panel_aspectRatio": 2.591549295774648, "category": "Method", "figures": 2, "textlen": 123, "fig_size": 72896, "title": "Embedding Generation", "12": {"fig_size": 35186, "fig_aspectRatio": 6.602739726027397, "fig_size_poster": 0.37422360248447206}, "15": {"fig_size": 37710, "fig_aspectRatio": 4.655555555555556, "fig_size_poster": 0.3253105590062112}, "textRatio": 0.15055079559363524, "figRatio": 0.07041527003661022}, "5": {"xy": [1294, 696, 1294, 589], "panel_size": 762166, "panel_aspectRatio": 2.196943972835314, "category": "Method", "figures": 0, "textlen": 288, "fig_size": 0, "title": "Node Classification and Link Prediction", "textRatio": 0.3525091799265606, "figRatio": 0.0}, "6": {"xy": [6, 1298, 2585, 429], "panel_size": 1108965, "panel_aspectRatio": 6.0256410256410255, "category": "Result", "figures": 2, "textlen": 195, "fig_size": 468565, "title": "Experimental Evaluation", "22": {"fig_size": 282361, "fig_aspectRatio": 2.0294906166219837, "fig_size_poster": 0.29284332688588005}, "23": {"fig_size": 186204, "fig_aspectRatio": 3.343220338983051, "fig_size_poster": 0.30522243713733077}, "textRatio": 0.2386780905752754, "figRatio": 0.4526192247133487}}}