{"poster_size": 6967296, "doclen": 385, "figlen": 2625304, "section": {"0": {"xy": [786, 12, 1326, 95], "panel_size": 125970, "panel_aspectRatio": 13.957894736842105, "category": "Title", "figures": 0, "textlen": 0, "fig_size": 0, "title": "Cuisine Classification from Ingredients", "textRatio": 0.0, "figRatio": 0.0}, "1": {"xy": [43, 267, 833, 945], "panel_size": 787185, "panel_aspectRatio": 0.8814814814814815, "category": "Introduction", "figures": 1, "textlen": 158, "fig_size": 184965, "title": "Introduction", "3": {"fig_size": 184965, "fig_aspectRatio": 2.1254237288135593, "fig_size_poster": 0.7527010804321729}, "textRatio": 0.4103896103896104, "figRatio": 0.07045469781785271}, "5": {"xy": [43, 1229, 1548, 973], "panel_size": 1506204, "panel_aspectRatio": 1.5909558067831449, "category": "Method", "figures": 2, "textlen": 114, "fig_size": 781054, "title": "Classification algorithms and performance", "7": {"fig_size": 396304, "fig_aspectRatio": 1.426944971537002, "fig_size_poster": 0.48578811369509045}, "8": {"fig_size": 384750, "fig_aspectRatio": 4.7368421052631575, "fig_size_poster": 0.872093023255814}, "textRatio": 0.2961038961038961, "figRatio": 0.2975099264694679}, "9": {"xy": [918, 254, 2058, 960], "panel_size": 1975680, "panel_aspectRatio": 2.14375, "category": "Method", "figures": 2, "textlen": 35, "fig_size": 1201433, "title": "Pre-processing and feature selection", "10": {"fig_size": 777325, "fig_aspectRatio": 1.2941935483870968, "fig_size_poster": 0.4873663751214772}, "12": {"fig_size": 424108, "fig_aspectRatio": 2.021834061135371, "fig_size_poster": 0.4499514091350826}, "textRatio": 0.09090909090909091, "figRatio": 0.45763576332493305}, "13": {"xy": [1628, 1227, 1369, 720], "panel_size": 985680, "panel_aspectRatio": 1.9013888888888888, "category": "Method", "figures": 3, "textlen": 78, "fig_size": 457852, "title": "Observations and future work", "14": {"fig_size": 163792, "fig_aspectRatio": 1.3144475920679888, "fig_size_poster": 0.3389335281227173}, "15": {"fig_size": 148260, "fig_aspectRatio": 1.1898016997167138, "fig_size_poster": 0.30679327976625276}, "16": {"fig_size": 145800, "fig_aspectRatio": 1.125, "fig_size_poster": 0.295836376917458}, "textRatio": 0.2025974025974026, "figRatio": 0.17439961238774634}}}