{"poster_size": 6220800, "doclen": 390, "figlen": 1870238, "section": {"1": {"xy": [859, 77, 1176, 168], "panel_size": 197568, "panel_aspectRatio": 7.0, "category": "Title", "figures": 0, "textlen": 0, "fig_size": 0, "title": "Out-of-focus: Learning Depth fromlmage Bokeh for Robotic Perception", "textRatio": 0.0, "figRatio": 0.0}, "2": {"xy": [68, 353, 897, 522], "panel_size": 468234, "panel_aspectRatio": 1.7183908045977012, "category": "Introduction", "figures": 0, "textlen": 107, "fig_size": 0, "title": "Introduction", "textRatio": 0.2743589743589744, "figRatio": 0.0}, "4": {"xy": [62, 893, 906, 1140], "panel_size": 1032840, "panel_aspectRatio": 0.7947368421052632, "category": "Method", "figures": 2, "textlen": 64, "fig_size": 654493, "title": "DATA ACQUISITION", "6": {"fig_size": 113701, "fig_aspectRatio": 0.5899772209567198, "fig_size_poster": 0.2858719646799117}, "7": {"fig_size": 540792, "fig_aspectRatio": 1.458128078817734, "fig_size_poster": 0.9801324503311258}, "textRatio": 0.1641025641025641, "figRatio": 0.3499517173750079}, "8": {"xy": [995, 347, 888, 895], "panel_size": 794760, "panel_aspectRatio": 0.9921787709497206, "category": "Method", "figures": 1, "textlen": 56, "fig_size": 398174, "title": "CONVOLUTIONAL NEURAL NETWORK", "10": {"fig_size": 398174, "fig_aspectRatio": 1.7426778242677825, "fig_size_poster": 0.9380630630630631}, "textRatio": 0.14358974358974358, "figRatio": 0.21290017634119293}, "11": {"xy": [1007, 1251, 882, 770], "panel_size": 679140, "panel_aspectRatio": 1.1454545454545455, "category": "Method", "figures": 0, "textlen": 110, "fig_size": 0, "title": "l\nMPLEMENTATION & EXPERIMENTS", "textRatio": 0.28205128205128205, "figRatio": 0.0}, "13": {"xy": [1915, 357, 910, 1002], "panel_size": 911820, "panel_aspectRatio": 0.908183632734531, "category": "Result", "figures": 4, "textlen": 0, "fig_size": 817571, "title": "ResultS", "14": {"fig_size": 185891, "fig_aspectRatio": 4.1753554502369665, "fig_size_poster": 0.9681318681318681}, "15": {"fig_size": 183270, "fig_aspectRatio": 4.360975609756098, "fig_size_poster": 0.9824175824175824}, "16": {"fig_size": 177906, "fig_aspectRatio": 4.492462311557789, "fig_size_poster": 0.9824175824175824}, "17": {"fig_size": 270504, "fig_aspectRatio": 2.888888888888889, "fig_size_poster": 0.9714285714285714}, "textRatio": 0.0, "figRatio": 0.4371481062837992}, "18": {"xy": [1924, 1365, 908, 278], "panel_size": 252424, "panel_aspectRatio": 3.2661870503597124, "category": "Discussion", "figures": 0, "textlen": 53, "fig_size": 0, "title": "CONCLUSION AND FUTURE WORK", "textRatio": 0.1358974358974359, "figRatio": 0.0}}}