{"poster_size": 4478976, "doclen": 508, "figlen": 1109092, "section": {"1": {"xy": [726, 30, 1239, 230], "panel_size": 284970, "panel_aspectRatio": 5.386956521739131, "category": "Title", "figures": 0, "textlen": 12, "fig_size": 0, "title": "Estimating the Required Dosage of Warfarin", "textRatio": 0.023622047244094488, "figRatio": 0.0}, "4": {"xy": [19, 323, 488, 253], "panel_size": 123464, "panel_aspectRatio": 1.9288537549407114, "category": "Introduction", "figures": 0, "textlen": 44, "fig_size": 0, "title": "Summary\n", "textRatio": 0.08661417322834646, "figRatio": 0.0}, "6": {"xy": [34, 584, 477, 701], "panel_size": 334377, "panel_aspectRatio": 0.6804564907275321, "category": "Introduction", "figures": 1, "textlen": 66, "fig_size": 112710, "title": "Data & Features", "8": {"fig_size": 112710, "fig_aspectRatio": 1.7333333333333334, "fig_size_poster": 0.9266247379454927}, "textRatio": 0.12992125984251968, "figRatio": 0.10162367053409456}, "10": {"xy": [9, 1297, 506, 400], "panel_size": 202400, "panel_aspectRatio": 1.265, "category": "Method", "figures": 1, "textlen": 28, "fig_size": 89910, "title": "Evaluation Metrics", "11": {"fig_size": 89910, "fig_aspectRatio": 1.8243243243243243, "fig_size_poster": 0.8003952569169961}, "textRatio": 0.05511811023622047, "figRatio": 0.08106631370526521}, "13": {"xy": [530, 315, 700, 1250], "panel_size": 875000, "panel_aspectRatio": 0.56, "category": "Method", "figures": 9, "textlen": 111, "fig_size": 296790, "title": "Models", "15": {"fig_size": 5832, "fig_aspectRatio": 10.125, "fig_size_poster": 0.34714285714285714}, "17": {"fig_size": 85272, "fig_aspectRatio": 4.610294117647059, "fig_size_poster": 0.8957142857142857}, "19": {"fig_size": 66220, "fig_aspectRatio": 2.792207792207792, "fig_size_poster": 0.6142857142857143}, "21": {"fig_size": 17848, "fig_aspectRatio": 8.434782608695652, "fig_size_poster": 0.5542857142857143}, "23": {"fig_size": 8717, "fig_aspectRatio": 16.47826086956522, "fig_size_poster": 0.5414285714285715}, "25": {"fig_size": 32064, "fig_aspectRatio": 7.828125, "fig_size_poster": 0.7157142857142857}, "27": {"fig_size": 18130, "fig_aspectRatio": 3.7, "fig_size_poster": 0.37}, "29": {"fig_size": 31507, "fig_aspectRatio": 13.122448979591837, "fig_size_poster": 0.9185714285714286}, "30": {"fig_size": 31200, "fig_aspectRatio": 12.48, "fig_size_poster": 0.8914285714285715}, "textRatio": 0.21850393700787402, "figRatio": 0.2675972777731694}, "31": {"xy": [1253, 319, 700, 1172], "panel_size": 820400, "panel_aspectRatio": 0.5972696245733788, "category": "Result", "figures": 2, "textlen": 68, "fig_size": 373873, "title": "Baseline Performance", "33": {"fig_size": 191893, "fig_aspectRatio": 1.3501326259946949, "fig_size_poster": 0.7271428571428571}, "36": {"fig_size": 181980, "fig_aspectRatio": 1.6023738872403561, "fig_size_poster": 0.7714285714285715}, "textRatio": 0.13385826771653545, "figRatio": 0.3370982749853033}, "39": {"xy": [1982, 1443, 600, 261], "panel_size": 156600, "panel_aspectRatio": 2.2988505747126435, "category": "Introduction", "figures": 0, "textlen": 54, "fig_size": 0, "title": "Future Work", "textRatio": 0.1062992125984252, "figRatio": 0.0}, "41": {"xy": [1983, 1019, 604, 407], "panel_size": 245828, "panel_aspectRatio": 1.484029484029484, "category": "Discussion", "figures": 0, "textlen": 103, "fig_size": 0, "title": "Discussion", "textRatio": 0.20275590551181102, "figRatio": 0.0}, "43": {"xy": [1979, 326, 590, 669], "panel_size": 394710, "panel_aspectRatio": 0.8819133034379671, "category": "Result", "figures": 2, "textlen": 22, "fig_size": 235809, "title": "Result", "45": {"fig_size": 176490, "fig_aspectRatio": 1.5915915915915917, "fig_size_poster": 0.8983050847457628}, "48": {"fig_size": 59319, "fig_aspectRatio": 4.333333333333333, "fig_size_poster": 0.8593220338983051}, "textRatio": 0.04330708661417323, "figRatio": 0.21261446300216755}}}