{"poster_size": 4478976, "doclen": 326, "figlen": 1313996, "section": {"1": {"xy": [903, 29, 809, 84], "panel_size": 67956, "panel_aspectRatio": 9.630952380952381, "category": "Title", "figures": 0, "textlen": 0, "fig_size": 0, "title": "AI For Chrome Offline Dinosaur Game", "textRatio": 0.0, "figRatio": 0.0}, "2": {"xy": [91, 221, 791, 348], "panel_size": 275268, "panel_aspectRatio": 2.2729885057471266, "category": "Introduction", "figures": 0, "textlen": 46, "fig_size": 0, "title": "Abstract", "textRatio": 0.1411042944785276, "figRatio": 0.0}, "4": {"xy": [82, 586, 802, 604], "panel_size": 484408, "panel_aspectRatio": 1.3278145695364238, "category": "Method", "figures": 0, "textlen": 95, "fig_size": 0, "title": "Methods and Materials", "textRatio": 0.29141104294478526, "figRatio": 0.0}, "7": {"xy": [894, 221, 819, 1256], "panel_size": 1028664, "panel_aspectRatio": 0.6520700636942676, "category": "Method", "figures": 3, "textlen": 0, "fig_size": 869648, "title": "Methods and Materials", "8": {"fig_size": 175208, "fig_aspectRatio": 2.9917355371900825, "fig_size_poster": 0.884004884004884}, "9": {"fig_size": 266454, "fig_aspectRatio": 1.7251908396946565, "fig_size_poster": 0.8278388278388278}, "10": {"fig_size": 427986, "fig_aspectRatio": 1.5178907721280603, "fig_size_poster": 0.9841269841269841}, "textRatio": 0.0, "figRatio": 0.6618345870154856}, "11": {"xy": [50, 1207, 838, 302], "panel_size": 253076, "panel_aspectRatio": 2.774834437086093, "category": "Method", "figures": 2, "textlen": 0, "fig_size": 217546, "title": "Methods and Materials", "12": {"fig_size": 126250, "fig_aspectRatio": 2.02, "fig_size_poster": 0.6026252983293556}, "13": {"fig_size": 91296, "fig_aspectRatio": 1.1006944444444444, "fig_size_poster": 0.37828162291169454}, "textRatio": 0.0, "figRatio": 0.16556062575532954}, "14": {"xy": [1728, 224, 777, 443], "panel_size": 344211, "panel_aspectRatio": 1.7539503386004516, "category": "Result", "figures": 1, "textlen": 26, "fig_size": 226802, "title": "Results", "15": {"fig_size": 226802, "fig_aspectRatio": 2.486754966887417, "fig_size_poster": 0.9665379665379665}, "textRatio": 0.07975460122699386, "figRatio": 0.17260478722918488}, "17": {"xy": [1725, 681, 775, 616], "panel_size": 477400, "panel_aspectRatio": 1.2581168831168832, "category": "Discussion", "figures": 0, "textlen": 104, "fig_size": 0, "title": "Discussion", "textRatio": 0.31901840490797545, "figRatio": 0.0}, "19": {"xy": [1722, 1307, 790, 198], "panel_size": 156420, "panel_aspectRatio": 3.98989898989899, "category": "Discussion", "figures": 0, "textlen": 55, "fig_size": 0, "title": "Conclusion", "textRatio": 0.1687116564417178, "figRatio": 0.0}}}