{"poster_size": 518400, "doclen": 382, "figlen": 133693, "section": {"1": {"xy": [281, 12, 404, 38], "panel_size": 15352, "panel_aspectRatio": 10.631578947368421, "category": "Title", "figures": 0, "textlen": 0, "fig_size": 0, "title": "Identifying the Higgs Boson", "textRatio": 0.0, "figRatio": 0.0}, "2": {"xy": [7, 95, 301, 157], "panel_size": 47257, "panel_aspectRatio": 1.9171974522292994, "category": "Introduction", "figures": 1, "textlen": 56, "fig_size": 7920, "title": "LHS and the Higgs Boson", "5": {"fig_size": 7920, "fig_aspectRatio": 1.5277777777777777, "fig_size_poster": 0.3654485049833887}, "textRatio": 0.14659685863874344, "figRatio": 0.05924019956168236}, "6": {"xy": [10, 257, 302, 267], "panel_size": 80634, "panel_aspectRatio": 1.1310861423220975, "category": "Introduction", "figures": 1, "textlen": 90, "fig_size": 25974, "title": "Data", "7": {"fig_size": 25974, "fig_aspectRatio": 2.108108108108108, "fig_size_poster": 0.7748344370860927}, "textRatio": 0.2356020942408377, "figRatio": 0.19428092719888101}, "9": {"xy": [315, 98, 329, 429], "panel_size": 141141, "panel_aspectRatio": 0.7668997668997669, "category": "Result", "figures": 1, "textlen": 125, "fig_size": 50103, "title": "Results", "11": {"fig_size": 50103, "fig_aspectRatio": 1.713450292397661, "fig_size_poster": 0.8905775075987842}, "textRatio": 0.32722513089005234, "figRatio": 0.37476158063623377}, "14": {"xy": [652, 103, 303, 228], "panel_size": 69084, "panel_aspectRatio": 1.3289473684210527, "category": "Result", "figures": 2, "textlen": 55, "fig_size": 29204, "title": "Optimizations and Experiments", "15": {"fig_size": 13144, "fig_aspectRatio": 1.169811320754717, "fig_size_poster": 0.40924092409240925}, "16": {"fig_size": 16060, "fig_aspectRatio": 1.3272727272727274, "fig_size_poster": 0.48184818481848185}, "textRatio": 0.14397905759162305, "figRatio": 0.21844075606052674}, "18": {"xy": [652, 333, 303, 193], "panel_size": 58479, "panel_aspectRatio": 1.5699481865284974, "category": "Discussion", "figures": 1, "textlen": 56, "fig_size": 20492, "title": "Vision", "19": {"fig_size": 20492, "fig_aspectRatio": 2.3191489361702127, "fig_size_poster": 0.7194719471947195}, "textRatio": 0.14659685863874344, "figRatio": 0.15327653654267612}}}