{"poster_size": 4478976, "doclen": 264, "figlen": 1667300, "section": {"1": {"xy": [763, 23, 1093, 153], "panel_size": 167229, "panel_aspectRatio": 7.143790849673203, "category": "Title", "figures": 0, "textlen": 0, "fig_size": 0, "title": "Dysarthric Speech Recognition Using Listen-Attend-Spell", "textRatio": 0.0, "figRatio": 0.0}, "2": {"xy": [32, 240, 620, 441], "panel_size": 273420, "panel_aspectRatio": 1.4058956916099774, "category": "Introduction", "figures": 0, "textlen": 42, "fig_size": 0, "title": "Introduction", "textRatio": 0.1590909090909091, "figRatio": 0.0}, "3": {"xy": [8, 689, 677, 1004], "panel_size": 679708, "panel_aspectRatio": 0.6743027888446215, "category": "Introduction", "figures": 2, "textlen": 45, "fig_size": 324014, "title": "Dataset & Features", "10": {"fig_size": 67404, "fig_aspectRatio": 4.455284552845528, "fig_size_poster": 0.8094534711964549}, "12": {"fig_size": 256610, "fig_aspectRatio": 1.7493472584856398, "fig_size_poster": 0.9896602658788775}, "textRatio": 0.17045454545454544, "figRatio": 0.19433455286990944}, "4": {"xy": [692, 241, 1298, 544], "panel_size": 706112, "panel_aspectRatio": 2.386029411764706, "category": "Method", "figures": 3, "textlen": 30, "fig_size": 392272, "title": "Model", "14": {"fig_size": 180420, "fig_aspectRatio": 0.8344086021505376, "fig_size_poster": 0.29892141756548535}, "15": {"fig_size": 163576, "fig_aspectRatio": 2.5354330708661417, "fig_size_poster": 0.49614791987673346}, "16": {"fig_size": 48276, "fig_aspectRatio": 7.3580246913580245, "fig_size_poster": 0.4591679506933744}, "textRatio": 0.11363636363636363, "figRatio": 0.23527379595753614}, "5": {"xy": [699, 792, 1293, 922], "panel_size": 1192146, "panel_aspectRatio": 1.4023861171366594, "category": "Result", "figures": 3, "textlen": 6, "fig_size": 951014, "title": "Results", "23": {"fig_size": 403541, "fig_aspectRatio": 4.0157728706624605, "fig_size_poster": 0.9845320959010054}, "25": {"fig_size": 292086, "fig_aspectRatio": 4.946502057613169, "fig_size_poster": 0.9296210363495746}, "26": {"fig_size": 255387, "fig_aspectRatio": 5.629107981220657, "fig_size_poster": 0.9273008507347255}, "textRatio": 0.022727272727272728, "figRatio": 0.5703916511725544}, "6": {"xy": [2006, 238, 562, 943], "panel_size": 529966, "panel_aspectRatio": 0.5959703075291622, "category": "Discussion", "figures": 0, "textlen": 124, "fig_size": 0, "title": "Discussion", "textRatio": 0.4696969696969697, "figRatio": 0.0}, "7": {"xy": [2006, 1185, 571, 265], "panel_size": 151315, "panel_aspectRatio": 2.1547169811320757, "category": "Discussion", "figures": 0, "textlen": 17, "fig_size": 0, "title": "Future Work", "textRatio": 0.06439393939393939, "figRatio": 0.0}}}