{"poster_size": 8036464, "doclen": 286, "figlen": 1864531, "section": {"1": {"xy": [195, 56, 2147, 143], "panel_size": 307021, "panel_aspectRatio": 15.013986013986013, "category": "Title", "figures": 0, "textlen": 0, "fig_size": 0, "title": "DEEP REINFORCEMENT LEARNING FOR ATARI GAMES AIDED WITH HUMAN GUIDANCE", "textRatio": 0.0, "figRatio": 0.0}, "2": {"xy": [16, 357, 781, 779], "panel_size": 608399, "panel_aspectRatio": 1.0025673940949935, "category": "Introduction", "figures": 1, "textlen": 45, "fig_size": 177504, "title": "OBJECTIVES", "4": {"fig_size": 177504, "fig_aspectRatio": 2.6666666666666665, "fig_size_poster": 0.8809218950064021}, "textRatio": 0.15734265734265734, "figRatio": 0.095200347969543}, "6": {"xy": [26, 1147, 771, 617], "panel_size": 475707, "panel_aspectRatio": 1.2495948136142625, "category": "Method", "figures": 2, "textlen": 13, "fig_size": 94575, "title": "RL - POLICY GRADIENT", "8": {"fig_size": 60420, "fig_aspectRatio": 4.649122807017544, "fig_size_poster": 0.6874189364461738}, "10": {"fig_size": 34155, "fig_aspectRatio": 2.582608695652174, "fig_size_poster": 0.3852140077821012}, "textRatio": 0.045454545454545456, "figRatio": 0.05072321135985403}, "11": {"xy": [21, 1767, 780, 1164], "panel_size": 907920, "panel_aspectRatio": 0.6701030927835051, "category": "Method", "figures": 2, "textlen": 13, "fig_size": 380161, "title": "NEURAL NETWORK", "12": {"fig_size": 168776, "fig_aspectRatio": 2.0207612456747404, "fig_size_poster": 0.7487179487179487}, "14": {"fig_size": 211385, "fig_aspectRatio": 1.8835820895522388, "fig_size_poster": 0.808974358974359}, "textRatio": 0.045454545454545456, "figRatio": 0.20389095166559312}, "16": {"xy": [809, 364, 1542, 641], "panel_size": 988422, "panel_aspectRatio": 2.405616224648986, "category": "Result", "figures": 2, "textlen": 10, "fig_size": 577440, "title": "RESULTS", "17": {"fig_size": 294500, "fig_aspectRatio": 1.305263157894737, "fig_size_poster": 0.40207522697795073}, "18": {"fig_size": 282940, "fig_aspectRatio": 1.2808510638297872, "fig_size_poster": 0.39040207522697795}, "textRatio": 0.03496503496503497, "figRatio": 0.30969718390308343}, "21": {"xy": [813, 1022, 1548, 1575], "panel_size": 2438100, "panel_aspectRatio": 0.9828571428571429, "category": "Result", "figures": 2, "textlen": 170, "fig_size": 634851, "title": "HUMAN GUIDANCE", "24": {"fig_size": 228907, "fig_aspectRatio": 1.6630727762803235, "fig_size_poster": 0.39857881136950907}, "26": {"fig_size": 405944, "fig_aspectRatio": 0.9347496206373292, "fig_size_poster": 0.3979328165374677}, "textRatio": 0.5944055944055944, "figRatio": 0.34048830510192646}, "29": {"xy": [813, 2614, 1541, 327], "panel_size": 503907, "panel_aspectRatio": 4.712538226299694, "category": "Result", "figures": 0, "textlen": 35, "fig_size": 0, "title": "CONCLUSION", "textRatio": 0.12237762237762238, "figRatio": 0.0}}}