{"poster_size": 4478976, "doclen": 317, "figlen": 1074256, "section": {"0": {"xy": [336, 29, 1927, 118], "panel_size": 227386, "panel_aspectRatio": 16.33050847457627, "category": "Title", "figures": 0, "textlen": 0, "fig_size": 0, "title": "Spectral Transition-Based Playlist Prediction", "textRatio": 0.0, "figRatio": 0.0}, "1": {"xy": [14, 345, 565, 535], "panel_size": 302275, "panel_aspectRatio": 1.0560747663551402, "category": "Introduction", "figures": 0, "textlen": 38, "fig_size": 0, "title": "Introduction", "textRatio": 0.11987381703470032, "figRatio": 0.0}, "3": {"xy": [14, 901, 562, 409], "panel_size": 229858, "panel_aspectRatio": 1.374083129584352, "category": "Introduction", "figures": 0, "textlen": 36, "fig_size": 0, "title": "Challenges", "textRatio": 0.11356466876971609, "figRatio": 0.0}, "5": {"xy": [588, 347, 825, 533], "panel_size": 439725, "panel_aspectRatio": 1.547842401500938, "category": "Introduction", "figures": 1, "textlen": 0, "fig_size": 323996, "title": "Featurization and Model Pipeline", "6": {"fig_size": 323996, "fig_aspectRatio": 1.7686915887850467, "fig_size_poster": 0.9175757575757576}, "textRatio": 0.0, "figRatio": 0.3016003634143072}, "7": {"xy": [1441, 351, 1120, 503], "panel_size": 563360, "panel_aspectRatio": 2.2266401590457257, "category": "Method", "figures": 0, "textlen": 116, "fig_size": 0, "title": "Methodology", "textRatio": 0.3659305993690852, "figRatio": 0.0}, "9": {"xy": [615, 916, 605, 705], "panel_size": 426525, "panel_aspectRatio": 0.8581560283687943, "category": "Method", "figures": 4, "textlen": 44, "fig_size": 92404, "title": "Algorithms", "11": {"fig_size": 12844, "fig_aspectRatio": 4.75, "fig_size_poster": 0.40826446280991735}, "14": {"fig_size": 18468, "fig_aspectRatio": 6.333333333333333, "fig_size_poster": 0.5652892561983471}, "16": {"fig_size": 33540, "fig_aspectRatio": 4.534883720930233, "fig_size_poster": 0.6446280991735537}, "18": {"fig_size": 27552, "fig_aspectRatio": 11.958333333333334, "fig_size_poster": 0.9487603305785124}, "textRatio": 0.138801261829653, "figRatio": 0.08601674088857778}, "21": {"xy": [1, 1315, 590, 413], "panel_size": 243670, "panel_aspectRatio": 1.4285714285714286, "category": "Introduction", "figures": 1, "textlen": 0, "fig_size": 226164, "title": "Spectrogram of \"Blurred Lines\" by Robin Thicke", "22": {"fig_size": 226164, "fig_aspectRatio": 1.4064837905236909, "fig_size_poster": 0.9559322033898305}, "textRatio": 0.0, "figRatio": 0.21053082319298194}, "23": {"xy": [1245, 896, 663, 475], "panel_size": 314925, "panel_aspectRatio": 1.3957894736842105, "category": "Result", "figures": 1, "textlen": 0, "fig_size": 251272, "title": "Wave Embeddings of Artist-Stratified Playlist Transitions", "24": {"fig_size": 251272, "fig_aspectRatio": 1.635204081632653, "fig_size_poster": 0.9668174962292609}, "textRatio": 0.0, "figRatio": 0.23390327817577933}, "26": {"xy": [1929, 905, 638, 574], "panel_size": 366212, "panel_aspectRatio": 1.1114982578397212, "category": "Result", "figures": 1, "textlen": 43, "fig_size": 180420, "title": "Findings", "27": {"fig_size": 180420, "fig_aspectRatio": 2.1305841924398625, "fig_size_poster": 0.9717868338557993}, "textRatio": 0.13564668769716087, "figRatio": 0.16794879432835377}, "29": {"xy": [1255, 1377, 646, 327], "panel_size": 211242, "panel_aspectRatio": 1.9755351681957187, "category": "Discussion", "figures": 0, "textlen": 40, "fig_size": 0, "title": "Future Work", "textRatio": 0.12618296529968454, "figRatio": 0.0}}}