{"poster_size": 7838208, "doclen": 559, "figlen": 2360498, "section": {"1": {"xy": [447, 51, 2550, 378], "panel_size": 963900, "panel_aspectRatio": 6.746031746031746, "category": "Title", "figures": 0, "textlen": 5, "fig_size": 0, "title": "Predict Commercial Promoted Contents Will Be\nClicked By User", "textRatio": 0.008944543828264758, "figRatio": 0.0}, "3": {"xy": [34, 450, 970, 1430], "panel_size": 1387100, "panel_aspectRatio": 0.6783216783216783, "category": "Introduction", "figures": 1, "textlen": 135, "fig_size": 661278, "title": "PREDICTING", "5": {"fig_size": 661278, "fig_aspectRatio": 1.2827298050139275, "fig_size_poster": 0.9494845360824742}, "textRatio": 0.24150268336314848, "figRatio": 0.2801434273615144}, "7": {"xy": [39, 1887, 966, 663], "panel_size": 640458, "panel_aspectRatio": 1.4570135746606334, "category": "Introduction", "figures": 2, "textlen": 59, "fig_size": 265035, "title": "FEATURES\n", "9": {"fig_size": 130072, "fig_aspectRatio": 1.6126760563380282, "fig_size_poster": 0.474120082815735}, "10": {"fig_size": 134963, "fig_aspectRatio": 1.6159169550173011, "fig_size_poster": 0.4834368530020704}, "textRatio": 0.10554561717352415, "figRatio": 0.112279273271996}, "11": {"xy": [1032, 442, 967, 1139], "panel_size": 1101413, "panel_aspectRatio": 0.848990342405619, "category": "Method", "figures": 1, "textlen": 60, "fig_size": 689544, "title": "DATA\n", "13": {"fig_size": 689544, "fig_aspectRatio": 1.2868852459016393, "fig_size_poster": 0.9741468459152016}, "textRatio": 0.1073345259391771, "figRatio": 0.29211801916375274}, "14": {"xy": [1035, 1588, 958, 985], "panel_size": 943630, "panel_aspectRatio": 0.9725888324873097, "category": "Method", "figures": 2, "textlen": 52, "fig_size": 418161, "title": "MODELS", "16": {"fig_size": 190115, "fig_aspectRatio": 3.442553191489362, "fig_size_poster": 0.8444676409185804}, "18": {"fig_size": 228046, "fig_aspectRatio": 1.7793296089385475, "fig_size_poster": 0.6649269311064718}, "textRatio": 0.09302325581395349, "figRatio": 0.17714948286336188}, "19": {"xy": [2028, 458, 942, 517], "panel_size": 487014, "panel_aspectRatio": 1.8220502901353965, "category": "Result", "figures": 2, "textlen": 8, "fig_size": 326480, "title": "RESULTS", "21": {"fig_size": 147920, "fig_aspectRatio": 1.25, "fig_size_poster": 0.4564755838641189}, "22": {"fig_size": 178560, "fig_aspectRatio": 1.2903225806451613, "fig_size_poster": 0.5095541401273885}, "textRatio": 0.014311270125223614, "figRatio": 0.13830979733937498}, "23": {"xy": [2032, 981, 940, 850], "panel_size": 799000, "panel_aspectRatio": 1.1058823529411765, "category": "Discussion", "figures": 0, "textlen": 167, "fig_size": 0, "title": "Discussion", "textRatio": 0.29874776386404295, "figRatio": 0.0}, "25": {"xy": [2029, 1842, 946, 481], "panel_size": 455026, "panel_aspectRatio": 1.9667359667359667, "category": "Introduction", "figures": 0, "textlen": 73, "fig_size": 0, "title": "FUTURE", "textRatio": 0.13059033989266547, "figRatio": 0.0}}}