{"poster_size": 4478976, "doclen": 163, "figlen": 2014895, "section": {"1": {"xy": [823, 8, 976, 100], "panel_size": 97600, "panel_aspectRatio": 9.76, "category": "Title", "figures": 0, "textlen": 0, "fig_size": 0, "title": "Subsurface lmaging using GANs", "textRatio": 0.0, "figRatio": 0.0}, "2": {"xy": [10, 208, 605, 824], "panel_size": 498520, "panel_aspectRatio": 0.7342233009708737, "category": "Introduction", "figures": 3, "textlen": 76, "fig_size": 131857, "title": "Background", "4": {"fig_size": 35371, "fig_aspectRatio": 1.3312883435582823, "fig_size_poster": 0.3586776859504132}, "6": {"fig_size": 47998, "fig_aspectRatio": 0.8841201716738197, "fig_size_poster": 0.34049586776859503}, "7": {"fig_size": 48488, "fig_aspectRatio": 0.9008620689655172, "fig_size_poster": 0.34545454545454546}, "textRatio": 0.4662576687116564, "figRatio": 0.06544112720513973}, "8": {"xy": [8, 1041, 607, 686], "panel_size": 416402, "panel_aspectRatio": 0.8848396501457726, "category": "Introduction", "figures": 3, "textlen": 0, "fig_size": 308025, "title": "2. Data Generation", "9": {"fig_size": 97128, "fig_aspectRatio": 0.301056338028169, "fig_size_poster": 0.28171334431630973}, "10": {"fig_size": 82650, "fig_aspectRatio": 0.2543859649122807, "fig_size_poster": 0.23887973640856672}, "11": {"fig_size": 128247, "fig_aspectRatio": 0.36717428087986465, "fig_size_poster": 0.357495881383855}, "textRatio": 0.0, "figRatio": 0.15287397110023104}, "12": {"xy": [641, 212, 945, 531], "panel_size": 501795, "panel_aspectRatio": 1.7796610169491525, "category": "Method", "figures": 3, "textlen": 0, "fig_size": 390541, "title": "3. Deterministic Approach (baseline)", "13": {"fig_size": 118629, "fig_aspectRatio": 0.6099773242630385, "fig_size_poster": 0.28465608465608466}, "14": {"fig_size": 160912, "fig_aspectRatio": 0.7876106194690266, "fig_size_poster": 0.37671957671957673}, "15": {"fig_size": 111000, "fig_aspectRatio": 0.5630630630630631, "fig_size_poster": 0.26455026455026454}, "textRatio": 0.0, "figRatio": 0.19382697361400966}, "16": {"xy": [645, 760, 952, 525], "panel_size": 499800, "panel_aspectRatio": 1.8133333333333332, "category": "Method", "figures": 2, "textlen": 0, "fig_size": 389265, "title": "4. Experiment 1: cGAN", "17": {"fig_size": 228445, "fig_aspectRatio": 1.2529274004683841, "fig_size_poster": 0.5619747899159664}, "18": {"fig_size": 160820, "fig_aspectRatio": 0.8697674418604651, "fig_size_poster": 0.39285714285714285}, "textRatio": 0.0, "figRatio": 0.1931936899937714}, "19": {"xy": [637, 1301, 950, 251], "panel_size": 238450, "panel_aspectRatio": 3.7848605577689245, "category": "Discussion", "figures": 0, "textlen": 59, "fig_size": 0, "title": "Conclusions", "textRatio": 0.3619631901840491, "figRatio": 0.0}, "21": {"xy": [1597, 219, 970, 533], "panel_size": 517010, "panel_aspectRatio": 1.8198874296435272, "category": "Method", "figures": 3, "textlen": 0, "fig_size": 387274, "title": "5. Experiment 2: pix2pix", "22": {"fig_size": 124096, "fig_aspectRatio": 0.6183035714285714, "fig_size_poster": 0.28556701030927834}, "23": {"fig_size": 163170, "fig_aspectRatio": 0.8390022675736961, "fig_size_poster": 0.38144329896907214}, "24": {"fig_size": 100008, "fig_aspectRatio": 0.46652267818574517, "fig_size_poster": 0.22268041237113403}, "textRatio": 0.0, "figRatio": 0.19220554917253752}, "25": {"xy": [1610, 760, 953, 528], "panel_size": 503184, "panel_aspectRatio": 1.8049242424242424, "category": "Method", "figures": 3, "textlen": 0, "fig_size": 407933, "title": "6. Experiment 3: cycleGAN", "26": {"fig_size": 158700, "fig_aspectRatio": 0.75, "fig_size_poster": 0.3620146904512067}, "27": {"fig_size": 171105, "fig_aspectRatio": 1.839344262295082, "fig_size_poster": 0.5886673662119623}, "28": {"fig_size": 78128, "fig_aspectRatio": 3.3815789473684212, "fig_size_poster": 0.5393494228751312}, "textRatio": 0.0, "figRatio": 0.20245868891431068}, "29": {"xy": [1621, 1310, 926, 235], "panel_size": 217610, "panel_aspectRatio": 3.9404255319148938, "category": "Discussion", "figures": 0, "textlen": 28, "fig_size": 0, "title": "Future Work", "textRatio": 0.17177914110429449, "figRatio": 0.0}}}