{"poster_size": 3110400, "doclen": 637, "figlen": 462777, "section": {"1": {"xy": [511, 32, 1270, 147], "panel_size": 186690, "panel_aspectRatio": 8.639455782312925, "category": "Title", "figures": 0, "textlen": 19, "fig_size": 0, "title": "Generating Groove: Predicting Jazz Harmonization", "textRatio": 0.029827315541601257, "figRatio": 0.0}, "3": {"xy": [19, 191, 681, 249], "panel_size": 169569, "panel_aspectRatio": 2.7349397590361444, "category": "Introduction", "figures": 0, "textlen": 70, "fig_size": 0, "title": "Motivation", "textRatio": 0.10989010989010989, "figRatio": 0.0}, "5": {"xy": [25, 452, 675, 223], "panel_size": 150525, "panel_aspectRatio": 3.0269058295964126, "category": "Introduction", "figures": 0, "textlen": 66, "fig_size": 0, "title": "Dataset and Feature Mapping\n", "textRatio": 0.10361067503924647, "figRatio": 0.0}, "7": {"xy": [8, 679, 697, 761], "panel_size": 530417, "panel_aspectRatio": 0.9159001314060446, "category": "Method", "figures": 1, "textlen": 83, "fig_size": 234949, "title": "Clustering Algorithms", "9": {"fig_size": 234949, "fig_aspectRatio": 1.446650124069479, "fig_size_poster": 0.836441893830703}, "textRatio": 0.130298273155416, "figRatio": 0.5076937704337078}, "11": {"xy": [723, 185, 742, 202], "panel_size": 149884, "panel_aspectRatio": 3.6732673267326734, "category": "Result", "figures": 0, "textlen": 50, "fig_size": 0, "title": "Clustering Results\n", "textRatio": 0.07849293563579278, "figRatio": 0.0}, "13": {"xy": [714, 392, 757, 1047], "panel_size": 792579, "panel_aspectRatio": 0.723018147086915, "category": "Method", "figures": 3, "textlen": 179, "fig_size": 90292, "title": "Classification Algorithms", "15": {"fig_size": 27892, "fig_aspectRatio": 4.828947368421052, "fig_size_poster": 0.4848084544253633}, "17": {"fig_size": 14880, "fig_aspectRatio": 9.3, "fig_size_poster": 0.4914134742404227}, "19": {"fig_size": 47520, "fig_aspectRatio": 5.15625, "fig_size_poster": 0.6538969616908851}, "textRatio": 0.28100470957613816, "figRatio": 0.19510909141984153}, "21": {"xy": [1483, 198, 664, 592], "panel_size": 393088, "panel_aspectRatio": 1.1216216216216217, "category": "Result", "figures": 1, "textlen": 86, "fig_size": 137536, "title": "Result", "23": {"fig_size": 137536, "fig_aspectRatio": 2.7410714285714284, "fig_size_poster": 0.9246987951807228}, "textRatio": 0.13500784929356358, "figRatio": 0.29719713814645066}, "25": {"xy": [1485, 804, 667, 351], "panel_size": 234117, "panel_aspectRatio": 1.9002849002849003, "category": "Discussion", "figures": 0, "textlen": 84, "fig_size": 0, "title": "Future Directions\n", "textRatio": 0.13186813186813187, "figRatio": 0.0}}}