{"poster_size": 4478976, "doclen": 421, "figlen": 1199269, "section": {"1": {"xy": [575, 23, 1540, 157], "panel_size": 241780, "panel_aspectRatio": 9.80891719745223, "category": "Title", "figures": 0, "textlen": 0, "fig_size": 0, "title": "Machine Learning Techniques to Search for 2vBB decay of 136Xe to the excited state of 136Ba in EXO-200", "textRatio": 0.0, "figRatio": 0.0}, "2": {"xy": [13, 330, 839, 424], "panel_size": 355736, "panel_aspectRatio": 1.9787735849056605, "category": "Introduction", "figures": 0, "textlen": 80, "fig_size": 0, "title": "Introduction", "textRatio": 0.19002375296912113, "figRatio": 0.0}, "4": {"xy": [12, 786, 835, 921], "panel_size": 769035, "panel_aspectRatio": 0.9066232356134636, "category": "Method", "figures": 1, "textlen": 90, "fig_size": 284800, "title": "Data", "6": {"fig_size": 284800, "fig_aspectRatio": 2.247191011235955, "fig_size_poster": 0.9580838323353293}, "textRatio": 0.21377672209026127, "figRatio": 0.23747799701318054}, "7": {"xy": [865, 336, 869, 1390], "panel_size": 1207910, "panel_aspectRatio": 0.625179856115108, "category": "Method", "figures": 3, "textlen": 171, "fig_size": 410604, "title": "Models & Features", "9": {"fig_size": 121950, "fig_aspectRatio": 1.6605166051660516, "fig_size_poster": 0.5178365937859609}, "10": {"fig_size": 97128, "fig_aspectRatio": 1.204225352112676, "fig_size_poster": 0.39355581127733025}, "12": {"fig_size": 191526, "fig_aspectRatio": 3.5278969957081543, "fig_size_poster": 0.9459148446490219}, "textRatio": 0.40617577197149646, "figRatio": 0.3423785656095505}, "14": {"xy": [1752, 321, 834, 978], "panel_size": 815652, "panel_aspectRatio": 0.852760736196319, "category": "Result", "figures": 2, "textlen": 49, "fig_size": 503865, "title": "Results & Discussion", "15": {"fig_size": 385236, "fig_aspectRatio": 1.4137931034482758, "fig_size_poster": 0.8848920863309353}, "16": {"fig_size": 118629, "fig_aspectRatio": 5.489795918367347, "fig_size_poster": 0.9676258992805755}, "textRatio": 0.1163895486935867, "figRatio": 0.420143437377269}, "18": {"xy": [1745, 1308, 837, 189], "panel_size": 158193, "panel_aspectRatio": 4.428571428571429, "category": "Discussion", "figures": 0, "textlen": 31, "fig_size": 0, "title": "Future Work", "textRatio": 0.07363420427553444, "figRatio": 0.0}}}