{"poster_size": 4478976, "doclen": 449, "figlen": 1152538, "section": {"1": {"xy": [919, 41, 1084, 74], "panel_size": 80216, "panel_aspectRatio": 14.64864864864865, "category": "Title", "figures": 0, "textlen": 0, "fig_size": 0, "title": "A Method for Modifying Facial Features", "textRatio": 0.0, "figRatio": 0.0}, "2": {"xy": [8, 321, 625, 364], "panel_size": 227500, "panel_aspectRatio": 1.717032967032967, "category": "Introduction", "figures": 0, "textlen": 50, "fig_size": 0, "title": "Motivation", "textRatio": 0.111358574610245, "figRatio": 0.0}, "4": {"xy": [8, 697, 616, 1018], "panel_size": 627088, "panel_aspectRatio": 0.6051080550098232, "category": "Introduction", "figures": 2, "textlen": 87, "fig_size": 179092, "title": "Dataset", "5": {"fig_size": 113950, "fig_aspectRatio": 1.6226415094339623, "fig_size_poster": 0.698051948051948}, "6": {"fig_size": 65142, "fig_aspectRatio": 2.7467532467532467, "fig_size_poster": 0.6866883116883117}, "textRatio": 0.19376391982182628, "figRatio": 0.15538923662386836}, "10": {"xy": [659, 322, 628, 1405], "panel_size": 882340, "panel_aspectRatio": 0.44697508896797156, "category": "Method", "figures": 4, "textlen": 114, "fig_size": 345157, "title": "Methodology", "11": {"fig_size": 258600, "fig_aspectRatio": 1.3921113689095128, "fig_size_poster": 0.9554140127388535}, "12": {"fig_size": 30051, "fig_aspectRatio": 10.69811320754717, "fig_size_poster": 0.9028662420382165}, "13": {"fig_size": 29646, "fig_aspectRatio": 7.967213114754099, "fig_size_poster": 0.7738853503184714}, "14": {"fig_size": 26860, "fig_aspectRatio": 5.8088235294117645, "fig_size_poster": 0.6289808917197452}, "textRatio": 0.25389755011135856, "figRatio": 0.2994755921279819}, "19": {"xy": [1301, 323, 627, 1393], "panel_size": 873411, "panel_aspectRatio": 0.4501076812634602, "category": "Result", "figures": 2, "textlen": 78, "fig_size": 454256, "title": "Results and Discussion", "20": {"fig_size": 194638, "fig_aspectRatio": 1.9369085173501577, "fig_size_poster": 0.9792663476874003}, "21": {"fig_size": 259618, "fig_aspectRatio": 1.1315240083507307, "fig_size_poster": 0.8644338118022329}, "textRatio": 0.17371937639198218, "figRatio": 0.3941353777489332}, "23": {"xy": [1945, 364, 623, 735], "panel_size": 457905, "panel_aspectRatio": 0.8476190476190476, "category": "Result", "figures": 1, "textlen": 70, "fig_size": 174033, "title": "Results and Discussion", "24": {"fig_size": 174033, "fig_aspectRatio": 1.7318611987381702, "fig_size_poster": 0.8812199036918138}, "textRatio": 0.155902004454343, "figRatio": 0.15099979349921652}, "26": {"xy": [1942, 1115, 631, 352], "panel_size": 222112, "panel_aspectRatio": 1.7926136363636365, "category": "Discussion", "figures": 0, "textlen": 50, "fig_size": 0, "title": "Future Works", "textRatio": 0.111358574610245, "figRatio": 0.0}}}