{"poster_size": 6000000, "doclen": 262, "figlen": 1264185, "section": {"1": {"xy": [109, 165, 800, 275], "panel_size": 220000, "panel_aspectRatio": 2.909090909090909, "category": "Title", "figures": 0, "textlen": 0, "fig_size": 0, "title": "grapevine a sommelier in your pocket", "textRatio": 0.0, "figRatio": 0.0}, "2": {"xy": [80, 452, 877, 1173], "panel_size": 1028721, "panel_aspectRatio": 0.7476555839727195, "category": "Introduction", "figures": 0, "textlen": 101, "fig_size": 0, "title": "Motivation\n", "textRatio": 0.38549618320610685, "figRatio": 0.0}, "4": {"xy": [985, 155, 955, 1780], "panel_size": 1699900, "panel_aspectRatio": 0.5365168539325843, "category": "Method", "figures": 2, "textlen": 16, "fig_size": 1197030, "title": "", "6": {"fig_size": 698640, "fig_aspectRatio": 1.0390243902439025, "fig_size_poster": 0.8921465968586387}, "7": {"fig_size": 498390, "fig_aspectRatio": 1.618018018018018, "fig_size_poster": 0.9403141361256544}, "textRatio": 0.061068702290076333, "figRatio": 0.9468788191601704}, "8": {"xy": [1997, 117, 874, 1555], "panel_size": 1359070, "panel_aspectRatio": 0.5620578778135048, "category": "Result", "figures": 1, "textlen": 130, "fig_size": 67155, "title": "Pipeline", "13": {"fig_size": 67155, "fig_aspectRatio": 5.45045045045045, "fig_size_poster": 0.6922196796338673}, "textRatio": 0.4961832061068702, "figRatio": 0.05312118083982961}, "14": {"xy": [1980, 1685, 962, 238], "panel_size": 228956, "panel_aspectRatio": 4.042016806722689, "category": "Discussion", "figures": 0, "textlen": 15, "fig_size": 0, "title": "Future Work\n", "textRatio": 0.05725190839694656, "figRatio": 0.0}}}