{"poster_size": 8036464, "doclen": 768, "figlen": 1685681, "section": {"1": {"xy": [488, 24, 1945, 105], "panel_size": 204225, "panel_aspectRatio": 18.523809523809526, "category": "Title", "figures": 0, "textlen": 0, "fig_size": 0, "title": "Effects of Clinical Data in Skin Cancer Classification", "textRatio": 0.0, "figRatio": 0.0}, "2": {"xy": [20, 247, 1665, 447], "panel_size": 744255, "panel_aspectRatio": 3.7248322147651005, "category": "Introduction", "figures": 0, "textlen": 124, "fig_size": 0, "title": "ABSTRACT", "textRatio": 0.16145833333333334, "figRatio": 0.0}, "3": {"xy": [20, 707, 835, 705], "panel_size": 588675, "panel_aspectRatio": 1.1843971631205674, "category": "Introduction", "figures": 0, "textlen": 124, "fig_size": 0, "title": "DATA", "textRatio": 0.16145833333333334, "figRatio": 0.0}, "4": {"xy": [864, 697, 819, 720], "panel_size": 589680, "panel_aspectRatio": 1.1375, "category": "Method", "figures": 0, "textlen": 110, "fig_size": 0, "title": "MODELS", "textRatio": 0.14322916666666666, "figRatio": 0.0}, "5": {"xy": [25, 1424, 1655, 538], "panel_size": 890390, "panel_aspectRatio": 3.076208178438662, "category": "Discussion", "figures": 0, "textlen": 145, "fig_size": 0, "title": "DISCUSSION", "textRatio": 0.18880208333333334, "figRatio": 0.0}, "6": {"xy": [23, 1972, 1662, 387], "panel_size": 643194, "panel_aspectRatio": 4.294573643410852, "category": "Discussion", "figures": 0, "textlen": 97, "fig_size": 0, "title": "FUTURE RESEARCH", "textRatio": 0.12630208333333334, "figRatio": 0.0}, "7": {"xy": [1693, 242, 1657, 1722], "panel_size": 2853354, "panel_aspectRatio": 0.962253193960511, "category": "Result", "figures": 14, "textlen": 168, "fig_size": 1685681, "title": "RESULTS", "13": {"fig_size": 254332, "fig_aspectRatio": 3.541044776119403, "fig_size_poster": 0.5727217863608932}, "14": {"fig_size": 94962, "fig_aspectRatio": 1.098639455782313, "fig_size_poster": 0.19493059746529873}, "15": {"fig_size": 94464, "fig_aspectRatio": 1.1388888888888888, "fig_size_poster": 0.1979480989740495}, "16": {"fig_size": 100345, "fig_aspectRatio": 1.0786885245901638, "fig_size_poster": 0.19855159927579963}, "17": {"fig_size": 94245, "fig_aspectRatio": 1.0131147540983607, "fig_size_poster": 0.18648159324079663}, "18": {"fig_size": 91203, "fig_aspectRatio": 0.9933993399339934, "fig_size_poster": 0.1816535908267954}, "19": {"fig_size": 90028, "fig_aspectRatio": 1.1161971830985915, "fig_size_poster": 0.19130959565479783}, "20": {"fig_size": 95410, "fig_aspectRatio": 1.1344827586206896, "fig_size_poster": 0.19855159927579963}, "21": {"fig_size": 94050, "fig_aspectRatio": 1.1578947368421053, "fig_size_poster": 0.1991550995775498}, "22": {"fig_size": 87048, "fig_aspectRatio": 1.118279569892473, "fig_size_poster": 0.18829209414604708}, "23": {"fig_size": 86900, "fig_aspectRatio": 1.1490909090909092, "fig_size_poster": 0.19070609535304767}, "24": {"fig_size": 90746, "fig_aspectRatio": 1.0865051903114187, "fig_size_poster": 0.18949909474954738}, "25": {"fig_size": 91692, "fig_aspectRatio": 1.1448763250883391, "fig_size_poster": 0.1955340977670489}, "27": {"fig_size": 320256, "fig_aspectRatio": 1.841726618705036, "fig_size_poster": 0.46348823174411585}, "textRatio": 0.21875, "figRatio": 1.0}}}