{"poster_size": 8036464, "doclen": 447, "figlen": 1662856, "section": {"1": {"xy": [560, 7, 2168, 107], "panel_size": 231976, "panel_aspectRatio": 20.261682242990656, "category": "Title", "figures": 0, "textlen": 0, "fig_size": 0, "title": "Forecasting Solar Energy Production Using Weather Data", "textRatio": 0.0, "figRatio": 0.0}, "2": {"xy": [25, 252, 825, 672], "panel_size": 554400, "panel_aspectRatio": 1.2276785714285714, "category": "Introduction", "figures": 0, "textlen": 74, "fig_size": 0, "title": "MOTIVATION", "textRatio": 0.16554809843400448, "figRatio": 0.0}, "3": {"xy": [28, 934, 822, 1213], "panel_size": 997086, "panel_aspectRatio": 0.6776586974443528, "category": "Introduction", "figures": 1, "textlen": 71, "fig_size": 402500, "title": "DATA", "11": {"fig_size": 402500, "fig_aspectRatio": 1.2173913043478262, "fig_size_poster": 0.851581508515815}, "textRatio": 0.15883668903803133, "figRatio": 0.24205343096455736}, "4": {"xy": [860, 252, 1655, 595], "panel_size": 984725, "panel_aspectRatio": 2.7815126050420167, "category": "Method", "figures": 1, "textlen": 81, "fig_size": 211970, "title": "LINEAR REGRESSION", "13": {"fig_size": 211970, "fig_aspectRatio": 5.04390243902439, "fig_size_poster": 0.6247734138972809}, "textRatio": 0.18120805369127516, "figRatio": 0.12747345530821672}, "5": {"xy": [860, 857, 1655, 430], "panel_size": 711650, "panel_aspectRatio": 3.8488372093023258, "category": "Method", "figures": 1, "textlen": 15, "fig_size": 207460, "title": "RIDGE REGRESSION", "15": {"fig_size": 207460, "fig_aspectRatio": 4.9365853658536585, "fig_size_poster": 0.6114803625377644}, "textRatio": 0.03355704697986577, "figRatio": 0.12476125413144613}, "6": {"xy": [860, 1352, 1653, 1005], "panel_size": 1661265, "panel_aspectRatio": 1.644776119402985, "category": "Result", "figures": 3, "textlen": 46, "fig_size": 840926, "title": "K-MEANS CLUSTERING AND PREDICTION", "17": {"fig_size": 152382, "fig_aspectRatio": 3.206422018348624, "fig_size_poster": 0.42286751361161523}, "18": {"fig_size": 341379, "fig_aspectRatio": 1.6345733041575492, "fig_size_poster": 0.4519056261343013}, "19": {"fig_size": 347165, "fig_aspectRatio": 1.676923076923077, "fig_size_poster": 0.4615849969751966}, "textRatio": 0.1029082774049217, "figRatio": 0.5057118595957798}, "7": {"xy": [2528, 247, 820, 452], "panel_size": 370640, "panel_aspectRatio": 1.8141592920353982, "category": "Discussion", "figures": 0, "textlen": 45, "fig_size": 0, "title": "DISCUSSION", "textRatio": 0.10067114093959731, "figRatio": 0.0}, "8": {"xy": [2523, 707, 827, 1395], "panel_size": 1153665, "panel_aspectRatio": 0.592831541218638, "category": "Discussion", "figures": 0, "textlen": 115, "fig_size": 0, "title": "FUTURE RESEARCH", "textRatio": 0.25727069351230425, "figRatio": 0.0}}}