{"poster_size": 388800, "doclen": 0, "figlen": 192987, "section": {"1": {"xy": [241, 35, 220, 38], "panel_size": 8360, "panel_aspectRatio": 5.7894736842105265, "category": "Title", "figures": 0, "textlen": 0, "fig_size": 0, "title": "Win some, Learn some", "textRatio": 0, "figRatio": 0.0}, "2": {"xy": [4, 104, 299, 97], "panel_size": 29003, "panel_aspectRatio": 3.082474226804124, "category": "Introduction", "figures": 1, "textlen": 0, "fig_size": 21460, "title": "Our Data", "3": {"fig_size": 21460, "fig_aspectRatio": 3.918918918918919, "fig_size_poster": 0.9698996655518395}, "textRatio": 0, "figRatio": 0.11119919994611036}, "4": {"xy": [427, 73, 292, 142], "panel_size": 41464, "panel_aspectRatio": 2.056338028169014, "category": "Result", "figures": 1, "textlen": 0, "fig_size": 30135, "title": "K Means Clustering", "5": {"fig_size": 30135, "fig_aspectRatio": 2.7333333333333334, "fig_size_poster": 0.9828767123287672}, "textRatio": 0, "figRatio": 0.1561504142766093}, "6": {"xy": [7, 217, 252, 317], "panel_size": 79884, "panel_aspectRatio": 0.7949526813880127, "category": "Result", "figures": 1, "textlen": 0, "fig_size": 71248, "title": "Classifiers", "7": {"fig_size": 71248, "fig_aspectRatio": 0.8356164383561644, "fig_size_poster": 0.9682539682539683}, "textRatio": 0, "figRatio": 0.3691854891780275}, "8": {"xy": [263, 232, 289, 299], "panel_size": 86411, "panel_aspectRatio": 0.9665551839464883, "category": "Result", "figures": 1, "textlen": 0, "fig_size": 70144, "title": "Our Predictions (Logistic Regression)", "9": {"fig_size": 70144, "fig_aspectRatio": 1.0703125, "fig_size_poster": 0.9480968858131488}, "textRatio": 0, "figRatio": 0.3634648965992528}}}