{"poster_size": 1880604, "doclen": 741, "figlen": 572287, "section": {"1": {"xy": [263, 8, 1266, 55], "panel_size": 69630, "panel_aspectRatio": 23.01818181818182, "category": "Title", "figures": 0, "textlen": 0, "fig_size": 0, "title": "Analysis and Classification of Symbolic Western Classical Music by Composer", "textRatio": 0.0, "figRatio": 0.0}, "2": {"xy": [9, 127, 519, 219], "panel_size": 113661, "panel_aspectRatio": 2.3698630136986303, "category": "Introduction", "figures": 0, "textlen": 112, "fig_size": 0, "title": "MOTIVATION", "textRatio": 0.15114709851551958, "figRatio": 0.0}, "4": {"xy": [2, 358, 529, 749], "panel_size": 396221, "panel_aspectRatio": 0.7062750333778371, "category": "Method", "figures": 3, "textlen": 169, "fig_size": 201405, "title": "DATASET & FEATURES", "6": {"fig_size": 80685, "fig_aspectRatio": 2.963636363636364, "fig_size_poster": 0.9243856332703214}, "8": {"fig_size": 55596, "fig_aspectRatio": 1.0884955752212389, "fig_size_poster": 0.46502835538752363}, "9": {"fig_size": 65124, "fig_aspectRatio": 1.102880658436214, "fig_size_poster": 0.5066162570888468}, "textRatio": 0.22807017543859648, "figRatio": 0.351930063062764}, "10": {"xy": [535, 128, 511, 258], "panel_size": 131838, "panel_aspectRatio": 1.9806201550387597, "category": "Method", "figures": 2, "textlen": 79, "fig_size": 16766, "title": "MODELS", "12": {"fig_size": 5022, "fig_aspectRatio": 6.888888888888889, "fig_size_poster": 0.3639921722113503}, "13": {"fig_size": 11744, "fig_aspectRatio": 11.46875, "fig_size_poster": 0.7181996086105675}, "textRatio": 0.10661268556005399, "figRatio": 0.029296489348875653}, "15": {"xy": [535, 392, 513, 750], "panel_size": 384750, "panel_aspectRatio": 0.684, "category": "Result", "figures": 4, "textlen": 122, "fig_size": 246947, "title": "CLASSIFICATION OF 15 COMPOSERS", "17": {"fig_size": 94940, "fig_aspectRatio": 2.6861702127659575, "fig_size_poster": 0.9844054580896686}, "19": {"fig_size": 45934, "fig_aspectRatio": 1.233160621761658, "fig_size_poster": 0.46393762183235865}, "20": {"fig_size": 51865, "fig_aspectRatio": 1.2341463414634146, "fig_size_poster": 0.49317738791423}, "22": {"fig_size": 54208, "fig_aspectRatio": 1.75, "fig_size_poster": 0.6003898635477583}, "textRatio": 0.16464237516869096, "figRatio": 0.4315090155813429}, "23": {"xy": [1050, 126, 533, 412], "panel_size": 219596, "panel_aspectRatio": 1.2936893203883495, "category": "Result", "figures": 2, "textlen": 89, "fig_size": 107169, "title": "IMAGE CLASSIFICATION", "25": {"fig_size": 69036, "fig_aspectRatio": 3.962121212121212, "fig_size_poster": 0.9812382739212008}, "27": {"fig_size": 38133, "fig_aspectRatio": 1.304093567251462, "fig_size_poster": 0.41838649155722324}, "textRatio": 0.12010796221322537, "figRatio": 0.18726443200701745}, "28": {"xy": [1054, 539, 523, 301], "panel_size": 157423, "panel_aspectRatio": 1.7375415282392026, "category": "Discussion", "figures": 0, "textlen": 126, "fig_size": 0, "title": "DISTINCTIVE FEATURES", "textRatio": 0.1700404858299595, "figRatio": 0.0}, "30": {"xy": [1057, 844, 520, 134], "panel_size": 69680, "panel_aspectRatio": 3.8805970149253732, "category": "Discussion", "figures": 0, "textlen": 44, "fig_size": 0, "title": "FUTURE WORK", "textRatio": 0.059379217273954114, "figRatio": 0.0}}}