{"poster_size": 4478976, "doclen": 989, "figlen": 1012980, "section": {"1": {"xy": [416, 16, 1769, 124], "panel_size": 219356, "panel_aspectRatio": 14.266129032258064, "category": "Title", "figures": 0, "textlen": 0, "fig_size": 0, "title": "Investigation of Near-accident Car-driving Scenario using Deep Imitation Learning and Reinforcement Learning", "textRatio": 0.0, "figRatio": 0.0}, "2": {"xy": [77, 248, 797, 355], "panel_size": 282935, "panel_aspectRatio": 2.2450704225352114, "category": "Introduction", "figures": 0, "textlen": 131, "fig_size": 0, "title": "Motivation", "textRatio": 0.13245702730030334, "figRatio": 0.0}, "7": {"xy": [74, 622, 792, 407], "panel_size": 322344, "panel_aspectRatio": 1.945945945945946, "category": "Method", "figures": 0, "textlen": 193, "fig_size": 0, "title": "Data", "textRatio": 0.19514661274014156, "figRatio": 0.0}, "9": {"xy": [893, 227, 813, 531], "panel_size": 431703, "panel_aspectRatio": 1.5310734463276836, "category": "Method", "figures": 0, "textlen": 242, "fig_size": 0, "title": "Method", "textRatio": 0.24469160768452983, "figRatio": 0.0}, "11": {"xy": [74, 1029, 800, 453], "panel_size": 362400, "panel_aspectRatio": 1.7660044150110374, "category": "Result", "figures": 2, "textlen": 0, "fig_size": 333462, "title": "Result", "26": {"fig_size": 184950, "fig_aspectRatio": 0.9133333333333333, "fig_size_poster": 0.51375}, "27": {"fig_size": 148512, "fig_aspectRatio": 0.7601809954751131, "fig_size_poster": 0.42}, "textRatio": 0.0, "figRatio": 0.3291891251554818}, "28": {"xy": [877, 767, 844, 733], "panel_size": 618652, "panel_aspectRatio": 1.1514324693042293, "category": "Result", "figures": 2, "textlen": 0, "fig_size": 564144, "title": "Result", "29": {"fig_size": 244792, "fig_aspectRatio": 2.793918918918919, "fig_size_poster": 0.9798578199052133}, "30": {"fig_size": 319352, "fig_aspectRatio": 2.18848167539267, "fig_size_poster": 0.990521327014218}, "textRatio": 0.0, "figRatio": 0.556915240182432}, "31": {"xy": [1858, 235, 513, 267], "panel_size": 136971, "panel_aspectRatio": 1.9213483146067416, "category": "Result", "figures": 1, "textlen": 0, "fig_size": 115374, "title": "Result", "32": {"fig_size": 115374, "fig_aspectRatio": 1.9065040650406504, "fig_size_poster": 0.9142300194931774}, "textRatio": 0.0, "figRatio": 0.11389563466208612}, "33": {"xy": [1727, 515, 808, 566], "panel_size": 457328, "panel_aspectRatio": 1.4275618374558303, "category": "Discussion", "figures": 0, "textlen": 280, "fig_size": 0, "title": "Results and Discussion", "textRatio": 0.28311425682507585, "figRatio": 0.0}, "35": {"xy": [1727, 1090, 783, 200], "panel_size": 156600, "panel_aspectRatio": 3.915, "category": "Discussion", "figures": 0, "textlen": 81, "fig_size": 0, "title": "Conclusions", "textRatio": 0.08190091001011122, "figRatio": 0.0}, "37": {"xy": [1727, 1296, 788, 181], "panel_size": 142628, "panel_aspectRatio": 4.3535911602209945, "category": "Discussion", "figures": 0, "textlen": 62, "fig_size": 0, "title": "Future Work", "textRatio": 0.06268958543983821, "figRatio": 0.0}}}