{"poster_size": 4478976, "doclen": 320, "figlen": 1240424, "section": {"1": {"xy": [206, 45, 2192, 68], "panel_size": 149056, "panel_aspectRatio": 32.23529411764706, "category": "Title", "figures": 0, "textlen": 0, "fig_size": 0, "title": "Classification of Subject Motion for mproved Reconstruction of Dynamic Magnetic Resonance lmaging", "textRatio": 0.0, "figRatio": 0.0}, "2": {"xy": [20, 242, 675, 774], "panel_size": 522450, "panel_aspectRatio": 0.872093023255814, "category": "Introduction", "figures": 2, "textlen": 47, "fig_size": 167164, "title": "Background & Objective", "4": {"fig_size": 90160, "fig_aspectRatio": 2.3469387755102042, "fig_size_poster": 0.6814814814814815}, "6": {"fig_size": 77004, "fig_aspectRatio": 1.7971014492753623, "fig_size_poster": 0.5511111111111111}, "textRatio": 0.146875, "figRatio": 0.1347635969636189}, "8": {"xy": [15, 1027, 671, 598], "panel_size": 401258, "panel_aspectRatio": 1.1220735785953178, "category": "Method", "figures": 1, "textlen": 65, "fig_size": 8970, "title": "Dataset & Features", "10": {"fig_size": 8970, "fig_aspectRatio": 1.8840579710144927, "fig_size_poster": 0.19374068554396423}, "textRatio": 0.203125, "figRatio": 0.007231398296066506}, "12": {"xy": [717, 253, 914, 229], "panel_size": 209306, "panel_aspectRatio": 3.9912663755458517, "category": "Method", "figures": 1, "textlen": 26, "fig_size": 24190, "title": "Method", "15": {"fig_size": 24190, "fig_aspectRatio": 3.597560975609756, "fig_size_poster": 0.3227571115973742}, "textRatio": 0.08125, "figRatio": 0.019501396296750143}, "16": {"xy": [707, 493, 928, 1131], "panel_size": 1049568, "panel_aspectRatio": 0.8205128205128205, "category": "Result", "figures": 3, "textlen": 73, "fig_size": 480823, "title": "Results", "18": {"fig_size": 136795, "fig_aspectRatio": 2.1713147410358564, "fig_size_poster": 0.5872844827586207}, "21": {"fig_size": 189150, "fig_aspectRatio": 1.7907692307692307, "fig_size_poster": 0.6271551724137931}, "24": {"fig_size": 154878, "fig_aspectRatio": 2.497991967871486, "fig_size_poster": 0.6702586206896551}, "textRatio": 0.228125, "figRatio": 0.38762794012369967}, "26": {"xy": [1647, 254, 920, 1097], "panel_size": 1009240, "panel_aspectRatio": 0.8386508659981768, "category": "Result", "figures": 3, "textlen": 65, "fig_size": 559277, "title": "Results", "28": {"fig_size": 307325, "fig_aspectRatio": 1.3621052631578947, "fig_size_poster": 0.7032608695652174}, "30": {"fig_size": 113100, "fig_aspectRatio": 2.9743589743589745, "fig_size_poster": 0.6304347826086957}, "33": {"fig_size": 138852, "fig_aspectRatio": 2.6710526315789473, "fig_size_poster": 0.6619565217391304}, "textRatio": 0.203125, "figRatio": 0.4508756683198648}, "35": {"xy": [1646, 1371, 916, 256], "panel_size": 234496, "panel_aspectRatio": 3.578125, "category": "Discussion", "figures": 0, "textlen": 44, "fig_size": 0, "title": "Discussion & Future work", "textRatio": 0.1375, "figRatio": 0.0}}}