{"poster_size": 4478976, "doclen": 537, "figlen": 1371264, "section": {"1": {"xy": [363, 23, 1878, 73], "panel_size": 137094, "panel_aspectRatio": 25.726027397260275, "category": "Title", "figures": 0, "textlen": 0, "fig_size": 0, "title": "CRYPTOCURRENCY PRICE PREDICTION USING NEWS AND SOCIAL MEDIA SENTIMENT", "textRatio": 0.0, "figRatio": 0.0}, "2": {"xy": [8, 209, 706, 323], "panel_size": 228038, "panel_aspectRatio": 2.1857585139318885, "category": "Introduction", "figures": 0, "textlen": 78, "fig_size": 0, "title": "BACKGROUND", "textRatio": 0.1452513966480447, "figRatio": 0.0}, "3": {"xy": [6, 538, 711, 1152], "panel_size": 819072, "panel_aspectRatio": 0.6171875, "category": "Method", "figures": 1, "textlen": 236, "fig_size": 39440, "title": "METHOD", "10": {"fig_size": 39440, "fig_aspectRatio": 11.724137931034482, "fig_size_poster": 0.9563994374120957}, "textRatio": 0.43947858472998136, "figRatio": 0.028761784747503034}, "4": {"xy": [732, 209, 1145, 1512], "panel_size": 1731240, "panel_aspectRatio": 0.7572751322751323, "category": "Result", "figures": 12, "textlen": 11, "fig_size": 1175274, "title": "RESULTS", "13": {"fig_size": 118335, "fig_aspectRatio": 1.9714285714285715, "fig_size_poster": 0.4218340611353712}, "14": {"fig_size": 115412, "fig_aspectRatio": 1.9385245901639345, "fig_size_poster": 0.4131004366812227}, "15": {"fig_size": 80070, "fig_aspectRatio": 3.248407643312102, "fig_size_poster": 0.44541484716157204}, "16": {"fig_size": 79285, "fig_aspectRatio": 3.21656050955414, "fig_size_poster": 0.4410480349344978}, "18": {"fig_size": 116640, "fig_aspectRatio": 1.9753086419753085, "fig_size_poster": 0.4192139737991266}, "19": {"fig_size": 118584, "fig_aspectRatio": 1.9918032786885247, "fig_size_poster": 0.4244541484716157}, "20": {"fig_size": 77154, "fig_aspectRatio": 3.2532467532467533, "fig_size_poster": 0.4375545851528384}, "21": {"fig_size": 78585, "fig_aspectRatio": 3.270967741935484, "fig_size_poster": 0.4427947598253275}, "23": {"fig_size": 115921, "fig_aspectRatio": 1.995850622406639, "fig_size_poster": 0.4200873362445415}, "24": {"fig_size": 114954, "fig_aspectRatio": 2.0294117647058822, "fig_size_poster": 0.4218340611353712}, "25": {"fig_size": 80070, "fig_aspectRatio": 3.248407643312102, "fig_size_poster": 0.44541484716157204}, "26": {"fig_size": 80264, "fig_aspectRatio": 3.2151898734177213, "fig_size_poster": 0.44366812227074237}, "textRatio": 0.020484171322160148, "figRatio": 0.8570734738168581}, "5": {"xy": [1892, 207, 694, 645], "panel_size": 447630, "panel_aspectRatio": 1.075968992248062, "category": "Discussion", "figures": 3, "textlen": 85, "fig_size": 156550, "title": "DISCUSSION", "29": {"fig_size": 54516, "fig_aspectRatio": 0.9788135593220338, "fig_size_poster": 0.33285302593659943}, "30": {"fig_size": 50290, "fig_aspectRatio": 0.9106382978723404, "fig_size_poster": 0.30835734870317005}, "31": {"fig_size": 51744, "fig_aspectRatio": 0.9696969696969697, "fig_size_poster": 0.3227665706051873}, "textRatio": 0.15828677839851024, "figRatio": 0.11416474143563894}, "6": {"xy": [1888, 858, 700, 232], "panel_size": 162400, "panel_aspectRatio": 3.0172413793103448, "category": "Discussion", "figures": 0, "textlen": 32, "fig_size": 0, "title": "CONCLUSION", "textRatio": 0.0595903165735568, "figRatio": 0.0}, "7": {"xy": [1890, 1094, 700, 389], "panel_size": 272300, "panel_aspectRatio": 1.7994858611825193, "category": "Discussion", "figures": 0, "textlen": 95, "fig_size": 0, "title": "FUTURE WORK", "textRatio": 0.17690875232774675, "figRatio": 0.0}}}