{"poster_size": 4478976, "doclen": 760, "figlen": 898313, "section": {"0": {"xy": [579, 41, 1427, 84], "panel_size": 119868, "panel_aspectRatio": 16.988095238095237, "category": "Title", "figures": 0, "textlen": 0, "fig_size": 0, "title": "Predicting Stock Price Movement Using Social Media Analysis", "textRatio": 0.0, "figRatio": 0.0}, "1": {"xy": [52, 201, 531, 255], "panel_size": 135405, "panel_aspectRatio": 2.0823529411764707, "category": "Introduction", "figures": 0, "textlen": 35, "fig_size": 0, "title": "Introduction", "textRatio": 0.046052631578947366, "figRatio": 0.0}, "2": {"xy": [52, 465, 536, 1142], "panel_size": 612112, "panel_aspectRatio": 0.46935201401050786, "category": "Introduction", "figures": 0, "textlen": 200, "fig_size": 0, "title": "Data and Features", "textRatio": 0.2631578947368421, "figRatio": 0.0}, "3": {"xy": [603, 200, 588, 1498], "panel_size": 880824, "panel_aspectRatio": 0.3925233644859813, "category": "Method", "figures": 4, "textlen": 177, "fig_size": 279820, "title": "Methodology", "11": {"fig_size": 46864, "fig_aspectRatio": 4.594059405940594, "fig_size_poster": 0.7891156462585034}, "14": {"fig_size": 7518, "fig_aspectRatio": 4.261904761904762, "fig_size_poster": 0.304421768707483}, "16": {"fig_size": 48690, "fig_aspectRatio": 6.011111111111111, "fig_size_poster": 0.9200680272108843}, "17": {"fig_size": 176748, "fig_aspectRatio": 1.8511326860841424, "fig_size_poster": 0.9727891156462585}, "textRatio": 0.23289473684210527, "figRatio": 0.3114949911667759}, "4": {"xy": [1192, 200, 605, 1090], "panel_size": 659450, "panel_aspectRatio": 0.555045871559633, "category": "Method", "figures": 2, "textlen": 77, "fig_size": 256017, "title": "Methodology", "19": {"fig_size": 34320, "fig_aspectRatio": 7.878787878787879, "fig_size_poster": 0.859504132231405}, "22": {"fig_size": 221697, "fig_aspectRatio": 1.4501278772378516, "fig_size_poster": 0.9371900826446281}, "textRatio": 0.1013157894736842, "figRatio": 0.28499754539898675}, "5": {"xy": [1806, 198, 724, 1147], "panel_size": 830428, "panel_aspectRatio": 0.6312118570183086, "category": "Result", "figures": 2, "textlen": 123, "fig_size": 362476, "title": "Results", "24": {"fig_size": 56576, "fig_aspectRatio": 3.0588235294117645, "fig_size_poster": 0.574585635359116}, "26": {"fig_size": 305900, "fig_aspectRatio": 1.6018306636155606, "fig_size_poster": 0.9668508287292817}, "textRatio": 0.1618421052631579, "figRatio": 0.40350746343423727}, "6": {"xy": [1197, 1363, 1324, 333], "panel_size": 440892, "panel_aspectRatio": 3.975975975975976, "category": "Discussion", "figures": 0, "textlen": 148, "fig_size": 0, "title": "Discussion", "textRatio": 0.19473684210526315, "figRatio": 0.0}}}