{"poster_size": 3110400, "doclen": 290, "figlen": 1238450, "section": {"1": {"xy": [55, 36, 1557, 74], "panel_size": 115218, "panel_aspectRatio": 21.04054054054054, "category": "Title", "figures": 0, "textlen": 0, "fig_size": 0, "title": "Predicting the Severity of Adverse Drug Reactions", "textRatio": 0.0, "figRatio": 0.0}, "2": {"xy": [3, 218, 588, 400], "panel_size": 235200, "panel_aspectRatio": 1.47, "category": "Introduction", "figures": 0, "textlen": 101, "fig_size": 0, "title": "Abstract", "textRatio": 0.3482758620689655, "figRatio": 0.0}, "4": {"xy": [11, 623, 584, 641], "panel_size": 374344, "panel_aspectRatio": 0.9110764430577223, "category": "Method", "figures": 5, "textlen": 0, "fig_size": 268220, "title": "Models", "5": {"fig_size": 56610, "fig_aspectRatio": 5.4411764705882355, "fig_size_poster": 0.9503424657534246}, "6": {"fig_size": 14210, "fig_aspectRatio": 4.224137931034483, "fig_size_poster": 0.4195205479452055}, "7": {"fig_size": 38285, "fig_aspectRatio": 1.5935483870967742, "fig_size_poster": 0.4229452054794521}, "8": {"fig_size": 37023, "fig_aspectRatio": 2.2248062015503876, "fig_size_poster": 0.4914383561643836}, "9": {"fig_size": 122092, "fig_aspectRatio": 2.2489270386266096, "fig_size_poster": 0.8972602739726028}, "textRatio": 0.0, "figRatio": 0.21657717307925228}, "10": {"xy": [625, 213, 1501, 502], "panel_size": 753502, "panel_aspectRatio": 2.99003984063745, "category": "Method", "figures": 2, "textlen": 91, "fig_size": 397217, "title": "Data/Features", "11": {"fig_size": 97788, "fig_aspectRatio": 0.8074712643678161, "fig_size_poster": 0.1872085276482345}, "12": {"fig_size": 299429, "fig_aspectRatio": 1.8436724565756824, "fig_size_poster": 0.4950033311125916}, "textRatio": 0.3137931034482759, "figRatio": 0.32073721183737736}, "14": {"xy": [631, 730, 1074, 673], "panel_size": 722802, "panel_aspectRatio": 1.5958395245170878, "category": "Result", "figures": 4, "textlen": 0, "fig_size": 573013, "title": "Evaluation", "15": {"fig_size": 162084, "fig_aspectRatio": 6.660256410256411, "fig_size_poster": 0.9674115456238361}, "16": {"fig_size": 139668, "fig_aspectRatio": 0.8228155339805825, "fig_size_poster": 0.31564245810055863}, "17": {"fig_size": 135811, "fig_aspectRatio": 0.8362282878411911, "fig_size_poster": 0.313780260707635}, "18": {"fig_size": 135450, "fig_aspectRatio": 0.7325581395348837, "fig_size_poster": 0.29329608938547486}, "textRatio": 0.0, "figRatio": 0.46268561508337036}, "19": {"xy": [1737, 735, 404, 397], "panel_size": 160388, "panel_aspectRatio": 1.0176322418136021, "category": "Discussion", "figures": 0, "textlen": 53, "fig_size": 0, "title": "Discussion", "textRatio": 0.18275862068965518, "figRatio": 0.0}, "21": {"xy": [1726, 1160, 403, 252], "panel_size": 101556, "panel_aspectRatio": 1.5992063492063493, "category": "Discussion", "figures": 0, "textlen": 45, "fig_size": 0, "title": "Future", "textRatio": 0.15517241379310345, "figRatio": 0.0}}}