{"poster_size": 3815424, "doclen": 705, "figlen": 1260333, "section": {"1": {"xy": [494, 28, 1338, 77], "panel_size": 103026, "panel_aspectRatio": 17.376623376623378, "category": "Title", "figures": 0, "textlen": 0, "fig_size": 0, "title": "Predicting ecological traits from fungal genomes", "textRatio": 0.0, "figRatio": 0.0}, "2": {"xy": [19, 167, 745, 500], "panel_size": 372500, "panel_aspectRatio": 1.49, "category": "Introduction", "figures": 1, "textlen": 147, "fig_size": 31824, "title": "Introduction", "3": {"fig_size": 31824, "fig_aspectRatio": 0.7355769230769231, "fig_size_poster": 0.20536912751677852}, "textRatio": 0.20851063829787234, "figRatio": 0.02525046951877004}, "6": {"xy": [25, 682, 739, 941], "panel_size": 695399, "panel_aspectRatio": 0.7853347502656748, "category": "Method", "figures": 2, "textlen": 50, "fig_size": 504772, "title": "1.Training data", "7": {"fig_size": 456807, "fig_aspectRatio": 1.0392156862745099, "fig_size_poster": 0.93234100135318}, "8": {"fig_size": 47965, "fig_aspectRatio": 1.4640883977900552, "fig_size_poster": 0.35859269282814615}, "textRatio": 0.07092198581560284, "figRatio": 0.40050685017372395}, "10": {"xy": [784, 151, 743, 693], "panel_size": 514899, "panel_aspectRatio": 1.072150072150072, "category": "Method", "figures": 1, "textlen": 115, "fig_size": 157675, "title": "2.Linear SVM classifier", "11": {"fig_size": 157675, "fig_aspectRatio": 2.2452830188679247, "fig_size_poster": 0.800807537012113}, "textRatio": 0.16312056737588654, "figRatio": 0.1251058252065129}, "14": {"xy": [783, 861, 739, 768], "panel_size": 567552, "panel_aspectRatio": 0.9622395833333334, "category": "Method", "figures": 2, "textlen": 97, "fig_size": 252910, "title": "3.Improving the linear SVM", "15": {"fig_size": 114400, "fig_aspectRatio": 2.86, "fig_size_poster": 0.774018944519621}, "16": {"fig_size": 138510, "fig_aspectRatio": 2.345679012345679, "fig_size_poster": 0.7713125845737483}, "textRatio": 0.1375886524822695, "figRatio": 0.2006691882224777}, "19": {"xy": [1542, 150, 732, 1131], "panel_size": 827892, "panel_aspectRatio": 0.6472148541114059, "category": "Method", "figures": 2, "textlen": 204, "fig_size": 313152, "title": "4.Interpretation of features", "20": {"fig_size": 296408, "fig_aspectRatio": 1.0317164179104477, "fig_size_poster": 0.755464480874317}, "21": {"fig_size": 16744, "fig_aspectRatio": 1.9782608695652173, "fig_size_poster": 0.24863387978142076}, "textRatio": 0.28936170212765955, "figRatio": 0.24846766687851543}, "25": {"xy": [1538, 1306, 743, 324], "panel_size": 240732, "panel_aspectRatio": 2.29320987654321, "category": "Result", "figures": 0, "textlen": 92, "fig_size": 0, "title": "Conclusions", "textRatio": 0.13049645390070921, "figRatio": 0.0}}}