{"poster_size": 4478976, "doclen": 490, "figlen": 1247044, "section": {"1": {"xy": [929, 14, 796, 227], "panel_size": 180692, "panel_aspectRatio": 3.5066079295154187, "category": "Title", "figures": 0, "textlen": 10, "fig_size": 0, "title": "Hacking AES", "textRatio": 0.02040816326530612, "figRatio": 0.0}, "3": {"xy": [8, 249, 918, 305], "panel_size": 279990, "panel_aspectRatio": 3.0098360655737704, "category": "Introduction", "figures": 0, "textlen": 62, "fig_size": 0, "title": "Problem Overview", "textRatio": 0.12653061224489795, "figRatio": 0.0}, "5": {"xy": [12, 570, 915, 434], "panel_size": 397110, "panel_aspectRatio": 2.108294930875576, "category": "Method", "figures": 1, "textlen": 28, "fig_size": 216811, "title": "AES-128", "6": {"fig_size": 216811, "fig_aspectRatio": 2.0030395136778116, "fig_size_poster": 0.7202185792349727}, "textRatio": 0.05714285714285714, "figRatio": 0.1738599439955607}, "9": {"xy": [18, 1024, 905, 188], "panel_size": 170140, "panel_aspectRatio": 4.8138297872340425, "category": "Introduction", "figures": 0, "textlen": 48, "fig_size": 0, "title": "Data set", "textRatio": 0.09795918367346938, "figRatio": 0.0}, "11": {"xy": [12, 1227, 914, 494], "panel_size": 451516, "panel_aspectRatio": 1.8502024291497976, "category": "Method", "figures": 1, "textlen": 56, "fig_size": 209916, "title": "Goal and Assumption", "12": {"fig_size": 209916, "fig_aspectRatio": 3.7058823529411766, "fig_size_poster": 0.9649890590809628}, "textRatio": 0.11428571428571428, "figRatio": 0.1683308688386296}, "14": {"xy": [938, 253, 866, 596], "panel_size": 516136, "panel_aspectRatio": 1.4530201342281879, "category": "Method", "figures": 1, "textlen": 31, "fig_size": 247710, "title": "Template Attack", "15": {"fig_size": 247710, "fig_aspectRatio": 2.081159420289855, "fig_size_poster": 0.8290993071593533}, "textRatio": 0.06326530612244897, "figRatio": 0.1986377385240617}, "17": {"xy": [1814, 251, 768, 594], "panel_size": 456192, "panel_aspectRatio": 1.292929292929293, "category": "Method", "figures": 1, "textlen": 53, "fig_size": 199920, "title": "Support Vector Machine", "18": {"fig_size": 199920, "fig_aspectRatio": 2.702205882352941, "fig_size_poster": 0.95703125}, "textRatio": 0.10816326530612246, "figRatio": 0.16031511317964722}, "21": {"xy": [941, 862, 1120, 594], "panel_size": 665280, "panel_aspectRatio": 1.8855218855218856, "category": "Result", "figures": 2, "textlen": 75, "fig_size": 289972, "title": "Experimental Results", "22": {"fig_size": 145360, "fig_aspectRatio": 1.4556962025316456, "fig_size_poster": 0.4107142857142857}, "23": {"fig_size": 144612, "fig_aspectRatio": 1.5145631067961165, "fig_size_poster": 0.41785714285714287}, "textRatio": 0.15306122448979592, "figRatio": 0.23252748098703815}, "26": {"xy": [953, 1462, 862, 240], "panel_size": 206880, "panel_aspectRatio": 3.591666666666667, "category": "Result", "figures": 1, "textlen": 43, "fig_size": 82715, "title": "Experimental Results", "27": {"fig_size": 82715, "fig_aspectRatio": 1.5236051502145922, "fig_size_poster": 0.41183294663573083}, "textRatio": 0.08775510204081632, "figRatio": 0.06632885447506263}, "29": {"xy": [2073, 855, 500, 600], "panel_size": 300000, "panel_aspectRatio": 0.8333333333333334, "category": "Discussion", "figures": 0, "textlen": 84, "fig_size": 0, "title": "Conclusion and Future work", "textRatio": 0.17142857142857143, "figRatio": 0.0}}}