{"poster_size": 8957952, "doclen": 355, "figlen": 1981791, "section": {"0": {"xy": [568, 81, 2338, 133], "panel_size": 310954, "panel_aspectRatio": 17.57894736842105, "category": "Title", "figures": 0, "textlen": 0, "fig_size": 0, "title": "Wikipedia Traffic Forecasting with Graph Embeddings", "textRatio": 0.0, "figRatio": 0.0}, "1": {"xy": [83, 468, 785, 573], "panel_size": 449805, "panel_aspectRatio": 1.3699825479930192, "category": "Introduction", "figures": 0, "textlen": 52, "fig_size": 0, "title": "Summary\n", "textRatio": 0.14647887323943662, "figRatio": 0.0}, "3": {"xy": [51, 1057, 832, 1018], "panel_size": 846976, "panel_aspectRatio": 0.8172888015717092, "category": "Introduction", "figures": 1, "textlen": 51, "fig_size": 399395, "title": "Introduction\n", "5": {"fig_size": 399395, "fig_aspectRatio": 1.4272211720226844, "fig_size_poster": 0.9074519230769231}, "textRatio": 0.14366197183098592, "figRatio": 0.20153235129234112}, "7": {"xy": [63, 2134, 811, 441], "panel_size": 357651, "panel_aspectRatio": 1.8390022675736961, "category": "Method", "figures": 0, "textlen": 0, "fig_size": 0, "title": "Data\nThe data is processed using 4] on the Wikipedia SQL dump from August 2019 and 60 weeks of page view data from 2018-01 to 2019-03. There are 5.9 x 10 pages and 4.9 x 10 directed hyperlinks. We randomly sample a fraction of articles, compute the induced graph, and use the largest connected component for experimentation.", "textRatio": 0.0, "figRatio": 0.0}, "8": {"xy": [888, 415, 805, 2176], "panel_size": 1751680, "panel_aspectRatio": 0.36994485294117646, "category": "Method", "figures": 2, "textlen": 107, "fig_size": 457464, "title": "Experiments and Features\n", "10": {"fig_size": 223860, "fig_aspectRatio": 1.269047619047619, "fig_size_poster": 0.662111801242236}, "13": {"fig_size": 233604, "fig_aspectRatio": 1.6349206349206349, "fig_size_poster": 0.7677018633540372}, "textRatio": 0.30140845070422534, "figRatio": 0.23083362473641267}, "16": {"xy": [1723, 415, 854, 633], "panel_size": 540582, "panel_aspectRatio": 1.34913112164297, "category": "Method", "figures": 1, "textlen": 0, "fig_size": 235720, "title": "Models", "18": {"fig_size": 235720, "fig_aspectRatio": 1.3686746987951808, "fig_size_poster": 0.6651053864168618}, "textRatio": 0.0, "figRatio": 0.11894291577668886}, "19": {"xy": [1724, 1088, 840, 518], "panel_size": 435120, "panel_aspectRatio": 1.6216216216216217, "category": "Method", "figures": 2, "textlen": 10, "fig_size": 217254, "title": "Metrics\n\n", "21": {"fig_size": 85914, "fig_aspectRatio": 6.972972972972973, "fig_size_poster": 0.9214285714285714}, "23": {"fig_size": 131340, "fig_aspectRatio": 4.824242424242424, "fig_size_poster": 0.9476190476190476}, "textRatio": 0.028169014084507043, "figRatio": 0.10962508155501766}, "24": {"xy": [1724, 1610, 866, 580], "panel_size": 502280, "panel_aspectRatio": 1.493103448275862, "category": "Result", "figures": 1, "textlen": 7, "fig_size": 332128, "title": "Results\n", "26": {"fig_size": 332128, "fig_aspectRatio": 2.2061855670103094, "fig_size_poster": 0.9884526558891455}, "textRatio": 0.01971830985915493, "figRatio": 0.16758982153012097}, "27": {"xy": [1719, 2208, 855, 364], "panel_size": 311220, "panel_aspectRatio": 2.348901098901099, "category": "Discussion", "figures": 1, "textlen": 0, "fig_size": 171935, "title": "Ablation Analysis", "28": {"fig_size": 171935, "fig_aspectRatio": 2.729083665338645, "fig_size_poster": 0.8011695906432749}, "textRatio": 0.0, "figRatio": 0.08675738258978873}, "29": {"xy": [2626, 415, 735, 351], "panel_size": 257985, "panel_aspectRatio": 2.094017094017094, "category": "Discussion", "figures": 1, "textlen": 0, "fig_size": 167895, "title": "Ablation Analysis", "30": {"fig_size": 167895, "fig_aspectRatio": 2.038327526132404, "fig_size_poster": 0.7959183673469388}, "textRatio": 0.0, "figRatio": 0.08471882251962998}, "31": {"xy": [2588, 774, 806, 567], "panel_size": 457002, "panel_aspectRatio": 1.4215167548500882, "category": "Discussion", "figures": 0, "textlen": 75, "fig_size": 0, "title": "Discussion\n", "textRatio": 0.2112676056338028, "figRatio": 0.0}, "33": {"xy": [2594, 1359, 800, 422], "panel_size": 337600, "panel_aspectRatio": 1.8957345971563981, "category": "Discussion", "figures": 0, "textlen": 53, "fig_size": 0, "title": "Future\n", "textRatio": 0.14929577464788732, "figRatio": 0.0}}}