{"poster_size": 4478976, "doclen": 161, "figlen": 1775500, "section": {"1": {"xy": [808, 13, 1055, 112], "panel_size": 118160, "panel_aspectRatio": 9.419642857142858, "category": "Title", "figures": 0, "textlen": 0, "fig_size": 0, "title": "Audio Track Accompaniment", "textRatio": 0.0, "figRatio": 0.0}, "2": {"xy": [26, 256, 807, 420], "panel_size": 338940, "panel_aspectRatio": 1.9214285714285715, "category": "Introduction", "figures": 0, "textlen": 52, "fig_size": 0, "title": "Overview", "textRatio": 0.32298136645962733, "figRatio": 0.0}, "4": {"xy": [19, 713, 835, 1005], "panel_size": 839175, "panel_aspectRatio": 0.8308457711442786, "category": "Method", "figures": 2, "textlen": 26, "fig_size": 585552, "title": "Dataset", "5": {"fig_size": 383568, "fig_aspectRatio": 1.610655737704918, "fig_size_poster": 0.9413173652694611}, "6": {"fig_size": 201984, "fig_aspectRatio": 3.08203125, "fig_size_poster": 0.9449101796407186}, "textRatio": 0.16149068322981366, "figRatio": 0.3297955505491411}, "8": {"xy": [866, 242, 1697, 448], "panel_size": 760256, "panel_aspectRatio": 3.7879464285714284, "category": "Method", "figures": 2, "textlen": 26, "fig_size": 337500, "title": "Methods", "9": {"fig_size": 233750, "fig_aspectRatio": 3.74, "fig_size_poster": 0.5509723040659988}, "10": {"fig_size": 103750, "fig_aspectRatio": 3.7650602409638556, "fig_size_poster": 0.36829699469652327}, "textRatio": 0.16149068322981366, "figRatio": 0.19008729935229512}, "13": {"xy": [875, 713, 1693, 791], "panel_size": 1339163, "panel_aspectRatio": 2.140328697850822, "category": "Result", "figures": 2, "textlen": 27, "fig_size": 852448, "title": "Results", "14": {"fig_size": 158976, "fig_aspectRatio": 2.42578125, "fig_size_poster": 0.3668044890726521}, "15": {"fig_size": 693472, "fig_aspectRatio": 4.007211538461538, "fig_size_poster": 0.9846426461901949}, "textRatio": 0.16770186335403728, "figRatio": 0.48011715009856376}, "17": {"xy": [877, 1529, 1700, 184], "panel_size": 312800, "panel_aspectRatio": 9.23913043478261, "category": "Discussion", "figures": 0, "textlen": 30, "fig_size": 0, "title": "Future Work", "textRatio": 0.18633540372670807, "figRatio": 0.0}}}