{"poster_size": 4478976, "doclen": 454, "figlen": 1311159, "section": {"22": {"xy": [300, 14, 2164, 176], "panel_size": 380864, "panel_aspectRatio": 12.295454545454545, "category": "Title", "figures": 0, "textlen": 0, "fig_size": 0, "title": "Improved Weak Gravitational Lensing Using Generative Adversarial Networks", "textRatio": 0.0, "figRatio": 0.0}, "23": {"xy": [27, 290, 570, 610], "panel_size": 347700, "panel_aspectRatio": 0.9344262295081968, "category": "Introduction", "figures": 0, "textlen": 97, "fig_size": 0, "title": "Background", "textRatio": 0.21365638766519823, "figRatio": 0.0}, "25": {"xy": [33, 918, 566, 400], "panel_size": 226400, "panel_aspectRatio": 1.415, "category": "Method", "figures": 1, "textlen": 44, "fig_size": 104742, "title": "Data", "27": {"fig_size": 104742, "fig_aspectRatio": 2.6717171717171717, "fig_size_poster": 0.9346289752650176}, "textRatio": 0.09691629955947137, "figRatio": 0.07988504826645738}, "28": {"xy": [32, 1326, 567, 308], "panel_size": 174636, "panel_aspectRatio": 1.8409090909090908, "category": "Method", "figures": 1, "textlen": 47, "fig_size": 24633, "title": "Metrics", "30": {"fig_size": 24633, "fig_aspectRatio": 1.0522875816993464, "fig_size_poster": 0.2839506172839506}, "textRatio": 0.10352422907488987, "figRatio": 0.01878719514566883}, "31": {"xy": [633, 295, 1118, 745], "panel_size": 832910, "panel_aspectRatio": 1.5006711409395974, "category": "Method", "figures": 9, "textlen": 156, "fig_size": 338097, "title": "Framework / Methods", "33": {"fig_size": 22692, "fig_aspectRatio": 2.6236559139784945, "fig_size_poster": 0.2182468694096601}, "34": {"fig_size": 16835, "fig_aspectRatio": 2.032967032967033, "fig_size_poster": 0.16547406082289803}, "35": {"fig_size": 35154, "fig_aspectRatio": 1.3395061728395061, "fig_size_poster": 0.19409660107334525}, "37": {"fig_size": 6129, "fig_aspectRatio": 8.407407407407407, "fig_size_poster": 0.20304114490161002}, "38": {"fig_size": 37837, "fig_aspectRatio": 1.535031847133758, "fig_size_poster": 0.21556350626118068}, "39": {"fig_size": 56876, "fig_aspectRatio": 1.021186440677966, "fig_size_poster": 0.21556350626118068}, "41": {"fig_size": 27966, "fig_aspectRatio": 4.481012658227848, "fig_size_poster": 0.31663685152057247}, "43": {"fig_size": 68482, "fig_aspectRatio": 1.8195876288659794, "fig_size_poster": 0.315742397137746}, "44": {"fig_size": 66126, "fig_aspectRatio": 1.558252427184466, "fig_size_poster": 0.28711985688729874}, "textRatio": 0.3436123348017621, "figRatio": 0.2578611747316687}, "46": {"xy": [628, 1051, 601, 601], "panel_size": 361201, "panel_aspectRatio": 1.0, "category": "Method", "figures": 4, "textlen": 12, "fig_size": 261076, "title": "Plots", "47": {"fig_size": 66442, "fig_aspectRatio": 1.1631799163179917, "fig_size_poster": 0.46256239600665555}, "48": {"fig_size": 68640, "fig_aspectRatio": 1.1916666666666667, "fig_size_poster": 0.47587354409317806}, "49": {"fig_size": 61258, "fig_aspectRatio": 1.2889908256880733, "fig_size_poster": 0.46755407653910147}, "50": {"fig_size": 64736, "fig_aspectRatio": 1.2901785714285714, "fig_size_poster": 0.480865224625624}, "textRatio": 0.02643171806167401, "figRatio": 0.19911848982465133}, "52": {"xy": [1243, 1047, 503, 599], "panel_size": 301297, "panel_aspectRatio": 0.8397328881469115, "category": "Method", "figures": 4, "textlen": 0, "fig_size": 217875, "title": "Generated Images", "53": {"fig_size": 54168, "fig_aspectRatio": 0.9098360655737705, "fig_size_poster": 0.441351888667992}, "54": {"fig_size": 55615, "fig_aspectRatio": 0.926530612244898, "fig_size_poster": 0.45129224652087474}, "55": {"fig_size": 53680, "fig_aspectRatio": 0.9016393442622951, "fig_size_poster": 0.43737574552683894}, "56": {"fig_size": 54412, "fig_aspectRatio": 0.9139344262295082, "fig_size_poster": 0.4433399602385686}, "textRatio": 0.0, "figRatio": 0.16616977803607344}, "57": {"xy": [1769, 300, 803, 293], "panel_size": 235279, "panel_aspectRatio": 2.74061433447099, "category": "Method", "figures": 2, "textlen": 17, "fig_size": 112610, "title": "Power Spectrum", "58": {"fig_size": 56785, "fig_aspectRatio": 1.351219512195122, "fig_size_poster": 0.3449564134495641}, "59": {"fig_size": 55825, "fig_aspectRatio": 1.354679802955665, "fig_size_poster": 0.3424657534246575}, "textRatio": 0.037444933920704845, "figRatio": 0.08588584603392876}, "61": {"xy": [1763, 602, 800, 435], "panel_size": 348000, "panel_aspectRatio": 1.839080459770115, "category": "Method", "figures": 6, "textlen": 0, "fig_size": 252126, "title": "Principal Components Analysis", "62": {"fig_size": 40542, "fig_aspectRatio": 1.339080459770115, "fig_size_poster": 0.29125}, "63": {"fig_size": 39412, "fig_aspectRatio": 1.4131736526946108, "fig_size_poster": 0.295}, "64": {"fig_size": 41866, "fig_aspectRatio": 1.3988439306358382, "fig_size_poster": 0.3025}, "65": {"fig_size": 41360, "fig_aspectRatio": 1.3352272727272727, "fig_size_poster": 0.29375}, "66": {"fig_size": 44268, "fig_aspectRatio": 1.2795698924731183, "fig_size_poster": 0.2975}, "67": {"fig_size": 44678, "fig_aspectRatio": 1.4101123595505618, "fig_size_poster": 0.31375}, "textRatio": 0.0, "figRatio": 0.19229246796155158}, "68": {"xy": [1764, 1046, 803, 327], "panel_size": 262581, "panel_aspectRatio": 2.45565749235474, "category": "Result", "figures": 0, "textlen": 81, "fig_size": 0, "title": "Summary", "textRatio": 0.17841409691629956, "figRatio": 0.0}}}