{"poster_size": 4478976, "doclen": 232, "figlen": 1468418, "section": {"0": {"xy": [526, 23, 1548, 106], "panel_size": 164088, "panel_aspectRatio": 14.60377358490566, "category": "Introduction", "figures": 0, "textlen": 0, "fig_size": 0, "title": "Predicting Sales for Rossmann Drug Stores", "textRatio": 0.0, "figRatio": 0.0}, "1": {"xy": [24, 338, 671, 686], "panel_size": 460306, "panel_aspectRatio": 0.978134110787172, "category": "Introduction", "figures": 1, "textlen": 43, "fig_size": 60840, "title": "Objective", "5": {"fig_size": 60840, "fig_aspectRatio": 4.225, "fig_size_poster": 0.7555886736214605}, "textRatio": 0.1853448275862069, "figRatio": 0.041432344196271086}, "6": {"xy": [26, 1034, 662, 635], "panel_size": 420370, "panel_aspectRatio": 1.04251968503937, "category": "Result", "figures": 1, "textlen": 0, "fig_size": 317856, "title": "ResultS", "7": {"fig_size": 317856, "fig_aspectRatio": 1.1401515151515151, "fig_size_poster": 0.9093655589123867}, "textRatio": 0.0, "figRatio": 0.21646152526051846}, "8": {"xy": [708, 341, 909, 675], "panel_size": 613575, "panel_aspectRatio": 1.3466666666666667, "category": "Method", "figures": 1, "textlen": 47, "fig_size": 295316, "title": "Model #1: Random Forest Regression", "10": {"fig_size": 295316, "fig_aspectRatio": 1.864321608040201, "fig_size_poster": 0.8162816281628162}, "textRatio": 0.2025862068965517, "figRatio": 0.20111167256189996}, "11": {"xy": [1626, 344, 942, 669], "panel_size": 630198, "panel_aspectRatio": 1.4080717488789238, "category": "Method", "figures": 1, "textlen": 45, "fig_size": 257400, "title": "Model #2: Hidden Markov Model", "13": {"fig_size": 257400, "fig_aspectRatio": 1.6414141414141414, "fig_size_poster": 0.6900212314225053}, "textRatio": 0.1939655172413793, "figRatio": 0.17529068698422384}, "14": {"xy": [705, 1028, 907, 645], "panel_size": 585015, "panel_aspectRatio": 1.4062015503875969, "category": "Method", "figures": 1, "textlen": 37, "fig_size": 266124, "title": "Model #3: Recurrent Neural Network Regression", "16": {"fig_size": 266124, "fig_aspectRatio": 1.6467661691542288, "fig_size_poster": 0.7298787210584344}, "textRatio": 0.15948275862068967, "figRatio": 0.18123177460368914}, "17": {"xy": [1628, 1024, 939, 655], "panel_size": 615045, "panel_aspectRatio": 1.433587786259542, "category": "Method", "figures": 1, "textlen": 60, "fig_size": 270882, "title": "Model #4: Gradient Boosting Regression", "19": {"fig_size": 270882, "fig_aspectRatio": 3.0503355704697985, "fig_size_poster": 0.9680511182108626}, "textRatio": 0.25862068965517243, "figRatio": 0.1844719963933975}}}