{"poster_size": 4478976, "doclen": 631, "figlen": 858954, "section": {"1": {"xy": [631, 76, 1322, 154], "panel_size": 203588, "panel_aspectRatio": 8.584415584415584, "category": "Title", "figures": 0, "textlen": 0, "fig_size": 0, "title": "Machine Learning for Causal Inference with Continuous Treatments", "textRatio": 0.0, "figRatio": 0.0}, "2": {"xy": [52, 312, 733, 692], "panel_size": 507236, "panel_aspectRatio": 1.0592485549132948, "category": "Introduction", "figures": 2, "textlen": 128, "fig_size": 87856, "title": "Motivation", "4": {"fig_size": 35316, "fig_aspectRatio": 2.9724770642201834, "fig_size_poster": 0.44201909959072305}, "5": {"fig_size": 52540, "fig_aspectRatio": 1.5351351351351352, "fig_size_poster": 0.3874488403819918}, "textRatio": 0.20285261489698891, "figRatio": 0.10228254365193014}, "6": {"xy": [59, 1014, 726, 654], "panel_size": 474804, "panel_aspectRatio": 1.110091743119266, "category": "Method", "figures": 1, "textlen": 130, "fig_size": 100168, "title": "Estimating Response Functions", "8": {"fig_size": 100168, "fig_aspectRatio": 4.3355263157894735, "fig_size_poster": 0.9077134986225895}, "textRatio": 0.20602218700475436, "figRatio": 0.11661625651664699}, "9": {"xy": [831, 314, 909, 1022], "panel_size": 928998, "panel_aspectRatio": 0.8894324853228963, "category": "Method", "figures": 3, "textlen": 122, "fig_size": 431264, "title": "Simulations", "11": {"fig_size": 143444, "fig_aspectRatio": 3.018348623853211, "fig_size_poster": 0.7238723872387238}, "12": {"fig_size": 165042, "fig_aspectRatio": 1.6320754716981132, "fig_size_poster": 0.570957095709571}, "13": {"fig_size": 122778, "fig_aspectRatio": 1.0497076023391814, "fig_size_poster": 0.3949394939493949}, "textRatio": 0.19334389857369255, "figRatio": 0.5020804373691723}, "14": {"xy": [842, 1343, 880, 305], "panel_size": 268400, "panel_aspectRatio": 2.8852459016393444, "category": "Result", "figures": 0, "textlen": 69, "fig_size": 0, "title": "Simulation Results", "textRatio": 0.10935023771790808, "figRatio": 0.0}, "16": {"xy": [1770, 312, 764, 829], "panel_size": 633356, "panel_aspectRatio": 0.9215922798552473, "category": "Method", "figures": 1, "textlen": 111, "fig_size": 239666, "title": "Application: Effect of Political Ads on Donations", "18": {"fig_size": 239666, "fig_aspectRatio": 2.2972136222910216, "fig_size_poster": 0.9712041884816754}, "textRatio": 0.17591125198098256, "figRatio": 0.2790207624622506}, "19": {"xy": [1774, 1156, 712, 289], "panel_size": 205768, "panel_aspectRatio": 2.463667820069204, "category": "Result", "figures": 0, "textlen": 71, "fig_size": 0, "title": "Results and Future Work", "textRatio": 0.11251980982567353, "figRatio": 0.0}}}