{"poster_size": 4478976, "doclen": 701, "figlen": 471397, "section": {"0": {"xy": [406, 52, 1773, 87], "panel_size": 154251, "panel_aspectRatio": 20.379310344827587, "category": "Title", "figures": 0, "textlen": 0, "fig_size": 0, "title": "Satellite-Based Prediction of Fire Risk in Northern California", "textRatio": 0.0, "figRatio": 0.0}, "1": {"xy": [1, 313, 497, 1114], "panel_size": 553658, "panel_aspectRatio": 0.44614003590664275, "category": "Introduction", "figures": 0, "textlen": 154, "fig_size": 0, "title": "Abstract", "textRatio": 0.21968616262482168, "figRatio": 0.0}, "3": {"xy": [510, 322, 714, 1107], "panel_size": 790398, "panel_aspectRatio": 0.6449864498644986, "category": "Introduction", "figures": 1, "textlen": 196, "fig_size": 17199, "title": "Data & Features", "6": {"fig_size": 17199, "fig_aspectRatio": 0.7959183673469388, "fig_size_poster": 0.1638655462184874}, "textRatio": 0.2796005706134094, "figRatio": 0.03648517067355117}, "12": {"xy": [1230, 320, 1324, 317], "panel_size": 419708, "panel_aspectRatio": 4.176656151419558, "category": "Method", "figures": 3, "textlen": 62, "fig_size": 90550, "title": "Models", "14": {"fig_size": 51680, "fig_aspectRatio": 2.7941176470588234, "fig_size_poster": 0.28700906344410876}, "17": {"fig_size": 10230, "fig_aspectRatio": 2.661290322580645, "fig_size_poster": 0.12462235649546828}, "18": {"fig_size": 28640, "fig_aspectRatio": 1.11875, "fig_size_poster": 0.1351963746223565}, "textRatio": 0.0884450784593438, "figRatio": 0.19208862169254365}, "20": {"xy": [1239, 652, 1351, 492], "panel_size": 664692, "panel_aspectRatio": 2.7459349593495936, "category": "Result", "figures": 4, "textlen": 101, "fig_size": 363648, "title": "Results", "21": {"fig_size": 173166, "fig_aspectRatio": 1.087719298245614, "fig_size_poster": 0.32124352331606215}, "23": {"fig_size": 57057, "fig_aspectRatio": 1.0692640692640694, "fig_size_poster": 0.18282753515914138}, "25": {"fig_size": 50490, "fig_aspectRatio": 1.7470588235294118, "fig_size_poster": 0.21983715766099185}, "32": {"fig_size": 82935, "fig_aspectRatio": 1.0210526315789474, "fig_size_poster": 0.2153960029607698}, "textRatio": 0.14407988587731813, "figRatio": 0.7714262076339051}, "34": {"xy": [1240, 1151, 1331, 262], "panel_size": 348722, "panel_aspectRatio": 5.080152671755725, "category": "Discussion", "figures": 0, "textlen": 83, "fig_size": 0, "title": "Discussion", "textRatio": 0.11840228245363767, "figRatio": 0.0}, "38": {"xy": [658, 1432, 1930, 295], "panel_size": 569350, "panel_aspectRatio": 6.5423728813559325, "category": "Discussion", "figures": 0, "textlen": 105, "fig_size": 0, "title": "Future", "textRatio": 0.14978601997146934, "figRatio": 0.0}}}