{"poster_size": 4478976, "doclen": 468, "figlen": 737405, "section": {"1": {"xy": [280, 55, 2046, 102], "panel_size": 208692, "panel_aspectRatio": 20.058823529411764, "category": "Title", "figures": 0, "textlen": 0, "fig_size": 0, "title": "Identification of the correct hard-scatter vertex at the Large Hadron Collider(LHC)", "textRatio": 0.0, "figRatio": 0.0}, "2": {"xy": [35, 240, 838, 389], "panel_size": 325982, "panel_aspectRatio": 2.154241645244216, "category": "Introduction", "figures": 1, "textlen": 31, "fig_size": 114235, "title": "MOTIVATION", "3": {"fig_size": 114235, "fig_aspectRatio": 0.9824046920821115, "fig_size_poster": 0.3997613365155131}, "textRatio": 0.06623931623931624, "figRatio": 0.15491487039008414}, "5": {"xy": [24, 645, 853, 489], "panel_size": 417117, "panel_aspectRatio": 1.7443762781186094, "category": "Method", "figures": 1, "textlen": 62, "fig_size": 130848, "title": "CURRENT METHOD", "6": {"fig_size": 130848, "fig_aspectRatio": 1.0804597701149425, "fig_size_poster": 0.44079718640093785}, "textRatio": 0.13247863247863248, "figRatio": 0.1774438741261586}, "9": {"xy": [24, 1143, 842, 568], "panel_size": 478256, "panel_aspectRatio": 1.482394366197183, "category": "Method", "figures": 0, "textlen": 102, "fig_size": 0, "title": "DATASET & FEATURE", "textRatio": 0.21794871794871795, "figRatio": 0.0}, "12": {"xy": [887, 240, 830, 368], "panel_size": 305440, "panel_aspectRatio": 2.255434782608696, "category": "Method", "figures": 0, "textlen": 32, "fig_size": 0, "title": "MODELUSED", "textRatio": 0.06837606837606838, "figRatio": 0.0}, "14": {"xy": [894, 618, 837, 681], "panel_size": 569997, "panel_aspectRatio": 1.2290748898678414, "category": "Result", "figures": 2, "textlen": 41, "fig_size": 298822, "title": "RESULT", "15": {"fig_size": 136484, "fig_aspectRatio": 1.5369127516778522, "fig_size_poster": 0.5471923536439666}, "16": {"fig_size": 162338, "fig_aspectRatio": 1.6464968152866242, "fig_size_poster": 0.6176821983273596}, "textRatio": 0.0876068376068376, "figRatio": 0.40523457258901147}, "19": {"xy": [889, 1322, 830, 391], "panel_size": 324530, "panel_aspectRatio": 2.122762148337596, "category": "Result", "figures": 0, "textlen": 60, "fig_size": 0, "title": "VERTEX SELECTION", "textRatio": 0.1282051282051282, "figRatio": 0.0}, "22": {"xy": [1733, 235, 833, 453], "panel_size": 377349, "panel_aspectRatio": 1.838852097130243, "category": "Result", "figures": 1, "textlen": 20, "fig_size": 193500, "title": "VERTEX SELECTION EFFICIENCY", "23": {"fig_size": 193500, "fig_aspectRatio": 1.2919896640826873, "fig_size_poster": 0.6002400960384153}, "textRatio": 0.042735042735042736, "figRatio": 0.2624066828947458}, "25": {"xy": [1747, 704, 812, 516], "panel_size": 418992, "panel_aspectRatio": 1.573643410852713, "category": "Discussion", "figures": 0, "textlen": 83, "fig_size": 0, "title": "DISCUSSIONS", "textRatio": 0.17735042735042736, "figRatio": 0.0}, "27": {"xy": [1740, 1239, 830, 244], "panel_size": 202520, "panel_aspectRatio": 3.401639344262295, "category": "Discussion", "figures": 0, "textlen": 37, "fig_size": 0, "title": "FUTURE WORK", "textRatio": 0.07905982905982906, "figRatio": 0.0}}}