{"poster_size": 3110400, "doclen": 429, "figlen": 530526, "section": {"1": {"xy": [301, 43, 1662, 170], "panel_size": 282540, "panel_aspectRatio": 9.776470588235295, "category": "Title", "figures": 0, "textlen": 9, "fig_size": 0, "title": "lmproving Robustness of Semantic Segmentation Models with Style Normalization", "textRatio": 0.02097902097902098, "figRatio": 0.0}, "3": {"xy": [55, 258, 660, 1120], "panel_size": 739200, "panel_aspectRatio": 0.5892857142857143, "category": "Introduction", "figures": 1, "textlen": 230, "fig_size": 45668, "title": "Introduction", "5": {"fig_size": 45668, "fig_aspectRatio": 1.1887755102040816, "fig_size_poster": 0.353030303030303}, "textRatio": 0.5361305361305362, "figRatio": 0.08608060679401199}, "8": {"xy": [748, 269, 667, 497], "panel_size": 331499, "panel_aspectRatio": 1.3420523138832998, "category": "Method", "figures": 3, "textlen": 28, "fig_size": 218726, "title": "Pipeline", "10": {"fig_size": 82212, "fig_aspectRatio": 1.9754901960784315, "fig_size_poster": 0.6041979010494752}, "11": {"fig_size": 89598, "fig_aspectRatio": 1.885321100917431, "fig_size_poster": 0.616191904047976}, "12": {"fig_size": 46916, "fig_aspectRatio": 2.141891891891892, "fig_size_poster": 0.4752623688155922}, "textRatio": 0.06526806526806526, "figRatio": 0.41228139619924375}, "13": {"xy": [751, 768, 655, 284], "panel_size": 186020, "panel_aspectRatio": 2.306338028169014, "category": "Method", "figures": 1, "textlen": 34, "fig_size": 42496, "title": "DeepLab for semantic segmentation", "15": {"fig_size": 42496, "fig_aspectRatio": 1.5421686746987953, "fig_size_poster": 0.39083969465648855}, "textRatio": 0.07925407925407925, "figRatio": 0.08010163498113193}, "17": {"xy": [749, 1054, 656, 319], "panel_size": 209264, "panel_aspectRatio": 2.0564263322884013, "category": "Result", "figures": 1, "textlen": 15, "fig_size": 121324, "title": "Result", "18": {"fig_size": 121324, "fig_aspectRatio": 3.1581632653061225, "fig_size_poster": 0.9435975609756098}, "textRatio": 0.03496503496503497, "figRatio": 0.22868624723387732}, "20": {"xy": [1461, 280, 635, 291], "panel_size": 184785, "panel_aspectRatio": 2.1821305841924397, "category": "Result", "figures": 1, "textlen": 19, "fig_size": 102312, "title": "Breakdown of MloU Scores", "21": {"fig_size": 102312, "fig_aspectRatio": 3.625, "fig_size_poster": 0.9590551181102362}, "textRatio": 0.04428904428904429, "figRatio": 0.192850114791735}, "23": {"xy": [1469, 577, 612, 394], "panel_size": 241128, "panel_aspectRatio": 1.5532994923857868, "category": "Discussion", "figures": 0, "textlen": 68, "fig_size": 0, "title": "Discussion", "textRatio": 0.1585081585081585, "figRatio": 0.0}, "25": {"xy": [1465, 979, 609, 191], "panel_size": 116319, "panel_aspectRatio": 3.18848167539267, "category": "Introduction", "figures": 0, "textlen": 26, "fig_size": 0, "title": "Future", "textRatio": 0.06060606060606061, "figRatio": 0.0}}}