{"poster_size": 484704, "doclen": 540, "figlen": 57640, "section": {"1": {"xy": [53, 11, 686, 71], "panel_size": 48706, "panel_aspectRatio": 9.661971830985916, "category": "Title", "figures": 0, "textlen": 4, "fig_size": 0, "title": "Beating the Bookies: Predicting the Outcome of Soccer Games", "textRatio": 0.007407407407407408, "figRatio": 0.0}, "3": {"xy": [57, 88, 223, 165], "panel_size": 36795, "panel_aspectRatio": 1.3515151515151516, "category": "Introduction", "figures": 0, "textlen": 77, "fig_size": 0, "title": "Overview", "textRatio": 0.1425925925925926, "figRatio": 0.0}, "5": {"xy": [55, 261, 223, 336], "panel_size": 74928, "panel_aspectRatio": 0.6636904761904762, "category": "Introduction", "figures": 0, "textlen": 198, "fig_size": 0, "title": "Data Set & Features", "textRatio": 0.36666666666666664, "figRatio": 0.0}, "7": {"xy": [284, 90, 218, 257], "panel_size": 56026, "panel_aspectRatio": 0.8482490272373541, "category": "Method", "figures": 0, "textlen": 109, "fig_size": 0, "title": "Models\n", "textRatio": 0.20185185185185187, "figRatio": 0.0}, "9": {"xy": [284, 354, 222, 240], "panel_size": 53280, "panel_aspectRatio": 0.925, "category": "Discussion", "figures": 0, "textlen": 135, "fig_size": 0, "title": "Discussion & Future Work", "textRatio": 0.25, "figRatio": 0.0}, "11": {"xy": [511, 86, 224, 338], "panel_size": 75712, "panel_aspectRatio": 0.6627218934911243, "category": "Result", "figures": 2, "textlen": 17, "fig_size": 57640, "title": "Result", "12": {"fig_size": 29480, "fig_aspectRatio": 1.6417910447761195, "fig_size_poster": 0.9821428571428571}, "14": {"fig_size": 28160, "fig_aspectRatio": 1.71875, "fig_size_poster": 0.9821428571428571}, "textRatio": 0.03148148148148148, "figRatio": 1.0}}}