{"poster_size": 4478976, "doclen": 898, "figlen": 743366, "section": {"1": {"xy": [756, 52, 1389, 72], "panel_size": 100008, "panel_aspectRatio": 19.291666666666668, "category": "Title", "figures": 0, "textlen": 0, "fig_size": 0, "title": "LendingClub Loan Default and Profitability Prediction", "textRatio": 0.0, "figRatio": 0.0}, "2": {"xy": [16, 290, 371, 1437], "panel_size": 533127, "panel_aspectRatio": 0.2581767571329158, "category": "Introduction", "figures": 0, "textlen": 176, "fig_size": 0, "title": "Abstract & Motivation", "textRatio": 0.19599109131403117, "figRatio": 0.0}, "6": {"xy": [395, 312, 529, 1405], "panel_size": 743245, "panel_aspectRatio": 0.37651245551601425, "category": "Method", "figures": 1, "textlen": 231, "fig_size": 180104, "title": "Dataset & Features\n", "9": {"fig_size": 180104, "fig_aspectRatio": 1.273936170212766, "fig_size_poster": 0.9054820415879017}, "textRatio": 0.2572383073496659, "figRatio": 0.242281729323106}, "11": {"xy": [935, 314, 568, 1407], "panel_size": 799176, "panel_aspectRatio": 0.4036958066808813, "category": "Method", "figures": 4, "textlen": 121, "fig_size": 371235, "title": "Loan Default Classifier\n", "13": {"fig_size": 13845, "fig_aspectRatio": 3.276923076923077, "fig_size_poster": 0.375}, "15": {"fig_size": 146432, "fig_aspectRatio": 1.7902097902097902, "fig_size_poster": 0.9014084507042254}, "17": {"fig_size": 130592, "fig_aspectRatio": 1.3766233766233766, "fig_size_poster": 0.7464788732394366}, "19": {"fig_size": 80366, "fig_aspectRatio": 3.93006993006993, "fig_size_poster": 0.9894366197183099}, "textRatio": 0.13474387527839643, "figRatio": 0.49939733590183033}, "20": {"xy": [1512, 313, 526, 1414], "panel_size": 743764, "panel_aspectRatio": 0.371994342291372, "category": "Method", "figures": 2, "textlen": 191, "fig_size": 192027, "title": "Annualized Return Regressor\n", "22": {"fig_size": 15939, "fig_aspectRatio": 4.015873015873016, "fig_size_poster": 0.48098859315589354}, "24": {"fig_size": 176088, "fig_aspectRatio": 1.4540229885057472, "fig_size_poster": 0.9619771863117871}, "textRatio": 0.21269487750556793, "figRatio": 0.2583209347750637}, "26": {"xy": [2047, 316, 534, 496], "panel_size": 264864, "panel_aspectRatio": 1.0766129032258065, "category": "Result", "figures": 0, "textlen": 63, "fig_size": 0, "title": "Loan Selection Strategy\n", "textRatio": 0.07015590200445435, "figRatio": 0.0}, "28": {"xy": [2058, 815, 525, 606], "panel_size": 318150, "panel_aspectRatio": 0.8663366336633663, "category": "Discussion", "figures": 0, "textlen": 116, "fig_size": 0, "title": "Discussion & Future Works\n", "textRatio": 0.1291759465478842, "figRatio": 0.0}}}