{"poster_size": 3110400, "doclen": 55, "figlen": 992691, "section": {"1": {"xy": [199, 12, 1787, 152], "panel_size": 271624, "panel_aspectRatio": 11.756578947368421, "category": "Title", "figures": 0, "textlen": 0, "fig_size": 0, "title": "Predicting Survival Rate of Acute Myeloid Leukemia (AML)\nBased on Cancer Cell Gene Expression", "textRatio": 0.0, "figRatio": 0.0}, "2": {"xy": [50, 263, 511, 531], "panel_size": 271341, "panel_aspectRatio": 0.9623352165725048, "category": "Introduction", "figures": 0, "textlen": 29, "fig_size": 0, "title": "Problem", "textRatio": 0.5272727272727272, "figRatio": 0.0}, "4": {"xy": [50, 821, 522, 496], "panel_size": 258912, "panel_aspectRatio": 1.0524193548387097, "category": "Method", "figures": 0, "textlen": 22, "fig_size": 0, "title": "Data\n", "textRatio": 0.4, "figRatio": 0.0}, "6": {"xy": [589, 260, 1092, 455], "panel_size": 496860, "panel_aspectRatio": 2.4, "category": "Method", "figures": 1, "textlen": 0, "fig_size": 356070, "title": "Reducing Dimensions", "7": {"fig_size": 356070, "fig_aspectRatio": 3.2696969696969695, "fig_size_poster": 0.9880952380952381}, "textRatio": 0.0, "figRatio": 0.35869167747063285}, "8": {"xy": [1695, 314, 414, 1057], "panel_size": 437598, "panel_aspectRatio": 0.391674550614948, "category": "Method", "figures": 1, "textlen": 0, "fig_size": 383253, "title": "Reducing Dimensions", "9": {"fig_size": 383253, "fig_aspectRatio": 0.4237644584647739, "fig_size_poster": 0.9734299516908212}, "textRatio": 0.0, "figRatio": 0.38607482086570744}, "10": {"xy": [592, 768, 1028, 588], "panel_size": 604464, "panel_aspectRatio": 1.748299319727891, "category": "Result", "figures": 1, "textlen": 4, "fig_size": 253368, "title": "Predicting Survival on New Dataset\n", "11": {"fig_size": 253368, "fig_aspectRatio": 1.2026143790849673, "fig_size_poster": 0.5369649805447471}, "textRatio": 0.07272727272727272, "figRatio": 0.2552335016636597}}}