{"poster_size": 7838208, "doclen": 750, "figlen": 1074334, "section": {"1": {"xy": [609, 41, 1874, 344], "panel_size": 644656, "panel_aspectRatio": 5.4476744186046515, "category": "Title", "figures": 0, "textlen": 9, "fig_size": 0, "title": "Beating Diabetes: Predicting Early Diabetic Patient Hospital Readmittance to Help Optimize Patient Care", "textRatio": 0.012, "figRatio": 0.0}, "3": {"xy": [14, 433, 928, 1069], "panel_size": 992032, "panel_aspectRatio": 0.8681010289990645, "category": "Introduction", "figures": 1, "textlen": 139, "fig_size": 179250, "title": "Motivation", "5": {"fig_size": 179250, "fig_aspectRatio": 2.868, "fig_size_poster": 0.7726293103448276}, "textRatio": 0.18533333333333332, "figRatio": 0.16684755392643255}, "6": {"xy": [9, 1528, 935, 1035], "panel_size": 967725, "panel_aspectRatio": 0.9033816425120773, "category": "Method", "figures": 0, "textlen": 106, "fig_size": 0, "title": "Method", "textRatio": 0.14133333333333334, "figRatio": 0.0}, "8": {"xy": [949, 424, 1130, 2144], "panel_size": 2422720, "panel_aspectRatio": 0.5270522388059702, "category": "Result", "figures": 8, "textlen": 251, "fig_size": 895084, "title": "Analysis and Results", "11": {"fig_size": 145036, "fig_aspectRatio": 0.8886138613861386, "fig_size_poster": 0.3176991150442478}, "13": {"fig_size": 315000, "fig_aspectRatio": 2.5714285714285716, "fig_size_poster": 0.7964601769911505}, "15": {"fig_size": 99960, "fig_aspectRatio": 1.275, "fig_size_poster": 0.315929203539823}, "16": {"fig_size": 98548, "fig_aspectRatio": 1.221830985915493, "fig_size_poster": 0.3070796460176991}, "17": {"fig_size": 109921, "fig_aspectRatio": 1.3344947735191637, "fig_size_poster": 0.33893805309734515}, "19": {"fig_size": 40513, "fig_aspectRatio": 2.5118110236220472, "fig_size_poster": 0.28230088495575223}, "20": {"fig_size": 45974, "fig_aspectRatio": 2.8503937007874014, "fig_size_poster": 0.32035398230088497}, "21": {"fig_size": 40132, "fig_aspectRatio": 2.4881889763779528, "fig_size_poster": 0.27964601769911507}, "textRatio": 0.33466666666666667, "figRatio": 0.8331524460735674}, "23": {"xy": [2087, 435, 920, 1197], "panel_size": 1101240, "panel_aspectRatio": 0.7685881370091896, "category": "Discussion", "figures": 0, "textlen": 169, "fig_size": 0, "title": "Conclusions", "textRatio": 0.22533333333333333, "figRatio": 0.0}, "25": {"xy": [2086, 1668, 930, 463], "panel_size": 430590, "panel_aspectRatio": 2.0086393088552916, "category": "Introduction", "figures": 0, "textlen": 61, "fig_size": 0, "title": "Future Areas for Investigation", "textRatio": 0.08133333333333333, "figRatio": 0.0}, "27": {"xy": [2082, 2146, 932, 177], "panel_size": 164964, "panel_aspectRatio": 5.265536723163842, "category": "Introduction", "figures": 0, "textlen": 15, "fig_size": 0, "title": "Acknowledgements", "textRatio": 0.02, "figRatio": 0.0}}}