{"poster_size": 4478976, "doclen": 532, "figlen": 661519, "section": {"1": {"xy": [54, 10, 2467, 92], "panel_size": 226964, "panel_aspectRatio": 26.815217391304348, "category": "Title", "figures": 0, "textlen": 0, "fig_size": 0, "title": "Ensemble Prediction of Intrinsically Disordered Regions in Proteins", "textRatio": 0.0, "figRatio": 0.0}, "2": {"xy": [43, 282, 815, 543], "panel_size": 442545, "panel_aspectRatio": 1.5009208103130756, "category": "Introduction", "figures": 1, "textlen": 77, "fig_size": 66030, "title": "Introduction", "3": {"fig_size": 66030, "fig_aspectRatio": 2.7483870967741937, "fig_size_poster": 0.5226993865030675}, "textRatio": 0.14473684210526316, "figRatio": 0.09981572713708903}, "6": {"xy": [50, 838, 795, 332], "panel_size": 263940, "panel_aspectRatio": 2.394578313253012, "category": "Method", "figures": 0, "textlen": 69, "fig_size": 0, "title": "Dataset Construction", "textRatio": 0.12969924812030076, "figRatio": 0.0}, "8": {"xy": [43, 1180, 804, 517], "panel_size": 415668, "panel_aspectRatio": 1.5551257253384914, "category": "Method", "figures": 2, "textlen": 72, "fig_size": 100064, "title": "Ensemble Inputs", "9": {"fig_size": 53440, "fig_aspectRatio": 2.0875, "fig_size_poster": 0.4154228855721393}, "10": {"fig_size": 46624, "fig_aspectRatio": 3.032258064516129, "fig_size_poster": 0.46766169154228854}, "textRatio": 0.13533834586466165, "figRatio": 0.15126398485908946}, "14": {"xy": [893, 291, 785, 1030], "panel_size": 808550, "panel_aspectRatio": 0.7621359223300971, "category": "Method", "figures": 2, "textlen": 153, "fig_size": 87657, "title": "Methodology", "15": {"fig_size": 62745, "fig_aspectRatio": 1.1361702127659574, "fig_size_poster": 0.3401273885350318}, "16": {"fig_size": 24912, "fig_aspectRatio": 4.805555555555555, "fig_size_poster": 0.4407643312101911}, "textRatio": 0.287593984962406, "figRatio": 0.13250866566190841}, "21": {"xy": [893, 1321, 806, 367], "panel_size": 295802, "panel_aspectRatio": 2.196185286103542, "category": "Result", "figures": 1, "textlen": 0, "fig_size": 241329, "title": "Primary Predictor Results", "22": {"fig_size": 241329, "fig_aspectRatio": 2.527508090614887, "fig_size_poster": 0.9689826302729528}, "textRatio": 0.0, "figRatio": 0.36481038337523186}, "23": {"xy": [1765, 293, 785, 367], "panel_size": 288095, "panel_aspectRatio": 2.138964577656676, "category": "Result", "figures": 1, "textlen": 17, "fig_size": 166439, "title": "Ensemble Results", "24": {"fig_size": 166439, "fig_aspectRatio": 3.5345622119815667, "fig_size_poster": 0.9770700636942675}, "textRatio": 0.03195488721804511, "figRatio": 0.25160123896668124}, "26": {"xy": [1762, 664, 781, 511], "panel_size": 399091, "panel_aspectRatio": 1.528375733855186, "category": "Discussion", "figures": 0, "textlen": 115, "fig_size": 0, "title": "Analysis", "textRatio": 0.2161654135338346, "figRatio": 0.0}, "28": {"xy": [1769, 1193, 743, 217], "panel_size": 161231, "panel_aspectRatio": 3.423963133640553, "category": "Discussion", "figures": 0, "textlen": 17, "fig_size": 0, "title": "Future Work", "textRatio": 0.03195488721804511, "figRatio": 0.0}, "30": {"xy": [1769, 1417, 763, 135], "panel_size": 103005, "panel_aspectRatio": 5.651851851851852, "category": "Discussion", "figures": 0, "textlen": 12, "fig_size": 0, "title": "Acknowledgement", "textRatio": 0.022556390977443608, "figRatio": 0.0}}}