{"poster_size": 4478976, "doclen": 331, "figlen": 1978016, "section": {"1": {"xy": [354, 41, 2161, 90], "panel_size": 194490, "panel_aspectRatio": 24.011111111111113, "category": "Title", "figures": 0, "textlen": 0, "fig_size": 0, "title": "Analyzing public companies in the life sciences and designing an investment portfolio", "textRatio": 0.0, "figRatio": 0.0}, "2": {"xy": [25, 271, 1327, 259], "panel_size": 343693, "panel_aspectRatio": 5.123552123552123, "category": "Introduction", "figures": 0, "textlen": 117, "fig_size": 0, "title": "Abstract", "textRatio": 0.35347432024169184, "figRatio": 0.0}, "4": {"xy": [30, 530, 645, 799], "panel_size": 515355, "panel_aspectRatio": 0.8072590738423029, "category": "Method", "figures": 3, "textlen": 0, "fig_size": 415529, "title": "Data & Features", "5": {"fig_size": 138073, "fig_aspectRatio": 2.263157894736842, "fig_size_poster": 0.8666666666666667}, "6": {"fig_size": 80896, "fig_aspectRatio": 4.9375, "fig_size_poster": 0.9798449612403101}, "7": {"fig_size": 196560, "fig_aspectRatio": 1.5166666666666666, "fig_size_poster": 0.8465116279069768}, "textRatio": 0.0, "figRatio": 0.21007362933363533}, "8": {"xy": [23, 1341, 624, 367], "panel_size": 229008, "panel_aspectRatio": 1.7002724795640327, "category": "Method", "figures": 1, "textlen": 0, "fig_size": 162159, "title": "Baseline", "9": {"fig_size": 162159, "fig_aspectRatio": 2.0247349823321557, "fig_size_poster": 0.9182692307692307}, "textRatio": 0.0, "figRatio": 0.08198063109701843}, "10": {"xy": [678, 530, 678, 1197], "panel_size": 811566, "panel_aspectRatio": 0.5664160401002506, "category": "Method", "figures": 5, "textlen": 0, "fig_size": 698491, "title": "Model", "11": {"fig_size": 136895, "fig_aspectRatio": 3.1339712918660285, "fig_size_poster": 0.9660766961651918}, "12": {"fig_size": 154452, "fig_aspectRatio": 2.5942622950819674, "fig_size_poster": 0.9336283185840708}, "13": {"fig_size": 139230, "fig_aspectRatio": 2.8506787330316743, "fig_size_poster": 0.9292035398230089}, "14": {"fig_size": 137150, "fig_aspectRatio": 3.080568720379147, "fig_size_poster": 0.9587020648967551}, "15": {"fig_size": 130764, "fig_aspectRatio": 3.142156862745098, "fig_size_poster": 0.9454277286135693}, "textRatio": 0.0, "figRatio": 0.3531270727840422}, "16": {"xy": [1363, 271, 1215, 804], "panel_size": 976860, "panel_aspectRatio": 1.5111940298507462, "category": "Result", "figures": 5, "textlen": 27, "fig_size": 701837, "title": "Results", "18": {"fig_size": 134946, "fig_aspectRatio": 0.9444444444444444, "fig_size_poster": 0.2938271604938272}, "19": {"fig_size": 92015, "fig_aspectRatio": 0.6207792207792208, "fig_size_poster": 0.19670781893004116}, "20": {"fig_size": 97405, "fig_aspectRatio": 0.6571428571428571, "fig_size_poster": 0.20823045267489712}, "21": {"fig_size": 186371, "fig_aspectRatio": 1.7863777089783281, "fig_size_poster": 0.4748971193415638}, "22": {"fig_size": 191100, "fig_aspectRatio": 1.8092307692307692, "fig_size_poster": 0.4839506172839506}, "textRatio": 0.08157099697885196, "figRatio": 0.35481866678530405}, "23": {"xy": [1387, 1080, 1165, 454], "panel_size": 528910, "panel_aspectRatio": 2.566079295154185, "category": "Discussion", "figures": 0, "textlen": 187, "fig_size": 0, "title": "Discussion & Future Directions", "textRatio": 0.5649546827794562, "figRatio": 0.0}}}