{"poster_size": 3110400, "doclen": 281, "figlen": 590773, "section": {"1": {"xy": [354, 36, 1403, 110], "panel_size": 154330, "panel_aspectRatio": 12.754545454545454, "category": "Title", "figures": 0, "textlen": 0, "fig_size": 0, "title": "Predicting the strength of Magic: The Gathering cards from card mechanics", "textRatio": 0.0, "figRatio": 0.0}, "2": {"xy": [48, 243, 488, 330], "panel_size": 161040, "panel_aspectRatio": 1.4787878787878788, "category": "Introduction", "figures": 0, "textlen": 37, "fig_size": 0, "title": "Objectives", "textRatio": 0.13167259786476868, "figRatio": 0.0}, "4": {"xy": [47, 577, 504, 844], "panel_size": 425376, "panel_aspectRatio": 0.5971563981042654, "category": "Introduction", "figures": 1, "textlen": 27, "fig_size": 230878, "title": "Data", "6": {"fig_size": 230878, "fig_aspectRatio": 0.9937759336099585, "fig_size_poster": 0.9503968253968254}, "textRatio": 0.09608540925266904, "figRatio": 0.39080662115567233}, "7": {"xy": [553, 227, 523, 1184], "panel_size": 619232, "panel_aspectRatio": 0.44172297297297297, "category": "Method", "figures": 1, "textlen": 57, "fig_size": 207015, "title": "Methods", "9": {"fig_size": 207015, "fig_aspectRatio": 0.6720720720720721, "fig_size_poster": 0.7131931166347992}, "textRatio": 0.20284697508896798, "figRatio": 0.3504137799120813}, "11": {"xy": [1094, 224, 505, 1198], "panel_size": 604990, "panel_aspectRatio": 0.42153589315525875, "category": "Result", "figures": 1, "textlen": 60, "fig_size": 152880, "title": "Results", "13": {"fig_size": 152880, "fig_aspectRatio": 1.1538461538461537, "fig_size_poster": 0.8316831683168316}, "textRatio": 0.21352313167259787, "figRatio": 0.2587795989322464}, "14": {"xy": [1607, 222, 514, 794], "panel_size": 408116, "panel_aspectRatio": 0.6473551637279596, "category": "Result", "figures": 0, "textlen": 100, "fig_size": 0, "title": "Conclusions", "textRatio": 0.35587188612099646, "figRatio": 0.0}}}