{"poster_size": 5529600, "doclen": 503, "figlen": 2448964, "section": {"1": {"xy": [393, 58, 1932, 76], "panel_size": 146832, "panel_aspectRatio": 25.42105263157895, "category": "Title", "figures": 0, "textlen": 0, "fig_size": 0, "title": "Classification of lrish and Scandinavian Folk Music by Dance Type", "textRatio": 0.0, "figRatio": 0.0}, "2": {"xy": [31, 258, 942, 494], "panel_size": 465348, "panel_aspectRatio": 1.9068825910931173, "category": "Introduction", "figures": 0, "textlen": 164, "fig_size": 0, "title": "Abstract", "textRatio": 0.3260437375745527, "figRatio": 0.0}, "4": {"xy": [19, 752, 949, 1162], "panel_size": 1102738, "panel_aspectRatio": 0.8166953528399311, "category": "Method", "figures": 1, "textlen": 0, "fig_size": 1002240, "title": "Data Preparation", "5": {"fig_size": 1002240, "fig_aspectRatio": 0.8592592592592593, "fig_size_poster": 0.9778714436248683}, "textRatio": 0.0, "figRatio": 0.40925060556218873}, "6": {"xy": [979, 264, 932, 586], "panel_size": 546152, "panel_aspectRatio": 1.5904436860068258, "category": "Method", "figures": 1, "textlen": 45, "fig_size": 357240, "title": "Feture Selection", "7": {"fig_size": 357240, "fig_aspectRatio": 2.348717948717949, "fig_size_poster": 0.9828326180257511}, "textRatio": 0.08946322067594434, "figRatio": 0.1458739287306796}, "9": {"xy": [1919, 266, 932, 592], "panel_size": 551744, "panel_aspectRatio": 1.5743243243243243, "category": "Method", "figures": 1, "textlen": 58, "fig_size": 297312, "title": "Algorithm Test Accuracy", "10": {"fig_size": 297312, "fig_aspectRatio": 2.7975460122699385, "fig_size_poster": 0.9785407725321889}, "textRatio": 0.11530815109343936, "figRatio": 0.12140317293353434}, "12": {"xy": [973, 862, 1882, 671], "panel_size": 1262822, "panel_aspectRatio": 2.804769001490313, "category": "Method", "figures": 2, "textlen": 133, "fig_size": 792172, "title": "Dance Classification", "13": {"fig_size": 724204, "fig_aspectRatio": 2.967611336032389, "fig_size_poster": 0.7789585547290117}, "16": {"fig_size": 67968, "fig_aspectRatio": 7.375, "fig_size_poster": 0.37619553666312433}, "textRatio": 0.2644135188866799, "figRatio": 0.32347229277359735}, "18": {"xy": [978, 1536, 925, 333], "panel_size": 308025, "panel_aspectRatio": 2.7777777777777777, "category": "Discussion", "figures": 0, "textlen": 103, "fig_size": 0, "title": "Conclusion and Next Steps", "textRatio": 0.2047713717693837, "figRatio": 0.0}}}