{"poster_size": 4478976, "doclen": 522, "figlen": 1477490, "section": {"1": {"xy": [34, 28, 1811, 131], "panel_size": 237241, "panel_aspectRatio": 13.82442748091603, "category": "Title", "figures": 0, "textlen": 0, "fig_size": 0, "title": "Generating Place Recommendations for Travelers", "textRatio": 0.0, "figRatio": 0.0}, "2": {"xy": [14, 369, 822, 577], "panel_size": 474294, "panel_aspectRatio": 1.4246100519930676, "category": "Introduction", "figures": 0, "textlen": 178, "fig_size": 0, "title": "overview", "textRatio": 0.34099616858237547, "figRatio": 0.0}, "4": {"xy": [831, 366, 858, 558], "panel_size": 478764, "panel_aspectRatio": 1.5376344086021505, "category": "Result", "figures": 3, "textlen": 108, "fig_size": 227044, "title": "Business and User Clustering", "5": {"fig_size": 81747, "fig_aspectRatio": 0.9522184300341296, "fig_size_poster": 0.32517482517482516}, "6": {"fig_size": 81787, "fig_aspectRatio": 0.9792387543252595, "fig_size_poster": 0.3298368298368298}, "7": {"fig_size": 63510, "fig_aspectRatio": 0.7551724137931034, "fig_size_poster": 0.25524475524475526}, "textRatio": 0.20689655172413793, "figRatio": 0.1536687219541249}, "9": {"xy": [1697, 367, 894, 385], "panel_size": 344190, "panel_aspectRatio": 2.322077922077922, "category": "Method", "figures": 0, "textlen": 156, "fig_size": 0, "title": "Collaborative Filtering", "textRatio": 0.2988505747126437, "figRatio": 0.0}, "12": {"xy": [1800, 769, 790, 351], "panel_size": 277290, "panel_aspectRatio": 2.2507122507122506, "category": "Result", "figures": 3, "textlen": 0, "fig_size": 185581, "title": "Results", "13": {"fig_size": 62451, "fig_aspectRatio": 1.0576131687242798, "fig_size_poster": 0.32531645569620254}, "14": {"fig_size": 57358, "fig_aspectRatio": 0.9875518672199171, "fig_size_poster": 0.3012658227848101}, "15": {"fig_size": 65772, "fig_aspectRatio": 0.9655172413793104, "fig_size_poster": 0.3189873417721519}, "textRatio": 0.0, "figRatio": 0.12560558785507855}, "16": {"xy": [1501, 1131, 1072, 272], "panel_size": 291584, "panel_aspectRatio": 3.9411764705882355, "category": "Result", "figures": 3, "textlen": 0, "fig_size": 232347, "title": "Results", "17": {"fig_size": 123889, "fig_aspectRatio": 2.3624454148471616, "fig_size_poster": 0.5046641791044776}, "18": {"fig_size": 54432, "fig_aspectRatio": 1.0848214285714286, "fig_size_poster": 0.22667910447761194}, "19": {"fig_size": 54026, "fig_aspectRatio": 1.0484581497797356, "fig_size_poster": 0.22201492537313433}, "textRatio": 0.0, "figRatio": 0.15725791714326323}, "20": {"xy": [18, 951, 1476, 776], "panel_size": 1145376, "panel_aspectRatio": 1.902061855670103, "category": "Method", "figures": 1, "textlen": 80, "fig_size": 832518, "title": "Methodology", "21": {"fig_size": 832518, "fig_aspectRatio": 2.553415061295972, "fig_size_poster": 0.9878048780487805}, "textRatio": 0.1532567049808429, "figRatio": 0.5634677730475334}}}