{"poster_size": 4478976, "doclen": 252, "figlen": 1867999, "section": {"1": {"xy": [854, 19, 1537, 94], "panel_size": 144478, "panel_aspectRatio": 16.351063829787233, "category": "Title", "figures": 0, "textlen": 0, "fig_size": 0, "title": "Predicting Yards Gained on NFL Handoff", "textRatio": 0.0, "figRatio": 0.0}, "2": {"xy": [7, 273, 769, 469], "panel_size": 360661, "panel_aspectRatio": 1.6396588486140724, "category": "Introduction", "figures": 1, "textlen": 72, "fig_size": 33180, "title": "Motivation and Objective", "4": {"fig_size": 33180, "fig_aspectRatio": 6.771428571428571, "fig_size_poster": 0.6163849154746424}, "textRatio": 0.2857142857142857, "figRatio": 0.01776232214257074}, "6": {"xy": [13, 755, 770, 957], "panel_size": 736890, "panel_aspectRatio": 0.8045977011494253, "category": "Introduction", "figures": 1, "textlen": 119, "fig_size": 107019, "title": "Data and Features", "10": {"fig_size": 107019, "fig_aspectRatio": 1.6719367588932805, "fig_size_poster": 0.5493506493506494}, "textRatio": 0.4722222222222222, "figRatio": 0.05729071589438752}, "11": {"xy": [803, 279, 992, 1434], "panel_size": 1422528, "panel_aspectRatio": 0.691771269177127, "category": "Method", "figures": 6, "textlen": 0, "fig_size": 1207372, "title": "Models", "12": {"fig_size": 329868, "fig_aspectRatio": 2.588235294117647, "fig_size_poster": 0.9314516129032258}, "13": {"fig_size": 352804, "fig_aspectRatio": 2.3678756476683938, "fig_size_poster": 0.9213709677419355}, "14": {"fig_size": 76424, "fig_aspectRatio": 11.365853658536585, "fig_size_poster": 0.9395161290322581}, "15": {"fig_size": 116388, "fig_aspectRatio": 7.819672131147541, "fig_size_poster": 0.9616935483870968}, "16": {"fig_size": 96288, "fig_aspectRatio": 9.254901960784315, "fig_size_poster": 0.9516129032258065}, "17": {"fig_size": 235600, "fig_aspectRatio": 3.8306451612903225, "fig_size_poster": 0.9576612903225806}, "textRatio": 0.0, "figRatio": 0.6463450997564774}, "18": {"xy": [1816, 276, 766, 527], "panel_size": 403682, "panel_aspectRatio": 1.4535104364326377, "category": "Result", "figures": 1, "textlen": 10, "fig_size": 297840, "title": "", "19": {"fig_size": 297840, "fig_aspectRatio": 1.7892156862745099, "fig_size_poster": 0.9530026109660574}, "textRatio": 0.03968253968253968, "figRatio": 0.1594433401730943}, "21": {"xy": [1816, 819, 756, 709], "panel_size": 536004, "panel_aspectRatio": 1.0662905500705218, "category": "Discussion", "figures": 1, "textlen": 51, "fig_size": 222588, "title": "Discussion and Future Work", "23": {"fig_size": 222588, "fig_aspectRatio": 2.1203703703703702, "fig_size_poster": 0.9087301587301587}, "textRatio": 0.20238095238095238, "figRatio": 0.11915852203347004}}}