{"poster_size": 4478976, "doclen": 355, "figlen": 1092922, "section": {"1": {"xy": [360, 86, 1878, 114], "panel_size": 214092, "panel_aspectRatio": 16.473684210526315, "category": "Title", "figures": 0, "textlen": 0, "fig_size": 0, "title": "PERSONAL IDENTIFICATION THROUGH KEYSTROKE DYNAMICS", "textRatio": 0.0, "figRatio": 0.0}, "2": {"xy": [67, 360, 651, 1348], "panel_size": 877548, "panel_aspectRatio": 0.48293768545994065, "category": "Introduction", "figures": 1, "textlen": 152, "fig_size": 153846, "title": "Problem\n", "4": {"fig_size": 153846, "fig_aspectRatio": 2.2934362934362933, "fig_size_poster": 0.9124423963133641}, "textRatio": 0.428169014084507, "figRatio": 0.14076576370500365}, "5": {"xy": [741, 367, 931, 1340], "panel_size": 1247540, "panel_aspectRatio": 0.6947761194029851, "category": "Method", "figures": 5, "textlen": 118, "fig_size": 496348, "title": "models", "7": {"fig_size": 39780, "fig_aspectRatio": 14.711538461538462, "fig_size_poster": 0.8216970998925887}, "8": {"fig_size": 118079, "fig_aspectRatio": 1.3754266211604096, "fig_size_poster": 0.43286788399570353}, "9": {"fig_size": 107088, "fig_aspectRatio": 1.2646048109965635, "fig_size_poster": 0.3952738990332975}, "10": {"fig_size": 109289, "fig_aspectRatio": 1.273037542662116, "fig_size_poster": 0.40064446831364126}, "11": {"fig_size": 122112, "fig_aspectRatio": 1.2075471698113207, "fig_size_poster": 0.41245972073039744}, "textRatio": 0.3323943661971831, "figRatio": 0.454147688490121}, "13": {"xy": [1705, 367, 812, 695], "panel_size": 564340, "panel_aspectRatio": 1.1683453237410073, "category": "Result", "figures": 1, "textlen": 0, "fig_size": 442728, "title": "Results", "14": {"fig_size": 442728, "fig_aspectRatio": 1.4168157423971377, "fig_size_poster": 0.9753694581280788}, "textRatio": 0.0, "figRatio": 0.40508654780487535}, "15": {"xy": [1697, 1073, 794, 423], "panel_size": 335862, "panel_aspectRatio": 1.8770685579196218, "category": "Discussion", "figures": 0, "textlen": 85, "fig_size": 0, "title": "Discussion", "textRatio": 0.23943661971830985, "figRatio": 0.0}}}