{"poster_size": 8957952, "doclen": 720, "figlen": 2245283, "section": {"0": {"xy": [724, 54, 2023, 143], "panel_size": 289289, "panel_aspectRatio": 14.146853146853147, "category": "Title", "figures": 0, "textlen": 0, "fig_size": 0, "title": "Deep Learning Based Food Recognition", "textRatio": 0.0, "figRatio": 0.0}, "1": {"xy": [31, 307, 1060, 534], "panel_size": 566040, "panel_aspectRatio": 1.9850187265917603, "category": "Introduction", "figures": 0, "textlen": 178, "fig_size": 0, "title": "Motivation", "textRatio": 0.24722222222222223, "figRatio": 0.0}, "3": {"xy": [40, 870, 1054, 1686], "panel_size": 1777044, "panel_aspectRatio": 0.6251482799525504, "category": "Method", "figures": 2, "textlen": 168, "fig_size": 625632, "title": "Dataset and Methods", "4": {"fig_size": 239904, "fig_aspectRatio": 2.125, "fig_size_poster": 0.6774193548387096}, "5": {"fig_size": 385728, "fig_aspectRatio": 2.510204081632653, "fig_size_poster": 0.9335863377609108}, "textRatio": 0.23333333333333334, "figRatio": 0.27864282587094813}, "10": {"xy": [1134, 304, 1337, 2257], "panel_size": 3017609, "panel_aspectRatio": 0.592379264510412, "category": "Result", "figures": 4, "textlen": 171, "fig_size": 1619651, "title": "Methods and Results", "11": {"fig_size": 421440, "fig_aspectRatio": 4.115625, "fig_size_poster": 0.9850411368735976}, "12": {"fig_size": 401781, "fig_aspectRatio": 1.1273031825795645, "fig_size_poster": 0.5033657442034405}, "13": {"fig_size": 420090, "fig_aspectRatio": 1.0685805422647527, "fig_size_poster": 0.5011219147344802}, "14": {"fig_size": 376340, "fig_aspectRatio": 0.9790322580645161, "fig_size_poster": 0.45400149588631267}, "textRatio": 0.2375, "figRatio": 0.7213571741290519}, "17": {"xy": [2524, 311, 887, 680], "panel_size": 603160, "panel_aspectRatio": 1.3044117647058824, "category": "Discussion", "figures": 0, "textlen": 126, "fig_size": 0, "title": "Discussion & Conclusion", "textRatio": 0.175, "figRatio": 0.0}, "19": {"xy": [2522, 1007, 887, 568], "panel_size": 503816, "panel_aspectRatio": 1.5616197183098592, "category": "Discussion", "figures": 0, "textlen": 77, "fig_size": 0, "title": "Future Work", "textRatio": 0.10694444444444444, "figRatio": 0.0}}}