{"poster_size": 8957952, "doclen": 429, "figlen": 3007895, "section": {"1": {"xy": [68, 38, 2298, 230], "panel_size": 528540, "panel_aspectRatio": 9.991304347826087, "category": "Title", "figures": 0, "textlen": 0, "fig_size": 0, "title": "Predicting the Survivability of Breast Cancer Patients after Neoadjuvant Chemotherapy Using Machine Learning", "textRatio": 0.0, "figRatio": 0.0}, "2": {"xy": [46, 534, 1108, 779], "panel_size": 863132, "panel_aspectRatio": 1.422336328626444, "category": "Introduction", "figures": 1, "textlen": 127, "fig_size": 79461, "title": "Motivation", "4": {"fig_size": 79461, "fig_aspectRatio": 12.11111111111111, "fig_size_poster": 0.8853790613718412}, "textRatio": 0.29603729603729606, "figRatio": 0.02641747800372021}, "6": {"xy": [42, 1328, 1112, 1225], "panel_size": 1362200, "panel_aspectRatio": 0.9077551020408163, "category": "Method", "figures": 2, "textlen": 88, "fig_size": 781414, "title": "Data and Features", "7": {"fig_size": 494988, "fig_aspectRatio": 2.02834008097166, "fig_size_poster": 0.9010791366906474}, "8": {"fig_size": 286426, "fig_aspectRatio": 3.4773519163763065, "fig_size_poster": 0.8974820143884892}, "textRatio": 0.20512820512820512, "figRatio": 0.25978765881122845}, "10": {"xy": [1174, 538, 1115, 637], "panel_size": 710255, "panel_aspectRatio": 1.750392464678179, "category": "Method", "figures": 1, "textlen": 0, "fig_size": 515646, "title": "Model (Logistic Regression)", "11": {"fig_size": 515646, "fig_aspectRatio": 2.183127572016461, "fig_size_poster": 0.9515695067264573}, "textRatio": 0.0, "figRatio": 0.1714308511434076}, "12": {"xy": [1176, 1195, 1107, 675], "panel_size": 747225, "panel_aspectRatio": 1.64, "category": "Method", "figures": 1, "textlen": 0, "fig_size": 562239, "title": "Model(k-NN)", "13": {"fig_size": 562239, "fig_aspectRatio": 1.9497206703910615, "fig_size_poster": 0.94579945799458}, "textRatio": 0.0, "figRatio": 0.1869210860086539}, "14": {"xy": [1174, 1889, 1119, 680], "panel_size": 760920, "panel_aspectRatio": 1.6455882352941176, "category": "Method", "figures": 1, "textlen": 0, "fig_size": 607600, "title": "Model (Bootstrap Random Forest)", "15": {"fig_size": 607600, "fig_aspectRatio": 1.9375, "fig_size_poster": 0.9696157283288651}, "textRatio": 0.0, "figRatio": 0.20200173210833489}, "16": {"xy": [2309, 523, 1122, 578], "panel_size": 648516, "panel_aspectRatio": 1.9411764705882353, "category": "Result", "figures": 1, "textlen": 0, "fig_size": 461535, "title": "Results", "17": {"fig_size": 461535, "fig_aspectRatio": 2.439080459770115, "fig_size_poster": 0.9456327985739751}, "textRatio": 0.0, "figRatio": 0.15344119392465494}, "18": {"xy": [2313, 1113, 1112, 942], "panel_size": 1047504, "panel_aspectRatio": 1.1804670912951167, "category": "Discussion", "figures": 0, "textlen": 214, "fig_size": 0, "title": "Discussion/Challenges and Future Steps", "textRatio": 0.4988344988344988, "figRatio": 0.0}}}