{"poster_size": 7076160, "doclen": 878, "figlen": 1241212, "section": {"1": {"xy": [755, 50, 1506, 228], "panel_size": 343368, "panel_aspectRatio": 6.605263157894737, "category": "Title", "figures": 0, "textlen": 11, "fig_size": 0, "title": "LINK PREDICTION ON SYNTHETIC GRAPHS IN HYPERBOLIC SPACE", "textRatio": 0.012528473804100227, "figRatio": 0.0}, "3": {"xy": [71, 338, 774, 786], "panel_size": 608364, "panel_aspectRatio": 0.9847328244274809, "category": "Introduction", "figures": 2, "textlen": 92, "fig_size": 213592, "title": "Graph Embedding in Hyperbolic Space\n", "5": {"fig_size": 57592, "fig_aspectRatio": 6.804347826086956, "fig_size_poster": 0.8087855297157622}, "7": {"fig_size": 156000, "fig_aspectRatio": 2.496, "fig_size_poster": 0.8062015503875969}, "textRatio": 0.10478359908883828, "figRatio": 0.17208341524252102}, "9": {"xy": [78, 1133, 764, 1112], "panel_size": 849568, "panel_aspectRatio": 0.6870503597122302, "category": "Method", "figures": 3, "textlen": 187, "fig_size": 154730, "title": "Scheme to Generate Synthetic Graphs", "11": {"fig_size": 41480, "fig_aspectRatio": 8.970588235294118, "fig_size_poster": 0.7984293193717278}, "13": {"fig_size": 40110, "fig_aspectRatio": 1.0994764397905759, "fig_size_poster": 0.27486910994764396}, "14": {"fig_size": 73140, "fig_aspectRatio": 1.6273584905660377, "fig_size_poster": 0.45157068062827227}, "textRatio": 0.21298405466970388, "figRatio": 0.12466041256449341}, "17": {"xy": [901, 334, 874, 1474], "panel_size": 1288276, "panel_aspectRatio": 0.592944369063772, "category": "Method", "figures": 3, "textlen": 186, "fig_size": 482048, "title": "Hyperbolic Graph Convolutional Network (HGCN) Architecture", "18": {"fig_size": 298800, "fig_aspectRatio": 2.3055555555555554, "fig_size_poster": 0.9496567505720824}, "20": {"fig_size": 97280, "fig_aspectRatio": 3.8, "fig_size_poster": 0.6956521739130435}, "22": {"fig_size": 85968, "fig_aspectRatio": 7.37037037037037, "fig_size_poster": 0.9107551487414187}, "textRatio": 0.21184510250569477, "figRatio": 0.3883687879266394}, "24": {"xy": [927, 1821, 844, 441], "panel_size": 372204, "panel_aspectRatio": 1.9138321995464853, "category": "Method", "figures": 0, "textlen": 94, "fig_size": 0, "title": "Baseline Model and Experiments\n", "textRatio": 0.1070615034168565, "figRatio": 0.0}, "27": {"xy": [1848, 344, 1111, 907], "panel_size": 1007677, "panel_aspectRatio": 1.224917309812569, "category": "Result", "figures": 2, "textlen": 117, "fig_size": 390842, "title": "Results and Discussions", "28": {"fig_size": 199330, "fig_aspectRatio": 2.074193548387097, "fig_size_poster": 0.5787578757875788}, "30": {"fig_size": 191512, "fig_aspectRatio": 2.185810810810811, "fig_size_poster": 0.5823582358235824}, "textRatio": 0.13325740318906606, "figRatio": 0.3148873842663461}, "32": {"xy": [1878, 1262, 1061, 299], "panel_size": 317239, "panel_aspectRatio": 3.548494983277592, "category": "Discussion", "figures": 0, "textlen": 102, "fig_size": 0, "title": "Discussion", "textRatio": 0.11617312072892938, "figRatio": 0.0}, "34": {"xy": [1859, 1567, 1091, 243], "panel_size": 265113, "panel_aspectRatio": 4.489711934156379, "category": "Discussion", "figures": 0, "textlen": 67, "fig_size": 0, "title": "Conclusions and Future Directions", "textRatio": 0.07630979498861047, "figRatio": 0.0}, "36": {"xy": [1853, 1823, 1106, 177], "panel_size": 195762, "panel_aspectRatio": 6.248587570621469, "category": "Introduction", "figures": 0, "textlen": 22, "fig_size": 0, "title": "Acknowledgements", "textRatio": 0.025056947608200455, "figRatio": 0.0}}}