{"poster_size": 4478976, "doclen": 319, "figlen": 1595326, "section": {"0": {"xy": [296, 35, 2146, 93], "panel_size": 199578, "panel_aspectRatio": 23.0752688172043, "category": "Title", "figures": 0, "textlen": 0, "fig_size": 0, "title": "Collaborative Filtering on Keywords Recommendation for Clinical Trial Records", "textRatio": 0.0, "figRatio": 0.0}, "1": {"xy": [22, 307, 515, 719], "panel_size": 370285, "panel_aspectRatio": 0.7162726008344924, "category": "Introduction", "figures": 0, "textlen": 63, "fig_size": 0, "title": "Abstract", "textRatio": 0.1974921630094044, "figRatio": 0.0}, "3": {"xy": [23, 1037, 514, 554], "panel_size": 284756, "panel_aspectRatio": 0.927797833935018, "category": "Introduction", "figures": 1, "textlen": 0, "fig_size": 227934, "title": "Overview", "4": {"fig_size": 227934, "fig_aspectRatio": 1.0362473347547974, "fig_size_poster": 0.9455252918287937}, "textRatio": 0.0, "figRatio": 0.14287612688566476}, "5": {"xy": [561, 321, 652, 573], "panel_size": 373596, "panel_aspectRatio": 1.137870855148342, "category": "Method", "figures": 0, "textlen": 77, "fig_size": 0, "title": "Medical Keywords Extraction", "textRatio": 0.2413793103448276, "figRatio": 0.0}, "7": {"xy": [563, 898, 662, 811], "panel_size": 536882, "panel_aspectRatio": 0.8162762022194822, "category": "Method", "figures": 2, "textlen": 0, "fig_size": 448619, "title": "TF-IDF Utility Matrix", "8": {"fig_size": 148163, "fig_aspectRatio": 2.8253275109170306, "fig_size_poster": 0.9773413897280967}, "9": {"fig_size": 300456, "fig_aspectRatio": 1.3717948717948718, "fig_size_poster": 0.9697885196374623}, "textRatio": 0.0, "figRatio": 0.28120835490677143}, "10": {"xy": [1237, 327, 662, 1356], "panel_size": 897672, "panel_aspectRatio": 0.4882005899705015, "category": "Method", "figures": 3, "textlen": 32, "fig_size": 693705, "title": "Model Development", "12": {"fig_size": 67907, "fig_aspectRatio": 5.715596330275229, "fig_size_poster": 0.9410876132930514}, "13": {"fig_size": 163840, "fig_aspectRatio": 2.5, "fig_size_poster": 0.9667673716012085}, "14": {"fig_size": 461958, "fig_aspectRatio": 0.9061624649859944, "fig_size_poster": 0.9773413897280967}, "textRatio": 0.10031347962382445, "figRatio": 0.43483588934173956}, "15": {"xy": [1910, 317, 664, 707], "panel_size": 469448, "panel_aspectRatio": 0.9391796322489392, "category": "Method", "figures": 1, "textlen": 92, "fig_size": 54524, "title": "Model Training and Test\n", "17": {"fig_size": 54524, "fig_aspectRatio": 7.372093023255814, "fig_size_poster": 0.9548192771084337}, "textRatio": 0.2884012539184953, "figRatio": 0.03417734055609951}, "18": {"xy": [1913, 1031, 668, 669], "panel_size": 446892, "panel_aspectRatio": 0.9985052316890882, "category": "Discussion", "figures": 1, "textlen": 55, "fig_size": 170544, "title": "Other Usage: Data Recovery", "20": {"fig_size": 170544, "fig_aspectRatio": 2.446969696969697, "fig_size_poster": 0.9670658682634731}, "textRatio": 0.1724137931034483, "figRatio": 0.10690228830972479}}}