{"poster_size": 4478976, "doclen": 345, "figlen": 444918, "section": {"1": {"xy": [752, 69, 1493, 100], "panel_size": 149300, "panel_aspectRatio": 14.93, "category": "Title", "figures": 0, "textlen": 0, "fig_size": 0, "title": "Prediting the Outcome of H-1B Visa Applications", "textRatio": 0.0, "figRatio": 0.0}, "2": {"xy": [49, 348, 789, 588], "panel_size": 463932, "panel_aspectRatio": 1.3418367346938775, "category": "Introduction", "figures": 0, "textlen": 81, "fig_size": 0, "title": "Problem", "textRatio": 0.23478260869565218, "figRatio": 0.0}, "4": {"xy": [47, 967, 798, 672], "panel_size": 536256, "panel_aspectRatio": 1.1875, "category": "Method", "figures": 1, "textlen": 44, "fig_size": 99188, "title": "Dataset & Features", "5": {"fig_size": 99188, "fig_aspectRatio": 5.2846715328467155, "fig_size_poster": 0.9072681704260651}, "textRatio": 0.12753623188405797, "figRatio": 0.2229354622649567}, "8": {"xy": [877, 336, 833, 1307], "panel_size": 1088731, "panel_aspectRatio": 0.6373374139250191, "category": "Result", "figures": 1, "textlen": 116, "fig_size": 345730, "title": "Results & Discussion", "9": {"fig_size": 345730, "fig_aspectRatio": 1.7149220489977728, "fig_size_poster": 0.9243697478991597}, "textRatio": 0.336231884057971, "figRatio": 0.7770645377350434}, "12": {"xy": [1747, 348, 779, 553], "panel_size": 430787, "panel_aspectRatio": 1.4086799276672695, "category": "Result", "figures": 0, "textlen": 43, "fig_size": 0, "title": "Models", "textRatio": 0.1246376811594203, "figRatio": 0.0}, "14": {"xy": [1747, 929, 788, 407], "panel_size": 320716, "panel_aspectRatio": 1.9361179361179361, "category": "Discussion", "figures": 0, "textlen": 61, "fig_size": 0, "title": "Future Work", "textRatio": 0.17681159420289855, "figRatio": 0.0}}}