{"poster_size": 3110400, "doclen": 238, "figlen": 1230074, "section": {"0": {"xy": [281, 38, 1607, 94], "panel_size": 151058, "panel_aspectRatio": 17.095744680851062, "category": "Title", "figures": 0, "textlen": 0, "fig_size": 0, "title": "Using CNNs to Estimate Depth from Stereo Imagery", "textRatio": 0.0, "figRatio": 0.0}, "1": {"xy": [28, 295, 818, 205], "panel_size": 167690, "panel_aspectRatio": 3.9902439024390244, "category": "Introduction", "figures": 1, "textlen": 40, "fig_size": 40320, "title": "Motivation", "3": {"fig_size": 40320, "fig_aspectRatio": 1.09375, "fig_size_poster": 0.2567237163814181}, "textRatio": 0.16806722689075632, "figRatio": 0.03277851576409224}, "4": {"xy": [28, 508, 812, 703], "panel_size": 570836, "panel_aspectRatio": 1.155049786628734, "category": "Method", "figures": 2, "textlen": 57, "fig_size": 333854, "title": "Convolutional Neural Network", "5": {"fig_size": 195534, "fig_aspectRatio": 0.4788732394366197, "fig_size_poster": 0.3768472906403941}, "7": {"fig_size": 138320, "fig_aspectRatio": 1.043956043956044, "fig_size_poster": 0.46798029556650245}, "textRatio": 0.23949579831932774, "figRatio": 0.27140968754725325}, "8": {"xy": [852, 296, 1281, 703], "panel_size": 900543, "panel_aspectRatio": 1.8221906116642959, "category": "Result", "figures": 6, "textlen": 91, "fig_size": 516058, "title": "Postprocessing [1,4]", "9": {"fig_size": 256672, "fig_aspectRatio": 5.9326923076923075, "fig_size_poster": 0.9633099141295862}, "13": {"fig_size": 114210, "fig_aspectRatio": 1.4361702127659575, "fig_size_poster": 0.3161592505854801}, "14": {"fig_size": 88296, "fig_aspectRatio": 1.1024734982332156, "fig_size_poster": 0.24355971896955503}, "16": {"fig_size": 12535, "fig_aspectRatio": 1.055045871559633, "fig_size_poster": 0.0897736143637783}, "18": {"fig_size": 27200, "fig_aspectRatio": 2.72, "fig_size_poster": 0.21233411397345825}, "20": {"fig_size": 17145, "fig_aspectRatio": 1.062992125984252, "fig_size_poster": 0.1053864168618267}, "textRatio": 0.38235294117647056, "figRatio": 0.4195341093300078}, "21": {"xy": [855, 1009, 1275, 415], "panel_size": 529125, "panel_aspectRatio": 3.072289156626506, "category": "Result", "figures": 3, "textlen": 50, "fig_size": 339842, "title": "Experimental Results", "22": {"fig_size": 114240, "fig_aspectRatio": 1.5441176470588236, "fig_size_poster": 0.32941176470588235}, "23": {"fig_size": 111240, "fig_aspectRatio": 1.525925925925926, "fig_size_poster": 0.32313725490196077}, "24": {"fig_size": 114362, "fig_aspectRatio": 1.5571955719557196, "fig_size_poster": 0.33098039215686276}, "textRatio": 0.21008403361344538, "figRatio": 0.2762776873586467}}}