{"poster_size": 4478976, "doclen": 384, "figlen": 1293419, "section": {"5": {"xy": [30, 980, 618, 570], "panel_size": 352260, "panel_aspectRatio": 1.0842105263157895, "category": "Method", "figures": 0, "textlen": 68, "fig_size": 0, "title": "Data Collection", "textRatio": 0.17708333333333334, "figRatio": 0.0}, "8": {"xy": [688, 246, 972, 808], "panel_size": 785376, "panel_aspectRatio": 1.202970297029703, "category": "Method", "figures": 2, "textlen": 0, "fig_size": 725245, "title": "Data Collection", "9": {"fig_size": 461575, "fig_aspectRatio": 1.8537074148296593, "fig_size_poster": 0.9516460905349794}, "14": {"fig_size": 263670, "fig_aspectRatio": 3.3156028368794326, "fig_size_poster": 0.9619341563786008}, "textRatio": 0.0, "figRatio": 0.5607193028709181}, "11": {"xy": [25, 215, 626, 743], "panel_size": 465118, "panel_aspectRatio": 0.8425302826379543, "category": "Introduction", "figures": 0, "textlen": 96, "fig_size": 0, "title": "Overview", "textRatio": 0.25, "figRatio": 0.0}, "15": {"xy": [678, 1058, 1096, 632], "panel_size": 692672, "panel_aspectRatio": 1.7341772151898733, "category": "Method", "figures": 1, "textlen": 135, "fig_size": 48544, "title": "Methods", "23": {"fig_size": 48544, "fig_aspectRatio": 0.5540540540540541, "fig_size_poster": 0.14963503649635038}, "textRatio": 0.3515625, "figRatio": 0.03753153463804073}, "16": {"xy": [1670, 261, 888, 779], "panel_size": 691752, "panel_aspectRatio": 1.1399229781771503, "category": "Result", "figures": 3, "textlen": 0, "fig_size": 519630, "title": "Results", "17": {"fig_size": 297999, "fig_aspectRatio": 2.4188034188034186, "fig_size_poster": 0.956081081081081}, "18": {"fig_size": 94640, "fig_aspectRatio": 7.544642857142857, "fig_size_poster": 0.9515765765765766}, "19": {"fig_size": 126991, "fig_aspectRatio": 5.569536423841059, "fig_size_poster": 0.9470720720720721}, "textRatio": 0.0, "figRatio": 0.4017491624910412}, "20": {"xy": [1806, 1056, 747, 636], "panel_size": 475092, "panel_aspectRatio": 1.1745283018867925, "category": "Discussion", "figures": 0, "textlen": 85, "fig_size": 0, "title": "Discussion", "textRatio": 0.22135416666666666, "figRatio": 0.0}, "24": {"xy": [636, 13, 1275, 182], "panel_size": 232050, "panel_aspectRatio": 7.0054945054945055, "category": "Title", "figures": 0, "textlen": 0, "fig_size": 0, "title": "Determining Aircraft Sizing Parametersthrough Machine Learning", "textRatio": 0.0, "figRatio": 0.0}}}