{"poster_size": 4478976, "doclen": 460, "figlen": 1500492, "section": {"1": {"xy": [305, 56, 1950, 107], "panel_size": 208650, "panel_aspectRatio": 18.22429906542056, "category": "Title", "figures": 0, "textlen": 0, "fig_size": 0, "title": "Because It's the Cup: Predicting the Stanley Cup Playoffs", "textRatio": 0.0, "figRatio": 0.0}, "2": {"xy": [65, 298, 419, 1416], "panel_size": 593304, "panel_aspectRatio": 0.2959039548022599, "category": "Introduction", "figures": 2, "textlen": 116, "fig_size": 146136, "title": "backround", "4": {"fig_size": 88360, "fig_aspectRatio": 1.6, "fig_size_poster": 0.8973747016706444}, "6": {"fig_size": 57776, "fig_aspectRatio": 2.343949044585987, "fig_size_poster": 0.8782816229116945}, "textRatio": 0.25217391304347825, "figRatio": 0.09739205540582689}, "7": {"xy": [494, 289, 397, 1391], "panel_size": 552227, "panel_aspectRatio": 0.28540618260244427, "category": "Method", "figures": 2, "textlen": 11, "fig_size": 425041, "title": "features", "8": {"fig_size": 183889, "fig_aspectRatio": 0.7565922920892495, "fig_size_poster": 0.9395465994962217}, "10": {"fig_size": 241152, "fig_aspectRatio": 0.6114649681528662, "fig_size_poster": 0.9672544080604534}, "textRatio": 0.02391304347826087, "figRatio": 0.28326775484307815}, "11": {"xy": [904, 290, 403, 1392], "panel_size": 560976, "panel_aspectRatio": 0.28951149425287354, "category": "Method", "figures": 1, "textlen": 160, "fig_size": 17066, "title": "models", "13": {"fig_size": 17066, "fig_aspectRatio": 6.0754716981132075, "fig_size_poster": 0.7990074441687345}, "textRatio": 0.34782608695652173, "figRatio": 0.011373602791617683}, "15": {"xy": [1319, 293, 792, 1389], "panel_size": 1100088, "panel_aspectRatio": 0.5701943844492441, "category": "Result", "figures": 5, "textlen": 126, "fig_size": 685737, "title": "Results & Error Analysis", "16": {"fig_size": 211109, "fig_aspectRatio": 2.874538745387454, "fig_size_poster": 0.9835858585858586}, "17": {"fig_size": 237925, "fig_aspectRatio": 2.52442996742671, "fig_size_poster": 0.9785353535353535}, "20": {"fig_size": 74052, "fig_aspectRatio": 1.7794117647058822, "fig_size_poster": 0.4583333333333333}, "21": {"fig_size": 86784, "fig_aspectRatio": 1.6991150442477876, "fig_size_poster": 0.48484848484848486}, "22": {"fig_size": 75867, "fig_aspectRatio": 1.736842105263158, "fig_size_poster": 0.4583333333333333}, "textRatio": 0.27391304347826084, "figRatio": 0.4570081013427596}, "24": {"xy": [2134, 291, 377, 692], "panel_size": 260884, "panel_aspectRatio": 0.5447976878612717, "category": "Result", "figures": 1, "textlen": 0, "fig_size": 226512, "title": "MDP:Example", "25": {"fig_size": 226512, "fig_aspectRatio": 0.5817307692307693, "fig_size_poster": 0.9628647214854111}, "textRatio": 0.0, "figRatio": 0.1509584856167177}, "26": {"xy": [2132, 1007, 393, 388], "panel_size": 152484, "panel_aspectRatio": 1.0128865979381443, "category": "Discussion", "figures": 0, "textlen": 47, "fig_size": 0, "title": "Conclusions", "textRatio": 0.10217391304347827, "figRatio": 0.0}}}