{"poster_size": 4007920, "doclen": 32, "figlen": 1682354, "section": {"1": {"xy": [17, 81, 1811, 125], "panel_size": 226375, "panel_aspectRatio": 14.488, "category": "Title", "figures": 0, "textlen": 0, "fig_size": 0, "title": "Acoustic ldentification of Cardiomyocytes", "textRatio": 0.0, "figRatio": 0.0}, "2": {"xy": [51, 388, 754, 383], "panel_size": 288782, "panel_aspectRatio": 1.968668407310705, "category": "Introduction", "figures": 3, "textlen": 11, "fig_size": 88760, "title": "Problem description", "4": {"fig_size": 27482, "fig_aspectRatio": 0.8296703296703297, "fig_size_poster": 0.2002652519893899}, "5": {"fig_size": 28392, "fig_aspectRatio": 0.8571428571428571, "fig_size_poster": 0.20689655172413793}, "6": {"fig_size": 32886, "fig_aspectRatio": 1.0862068965517242, "fig_size_poster": 0.2506631299734748}, "textRatio": 0.34375, "figRatio": 0.05275940735421915}, "8": {"xy": [858, 393, 1477, 449], "panel_size": 663173, "panel_aspectRatio": 3.289532293986637, "category": "Method", "figures": 2, "textlen": 21, "fig_size": 302168, "title": "Preprocessing", "11": {"fig_size": 18368, "fig_aspectRatio": 5.857142857142857, "fig_size_poster": 0.22207176709546378}, "14": {"fig_size": 283800, "fig_aspectRatio": 1.5348837209302326, "fig_size_poster": 0.44685172647257954}, "textRatio": 0.65625, "figRatio": 0.179610236608942}, "15": {"xy": [56, 792, 1936, 355], "panel_size": 687280, "panel_aspectRatio": 5.453521126760563, "category": "Method", "figures": 1, "textlen": 0, "fig_size": 364744, "title": "Classification algorithms", "16": {"fig_size": 364744, "fig_aspectRatio": 5.653543307086614, "fig_size_poster": 0.7417355371900827}, "textRatio": 0.0, "figRatio": 0.21680573767471056}, "17": {"xy": [51, 1158, 2280, 501], "panel_size": 1142280, "panel_aspectRatio": 4.550898203592815, "category": "Method", "figures": 3, "textlen": 0, "fig_size": 926682, "title": "Cross-validation curves", "18": {"fig_size": 304300, "fig_aspectRatio": 1.6847058823529413, "fig_size_poster": 0.3140350877192982}, "19": {"fig_size": 312800, "fig_aspectRatio": 1.7317647058823529, "fig_size_poster": 0.32280701754385965}, "20": {"fig_size": 309582, "fig_aspectRatio": 1.5918367346938775, "fig_size_poster": 0.3078947368421053}, "textRatio": 0.0, "figRatio": 0.5508246183621283}}}