{"poster_size": 4478976, "doclen": 238, "figlen": 1318608, "section": {"0": {"xy": [541, 39, 1531, 95], "panel_size": 145445, "panel_aspectRatio": 16.11578947368421, "category": "Title", "figures": 0, "textlen": 0, "fig_size": 0, "title": "GAN-Based Image Data Augmentation", "textRatio": 0.0, "figRatio": 0.0}, "1": {"xy": [20, 324, 840, 651], "panel_size": 546840, "panel_aspectRatio": 1.2903225806451613, "category": "Introduction", "figures": 4, "textlen": 68, "fig_size": 130418, "title": "Introduction", "3": {"fig_size": 35187, "fig_aspectRatio": 2.855855855855856, "fig_size_poster": 0.3773809523809524}, "4": {"fig_size": 19434, "fig_aspectRatio": 1.2845528455284554, "fig_size_poster": 0.1880952380952381}, "5": {"fig_size": 19154, "fig_aspectRatio": 1.2868852459016393, "fig_size_poster": 0.1869047619047619}, "6": {"fig_size": 56643, "fig_aspectRatio": 1.0084388185654007, "fig_size_poster": 0.2845238095238095}, "textRatio": 0.2857142857142857, "figRatio": 0.09890581583002682}, "7": {"xy": [18, 1025, 842, 645], "panel_size": 543090, "panel_aspectRatio": 1.3054263565891473, "category": "Method", "figures": 3, "textlen": 15, "fig_size": 335408, "title": "Model Architectures", "9": {"fig_size": 20710, "fig_aspectRatio": 14.342105263157896, "fig_size_poster": 0.6472684085510689}, "10": {"fig_size": 225888, "fig_aspectRatio": 1.3052884615384615, "fig_size_poster": 0.6448931116389549}, "12": {"fig_size": 88810, "fig_aspectRatio": 0.5156626506024097, "fig_size_poster": 0.25415676959619954}, "textRatio": 0.06302521008403361, "figRatio": 0.2543652093723078}, "13": {"xy": [874, 326, 838, 1340], "panel_size": 1122920, "panel_aspectRatio": 0.6253731343283582, "category": "Method", "figures": 5, "textlen": 55, "fig_size": 551075, "title": "Direct Data Augmentation", "15": {"fig_size": 125498, "fig_aspectRatio": 1.8282442748091603, "fig_size_poster": 0.5715990453460621}, "16": {"fig_size": 133920, "fig_aspectRatio": 2.8703703703703702, "fig_size_poster": 0.7398568019093079}, "18": {"fig_size": 51968, "fig_aspectRatio": 1.2610837438423645, "fig_size_poster": 0.3054892601431981}, "19": {"fig_size": 56337, "fig_aspectRatio": 1.2654028436018958, "fig_size_poster": 0.31861575178997614}, "20": {"fig_size": 183352, "fig_aspectRatio": 1.5494186046511629, "fig_size_poster": 0.636038186157518}, "textRatio": 0.23109243697478993, "figRatio": 0.41792177811753}, "21": {"xy": [1734, 323, 845, 643], "panel_size": 543335, "panel_aspectRatio": 1.3141524105754276, "category": "Method", "figures": 2, "textlen": 25, "fig_size": 301707, "title": "Recursive GAN Training", "23": {"fig_size": 59853, "fig_aspectRatio": 1.3192488262910798, "fig_size_poster": 0.33254437869822484}, "24": {"fig_size": 241854, "fig_aspectRatio": 0.8978805394990366, "fig_size_poster": 0.5514792899408284}, "textRatio": 0.10504201680672269, "figRatio": 0.2288071966801354}, "27": {"xy": [1738, 1024, 836, 476], "panel_size": 397936, "panel_aspectRatio": 1.7563025210084033, "category": "Result", "figures": 0, "textlen": 75, "fig_size": 0, "title": "Summary and Future Work", "textRatio": 0.31512605042016806, "figRatio": 0.0}}}