{"poster_size": 4478976, "doclen": 719, "figlen": 911594, "section": {"1": {"xy": [782, 15, 1029, 78], "panel_size": 80262, "panel_aspectRatio": 13.192307692307692, "category": "Title", "figures": 0, "textlen": 0, "fig_size": 0, "title": "Bismuth Vanadate (111) facet detection", "textRatio": 0.0, "figRatio": 0.0}, "2": {"xy": [16, 183, 844, 642], "panel_size": 541848, "panel_aspectRatio": 1.3146417445482865, "category": "Introduction", "figures": 2, "textlen": 106, "fig_size": 166901, "title": "Introduction & Motivation\n", "4": {"fig_size": 91310, "fig_aspectRatio": 1.7260869565217392, "fig_size_poster": 0.4703791469194313}, "6": {"fig_size": 75591, "fig_aspectRatio": 1.4669603524229076, "fig_size_poster": 0.39454976303317535}, "textRatio": 0.1474269819193324, "figRatio": 0.1830869882864521}, "8": {"xy": [20, 825, 826, 887], "panel_size": 732662, "panel_aspectRatio": 0.9312288613303269, "category": "Method", "figures": 2, "textlen": 137, "fig_size": 269010, "title": "Data\n", "10": {"fig_size": 156310, "fig_aspectRatio": 3.793103448275862, "fig_size_poster": 0.9322033898305084}, "13": {"fig_size": 112700, "fig_aspectRatio": 3.68, "fig_size_poster": 0.7796610169491526}, "textRatio": 0.1905424200278164, "figRatio": 0.2950984758565765}, "16": {"xy": [879, 182, 841, 1143], "panel_size": 961263, "panel_aspectRatio": 0.7357830271216098, "category": "Method", "figures": 3, "textlen": 94, "fig_size": 333795, "title": "Models & Features", "18": {"fig_size": 92928, "fig_aspectRatio": 5.671875, "fig_size_poster": 0.8632580261593341}, "22": {"fig_size": 141768, "fig_aspectRatio": 4.424581005586592, "fig_size_poster": 0.9417360285374554}, "25": {"fig_size": 99099, "fig_aspectRatio": 6.768595041322314, "fig_size_poster": 0.9738406658739596}, "textRatio": 0.13073713490959665, "figRatio": 0.3661662977158691}, "28": {"xy": [882, 1331, 831, 375], "panel_size": 311625, "panel_aspectRatio": 2.216, "category": "Result", "figures": 1, "textlen": 23, "fig_size": 141888, "title": "Results\n", "30": {"fig_size": 141888, "fig_aspectRatio": 3.8489583333333335, "fig_size_poster": 0.8892900120336944}, "textRatio": 0.031988873435326845, "figRatio": 0.1556482381411023}, "31": {"xy": [1743, 186, 834, 922], "panel_size": 768948, "panel_aspectRatio": 0.9045553145336226, "category": "Discussion", "figures": 0, "textlen": 291, "fig_size": 0, "title": "Conclusion & Discussion\n", "textRatio": 0.4047287899860918, "figRatio": 0.0}, "33": {"xy": [1746, 1116, 825, 382], "panel_size": 315150, "panel_aspectRatio": 2.1596858638743455, "category": "Discussion", "figures": 0, "textlen": 68, "fig_size": 0, "title": "Future\n", "textRatio": 0.09457579972183588, "figRatio": 0.0}}}