{"poster_size": 6220800, "doclen": 487, "figlen": 2410304, "section": {"1": {"xy": [33, 19, 2331, 317], "panel_size": 738927, "panel_aspectRatio": 7.353312302839116, "category": "Title", "figures": 0, "textlen": 18, "fig_size": 0, "title": "Blind Audio Source Separation Pipeline and Algorithm Evaluation", "textRatio": 0.03696098562628337, "figRatio": 0.0}, "3": {"xy": [30, 357, 936, 354], "panel_size": 331344, "panel_aspectRatio": 2.6440677966101696, "category": "Introduction", "figures": 0, "textlen": 117, "fig_size": 0, "title": "Abstract", "textRatio": 0.2402464065708419, "figRatio": 0.0}, "5": {"xy": [28, 717, 931, 722], "panel_size": 672182, "panel_aspectRatio": 1.2894736842105263, "category": "Method", "figures": 3, "textlen": 74, "fig_size": 207076, "title": "Evaluation\n", "7": {"fig_size": 19812, "fig_aspectRatio": 13.025641025641026, "fig_size_poster": 0.5456498388829216}, "9": {"fig_size": 106764, "fig_aspectRatio": 1.7642276422764227, "fig_size_poster": 0.46616541353383456}, "10": {"fig_size": 80500, "fig_aspectRatio": 1.288, "fig_size_poster": 0.3458646616541353}, "textRatio": 0.15195071868583163, "figRatio": 0.08591281431719816}, "12": {"xy": [1019, 355, 871, 1092], "panel_size": 951132, "panel_aspectRatio": 0.7976190476190477, "category": "Method", "figures": 1, "textlen": 20, "fig_size": 608682, "title": "The Pipeline\n", "14": {"fig_size": 608682, "fig_aspectRatio": 0.7753950338600452, "fig_size_poster": 0.7887485648679678}, "textRatio": 0.04106776180698152, "figRatio": 0.25253329040652134}, "15": {"xy": [1940, 359, 916, 881], "panel_size": 806996, "panel_aspectRatio": 1.0397275822928491, "category": "Method", "figures": 6, "textlen": 53, "fig_size": 513534, "title": "GMM\n", "17": {"fig_size": 85425, "fig_aspectRatio": 2.1144278606965172, "fig_size_poster": 0.46397379912663755}, "18": {"fig_size": 85260, "fig_aspectRatio": 2.0689655172413794, "fig_size_poster": 0.4585152838427948}, "19": {"fig_size": 73865, "fig_aspectRatio": 2.1122994652406417, "fig_size_poster": 0.43122270742358076}, "20": {"fig_size": 71040, "fig_aspectRatio": 2.075675675675676, "fig_size_poster": 0.4192139737991266}, "21": {"fig_size": 95352, "fig_aspectRatio": 1.771551724137931, "fig_size_poster": 0.44868995633187775}, "22": {"fig_size": 102592, "fig_aspectRatio": 1.9563318777292575, "fig_size_poster": 0.4890829694323144}, "textRatio": 0.10882956878850103, "figRatio": 0.21305777196569395}, "23": {"xy": [1946, 1250, 902, 903], "panel_size": 814506, "panel_aspectRatio": 0.9988925802879292, "category": "Method", "figures": 3, "textlen": 105, "fig_size": 375344, "title": "NMF", "24": {"fig_size": 213155, "fig_aspectRatio": 1.0764044943820226, "fig_size_poster": 0.5310421286031042}, "25": {"fig_size": 128397, "fig_aspectRatio": 0.884514435695538, "fig_size_poster": 0.3736141906873614}, "26": {"fig_size": 33792, "fig_aspectRatio": 4.363636363636363, "fig_size_poster": 0.42572062084257206}, "textRatio": 0.21560574948665298, "figRatio": 0.15572475505164493}, "29": {"xy": [27, 1453, 1856, 681], "panel_size": 1263936, "panel_aspectRatio": 2.725403817914831, "category": "Result", "figures": 3, "textlen": 100, "fig_size": 705668, "title": "Results and Conclusions", "30": {"fig_size": 239148, "fig_aspectRatio": 1.2465753424657535, "fig_size_poster": 0.2941810344827586}, "31": {"fig_size": 238056, "fig_aspectRatio": 1.2522935779816513, "fig_size_poster": 0.2941810344827586}, "32": {"fig_size": 228464, "fig_aspectRatio": 1.201834862385321, "fig_size_poster": 0.2823275862068966}, "textRatio": 0.2053388090349076, "figRatio": 0.2927713682589416}}}