{"poster_size": 4478976, "doclen": 364, "figlen": 1116335, "section": {"1": {"xy": [827, 19, 1397, 168], "panel_size": 234696, "panel_aspectRatio": 8.31547619047619, "category": "Title", "figures": 0, "textlen": 0, "fig_size": 0, "title": "How well does language-based community detection work for Reddit?", "textRatio": 0.0, "figRatio": 0.0}, "2": {"xy": [15, 310, 409, 544], "panel_size": 222496, "panel_aspectRatio": 0.7518382352941176, "category": "Introduction", "figures": 0, "textlen": 52, "fig_size": 0, "title": "Goal and Motivation", "textRatio": 0.14285714285714285, "figRatio": 0.0}, "4": {"xy": [447, 283, 590, 1424], "panel_size": 840160, "panel_aspectRatio": 0.4143258426966292, "category": "Method", "figures": 5, "textlen": 53, "fig_size": 494774, "title": "Data: Reddit Comments(2014)", "5": {"fig_size": 54656, "fig_aspectRatio": 4.357142857142857, "fig_size_poster": 0.8271186440677966}, "6": {"fig_size": 168320, "fig_aspectRatio": 1.64375, "fig_size_poster": 0.8915254237288136}, "8": {"fig_size": 28020, "fig_aspectRatio": 7.783333333333333, "fig_size_poster": 0.7915254237288135}, "9": {"fig_size": 64938, "fig_aspectRatio": 3.45985401459854, "fig_size_poster": 0.8033898305084746}, "10": {"fig_size": 178840, "fig_aspectRatio": 1.5470588235294118, "fig_size_poster": 0.8915254237288136}, "textRatio": 0.14560439560439561, "figRatio": 0.4432128348569202}, "12": {"xy": [1069, 289, 670, 1003], "panel_size": 672010, "panel_aspectRatio": 0.6679960119641076, "category": "Method", "figures": 0, "textlen": 170, "fig_size": 0, "title": "Learning", "textRatio": 0.46703296703296704, "figRatio": 0.0}, "14": {"xy": [1055, 1397, 729, 294], "panel_size": 214326, "panel_aspectRatio": 2.479591836734694, "category": "Discussion", "figures": 1, "textlen": 38, "fig_size": 126477, "title": "Discussion", "15": {"fig_size": 126477, "fig_aspectRatio": 1.414715719063545, "fig_size_poster": 0.5802469135802469}, "textRatio": 0.1043956043956044, "figRatio": 0.11329663586647377}, "18": {"xy": [1767, 288, 784, 1095], "panel_size": 858480, "panel_aspectRatio": 0.7159817351598173, "category": "Result", "figures": 6, "textlen": 51, "fig_size": 495084, "title": "Results", "20": {"fig_size": 26832, "fig_aspectRatio": 4.410256410256411, "fig_size_poster": 0.4387755102040816}, "21": {"fig_size": 76020, "fig_aspectRatio": 2.320441988950276, "fig_size_poster": 0.5357142857142857}, "22": {"fig_size": 97888, "fig_aspectRatio": 1.3834586466165413, "fig_size_poster": 0.46938775510204084}, "23": {"fig_size": 100440, "fig_aspectRatio": 1.3777777777777778, "fig_size_poster": 0.4744897959183674}, "24": {"fig_size": 94640, "fig_aspectRatio": 1.4, "fig_size_poster": 0.4642857142857143}, "25": {"fig_size": 99264, "fig_aspectRatio": 1.4242424242424243, "fig_size_poster": 0.47959183673469385}, "textRatio": 0.1401098901098901, "figRatio": 0.44349052927660604}}}