{"poster_size": 3110400, "doclen": 143, "figlen": 1168722, "section": {"1": {"xy": [298, 120, 1647, 75], "panel_size": 123525, "panel_aspectRatio": 21.96, "category": "Title", "figures": 0, "textlen": 0, "fig_size": 0, "title": "Artistic lmage Colorization with Visual Generative Networks", "textRatio": 0.0, "figRatio": 0.0}, "2": {"xy": [121, 286, 479, 489], "panel_size": 234231, "panel_aspectRatio": 0.9795501022494888, "category": "Introduction", "figures": 1, "textlen": 47, "fig_size": 66885, "title": "Motivation", "4": {"fig_size": 66885, "fig_aspectRatio": 3.0952380952380953, "fig_size_poster": 0.9498956158663883}, "textRatio": 0.32867132867132864, "figRatio": 0.05722917853860884}, "5": {"xy": [89, 789, 523, 558], "panel_size": 291834, "panel_aspectRatio": 0.9372759856630825, "category": "Method", "figures": 1, "textlen": 52, "fig_size": 94127, "title": "Data", "6": {"fig_size": 94127, "fig_aspectRatio": 2.3768844221105527, "fig_size_poster": 0.904397705544933}, "textRatio": 0.36363636363636365, "figRatio": 0.08053840006434379}, "8": {"xy": [614, 304, 886, 1043], "panel_size": 924098, "panel_aspectRatio": 0.8494726749760306, "category": "Method", "figures": 5, "textlen": 44, "fig_size": 580696, "title": "Models", "9": {"fig_size": 195552, "fig_aspectRatio": 3.0793650793650795, "fig_size_poster": 0.8758465011286681}, "10": {"fig_size": 183604, "fig_aspectRatio": 3.3819742489270386, "fig_size_poster": 0.8893905191873589}, "11": {"fig_size": 51552, "fig_aspectRatio": 2.486111111111111, "fig_size_poster": 0.4040632054176072}, "12": {"fig_size": 49368, "fig_aspectRatio": 2.8333333333333335, "fig_size_poster": 0.4221218961625282}, "14": {"fig_size": 100620, "fig_aspectRatio": 6.046511627906977, "fig_size_poster": 0.8803611738148984}, "textRatio": 0.3076923076923077, "figRatio": 0.4968640959954549}, "15": {"xy": [1532, 276, 554, 734], "panel_size": 406636, "panel_aspectRatio": 0.7547683923705722, "category": "Result", "figures": 2, "textlen": 0, "fig_size": 300104, "title": "Results", "16": {"fig_size": 108416, "fig_aspectRatio": 1.8512396694214877, "fig_size_poster": 0.8086642599277978}, "17": {"fig_size": 191688, "fig_aspectRatio": 1.2474489795918366, "fig_size_poster": 0.8826714801444043}, "textRatio": 0.0, "figRatio": 0.25677962766166806}, "18": {"xy": [1523, 1024, 535, 356], "panel_size": 190460, "panel_aspectRatio": 1.502808988764045, "category": "Discussion", "figures": 1, "textlen": 0, "fig_size": 126910, "title": "Future Work", "19": {"fig_size": 126910, "fig_aspectRatio": 1.8918918918918919, "fig_size_poster": 0.9158878504672897}, "textRatio": 0.0, "figRatio": 0.10858869773992447}}}