{"poster_size": 4478976, "doclen": 646, "figlen": 965691, "section": {"1": {"xy": [671, 32, 1278, 105], "panel_size": 134190, "panel_aspectRatio": 12.17142857142857, "category": "Title", "figures": 0, "textlen": 0, "fig_size": 0, "title": "GPS Trace Modality Classification", "textRatio": 0.0, "figRatio": 0.0}, "2": {"xy": [31, 341, 822, 618], "panel_size": 507996, "panel_aspectRatio": 1.3300970873786409, "category": "Introduction", "figures": 2, "textlen": 109, "fig_size": 159878, "title": "Motivation", "4": {"fig_size": 77910, "fig_aspectRatio": 1.7666666666666666, "fig_size_poster": 0.451338199513382}, "5": {"fig_size": 81968, "fig_aspectRatio": 1.724770642201835, "fig_size_poster": 0.45742092457420924}, "textRatio": 0.16873065015479877, "figRatio": 0.16555813402009545}, "7": {"xy": [21, 971, 830, 728], "panel_size": 604240, "panel_aspectRatio": 1.14010989010989, "category": "Method", "figures": 1, "textlen": 133, "fig_size": 146055, "title": "Data and Feature Engineering", "11": {"fig_size": 146055, "fig_aspectRatio": 1.4174454828660437, "fig_size_poster": 0.5481927710843374}, "textRatio": 0.20588235294117646, "figRatio": 0.1512440314759069}, "12": {"xy": [877, 340, 847, 335], "panel_size": 283745, "panel_aspectRatio": 2.5283582089552237, "category": "Method", "figures": 1, "textlen": 20, "fig_size": 140448, "title": "Learning Model", "14": {"fig_size": 140448, "fig_aspectRatio": 4.534090909090909, "fig_size_poster": 0.9421487603305785}, "textRatio": 0.030959752321981424, "figRatio": 0.1454378263854587}, "15": {"xy": [887, 679, 820, 666], "panel_size": 546120, "panel_aspectRatio": 1.2312312312312312, "category": "Method", "figures": 2, "textlen": 88, "fig_size": 256922, "title": "Unsupervised Labeling: k-means", "17": {"fig_size": 194728, "fig_aspectRatio": 3.3526970954356847, "fig_size_poster": 0.9853658536585366}, "18": {"fig_size": 62194, "fig_aspectRatio": 1.06198347107438, "fig_size_poster": 0.31341463414634146}, "textRatio": 0.13622291021671826, "figRatio": 0.26604990623294617}, "20": {"xy": [883, 1356, 825, 337], "panel_size": 278025, "panel_aspectRatio": 2.4480712166172105, "category": "Method", "figures": 0, "textlen": 87, "fig_size": 0, "title": "Supervised Learning: The Benchmark", "textRatio": 0.1346749226006192, "figRatio": 0.0}, "22": {"xy": [1737, 341, 810, 919], "panel_size": 744390, "panel_aspectRatio": 0.8813928182807399, "category": "Result", "figures": 2, "textlen": 164, "fig_size": 262388, "title": "Results and Discussion", "24": {"fig_size": 89392, "fig_aspectRatio": 4.081081081081081, "fig_size_poster": 0.745679012345679}, "26": {"fig_size": 172996, "fig_aspectRatio": 2.9057377049180326, "fig_size_poster": 0.8753086419753087}, "textRatio": 0.25386996904024767, "figRatio": 0.2717101018855928}, "27": {"xy": [1740, 1267, 812, 169], "panel_size": 137228, "panel_aspectRatio": 4.804733727810651, "category": "Discussion", "figures": 0, "textlen": 45, "fig_size": 0, "title": "Future work", "textRatio": 0.0696594427244582, "figRatio": 0.0}}}