{"poster_size": 4478976, "doclen": 139, "figlen": 1891759, "section": {"1": {"xy": [574, 88, 1427, 61], "panel_size": 87047, "panel_aspectRatio": 23.39344262295082, "category": "Title", "figures": 0, "textlen": 0, "fig_size": 0, "title": "Complementary Venue Recommendation Model for Yelp", "textRatio": 0.0, "figRatio": 0.0}, "2": {"xy": [29, 286, 1250, 692], "panel_size": 865000, "panel_aspectRatio": 1.80635838150289, "category": "Introduction", "figures": 1, "textlen": 101, "fig_size": 301392, "title": "Overview", "6": {"fig_size": 301392, "fig_aspectRatio": 1.1865079365079365, "fig_size_poster": 0.4784}, "textRatio": 0.7266187050359713, "figRatio": 0.15931839097897776}, "7": {"xy": [40, 989, 1228, 707], "panel_size": 868196, "panel_aspectRatio": 1.736916548797737, "category": "Method", "figures": 3, "textlen": 20, "fig_size": 589829, "title": "Data and features", "9": {"fig_size": 179190, "fig_aspectRatio": 0.7313131313131314, "fig_size_poster": 0.2947882736156352}, "10": {"fig_size": 216999, "fig_aspectRatio": 0.8245614035087719, "fig_size_poster": 0.34446254071661236}, "11": {"fig_size": 193640, "fig_aspectRatio": 0.7300970873786408, "fig_size_poster": 0.30618892508143325}, "textRatio": 0.14388489208633093, "figRatio": 0.31178865806902467}, "12": {"xy": [1309, 267, 1238, 1222], "panel_size": 1512836, "panel_aspectRatio": 1.0130932896890343, "category": "Method", "figures": 5, "textlen": 18, "fig_size": 1000538, "title": "Model performance and evaluation", "14": {"fig_size": 398938, "fig_aspectRatio": 3.332369942196532, "fig_size_poster": 0.931340872374798}, "15": {"fig_size": 156408, "fig_aspectRatio": 1.8095238095238095, "fig_size_poster": 0.4297253634894992}, "16": {"fig_size": 154070, "fig_aspectRatio": 1.603225806451613, "fig_size_poster": 0.401453957996769}, "17": {"fig_size": 137765, "fig_aspectRatio": 1.583050847457627, "fig_size_poster": 0.3772213247172859}, "18": {"fig_size": 153357, "fig_aspectRatio": 1.8109965635738832, "fig_size_poster": 0.425686591276252}, "textRatio": 0.12949640287769784, "figRatio": 0.5288929509519976}, "19": {"xy": [1307, 1504, 1240, 193], "panel_size": 239320, "panel_aspectRatio": 6.424870466321243, "category": "Discussion", "figures": 0, "textlen": 0, "fig_size": 0, "title": "Future work\nSecond classifier that distinguishes between 4 and 5 stars to provide finer granularity of venue scores\nVector representations of words (word2vec)\nExploration of n-grams to explore predictive power of phrases and idioms", "textRatio": 0.0, "figRatio": 0.0}}}