{"poster_size": 3110400, "doclen": 386, "figlen": 882984, "section": {"1": {"xy": [22, 23, 2132, 89], "panel_size": 189748, "panel_aspectRatio": 23.95505617977528, "category": "Title", "figures": 0, "textlen": 0, "fig_size": 0, "title": "Neural Network with Binary Activation for Efficient Neuromorphic Computing", "textRatio": 0.0, "figRatio": 0.0}, "2": {"xy": [64, 200, 657, 293], "panel_size": 192501, "panel_aspectRatio": 2.242320819112628, "category": "Introduction", "figures": 0, "textlen": 94, "fig_size": 0, "title": "Background", "textRatio": 0.24352331606217617, "figRatio": 0.0}, "3": {"xy": [67, 495, 654, 479], "panel_size": 313266, "panel_aspectRatio": 1.3653444676409185, "category": "Method", "figures": 2, "textlen": 88, "fig_size": 89760, "title": "Non-volatile Memory (NVM) Crossbar Array", "9": {"fig_size": 43452, "fig_aspectRatio": 1.0441176470588236, "fig_size_poster": 0.3256880733944954}, "10": {"fig_size": 46308, "fig_aspectRatio": 1.1127450980392157, "fig_size_poster": 0.3470948012232416}, "textRatio": 0.22797927461139897, "figRatio": 0.10165529613220625}, "4": {"xy": [69, 983, 655, 267], "panel_size": 174885, "panel_aspectRatio": 2.453183520599251, "category": "Method", "figures": 0, "textlen": 69, "fig_size": 0, "title": "ANN with Binary Activations", "textRatio": 0.17875647668393782, "figRatio": 0.0}, "5": {"xy": [724, 198, 719, 1052], "panel_size": 756388, "panel_aspectRatio": 0.6834600760456274, "category": "Method", "figures": 6, "textlen": 89, "fig_size": 368241, "title": "Techniques for Binarizing ANN", "15": {"fig_size": 50841, "fig_aspectRatio": 1.4232804232804233, "fig_size_poster": 0.3741307371349096}, "16": {"fig_size": 50274, "fig_aspectRatio": 1.4074074074074074, "fig_size_poster": 0.36995827538247567}, "20": {"fig_size": 36135, "fig_aspectRatio": 6.780821917808219, "fig_size_poster": 0.6884561891515995}, "21": {"fig_size": 31896, "fig_aspectRatio": 6.152777777777778, "fig_size_poster": 0.6161335187760779}, "23": {"fig_size": 42521, "fig_aspectRatio": 4.1683168316831685, "fig_size_poster": 0.5855354659248957}, "26": {"fig_size": 156574, "fig_aspectRatio": 2.6735537190082646, "fig_size_poster": 0.8998609179415855}, "textRatio": 0.23056994818652848, "figRatio": 0.4170415318963877}, "6": {"xy": [1446, 196, 657, 906], "panel_size": 595242, "panel_aspectRatio": 0.7251655629139073, "category": "Result", "figures": 7, "textlen": 9, "fig_size": 424983, "title": "Results", "28": {"fig_size": 67735, "fig_aspectRatio": 5.121739130434783, "fig_size_poster": 0.8964992389649924}, "29": {"fig_size": 96195, "fig_aspectRatio": 3.8050314465408803, "fig_size_poster": 0.9208523592085236}, "31": {"fig_size": 74588, "fig_aspectRatio": 5.543103448275862, "fig_size_poster": 0.9786910197869102}, "32": {"fig_size": 49848, "fig_aspectRatio": 1.4408602150537635, "fig_size_poster": 0.4079147640791476}, "33": {"fig_size": 48070, "fig_aspectRatio": 1.331578947368421, "fig_size_poster": 0.3850837138508371}, "35": {"fig_size": 38243, "fig_aspectRatio": 1.3712574850299402, "fig_size_poster": 0.3485540334855403}, "36": {"fig_size": 50304, "fig_aspectRatio": 1.3645833333333333, "fig_size_poster": 0.3987823439878234}, "textRatio": 0.023316062176165803, "figRatio": 0.48130317197140604}, "7": {"xy": [1448, 1105, 655, 149], "panel_size": 97595, "panel_aspectRatio": 4.395973154362416, "category": "Discussion", "figures": 0, "textlen": 37, "fig_size": 0, "title": "Conclusion", "textRatio": 0.09585492227979274, "figRatio": 0.0}}}