{"poster_size": 4386879, "doclen": 741, "figlen": 851737, "section": {"0": {"xy": [50, 43, 1608, 109], "panel_size": 175272, "panel_aspectRatio": 14.752293577981652, "category": "Title", "figures": 0, "textlen": 0, "fig_size": 0, "title": "Using Decision Tree to predict repeat customers", "textRatio": 0.0, "figRatio": 0.0}, "1": {"xy": [26, 230, 1664, 160], "panel_size": 266240, "panel_aspectRatio": 10.4, "category": "Introduction", "figures": 0, "textlen": 78, "fig_size": 0, "title": "Motivation", "textRatio": 0.10526315789473684, "figRatio": 0.0}, "3": {"xy": [19, 394, 1677, 178], "panel_size": 298506, "panel_aspectRatio": 9.42134831460674, "category": "Introduction", "figures": 0, "textlen": 51, "fig_size": 0, "title": "Aim", "textRatio": 0.06882591093117409, "figRatio": 0.0}, "5": {"xy": [25, 577, 817, 1950], "panel_size": 1593150, "panel_aspectRatio": 0.418974358974359, "category": "Method", "figures": 2, "textlen": 290, "fig_size": 390621, "title": "Methodology", "7": {"fig_size": 278421, "fig_aspectRatio": 2.112947658402204, "fig_size_poster": 0.9388004895960832}, "10": {"fig_size": 112200, "fig_aspectRatio": 4.986666666666666, "fig_size_poster": 0.9155446756425949}, "textRatio": 0.3913630229419703, "figRatio": 0.4586169204813223}, "11": {"xy": [858, 581, 825, 1696], "panel_size": 1399200, "panel_aspectRatio": 0.486438679245283, "category": "Result", "figures": 2, "textlen": 267, "fig_size": 461116, "title": "Results and Discussion", "13": {"fig_size": 282820, "fig_aspectRatio": 2.206703910614525, "fig_size_poster": 0.9575757575757575}, "17": {"fig_size": 178296, "fig_aspectRatio": 0.8574561403508771, "fig_size_poster": 0.47393939393939394}, "textRatio": 0.3603238866396761, "figRatio": 0.5413830795186777}, "18": {"xy": [864, 2288, 822, 228], "panel_size": 187416, "panel_aspectRatio": 3.6052631578947367, "category": "Discussion", "figures": 0, "textlen": 55, "fig_size": 0, "title": "Conclusion", "textRatio": 0.07422402159244265, "figRatio": 0.0}}}