{"poster_size": 4007920, "doclen": 736, "figlen": 953185, "section": {"1": {"xy": [311, 12, 1750, 59], "panel_size": 103250, "panel_aspectRatio": 29.661016949152543, "category": "Title", "figures": 0, "textlen": 0, "fig_size": 0, "title": "Recurrent Neural Networks with Attention for Genre Classification", "textRatio": 0.0, "figRatio": 0.0}, "2": {"xy": [23, 233, 492, 251], "panel_size": 123492, "panel_aspectRatio": 1.9601593625498008, "category": "Introduction", "figures": 0, "textlen": 38, "fig_size": 0, "title": "Motivation", "textRatio": 0.051630434782608696, "figRatio": 0.0}, "4": {"xy": [23, 492, 494, 193], "panel_size": 95342, "panel_aspectRatio": 2.5595854922279795, "category": "Introduction", "figures": 0, "textlen": 41, "fig_size": 0, "title": "Problem Definition", "textRatio": 0.05570652173913043, "figRatio": 0.0}, "6": {"xy": [28, 700, 488, 909], "panel_size": 443592, "panel_aspectRatio": 0.5368536853685368, "category": "Method", "figures": 1, "textlen": 111, "fig_size": 137970, "title": "Data", "7": {"fig_size": 137970, "fig_aspectRatio": 1.3904761904761904, "fig_size_poster": 0.8975409836065574}, "textRatio": 0.15081521739130435, "figRatio": 0.14474629793796587}, "9": {"xy": [546, 238, 967, 1381], "panel_size": 1335427, "panel_aspectRatio": 0.7002172338884866, "category": "Method", "figures": 5, "textlen": 214, "fig_size": 589793, "title": "Models", "10": {"fig_size": 426723, "fig_aspectRatio": 1.2728842832469776, "fig_size_poster": 0.7621509824198552}, "11": {"fig_size": 19352, "fig_aspectRatio": 2.8780487804878048, "fig_size_poster": 0.24405377456049637}, "12": {"fig_size": 45436, "fig_aspectRatio": 2.074324324324324, "fig_size_poster": 0.31747673216132366}, "13": {"fig_size": 41561, "fig_aspectRatio": 2.1510791366906474, "fig_size_poster": 0.30920372285418823}, "15": {"fig_size": 56721, "fig_aspectRatio": 10.643835616438356, "fig_size_poster": 0.8035160289555325}, "textRatio": 0.2907608695652174, "figRatio": 0.6187602616491027}, "20": {"xy": [1551, 238, 818, 599], "panel_size": 489982, "panel_aspectRatio": 1.3656093489148582, "category": "Result", "figures": 3, "textlen": 95, "fig_size": 225422, "title": "Experiments and Results", "21": {"fig_size": 65410, "fig_aspectRatio": 2.7225806451612904, "fig_size_poster": 0.5158924205378973}, "22": {"fig_size": 61420, "fig_aspectRatio": 2.804054054054054, "fig_size_poster": 0.5073349633251834}, "23": {"fig_size": 98592, "fig_aspectRatio": 1.0128205128205128, "fig_size_poster": 0.3863080684596577}, "textRatio": 0.12907608695652173, "figRatio": 0.23649344041293138}, "25": {"xy": [1555, 847, 809, 625], "panel_size": 505625, "panel_aspectRatio": 1.2944, "category": "Discussion", "figures": 0, "textlen": 237, "fig_size": 0, "title": "Discussion-Future Work", "textRatio": 0.3220108695652174, "figRatio": 0.0}}}