{"poster_size": 4478976, "doclen": 720, "figlen": 2305033, "section": {"1": {"xy": [832, 41, 933, 195], "panel_size": 181935, "panel_aspectRatio": 4.7846153846153845, "category": "Title", "figures": 0, "textlen": 6, "fig_size": 0, "title": "Predicting Foreign Exchange Arbitrage", "textRatio": 0.008333333333333333, "figRatio": 0.0}, "3": {"xy": [13, 21, 797, 493], "panel_size": 392921, "panel_aspectRatio": 1.616632860040568, "category": "Introduction", "figures": 2, "textlen": 139, "fig_size": 106077, "title": "Introduction", "5": {"fig_size": 25069, "fig_aspectRatio": 13.55813953488372, "fig_size_poster": 0.7314930991217063}, "7": {"fig_size": 81008, "fig_aspectRatio": 2.9397590361445785, "fig_size_poster": 0.6122961104140527}, "textRatio": 0.19305555555555556, "figRatio": 0.046019731604710214}, "8": {"xy": [8, 521, 811, 773], "panel_size": 626903, "panel_aspectRatio": 1.0491591203104786, "category": "Introduction", "figures": 2, "textlen": 166, "fig_size": 384345, "title": "Data", "10": {"fig_size": 132330, "fig_aspectRatio": 4.86060606060606, "fig_size_poster": 0.9889025893958077}, "14": {"fig_size": 252015, "fig_aspectRatio": 2.5078864353312302, "fig_size_poster": 0.9802712700369913}, "textRatio": 0.23055555555555557, "figRatio": 0.16674164751654313}, "15": {"xy": [2, 1300, 821, 421], "panel_size": 345641, "panel_aspectRatio": 1.9501187648456058, "category": "Method", "figures": 2, "textlen": 31, "fig_size": 49080, "title": "Model", "18": {"fig_size": 7056, "fig_aspectRatio": 4.0, "fig_size_poster": 0.2046285018270402}, "20": {"fig_size": 42024, "fig_aspectRatio": 4.03921568627451, "fig_size_poster": 0.5018270401948843}, "textRatio": 0.043055555555555555, "figRatio": 0.021292536809668236}, "21": {"xy": [823, 250, 950, 1476], "panel_size": 1402200, "panel_aspectRatio": 0.6436314363143631, "category": "Result", "figures": 3, "textlen": 35, "fig_size": 1251913, "title": "Result", "22": {"fig_size": 605302, "fig_aspectRatio": 1.4504643962848298, "fig_size_poster": 0.9863157894736843}, "23": {"fig_size": 336651, "fig_aspectRatio": 2.641456582633053, "fig_size_poster": 0.9926315789473684}, "25": {"fig_size": 309960, "fig_aspectRatio": 2.8810975609756095, "fig_size_poster": 0.9947368421052631}, "textRatio": 0.04861111111111111, "figRatio": 0.5431215084556273}, "27": {"xy": [1776, 10, 815, 1252], "panel_size": 1020380, "panel_aspectRatio": 0.6509584664536742, "category": "Discussion", "figures": 2, "textlen": 269, "fig_size": 513618, "title": "Discussion", "29": {"fig_size": 333900, "fig_aspectRatio": 1.8928571428571428, "fig_size_poster": 0.9754601226993865}, "31": {"fig_size": 179718, "fig_aspectRatio": 3.367965367965368, "fig_size_poster": 0.9546012269938651}, "textRatio": 0.3736111111111111, "figRatio": 0.2228245756134511}, "32": {"xy": [1780, 1272, 803, 198], "panel_size": 158994, "panel_aspectRatio": 4.055555555555555, "category": "Introduction", "figures": 0, "textlen": 74, "fig_size": 0, "title": "Future Work", "textRatio": 0.10277777777777777, "figRatio": 0.0}}}