{"poster_size": 4478976, "doclen": 622, "figlen": 1347038, "section": {"1": {"xy": [736, 24, 1324, 76], "panel_size": 100624, "panel_aspectRatio": 17.42105263157895, "category": "Title", "figures": 0, "textlen": 0, "fig_size": 0, "title": "Predicting NYC Taxi Fares, Trip Distance, and Activity", "textRatio": 0.0, "figRatio": 0.0}, "2": {"xy": [6, 218, 665, 401], "panel_size": 266665, "panel_aspectRatio": 1.658354114713217, "category": "Introduction", "figures": 0, "textlen": 110, "fig_size": 0, "title": "Introduction", "textRatio": 0.17684887459807075, "figRatio": 0.0}, "4": {"xy": [7, 628, 659, 950], "panel_size": 626050, "panel_aspectRatio": 0.6936842105263158, "category": "Method", "figures": 0, "textlen": 183, "fig_size": 0, "title": "Data and Features", "textRatio": 0.2942122186495177, "figRatio": 0.0}, "6": {"xy": [693, 228, 1174, 1398], "panel_size": 1641252, "panel_aspectRatio": 0.8397711015736766, "category": "Method", "figures": 4, "textlen": 115, "fig_size": 1211378, "title": "Data and Features", "8": {"fig_size": 217152, "fig_aspectRatio": 2.230769230769231, "fig_size_poster": 0.5928449744463373}, "9": {"fig_size": 189840, "fig_aspectRatio": 2.4214285714285713, "fig_size_poster": 0.5775127768313458}, "11": {"fig_size": 138560, "fig_aspectRatio": 1.353125, "fig_size_poster": 0.368824531516184}, "13": {"fig_size": 665826, "fig_aspectRatio": 2.0279232111692846, "fig_size_poster": 0.989778534923339}, "textRatio": 0.18488745980707397, "figRatio": 0.8992901462319548}, "16": {"xy": [1887, 228, 629, 430], "panel_size": 270470, "panel_aspectRatio": 1.4627906976744185, "category": "Method", "figures": 3, "textlen": 52, "fig_size": 41572, "title": "Models", "18": {"fig_size": 10080, "fig_aspectRatio": 12.857142857142858, "fig_size_poster": 0.5723370429252782}, "20": {"fig_size": 15744, "fig_aspectRatio": 15.375, "fig_size_poster": 0.7821939586645469}, "22": {"fig_size": 15748, "fig_aspectRatio": 16.387096774193548, "fig_size_poster": 0.8076311605723371}, "textRatio": 0.08360128617363344, "figRatio": 0.03086178712107602}, "24": {"xy": [1890, 661, 655, 480], "panel_size": 314400, "panel_aspectRatio": 1.3645833333333333, "category": "Result", "figures": 1, "textlen": 80, "fig_size": 94088, "title": "Experimental Results", "25": {"fig_size": 94088, "fig_aspectRatio": 4.072368421052632, "fig_size_poster": 0.9450381679389313}, "textRatio": 0.12861736334405144, "figRatio": 0.06984806664696913}, "28": {"xy": [1888, 1145, 675, 374], "panel_size": 252450, "panel_aspectRatio": 1.804812834224599, "category": "Discussion", "figures": 0, "textlen": 82, "fig_size": 0, "title": "Conclusion and Future Work", "textRatio": 0.13183279742765272, "figRatio": 0.0}}}