{"poster_size": 4478976, "doclen": 245, "figlen": 1597075, "section": {"1": {"xy": [19, 156, 767, 467], "panel_size": 358189, "panel_aspectRatio": 1.6423982869379015, "category": "Introduction", "figures": 0, "textlen": 59, "fig_size": 0, "title": "Motivation", "textRatio": 0.24081632653061225, "figRatio": 0.0}, "3": {"xy": [30, 660, 759, 1067], "panel_size": 809853, "panel_aspectRatio": 0.711340206185567, "category": "Method", "figures": 2, "textlen": 22, "fig_size": 392980, "title": "Data / Problem Formulation", "5": {"fig_size": 227548, "fig_aspectRatio": 2.1411042944785277, "fig_size_poster": 0.919631093544137}, "6": {"fig_size": 165432, "fig_aspectRatio": 2.778688524590164, "fig_size_poster": 0.8932806324110671}, "textRatio": 0.08979591836734693, "figRatio": 0.24606233270197078}, "7": {"xy": [804, 138, 956, 850], "panel_size": 812600, "panel_aspectRatio": 1.1247058823529412, "category": "Method", "figures": 6, "textlen": 0, "fig_size": 546792, "title": "Experiments", "8": {"fig_size": 178860, "fig_aspectRatio": 2.4354243542435423, "fig_size_poster": 0.6903765690376569}, "9": {"fig_size": 52416, "fig_aspectRatio": 1.0446428571428572, "fig_size_poster": 0.24476987447698745}, "10": {"fig_size": 113796, "fig_aspectRatio": 3.7586206896551726, "fig_size_poster": 0.6841004184100419}, "11": {"fig_size": 25500, "fig_aspectRatio": 2.450980392156863, "fig_size_poster": 0.2615062761506276}, "12": {"fig_size": 147744, "fig_aspectRatio": 2.8421052631578947, "fig_size_poster": 0.6778242677824268}, "13": {"fig_size": 28476, "fig_aspectRatio": 2.230088495575221, "fig_size_poster": 0.26359832635983266}, "textRatio": 0.0, "figRatio": 0.34237089679570465}, "14": {"xy": [804, 988, 943, 478], "panel_size": 450754, "panel_aspectRatio": 1.9728033472803348, "category": "Method", "figures": 2, "textlen": 20, "fig_size": 200468, "title": "Sparse Coding Network", "16": {"fig_size": 96728, "fig_aspectRatio": 1.8938053097345133, "fig_size_poster": 0.45387062566277836}, "17": {"fig_size": 103740, "fig_aspectRatio": 1.9956140350877194, "fig_size_poster": 0.48250265111346763}, "textRatio": 0.08163265306122448, "figRatio": 0.1255219698511341}, "18": {"xy": [802, 1480, 921, 239], "panel_size": 220119, "panel_aspectRatio": 3.8535564853556483, "category": "Discussion", "figures": 0, "textlen": 23, "fig_size": 0, "title": "Future Work", "textRatio": 0.09387755102040816, "figRatio": 0.0}, "20": {"xy": [1765, 121, 806, 1128], "panel_size": 909168, "panel_aspectRatio": 0.7145390070921985, "category": "Method", "figures": 4, "textlen": 82, "fig_size": 456835, "title": "Analysis and Evaluation", "22": {"fig_size": 75078, "fig_aspectRatio": 1.9948453608247423, "fig_size_poster": 0.4801488833746898}, "23": {"fig_size": 71392, "fig_aspectRatio": 1.8969072164948453, "fig_size_poster": 0.456575682382134}, "24": {"fig_size": 169180, "fig_aspectRatio": 3.4954545454545456, "fig_size_poster": 0.9540942928039702}, "26": {"fig_size": 141185, "fig_aspectRatio": 4.037433155080214, "fig_size_poster": 0.9367245657568238}, "textRatio": 0.3346938775510204, "figRatio": 0.2860448006511905}, "27": {"xy": [1763, 1258, 804, 465], "panel_size": 373860, "panel_aspectRatio": 1.729032258064516, "category": "Discussion", "figures": 0, "textlen": 39, "fig_size": 0, "title": "Conclusions", "textRatio": 0.15918367346938775, "figRatio": 0.0}}}