{"poster_size": 4478976, "doclen": 278, "figlen": 1367072, "section": {"0": {"xy": [262, 24, 2075, 100], "panel_size": 207500, "panel_aspectRatio": 20.75, "category": "Title", "figures": 0, "textlen": 0, "fig_size": 0, "title": "Markov Model in Time for Transport in Porous Media", "textRatio": 0.0, "figRatio": 0.0}, "1": {"xy": [11, 264, 699, 641], "panel_size": 448059, "panel_aspectRatio": 1.0904836193447738, "category": "Introduction", "figures": 0, "textlen": 64, "fig_size": 0, "title": "Introduction", "textRatio": 0.2302158273381295, "figRatio": 0.0}, "3": {"xy": [11, 918, 702, 793], "panel_size": 556686, "panel_aspectRatio": 0.8852459016393442, "category": "Method", "figures": 3, "textlen": 28, "fig_size": 193984, "title": "Problem Description", "5": {"fig_size": 9604, "fig_aspectRatio": 4.0, "fig_size_poster": 0.2792022792022792}, "7": {"fig_size": 170892, "fig_aspectRatio": 1.047029702970297, "fig_size_poster": 0.6025641025641025}, "8": {"fig_size": 13488, "fig_aspectRatio": 5.854166666666667, "fig_size_poster": 0.40028490028490027}, "textRatio": 0.10071942446043165, "figRatio": 0.14189742749467474}, "9": {"xy": [719, 265, 1867, 522], "panel_size": 974574, "panel_aspectRatio": 3.5766283524904217, "category": "Method", "figures": 3, "textlen": 73, "fig_size": 329117, "title": "Methodology", "11": {"fig_size": 9911, "fig_aspectRatio": 3.5283018867924527, "fig_size_poster": 0.1001606855918586}, "14": {"fig_size": 164206, "fig_aspectRatio": 1.6340694006309149, "fig_size_poster": 0.2774504552758436}, "16": {"fig_size": 155000, "fig_aspectRatio": 1.6129032258064515, "fig_size_poster": 0.2678093197643278}, "textRatio": 0.26258992805755393, "figRatio": 0.24074591535778656}, "17": {"xy": [722, 800, 1248, 904], "panel_size": 1128192, "panel_aspectRatio": 1.3805309734513274, "category": "Result", "figures": 3, "textlen": 43, "fig_size": 763176, "title": "Experimental Results", "19": {"fig_size": 298402, "fig_aspectRatio": 1.1983967935871744, "fig_size_poster": 0.4791666666666667}, "20": {"fig_size": 234428, "fig_aspectRatio": 1.3810679611650485, "fig_size_poster": 0.45592948717948717}, "21": {"fig_size": 230346, "fig_aspectRatio": 1.4253731343283582, "fig_size_poster": 0.45913461538461536}, "textRatio": 0.15467625899280577, "figRatio": 0.5582558928864024}, "22": {"xy": [1988, 798, 585, 627], "panel_size": 366795, "panel_aspectRatio": 0.9330143540669856, "category": "Discussion", "figures": 1, "textlen": 56, "fig_size": 80795, "title": "Discussion", "23": {"fig_size": 80795, "fig_aspectRatio": 3.9510489510489513, "fig_size_poster": 0.9658119658119658}, "textRatio": 0.2014388489208633, "figRatio": 0.05910076426113621}, "25": {"xy": [1979, 1449, 600, 262], "panel_size": 157200, "panel_aspectRatio": 2.2900763358778624, "category": "Discussion", "figures": 0, "textlen": 14, "fig_size": 0, "title": "Future Work", "textRatio": 0.050359712230215826, "figRatio": 0.0}}}