{"poster_size": 4478976, "doclen": 372, "figlen": 764237, "section": {"0": {"xy": [473, 29, 1698, 78], "panel_size": 132444, "panel_aspectRatio": 21.76923076923077, "category": "Title", "figures": 0, "textlen": 0, "fig_size": 0, "title": "Autonomous Computer-Vision-Based Human-Following Robot", "textRatio": 0.0, "figRatio": 0.0}, "1": {"xy": [28, 234, 940, 344], "panel_size": 323360, "panel_aspectRatio": 2.7325581395348837, "category": "Introduction", "figures": 0, "textlen": 44, "fig_size": 0, "title": "Introduction", "textRatio": 0.11827956989247312, "figRatio": 0.0}, "3": {"xy": [28, 599, 935, 203], "panel_size": 189805, "panel_aspectRatio": 4.605911330049261, "category": "Introduction", "figures": 0, "textlen": 20, "fig_size": 0, "title": "Data and Features", "textRatio": 0.053763440860215055, "figRatio": 0.0}, "5": {"xy": [31, 832, 1185, 870], "panel_size": 1030950, "panel_aspectRatio": 1.3620689655172413, "category": "Method", "figures": 1, "textlen": 144, "fig_size": 77200, "title": "Models", "7": {"fig_size": 77200, "fig_aspectRatio": 12.0625, "fig_size_poster": 0.8143459915611815}, "textRatio": 0.3870967741935484, "figRatio": 0.10101578437055521}, "8": {"xy": [996, 234, 1567, 580], "panel_size": 908860, "panel_aspectRatio": 2.7017241379310346, "category": "Method", "figures": 4, "textlen": 0, "fig_size": 687037, "title": "/", "9": {"fig_size": 131924, "fig_aspectRatio": 4.459302325581396, "fig_size_poster": 0.4894703254626675}, "10": {"fig_size": 216118, "fig_aspectRatio": 2.3853820598006643, "fig_size_poster": 0.4582003828972559}, "11": {"fig_size": 120700, "fig_aspectRatio": 4.176470588235294, "fig_size_poster": 0.4530950861518826}, "12": {"fig_size": 218295, "fig_aspectRatio": 2.474747474747475, "fig_size_poster": 0.46904913848117424}, "textRatio": 0.0, "figRatio": 0.8989842156294447}, "13": {"xy": [1258, 846, 1300, 482], "panel_size": 626600, "panel_aspectRatio": 2.6970954356846475, "category": "Result", "figures": 0, "textlen": 111, "fig_size": 0, "title": "Results and Discussion", "textRatio": 0.29838709677419356, "figRatio": 0.0}, "15": {"xy": [1246, 1340, 1296, 238], "panel_size": 308448, "panel_aspectRatio": 5.445378151260504, "category": "Discussion", "figures": 0, "textlen": 53, "fig_size": 0, "title": "Future Steps", "textRatio": 0.1424731182795699, "figRatio": 0.0}}}