{"poster_size": 3110400, "doclen": 342, "figlen": 1160683, "section": {"1": {"xy": [188, 21, 1682, 75], "panel_size": 126150, "panel_aspectRatio": 22.426666666666666, "category": "Title", "figures": 0, "textlen": 0, "fig_size": 0, "title": "RAGE AGAINST THE MACHINE LEARNING: LEARNING TO PREDICT SONG POPULARITY", "textRatio": 0.0, "figRatio": 0.0}, "2": {"xy": [48, 216, 660, 202], "panel_size": 133320, "panel_aspectRatio": 3.267326732673267, "category": "Introduction", "figures": 0, "textlen": 49, "fig_size": 0, "title": "INTRODUCTION", "textRatio": 0.14327485380116958, "figRatio": 0.0}, "4": {"xy": [38, 422, 669, 433], "panel_size": 289677, "panel_aspectRatio": 1.5450346420323327, "category": "Method", "figures": 1, "textlen": 58, "fig_size": 127510, "title": "DATASET (DS)", "6": {"fig_size": 127510, "fig_aspectRatio": 3.0341463414634147, "fig_size_poster": 0.929745889387145}, "textRatio": 0.1695906432748538, "figRatio": 0.10985773031913107}, "7": {"xy": [37, 866, 672, 550], "panel_size": 369600, "panel_aspectRatio": 1.221818181818182, "category": "Method", "figures": 1, "textlen": 76, "fig_size": 147645, "title": "FEATURE EXTRACTION (FE)", "9": {"fig_size": 147645, "fig_aspectRatio": 2.2705882352941176, "fig_size_poster": 0.8616071428571429}, "textRatio": 0.2222222222222222, "figRatio": 0.12720527482525376}, "10": {"xy": [729, 205, 697, 538], "panel_size": 374986, "panel_aspectRatio": 1.295539033457249, "category": "Method", "figures": 1, "textlen": 73, "fig_size": 192405, "title": "FE (CON'T)", "11": {"fig_size": 192405, "fig_aspectRatio": 2.0957095709570956, "fig_size_poster": 0.9110473457675753}, "textRatio": 0.2134502923976608, "figRatio": 0.16576877579838767}, "13": {"xy": [730, 749, 706, 655], "panel_size": 462430, "panel_aspectRatio": 1.0778625954198473, "category": "Method", "figures": 1, "textlen": 39, "fig_size": 325080, "title": "IMPLEMENTATION & EXPERIMENTS (I&E)", "14": {"fig_size": 325080, "fig_aspectRatio": 1.2797619047619047, "fig_size_poster": 0.9135977337110481}, "textRatio": 0.11403508771929824, "figRatio": 0.2800764722150665}, "17": {"xy": [1462, 194, 659, 860], "panel_size": 566740, "panel_aspectRatio": 0.7662790697674419, "category": "Result", "figures": 3, "textlen": 20, "fig_size": 368043, "title": "RESULTS & ANALYSIS (R&A)\n", "18": {"fig_size": 170526, "fig_aspectRatio": 2.013745704467354, "fig_size_poster": 0.8892261001517451}, "19": {"fig_size": 96117, "fig_aspectRatio": 3.7080745341614905, "fig_size_poster": 0.9059180576631259}, "21": {"fig_size": 101400, "fig_aspectRatio": 3.5502958579881656, "fig_size_poster": 0.9104704097116844}, "textRatio": 0.05847953216374269, "figRatio": 0.317091746842161}, "22": {"xy": [1470, 1060, 648, 155], "panel_size": 100440, "panel_aspectRatio": 4.180645161290323, "category": "Discussion", "figures": 0, "textlen": 27, "fig_size": 0, "title": "FUTURE WORK (FW)\n", "textRatio": 0.07894736842105263, "figRatio": 0.0}}}