{"poster_size": 3110400, "doclen": 442, "figlen": 612465, "section": {"1": {"xy": [269, 30, 1671, 72], "panel_size": 120312, "panel_aspectRatio": 23.208333333333332, "category": "Title", "figures": 0, "textlen": 0, "fig_size": 0, "title": "Understanding Career Progression in Baseball Through Machine Learning", "textRatio": 0.0, "figRatio": 0.0}, "2": {"xy": [13, 283, 659, 318], "panel_size": 209562, "panel_aspectRatio": 2.0723270440251573, "category": "Introduction", "figures": 0, "textlen": 73, "fig_size": 0, "title": "Motivation", "textRatio": 0.16515837104072398, "figRatio": 0.0}, "4": {"xy": [19, 638, 650, 361], "panel_size": 234650, "panel_aspectRatio": 1.8005540166204985, "category": "Method", "figures": 0, "textlen": 90, "fig_size": 0, "title": "Dataset", "textRatio": 0.20361990950226244, "figRatio": 0.0}, "6": {"xy": [22, 1029, 650, 360], "panel_size": 234000, "panel_aspectRatio": 1.8055555555555556, "category": "Method", "figures": 0, "textlen": 59, "fig_size": 0, "title": "Pre-Processing and Feature Selection", "textRatio": 0.1334841628959276, "figRatio": 0.0}, "8": {"xy": [690, 282, 759, 620], "panel_size": 470580, "panel_aspectRatio": 1.2241935483870967, "category": "Method", "figures": 4, "textlen": 75, "fig_size": 135090, "title": "Models", "10": {"fig_size": 31755, "fig_aspectRatio": 4.195402298850575, "fig_size_poster": 0.48089591567852435}, "11": {"fig_size": 36160, "fig_aspectRatio": 0.7079646017699115, "fig_size_poster": 0.21080368906455862}, "12": {"fig_size": 22080, "fig_aspectRatio": 4.63768115942029, "fig_size_poster": 0.42160737812911725}, "13": {"fig_size": 45095, "fig_aspectRatio": 2.1448275862068966, "fig_size_poster": 0.40974967061923584}, "textRatio": 0.16968325791855204, "figRatio": 0.22056770590972546}, "18": {"xy": [686, 939, 777, 472], "panel_size": 366744, "panel_aspectRatio": 1.646186440677966, "category": "Result", "figures": 1, "textlen": 33, "fig_size": 198075, "title": "Results by Year", "20": {"fig_size": 198075, "fig_aspectRatio": 1.1390887290167866, "fig_size_poster": 0.6113256113256114}, "textRatio": 0.0746606334841629, "figRatio": 0.32340623545835273}, "21": {"xy": [1462, 276, 669, 526], "panel_size": 351894, "panel_aspectRatio": 1.2718631178707225, "category": "Result", "figures": 1, "textlen": 0, "fig_size": 279300, "title": "Neural Network Error Analysis", "22": {"fig_size": 279300, "fig_aspectRatio": 1.2378947368421052, "fig_size_poster": 0.8789237668161435}, "textRatio": 0.0, "figRatio": 0.4560260586319218}, "23": {"xy": [1475, 827, 669, 457], "panel_size": 305733, "panel_aspectRatio": 1.463894967177243, "category": "Discussion", "figures": 0, "textlen": 112, "fig_size": 0, "title": "Conclusions/Future Work", "textRatio": 0.25339366515837103, "figRatio": 0.0}}}