{"poster_size": 3110400, "doclen": 565, "figlen": 1094668, "section": {"1": {"xy": [32, 26, 1378, 119], "panel_size": 163982, "panel_aspectRatio": 11.579831932773109, "category": "Title", "figures": 0, "textlen": 0, "fig_size": 0, "title": "Defending the First-Order: Using Reluplex to Verify the Adversarial Robustness of Neural Networks to White Box Attacks", "textRatio": 0.0, "figRatio": 0.0}, "2": {"xy": [35, 196, 1381, 196], "panel_size": 270676, "panel_aspectRatio": 7.045918367346939, "category": "Introduction", "figures": 1, "textlen": 89, "fig_size": 70782, "title": "Motivation", "7": {"fig_size": 70782, "fig_aspectRatio": 3.5602836879432624, "fig_size_poster": 0.36350470673425056}, "textRatio": 0.15752212389380532, "figRatio": 0.06466070077868358}, "3": {"xy": [30, 395, 1388, 224], "panel_size": 310912, "panel_aspectRatio": 6.196428571428571, "category": "Introduction", "figures": 0, "textlen": 132, "fig_size": 0, "title": "Problem Statement", "textRatio": 0.2336283185840708, "figRatio": 0.0}, "4": {"xy": [25, 622, 1393, 520], "panel_size": 724360, "panel_aspectRatio": 2.6788461538461537, "category": "Method", "figures": 4, "textlen": 89, "fig_size": 421337, "title": "Research Goal 1: Do first-order methods well approximate the closest adversary?", "11": {"fig_size": 30789, "fig_aspectRatio": 3.1414141414141414, "fig_size_poster": 0.22325915290739412}, "12": {"fig_size": 119706, "fig_aspectRatio": 1.5160142348754448, "fig_size_poster": 0.30581478822684854}, "13": {"fig_size": 135850, "fig_aspectRatio": 1.6608391608391608, "fig_size_poster": 0.34099066762383345}, "14": {"fig_size": 134992, "fig_aspectRatio": 1.6503496503496504, "fig_size_poster": 0.3388370423546303}, "textRatio": 0.15752212389380532, "figRatio": 0.3848993484782601}, "5": {"xy": [26, 1148, 1397, 665], "panel_size": 929005, "panel_aspectRatio": 2.100751879699248, "category": "Method", "figures": 6, "textlen": 124, "fig_size": 514313, "title": "Research Goal 2: Do state-of-the-art adversarial defenses generalize to non-first-order attacks?", "26": {"fig_size": 22752, "fig_aspectRatio": 4.388888888888889, "fig_size_poster": 0.22619899785254116}, "27": {"fig_size": 21900, "fig_aspectRatio": 4.109589041095891, "fig_size_poster": 0.2147458840372226}, "29": {"fig_size": 134520, "fig_aspectRatio": 1.656140350877193, "fig_size_poster": 0.33786685755189694}, "30": {"fig_size": 131595, "fig_aspectRatio": 1.6431095406360423, "fig_size_poster": 0.33285612025769507}, "31": {"fig_size": 122010, "fig_aspectRatio": 1.41156462585034, "fig_size_poster": 0.2970651395848246}, "32": {"fig_size": 81536, "fig_aspectRatio": 1.625, "fig_size_poster": 0.26055833929849676}, "textRatio": 0.21946902654867256, "figRatio": 0.46983468960451935}, "6": {"xy": [26, 1824, 1400, 328], "panel_size": 459200, "panel_aspectRatio": 4.2682926829268295, "category": "Discussion", "figures": 1, "textlen": 131, "fig_size": 88236, "title": "Conclusion", "38": {"fig_size": 88236, "fig_aspectRatio": 1.6973684210526316, "fig_size_poster": 0.2764285714285714}, "textRatio": 0.23185840707964603, "figRatio": 0.08060526113853698}}}