{"poster_size": 3110400, "doclen": 270, "figlen": 129761, "section": {"1": {"xy": [562, 61, 799, 83], "panel_size": 66317, "panel_aspectRatio": 9.626506024096386, "category": "Title", "figures": 0, "textlen": 0, "fig_size": 0, "title": "Do You Even Lift, Bro?", "textRatio": 0.0, "figRatio": 0.0}, "2": {"xy": [60, 325, 593, 521], "panel_size": 308953, "panel_aspectRatio": 1.1381957773512477, "category": "Introduction", "figures": 0, "textlen": 59, "fig_size": 0, "title": "PREDICTING", "textRatio": 0.21851851851851853, "figRatio": 0.0}, "4": {"xy": [788, 327, 585, 502], "panel_size": 293670, "panel_aspectRatio": 1.1653386454183268, "category": "Introduction", "figures": 0, "textlen": 58, "fig_size": 0, "title": "DATA AND FEATURES", "textRatio": 0.21481481481481482, "figRatio": 0.0}, "6": {"xy": [1500, 329, 606, 506], "panel_size": 306636, "panel_aspectRatio": 1.1976284584980237, "category": "Method", "figures": 2, "textlen": 34, "fig_size": 93986, "title": "MODELS", "8": {"fig_size": 59724, "fig_aspectRatio": 3.761904761904762, "fig_size_poster": 0.7821782178217822}, "9": {"fig_size": 34262, "fig_aspectRatio": 6.256756756756757, "fig_size_poster": 0.764026402640264}, "textRatio": 0.1259259259259259, "figRatio": 0.7243008299874385}, "11": {"xy": [45, 899, 610, 487], "panel_size": 297070, "panel_aspectRatio": 1.2525667351129364, "category": "Result", "figures": 1, "textlen": 46, "fig_size": 35775, "title": "RESULTS", "13": {"fig_size": 35775, "fig_aspectRatio": 6.36, "fig_size_poster": 0.7819672131147541}, "textRatio": 0.17037037037037037, "figRatio": 0.27569917001256156}, "15": {"xy": [776, 895, 611, 504], "panel_size": 307944, "panel_aspectRatio": 1.2123015873015872, "category": "Discussion", "figures": 0, "textlen": 54, "fig_size": 0, "title": "DISCUSSION", "textRatio": 0.2, "figRatio": 0.0}, "17": {"xy": [1492, 886, 627, 219], "panel_size": 137313, "panel_aspectRatio": 2.863013698630137, "category": "Discussion", "figures": 0, "textlen": 19, "fig_size": 0, "title": "FUTURE", "textRatio": 0.07037037037037037, "figRatio": 0.0}}}