{"poster_size": 3110400, "doclen": 375, "figlen": 674423, "section": {"1": {"xy": [538, 22, 1298, 84], "panel_size": 109032, "panel_aspectRatio": 15.452380952380953, "category": "Title", "figures": 0, "textlen": 0, "fig_size": 0, "title": "Predicting the Amount of Water Resources in Lake Tahoe", "textRatio": 0.0, "figRatio": 0.0}, "2": {"xy": [9, 261, 699, 408], "panel_size": 285192, "panel_aspectRatio": 1.713235294117647, "category": "Introduction", "figures": 0, "textlen": 62, "fig_size": 0, "title": "Introduction", "textRatio": 0.16533333333333333, "figRatio": 0.0}, "4": {"xy": [4, 676, 707, 758], "panel_size": 535906, "panel_aspectRatio": 0.9327176781002638, "category": "Method", "figures": 4, "textlen": 48, "fig_size": 261768, "title": "Data and Features", "6": {"fig_size": 96552, "fig_aspectRatio": 4.348993288590604, "fig_size_poster": 0.9165487977369166}, "7": {"fig_size": 97446, "fig_aspectRatio": 4.389261744966443, "fig_size_poster": 0.925035360678925}, "9": {"fig_size": 14850, "fig_aspectRatio": 13.636363636363637, "fig_size_poster": 0.6364922206506365}, "11": {"fig_size": 52920, "fig_aspectRatio": 7.5, "fig_size_poster": 0.8910891089108911}, "textRatio": 0.128, "figRatio": 0.38813622904319695}, "12": {"xy": [732, 264, 700, 404], "panel_size": 282800, "panel_aspectRatio": 1.7326732673267327, "category": "Method", "figures": 0, "textlen": 54, "fig_size": 0, "title": "Models", "textRatio": 0.144, "figRatio": 0.0}, "14": {"xy": [728, 673, 710, 764], "panel_size": 542440, "panel_aspectRatio": 0.9293193717277487, "category": "Result", "figures": 2, "textlen": 100, "fig_size": 147959, "title": "Results", "16": {"fig_size": 73059, "fig_aspectRatio": 1.6103286384976525, "fig_size_poster": 0.4830985915492958}, "17": {"fig_size": 74900, "fig_aspectRatio": 1.6355140186915889, "fig_size_poster": 0.49295774647887325}, "textRatio": 0.26666666666666666, "figRatio": 0.21938605296675825}, "19": {"xy": [1443, 267, 717, 594], "panel_size": 425898, "panel_aspectRatio": 1.207070707070707, "category": "Result", "figures": 4, "textlen": 47, "fig_size": 264696, "title": "Results", "21": {"fig_size": 145734, "fig_aspectRatio": 3.182242990654206, "fig_size_poster": 0.9497907949790795}, "22": {"fig_size": 38577, "fig_aspectRatio": 1.3832335329341316, "fig_size_poster": 0.32217573221757323}, "23": {"fig_size": 39245, "fig_aspectRatio": 1.407185628742515, "fig_size_poster": 0.3277545327754533}, "24": {"fig_size": 41140, "fig_aspectRatio": 1.423529411764706, "fig_size_poster": 0.33751743375174337}, "textRatio": 0.12533333333333332, "figRatio": 0.3924777179900448}, "26": {"xy": [1459, 866, 690, 363], "panel_size": 250470, "panel_aspectRatio": 1.9008264462809918, "category": "Discussion", "figures": 0, "textlen": 64, "fig_size": 0, "title": "Summary and Future Work", "textRatio": 0.17066666666666666, "figRatio": 0.0}}}