{"poster_size": 4478976, "doclen": 247, "figlen": 1406500, "section": {"1": {"xy": [555, 152, 1509, 67], "panel_size": 101103, "panel_aspectRatio": 22.52238805970149, "category": "Title", "figures": 0, "textlen": 0, "fig_size": 0, "title": "PARAMETER ESTIMATION WITH MOCK ALGORITHM", "textRatio": 0.0, "figRatio": 0.0}, "2": {"xy": [174, 303, 553, 1323], "panel_size": 731619, "panel_aspectRatio": 0.41798941798941797, "category": "Introduction", "figures": 2, "textlen": 37, "fig_size": 516281, "title": "DATA OVERVIEW", "4": {"fig_size": 220706, "fig_aspectRatio": 1.2393364928909953, "fig_size_poster": 0.945750452079566}, "5": {"fig_size": 295575, "fig_aspectRatio": 0.9325044404973357, "fig_size_poster": 0.9493670886075949}, "textRatio": 0.14979757085020243, "figRatio": 0.3670678990401706}, "6": {"xy": [742, 307, 547, 1319], "panel_size": 721493, "panel_aspectRatio": 0.41470811220621684, "category": "Method", "figures": 6, "textlen": 83, "fig_size": 256534, "title": "ALGORITHM", "8": {"fig_size": 7821, "fig_aspectRatio": 7.181818181818182, "fig_size_poster": 0.43327239488117003}, "9": {"fig_size": 203889, "fig_aspectRatio": 1.280701754385965, "fig_size_poster": 0.9341864716636198}, "11": {"fig_size": 13243, "fig_aspectRatio": 7.878048780487805, "fig_size_poster": 0.5904936014625228}, "12": {"fig_size": 15414, "fig_aspectRatio": 8.738095238095237, "fig_size_poster": 0.6709323583180987}, "14": {"fig_size": 12462, "fig_aspectRatio": 2.7761194029850746, "fig_size_poster": 0.340036563071298}, "16": {"fig_size": 3705, "fig_aspectRatio": 2.4358974358974357, "fig_size_poster": 0.1736745886654479}, "textRatio": 0.3360323886639676, "figRatio": 0.1823917525773196}, "18": {"xy": [1305, 305, 1116, 1321], "panel_size": 1474236, "panel_aspectRatio": 0.8448145344436033, "category": "Result", "figures": 2, "textlen": 127, "fig_size": 633685, "title": "RESULTS", "20": {"fig_size": 172408, "fig_aspectRatio": 5.092391304347826, "fig_size_poster": 0.839605734767025}, "22": {"fig_size": 461277, "fig_aspectRatio": 2.010438413361169, "fig_size_poster": 0.8629032258064516}, "textRatio": 0.5141700404858299, "figRatio": 0.4505403483825098}}}