{"poster_size": 8957952, "doclen": 574, "figlen": 1709669, "section": {"1": {"xy": [595, 24, 2266, 129], "panel_size": 292314, "panel_aspectRatio": 17.565891472868216, "category": "Title", "figures": 0, "textlen": 0, "fig_size": 0, "title": "Keeping it Simple: Revisiting the Netflix Challenge", "textRatio": 0.0, "figRatio": 0.0}, "2": {"xy": [59, 503, 808, 785], "panel_size": 634280, "panel_aspectRatio": 1.0292993630573248, "category": "Introduction", "figures": 0, "textlen": 88, "fig_size": 0, "title": "Abstract", "textRatio": 0.15331010452961671, "figRatio": 0.0}, "4": {"xy": [38, 1300, 845, 1266], "panel_size": 1069770, "panel_aspectRatio": 0.6674565560821485, "category": "Introduction", "figures": 2, "textlen": 95, "fig_size": 336764, "title": "Introduction", "6": {"fig_size": 166268, "fig_aspectRatio": 3.734597156398104, "fig_size_poster": 0.9325443786982248}, "8": {"fig_size": 170496, "fig_aspectRatio": 3.4594594594594597, "fig_size_poster": 0.9088757396449704}, "textRatio": 0.16550522648083624, "figRatio": 0.19697613982589612}, "10": {"xy": [902, 503, 829, 1016], "panel_size": 842264, "panel_aspectRatio": 0.8159448818897638, "category": "Method", "figures": 2, "textlen": 99, "fig_size": 126401, "title": "K-Nearest Neighbors", "12": {"fig_size": 59360, "fig_aspectRatio": 5.283018867924528, "fig_size_poster": 0.6755126658624849}, "14": {"fig_size": 67041, "fig_aspectRatio": 4.897435897435898, "fig_size_poster": 0.6911942098914354}, "textRatio": 0.17247386759581881, "figRatio": 0.0739330244626299}, "15": {"xy": [1745, 500, 815, 1018], "panel_size": 829670, "panel_aspectRatio": 0.8005893909626719, "category": "Method", "figures": 0, "textlen": 140, "fig_size": 0, "title": "Estimating Population Parameters", "textRatio": 0.24390243902439024, "figRatio": 0.0}, "17": {"xy": [899, 1530, 830, 922], "panel_size": 765260, "panel_aspectRatio": 0.9002169197396963, "category": "Result", "figures": 1, "textlen": 18, "fig_size": 422370, "title": "Recovered CDFs for Movies", "18": {"fig_size": 422370, "fig_aspectRatio": 1.3, "fig_size_poster": 0.8927710843373494}, "textRatio": 0.0313588850174216, "figRatio": 0.24704782036756823}, "20": {"xy": [1745, 1532, 813, 932], "panel_size": 757716, "panel_aspectRatio": 0.8723175965665236, "category": "Result", "figures": 1, "textlen": 16, "fig_size": 412262, "title": "Recovered CDFs for Users", "21": {"fig_size": 412262, "fig_aspectRatio": 1.2644483362521892, "fig_size_poster": 0.8880688806888068}, "textRatio": 0.027874564459930314, "figRatio": 0.2411355648374042}, "23": {"xy": [2579, 495, 876, 825], "panel_size": 722700, "panel_aspectRatio": 1.0618181818181818, "category": "Result", "figures": 1, "textlen": 24, "fig_size": 411872, "title": "Results", "24": {"fig_size": 411872, "fig_aspectRatio": 1.7295081967213115, "fig_size_poster": 0.9634703196347032}, "textRatio": 0.041811846689895474, "figRatio": 0.24090745050650156}, "26": {"xy": [2574, 1343, 881, 737], "panel_size": 649297, "panel_aspectRatio": 1.1953867028493894, "category": "Discussion", "figures": 0, "textlen": 94, "fig_size": 0, "title": "Discussion and Future Directions", "textRatio": 0.16376306620209058, "figRatio": 0.0}}}