{"poster_size": 4478976, "doclen": 912, "figlen": 1198972, "section": {"1": {"xy": [423, 45, 1791, 164], "panel_size": 293724, "panel_aspectRatio": 10.920731707317072, "category": "Title", "figures": 0, "textlen": 0, "fig_size": 0, "title": "lsolating single cell types from co-culture flow cytometry experiments using n-dimensional gating for CAR T-based cancer immunotherapy", "textRatio": 0.0, "figRatio": 0.0}, "2": {"xy": [43, 373, 633, 521], "panel_size": 329793, "panel_aspectRatio": 1.2149712092130518, "category": "Introduction", "figures": 0, "textlen": 168, "fig_size": 0, "title": "Background", "textRatio": 0.18421052631578946, "figRatio": 0.0}, "4": {"xy": [43, 901, 635, 795], "panel_size": 504825, "panel_aspectRatio": 0.7987421383647799, "category": "Method", "figures": 3, "textlen": 156, "fig_size": 126619, "title": "Methods and implementation", "6": {"fig_size": 14559, "fig_aspectRatio": 3.0579710144927534, "fig_size_poster": 0.33228346456692914}, "8": {"fig_size": 44850, "fig_aspectRatio": 7.973333333333334, "fig_size_poster": 0.9417322834645669}, "10": {"fig_size": 67210, "fig_aspectRatio": 5.554545454545455, "fig_size_poster": 0.9622047244094488}, "textRatio": 0.17105263157894737, "figRatio": 0.10560630273267432}, "11": {"xy": [697, 369, 1211, 1324], "panel_size": 1603364, "panel_aspectRatio": 0.9146525679758308, "category": "Result", "figures": 4, "textlen": 197, "fig_size": 1072353, "title": "Results", "12": {"fig_size": 193225, "fig_aspectRatio": 2.2203389830508473, "fig_size_poster": 0.5408753096614368}, "13": {"fig_size": 179340, "fig_aspectRatio": 1.3387978142076502, "fig_size_poster": 0.4046242774566474}, "14": {"fig_size": 364716, "fig_aspectRatio": 3.8697068403908794, "fig_size_poster": 0.9810074318744839}, "15": {"fig_size": 335072, "fig_aspectRatio": 4.18374558303887, "fig_size_poster": 0.9777043765483072}, "textRatio": 0.21600877192982457, "figRatio": 0.8943936972673256}, "20": {"xy": [1923, 377, 633, 600], "panel_size": 379800, "panel_aspectRatio": 1.055, "category": "Discussion", "figures": 0, "textlen": 180, "fig_size": 0, "title": "Discussion", "textRatio": 0.19736842105263158, "figRatio": 0.0}, "22": {"xy": [1921, 998, 625, 447], "panel_size": 279375, "panel_aspectRatio": 1.3982102908277405, "category": "Discussion", "figures": 0, "textlen": 159, "fig_size": 0, "title": "Future work", "textRatio": 0.17434210526315788, "figRatio": 0.0}, "24": {"xy": [1928, 1455, 619, 237], "panel_size": 146703, "panel_aspectRatio": 2.611814345991561, "category": "Introduction", "figures": 0, "textlen": 52, "fig_size": 0, "title": "Acknowledgments and references", "textRatio": 0.05701754385964912, "figRatio": 0.0}}}