{"poster_size": 4478976, "doclen": 835, "figlen": 710596, "section": {"0": {"xy": [674, 42, 1240, 64], "panel_size": 79360, "panel_aspectRatio": 19.375, "category": "Title", "figures": 0, "textlen": 0, "fig_size": 0, "title": "vid2speed: Deep CNN for Vehicle Speed Estimation", "textRatio": 0.0, "figRatio": 0.0}, "1": {"xy": [46, 298, 576, 667], "panel_size": 384192, "panel_aspectRatio": 0.863568215892054, "category": "Introduction", "figures": 2, "textlen": 112, "fig_size": 79626, "title": "Problem Statement\n", "3": {"fig_size": 30616, "fig_aspectRatio": 1.0348837209302326, "fig_size_poster": 0.3090277777777778}, "4": {"fig_size": 49010, "fig_aspectRatio": 1.7159763313609468, "fig_size_poster": 0.5034722222222222}, "textRatio": 0.1341317365269461, "figRatio": 0.11205523250904874}, "5": {"xy": [51, 966, 560, 711], "panel_size": 398160, "panel_aspectRatio": 0.7876230661040787, "category": "Method", "figures": 2, "textlen": 147, "fig_size": 113760, "title": "Floydhub + Tensorflow\n", "7": {"fig_size": 73305, "fig_aspectRatio": 4.022222222222222, "fig_size_poster": 0.9696428571428571}, "9": {"fig_size": 40455, "fig_aspectRatio": 1.9241379310344828, "fig_size_poster": 0.4982142857142857}, "textRatio": 0.17604790419161676, "figRatio": 0.16009096589341903}, "11": {"xy": [676, 293, 601, 1405], "panel_size": 844405, "panel_aspectRatio": 0.4277580071174377, "category": "Method", "figures": 3, "textlen": 262, "fig_size": 220885, "title": "Initial Experiments\n", "13": {"fig_size": 65988, "fig_aspectRatio": 3.3191489361702127, "fig_size_poster": 0.778702163061564}, "15": {"fig_size": 107408, "fig_aspectRatio": 2.795918367346939, "fig_size_poster": 0.9118136439267887}, "18": {"fig_size": 47489, "fig_aspectRatio": 1.6627218934911243, "fig_size_poster": 0.46755407653910147}, "textRatio": 0.3137724550898204, "figRatio": 0.31084469937911274}, "20": {"xy": [1312, 291, 596, 689], "panel_size": 410644, "panel_aspectRatio": 0.865021770682148, "category": "Method", "figures": 1, "textlen": 39, "fig_size": 112545, "title": "Architecture", "22": {"fig_size": 112545, "fig_aspectRatio": 0.2975609756097561, "fig_size_poster": 0.3070469798657718}, "textRatio": 0.046706586826347304, "figRatio": 0.15838113358363964}, "27": {"xy": [1312, 983, 600, 715], "panel_size": 429000, "panel_aspectRatio": 0.8391608391608392, "category": "Result", "figures": 1, "textlen": 127, "fig_size": 87648, "title": "Results", "29": {"fig_size": 87648, "fig_aspectRatio": 0.7951807228915663, "fig_size_poster": 0.44}, "textRatio": 0.15209580838323353, "figRatio": 0.12334434756176506}, "31": {"xy": [1951, 296, 600, 852], "panel_size": 511200, "panel_aspectRatio": 0.704225352112676, "category": "Method", "figures": 3, "textlen": 148, "fig_size": 96132, "title": "Interpreting the Results", "32": {"fig_size": 30272, "fig_aspectRatio": 1.0232558139534884, "fig_size_poster": 0.29333333333333333}, "33": {"fig_size": 33464, "fig_aspectRatio": 1.0561797752808988, "fig_size_poster": 0.31333333333333335}, "37": {"fig_size": 32396, "fig_aspectRatio": 0.978021978021978, "fig_size_poster": 0.2966666666666667}, "textRatio": 0.17724550898203592, "figRatio": 0.13528362107301475}}}