{"poster_size": 8034080, "doclen": 459, "figlen": 2442980, "section": {"1": {"xy": [293, 34, 2762, 158], "panel_size": 436396, "panel_aspectRatio": 17.481012658227847, "category": "Title", "figures": 0, "textlen": 0, "fig_size": 0, "title": "Unsupervised Learning for Analyzing Brain Tumors", "textRatio": 0.0, "figRatio": 0.0}, "2": {"xy": [65, 277, 718, 397], "panel_size": 285046, "panel_aspectRatio": 1.8085642317380353, "category": "Introduction", "figures": 0, "textlen": 45, "fig_size": 0, "title": "Motivation", "textRatio": 0.09803921568627451, "figRatio": 0.0}, "4": {"xy": [66, 684, 724, 426], "panel_size": 308424, "panel_aspectRatio": 1.699530516431925, "category": "Introduction", "figures": 0, "textlen": 51, "fig_size": 0, "title": "Dataset", "textRatio": 0.1111111111111111, "figRatio": 0.0}, "6": {"xy": [791, 276, 1693, 834], "panel_size": 1411962, "panel_aspectRatio": 2.029976019184652, "category": "Method", "figures": 5, "textlen": 81, "fig_size": 500891, "title": "Gabor Filters", "7": {"fig_size": 179739, "fig_aspectRatio": 1.7886435331230284, "fig_size_poster": 0.3349084465445954}, "8": {"fig_size": 160017, "fig_aspectRatio": 1.1501340482573728, "fig_size_poster": 0.25339633786178384}, "10": {"fig_size": 37230, "fig_aspectRatio": 6.986301369863014, "fig_size_poster": 0.3012404016538689}, "12": {"fig_size": 89640, "fig_aspectRatio": 7.685185185185185, "fig_size_poster": 0.490253987005316}, "14": {"fig_size": 34265, "fig_aspectRatio": 11.327272727272728, "fig_size_poster": 0.36798582398109864}, "textRatio": 0.17647058823529413, "figRatio": 0.20503278782470588}, "16": {"xy": [2491, 274, 816, 836], "panel_size": 682176, "panel_aspectRatio": 0.9760765550239234, "category": "Method", "figures": 1, "textlen": 90, "fig_size": 83590, "title": "Gaussian Blur", "18": {"fig_size": 83590, "fig_aspectRatio": 4.946153846153846, "fig_size_poster": 0.7879901960784313}, "textRatio": 0.19607843137254902, "figRatio": 0.03421640782978166}, "20": {"xy": [65, 1119, 2420, 1230], "panel_size": 2976600, "panel_aspectRatio": 1.967479674796748, "category": "Result", "figures": 4, "textlen": 113, "fig_size": 1858499, "title": "Experimental Results", "21": {"fig_size": 454359, "fig_aspectRatio": 2.2141280353200883, "fig_size_poster": 0.41446280991735535}, "22": {"fig_size": 461825, "fig_aspectRatio": 2.230769230769231, "fig_size_poster": 0.4194214876033058}, "23": {"fig_size": 481275, "fig_aspectRatio": 2.225806451612903, "fig_size_poster": 0.42768595041322316}, "24": {"fig_size": 461040, "fig_aspectRatio": 2.256637168141593, "fig_size_poster": 0.4214876033057851}, "textRatio": 0.24618736383442266, "figRatio": 0.7607508043455125}, "29": {"xy": [2494, 1113, 806, 485], "panel_size": 390910, "panel_aspectRatio": 1.6618556701030929, "category": "Discussion", "figures": 0, "textlen": 79, "fig_size": 0, "title": "Conclusion", "textRatio": 0.1721132897603486, "figRatio": 0.0}}}