{"poster_size": 518400, "doclen": 184, "figlen": 146690, "section": {"1": {"xy": [224, 26, 519, 18], "panel_size": 9342, "panel_aspectRatio": 28.833333333333332, "category": "Title", "figures": 0, "textlen": 0, "fig_size": 0, "title": "Reliability of seismic data for hydrocarbon reservoir characterization", "textRatio": 0.0, "figRatio": 0.0}, "2": {"xy": [39, 89, 395, 90], "panel_size": 35550, "panel_aspectRatio": 4.388888888888889, "category": "Introduction", "figures": 0, "textlen": 96, "fig_size": 0, "title": "Abstract", "textRatio": 0.5217391304347826, "figRatio": 0.0}, "4": {"xy": [34, 191, 401, 223], "panel_size": 89423, "panel_aspectRatio": 1.798206278026906, "category": "Method", "figures": 2, "textlen": 80, "fig_size": 48897, "title": "Modeling the Data", "6": {"fig_size": 25137, "fig_aspectRatio": 1.4210526315789473, "fig_size_poster": 0.4713216957605985}, "7": {"fig_size": 23760, "fig_aspectRatio": 1.3037037037037038, "fig_size_poster": 0.4389027431421446}, "textRatio": 0.43478260869565216, "figRatio": 0.3333356056990933}, "8": {"xy": [34, 423, 406, 73], "panel_size": 29638, "panel_aspectRatio": 5.561643835616438, "category": "Method", "figures": 1, "textlen": 0, "fig_size": 9940, "title": "Extracting Features", "9": {"fig_size": 9940, "fig_aspectRatio": 12.678571428571429, "fig_size_poster": 0.874384236453202}, "textRatio": 0.0, "figRatio": 0.06776194696298316}, "10": {"xy": [498, 72, 389, 186], "panel_size": 72354, "panel_aspectRatio": 2.0913978494623655, "category": "Method", "figures": 2, "textlen": 8, "fig_size": 33316, "title": "Classification", "12": {"fig_size": 16560, "fig_aspectRatio": 1.15, "fig_size_poster": 0.35475578406169667}, "13": {"fig_size": 16756, "fig_aspectRatio": 1.2033898305084745, "fig_size_poster": 0.36503856041131105}, "textRatio": 0.043478260869565216, "figRatio": 0.22711841297975321}, "14": {"xy": [486, 265, 409, 177], "panel_size": 72393, "panel_aspectRatio": 2.310734463276836, "category": "Result", "figures": 3, "textlen": 0, "fig_size": 54537, "title": "Results", "15": {"fig_size": 18228, "fig_aspectRatio": 0.8435374149659864, "fig_size_poster": 0.30317848410757947}, "16": {"fig_size": 18081, "fig_aspectRatio": 0.8367346938775511, "fig_size_poster": 0.30073349633251834}, "17": {"fig_size": 18228, "fig_aspectRatio": 0.8435374149659864, "fig_size_poster": 0.30317848410757947}, "textRatio": 0.0, "figRatio": 0.3717840343581703}}}