{"poster_size": 4478976, "doclen": 315, "figlen": 1134091, "section": {"1": {"xy": [982, 22, 695, 66], "panel_size": 45870, "panel_aspectRatio": 10.530303030303031, "category": "Title", "figures": 0, "textlen": 0, "fig_size": 0, "title": "Single Image Reflection Removal", "textRatio": 0.0, "figRatio": 0.0}, "2": {"xy": [80, 216, 714, 369], "panel_size": 263466, "panel_aspectRatio": 1.934959349593496, "category": "Introduction", "figures": 0, "textlen": 41, "fig_size": 0, "title": "Introduction", "textRatio": 0.13015873015873017, "figRatio": 0.0}, "4": {"xy": [80, 615, 716, 1112], "panel_size": 796192, "panel_aspectRatio": 0.6438848920863309, "category": "Method", "figures": 1, "textlen": 127, "fig_size": 157377, "title": "Data", "5": {"fig_size": 157377, "fig_aspectRatio": 2.49800796812749, "fig_size_poster": 0.8756983240223464}, "textRatio": 0.4031746031746032, "figRatio": 0.1387692874734038}, "8": {"xy": [873, 218, 835, 797], "panel_size": 665495, "panel_aspectRatio": 1.0476787954830615, "category": "Method", "figures": 1, "textlen": 52, "fig_size": 262359, "title": "Method", "9": {"fig_size": 262359, "fig_aspectRatio": 1.9268292682926829, "fig_size_poster": 0.8514970059880239}, "textRatio": 0.16507936507936508, "figRatio": 0.23133857865021415}, "11": {"xy": [829, 1043, 946, 647], "panel_size": 612062, "panel_aspectRatio": 1.4621329211746523, "category": "Method", "figures": 1, "textlen": 40, "fig_size": 271150, "title": "Experiments", "12": {"fig_size": 271150, "fig_aspectRatio": 3.2241379310344827, "fig_size_poster": 0.9883720930232558}, "textRatio": 0.12698412698412698, "figRatio": 0.23909016119517745}, "14": {"xy": [1759, 220, 760, 775], "panel_size": 589000, "panel_aspectRatio": 0.9806451612903225, "category": "Result", "figures": 1, "textlen": 8, "fig_size": 443205, "title": "Results", "15": {"fig_size": 443205, "fig_aspectRatio": 1.2189054726368158, "fig_size_poster": 0.9671052631578947}, "textRatio": 0.025396825396825397, "figRatio": 0.3908019726812046}, "17": {"xy": [1789, 1027, 723, 398], "panel_size": 287754, "panel_aspectRatio": 1.8165829145728642, "category": "Discussion", "figures": 0, "textlen": 47, "fig_size": 0, "title": "Discussion", "textRatio": 0.1492063492063492, "figRatio": 0.0}}}