{"poster_size": 2799360, "doclen": 795, "figlen": 423497, "section": {"48": {"xy": [430, 111, 1318, 105], "panel_size": 138390, "panel_aspectRatio": 12.552380952380952, "category": "Title", "figures": 0, "textlen": 0, "fig_size": 0, "title": "Automatic Music Transcription for Monophonic Piano Music via lmage Recognition", "textRatio": 0.0, "figRatio": 0.0}, "49": {"xy": [29, 284, 452, 427], "panel_size": 193004, "panel_aspectRatio": 1.0585480093676816, "category": "Introduction", "figures": 0, "textlen": 95, "fig_size": 0, "title": "Introduction", "textRatio": 0.11949685534591195, "figRatio": 0.0}, "51": {"xy": [16, 720, 462, 401], "panel_size": 185262, "panel_aspectRatio": 1.1521197007481296, "category": "Method", "figures": 0, "textlen": 113, "fig_size": 0, "title": "Data", "textRatio": 0.1421383647798742, "figRatio": 0.0}, "53": {"xy": [8, 1123, 844, 170], "panel_size": 143480, "panel_aspectRatio": 4.964705882352941, "category": "Method", "figures": 1, "textlen": 0, "fig_size": 137760, "title": "Data", "54": {"fig_size": 137760, "fig_aspectRatio": 5.121951219512195, "fig_size_poster": 0.995260663507109}, "textRatio": 0.0, "figRatio": 0.32529156050692215}, "55": {"xy": [491, 285, 869, 451], "panel_size": 391919, "panel_aspectRatio": 1.9268292682926829, "category": "Method", "figures": 2, "textlen": 143, "fig_size": 131525, "title": "Model", "57": {"fig_size": 70465, "fig_aspectRatio": 9.75294117647059, "fig_size_poster": 0.953970080552359}, "58": {"fig_size": 61060, "fig_aspectRatio": 8.255813953488373, "fig_size_poster": 0.8170310701956272}, "textRatio": 0.17987421383647798, "figRatio": 0.3105689060371148}, "59": {"xy": [493, 746, 376, 372], "panel_size": 139872, "panel_aspectRatio": 1.010752688172043, "category": "Method", "figures": 2, "textlen": 73, "fig_size": 30612, "title": "Sound Visualization", "60": {"fig_size": 15652, "fig_aspectRatio": 1.89010989010989, "fig_size_poster": 0.4574468085106383}, "61": {"fig_size": 14960, "fig_aspectRatio": 1.9318181818181819, "fig_size_poster": 0.4521276595744681}, "textRatio": 0.09182389937106918, "figRatio": 0.07228386505689532}, "63": {"xy": [878, 752, 472, 483], "panel_size": 227976, "panel_aspectRatio": 0.9772256728778468, "category": "Discussion", "figures": 0, "textlen": 136, "fig_size": 0, "title": "Discussion", "textRatio": 0.1710691823899371, "figRatio": 0.0}, "65": {"xy": [1377, 295, 760, 628], "panel_size": 477280, "panel_aspectRatio": 1.2101910828025477, "category": "Result", "figures": 1, "textlen": 183, "fig_size": 123600, "title": "Result", "66": {"fig_size": 123600, "fig_aspectRatio": 2.1458333333333335, "fig_size_poster": 0.6776315789473685}, "textRatio": 0.23018867924528302, "figRatio": 0.29185566839906774}, "68": {"xy": [1359, 944, 341, 289], "panel_size": 98549, "panel_aspectRatio": 1.179930795847751, "category": "Discussion", "figures": 0, "textlen": 52, "fig_size": 0, "title": "Future", "textRatio": 0.06540880503144654, "figRatio": 0.0}}}