{"poster_size": 3324240, "doclen": 213, "figlen": 1340534, "section": {"1": {"xy": [137, 54, 1769, 81], "panel_size": 143289, "panel_aspectRatio": 21.839506172839506, "category": "Title", "figures": 0, "textlen": 0, "fig_size": 0, "title": "Condition Monitoring Using Accelerometer Readings", "textRatio": 0.0, "figRatio": 0.0}, "2": {"xy": [49, 211, 888, 564], "panel_size": 500832, "panel_aspectRatio": 1.574468085106383, "category": "Introduction", "figures": 1, "textlen": 68, "fig_size": 240526, "title": "Introduction", "4": {"fig_size": 240526, "fig_aspectRatio": 2.3636363636363638, "fig_size_poster": 0.8490990990990991}, "textRatio": 0.3192488262910798, "figRatio": 0.1794255125196377}, "5": {"xy": [59, 785, 917, 797], "panel_size": 730849, "panel_aspectRatio": 1.150564617314931, "category": "Method", "figures": 2, "textlen": 97, "fig_size": 327185, "title": "Method", "7": {"fig_size": 164388, "fig_aspectRatio": 2.3233082706766917, "fig_size_poster": 0.6739367502726281}, "8": {"fig_size": 162797, "fig_aspectRatio": 2.3536121673003803, "fig_size_poster": 0.6750272628135223}, "textRatio": 0.45539906103286387, "figRatio": 0.24407064647371868}, "11": {"xy": [1068, 218, 849, 624], "panel_size": 529776, "panel_aspectRatio": 1.3605769230769231, "category": "Method", "figures": 3, "textlen": 14, "fig_size": 360644, "title": "ldentify Good/Bad Data", "13": {"fig_size": 161766, "fig_aspectRatio": 4.126262626262626, "fig_size_poster": 0.9623085983510011}, "14": {"fig_size": 99462, "fig_aspectRatio": 1.3248175182481752, "fig_size_poster": 0.4275618374558304}, "15": {"fig_size": 99416, "fig_aspectRatio": 1.1903114186851211, "fig_size_poster": 0.40518256772673733}, "textRatio": 0.06572769953051644, "figRatio": 0.2690301029291312}, "16": {"xy": [998, 866, 979, 372], "panel_size": 364188, "panel_aspectRatio": 2.631720430107527, "category": "Method", "figures": 3, "textlen": 17, "fig_size": 244866, "title": "Identify Machine\u201cState\u201d", "18": {"fig_size": 85212, "fig_aspectRatio": 1.231939163498099, "fig_size_poster": 0.33094994892747703}, "19": {"fig_size": 87296, "fig_aspectRatio": 1.33203125, "fig_size_poster": 0.34831460674157305}, "20": {"fig_size": 72358, "fig_aspectRatio": 1.1304347826086956, "fig_size_poster": 0.29213483146067415}, "textRatio": 0.07981220657276995, "figRatio": 0.1826630283155817}, "21": {"xy": [1025, 1253, 476, 283], "panel_size": 134708, "panel_aspectRatio": 1.6819787985865724, "category": "Method", "figures": 1, "textlen": 7, "fig_size": 88641, "title": "Identify Machine\u201cState\u201d", "23": {"fig_size": 88641, "fig_aspectRatio": 2.1940298507462686, "fig_size_poster": 0.9264705882352942}, "textRatio": 0.03286384976525822, "figRatio": 0.06612364923232085}, "24": {"xy": [1503, 1253, 536, 283], "panel_size": 151688, "panel_aspectRatio": 1.8939929328621907, "category": "Result", "figures": 1, "textlen": 10, "fig_size": 78672, "title": "Identify Malfunction", "26": {"fig_size": 78672, "fig_aspectRatio": 1.128787878787879, "fig_size_poster": 0.5559701492537313}, "textRatio": 0.046948356807511735, "figRatio": 0.05868706052960984}}}