{"poster_size": 3110400, "doclen": 267, "figlen": 636610, "section": {"1": {"xy": [610, 79, 919, 72], "panel_size": 66168, "panel_aspectRatio": 12.76388888888889, "category": "Title", "figures": 0, "textlen": 0, "fig_size": 0, "title": "Prediction of Airline Ticket Price", "textRatio": 0.0, "figRatio": 0.0}, "2": {"xy": [47, 241, 599, 325], "panel_size": 194675, "panel_aspectRatio": 1.843076923076923, "category": "Introduction", "figures": 0, "textlen": 41, "fig_size": 0, "title": "Motivation", "textRatio": 0.15355805243445692, "figRatio": 0.0}, "3": {"xy": [49, 581, 606, 534], "panel_size": 323604, "panel_aspectRatio": 1.1348314606741574, "category": "Introduction", "figures": 0, "textlen": 53, "fig_size": 0, "title": "Data Source ", "textRatio": 0.19850187265917604, "figRatio": 0.0}, "6": {"xy": [56, 1123, 613, 271], "panel_size": 166123, "panel_aspectRatio": 2.261992619926199, "category": "Method", "figures": 0, "textlen": 20, "fig_size": 0, "title": "Models", "textRatio": 0.0749063670411985, "figRatio": 0.0}, "8": {"xy": [664, 234, 698, 619], "panel_size": 432062, "panel_aspectRatio": 1.1276252019386106, "category": "Method", "figures": 0, "textlen": 73, "fig_size": 0, "title": "Models", "textRatio": 0.27340823970037453, "figRatio": 0.0}, "10": {"xy": [670, 873, 681, 518], "panel_size": 352758, "panel_aspectRatio": 1.3146718146718146, "category": "Result", "figures": 1, "textlen": 18, "fig_size": 218322, "title": "Training Error ", "11": {"fig_size": 218322, "fig_aspectRatio": 1.772079772079772, "fig_size_poster": 0.9133627019089574}, "textRatio": 0.06741573033707865, "figRatio": 0.3429446599959159}, "13": {"xy": [1386, 229, 736, 1017], "panel_size": 748512, "panel_aspectRatio": 0.7236971484759095, "category": "Result", "figures": 2, "textlen": 62, "fig_size": 418288, "title": "Diagnostics", "15": {"fig_size": 206388, "fig_aspectRatio": 1.9660493827160495, "fig_size_poster": 0.8654891304347826}, "16": {"fig_size": 211900, "fig_aspectRatio": 1.9938650306748467, "fig_size_poster": 0.8831521739130435}, "textRatio": 0.23220973782771537, "figRatio": 0.6570553400040842}}}