{"poster_size": 4478976, "doclen": 174, "figlen": 1095209, "section": {"1": {"xy": [281, 46, 2022, 90], "panel_size": 181980, "panel_aspectRatio": 22.466666666666665, "category": "Title", "figures": 0, "textlen": 0, "fig_size": 0, "title": "lmproving Context-Aware Semantic Relationships in Sparse Mobile Datasets", "textRatio": 0.0, "figRatio": 0.0}, "2": {"xy": [34, 291, 631, 428], "panel_size": 270068, "panel_aspectRatio": 1.4742990654205608, "category": "Introduction", "figures": 0, "textlen": 33, "fig_size": 0, "title": "Overview", "textRatio": 0.1896551724137931, "figRatio": 0.0}, "4": {"xy": [29, 737, 643, 580], "panel_size": 372940, "panel_aspectRatio": 1.1086206896551725, "category": "Method", "figures": 0, "textlen": 39, "fig_size": 0, "title": "Data and Features", "textRatio": 0.22413793103448276, "figRatio": 0.0}, "6": {"xy": [33, 1332, 629, 346], "panel_size": 217634, "panel_aspectRatio": 1.8179190751445087, "category": "Method", "figures": 0, "textlen": 21, "fig_size": 0, "title": "Existing Methods", "textRatio": 0.1206896551724138, "figRatio": 0.0}, "8": {"xy": [688, 291, 1238, 405], "panel_size": 501390, "panel_aspectRatio": 3.05679012345679, "category": "Method", "figures": 1, "textlen": 20, "fig_size": 202449, "title": "Models", "9": {"fig_size": 202449, "fig_aspectRatio": 6.318435754189944, "fig_size_poster": 0.9135702746365105}, "textRatio": 0.11494252873563218, "figRatio": 0.1848496497015638}, "11": {"xy": [694, 711, 599, 969], "panel_size": 580431, "panel_aspectRatio": 0.6181630546955624, "category": "Method", "figures": 3, "textlen": 2, "fig_size": 381808, "title": "lterative Minimization", "13": {"fig_size": 54988, "fig_aspectRatio": 3.9491525423728815, "fig_size_poster": 0.7779632721202003}, "14": {"fig_size": 117468, "fig_aspectRatio": 2.1452991452991452, "fig_size_poster": 0.8380634390651085}, "15": {"fig_size": 209352, "fig_aspectRatio": 1.1375291375291374, "fig_size_poster": 0.8146911519198664}, "textRatio": 0.011494252873563218, "figRatio": 0.3486165654226728}, "16": {"xy": [1317, 713, 608, 962], "panel_size": 584896, "panel_aspectRatio": 0.632016632016632, "category": "Method", "figures": 1, "textlen": 0, "fig_size": 510952, "title": "PCA and t-SNE", "17": {"fig_size": 510952, "fig_aspectRatio": 0.6538461538461539, "fig_size_poster": 0.9506578947368421}, "textRatio": 0.0, "figRatio": 0.4665337848757634}, "18": {"xy": [1943, 291, 628, 370], "panel_size": 232360, "panel_aspectRatio": 1.6972972972972973, "category": "Discussion", "figures": 0, "textlen": 28, "fig_size": 0, "title": "Discussion", "textRatio": 0.16091954022988506, "figRatio": 0.0}, "20": {"xy": [1944, 688, 633, 409], "panel_size": 258897, "panel_aspectRatio": 1.547677261613692, "category": "Discussion", "figures": 0, "textlen": 31, "fig_size": 0, "title": "Future Directions", "textRatio": 0.1781609195402299, "figRatio": 0.0}}}