{"poster_size": 4478976, "doclen": 589, "figlen": 1649000, "section": {"0": {"xy": [319, 12, 1958, 77], "panel_size": 150766, "panel_aspectRatio": 25.428571428571427, "category": "Title", "figures": 0, "textlen": 0, "fig_size": 0, "title": "Mutation Profile to Predict Tumor Stage in Lung Adenocarcinoma", "textRatio": 0.0, "figRatio": 0.0}, "1": {"xy": [25, 209, 816, 414], "panel_size": 337824, "panel_aspectRatio": 1.9710144927536233, "category": "Introduction", "figures": 0, "textlen": 142, "fig_size": 0, "title": "ABSTRACT", "textRatio": 0.24108658743633277, "figRatio": 0.0}, "2": {"xy": [25, 640, 821, 1060], "panel_size": 870260, "panel_aspectRatio": 0.7745283018867924, "category": "Method", "figures": 2, "textlen": 164, "fig_size": 353160, "title": "DATA PRE-PROCESSING", "9": {"fig_size": 203670, "fig_aspectRatio": 1.0616438356164384, "fig_size_poster": 0.5663824604141291}, "10": {"fig_size": 149490, "fig_aspectRatio": 0.7284768211920529, "fig_size_poster": 0.40194884287454324}, "textRatio": 0.27843803056027167, "figRatio": 0.21416616130988478}, "3": {"xy": [850, 205, 894, 1027], "panel_size": 918138, "panel_aspectRatio": 0.8704965920155794, "category": "Method", "figures": 2, "textlen": 126, "fig_size": 436270, "title": "METHODS", "12": {"fig_size": 228020, "fig_aspectRatio": 3.373076923076923, "fig_size_poster": 0.9809843400447428}, "13": {"fig_size": 208250, "fig_aspectRatio": 3.4693877551020407, "fig_size_poster": 0.9507829977628636}, "textRatio": 0.21392190152801357, "figRatio": 0.2645664038811401}, "4": {"xy": [852, 1238, 897, 489], "panel_size": 438633, "panel_aspectRatio": 1.834355828220859, "category": "Result", "figures": 1, "textlen": 0, "fig_size": 349746, "title": "RESULTS", "14": {"fig_size": 349746, "fig_aspectRatio": 1.9272300469483568, "fig_size_poster": 0.915273132664437}, "textRatio": 0.0, "figRatio": 0.21209581564584598}, "5": {"xy": [1750, 200, 836, 716], "panel_size": 598576, "panel_aspectRatio": 1.1675977653631284, "category": "Result", "figures": 2, "textlen": 0, "fig_size": 509824, "title": "RESULTS", "15": {"fig_size": 258804, "fig_aspectRatio": 2.5917721518987342, "fig_size_poster": 0.9796650717703349}, "16": {"fig_size": 251020, "fig_aspectRatio": 2.646103896103896, "fig_size_poster": 0.9748803827751196}, "textRatio": 0.0, "figRatio": 0.3091716191631292}, "6": {"xy": [1750, 920, 818, 532], "panel_size": 435176, "panel_aspectRatio": 1.537593984962406, "category": "Discussion", "figures": 0, "textlen": 157, "fig_size": 0, "title": "Conclusions", "textRatio": 0.266553480475382, "figRatio": 0.0}}}