{"poster_size": 4478976, "doclen": 376, "figlen": 1387168, "section": {"0": {"xy": [518, 48, 1752, 72], "panel_size": 126144, "panel_aspectRatio": 24.333333333333332, "category": "Title", "figures": 0, "textlen": 0, "fig_size": 0, "title": "Analysis of Code Submissions in Competitive Programming Contests", "textRatio": 0.0, "figRatio": 0.0}, "1": {"xy": [32, 218, 616, 210], "panel_size": 129360, "panel_aspectRatio": 2.933333333333333, "category": "Introduction", "figures": 0, "textlen": 19, "fig_size": 0, "title": "Motivation", "textRatio": 0.05053191489361702, "figRatio": 0.0}, "3": {"xy": [26, 434, 638, 464], "panel_size": 296032, "panel_aspectRatio": 1.375, "category": "Introduction", "figures": 1, "textlen": 28, "fig_size": 148104, "title": "Problem", "5": {"fig_size": 148104, "fig_aspectRatio": 2.5289256198347108, "fig_size_poster": 0.9592476489028213}, "textRatio": 0.07446808510638298, "figRatio": 0.10676716879282105}, "6": {"xy": [16, 914, 630, 288], "panel_size": 181440, "panel_aspectRatio": 2.1875, "category": "Introduction", "figures": 0, "textlen": 34, "fig_size": 0, "title": "Data Set", "textRatio": 0.09042553191489362, "figRatio": 0.0}, "8": {"xy": [18, 1220, 1300, 508], "panel_size": 660400, "panel_aspectRatio": 2.559055118110236, "category": "Method", "figures": 2, "textlen": 62, "fig_size": 152452, "title": "Model", "10": {"fig_size": 38688, "fig_aspectRatio": 6.358974358974359, "fig_size_poster": 0.38153846153846155}, "13": {"fig_size": 113764, "fig_aspectRatio": 2.008403361344538, "fig_size_poster": 0.3676923076923077}, "textRatio": 0.16489361702127658, "figRatio": 0.10990161249394449}, "14": {"xy": [678, 204, 644, 1002], "panel_size": 645288, "panel_aspectRatio": 0.6427145708582834, "category": "Method", "figures": 1, "textlen": 0, "fig_size": 541140, "title": "Preprocessing", "15": {"fig_size": 541140, "fig_aspectRatio": 0.7149425287356321, "fig_size_poster": 0.9658385093167702}, "textRatio": 0.0, "figRatio": 0.3901041546517797}, "16": {"xy": [1336, 220, 592, 976], "panel_size": 577792, "panel_aspectRatio": 0.6065573770491803, "category": "Result", "figures": 2, "textlen": 46, "fig_size": 330760, "title": "Results", "18": {"fig_size": 195576, "fig_aspectRatio": 1.6149425287356323, "fig_size_poster": 0.9493243243243243}, "19": {"fig_size": 135184, "fig_aspectRatio": 2.3865546218487395, "fig_size_poster": 0.9594594594594594}, "textRatio": 0.12234042553191489, "figRatio": 0.23844263996862672}, "20": {"xy": [1336, 1212, 598, 508], "panel_size": 303784, "panel_aspectRatio": 1.1771653543307086, "category": "Discussion", "figures": 0, "textlen": 77, "fig_size": 0, "title": "Discussion", "textRatio": 0.2047872340425532, "figRatio": 0.0}, "22": {"xy": [1948, 206, 614, 892], "panel_size": 547688, "panel_aspectRatio": 0.6883408071748879, "category": "Result", "figures": 2, "textlen": 75, "fig_size": 214712, "title": "Interpretation of GDA model", "24": {"fig_size": 115640, "fig_aspectRatio": 3.010204081632653, "fig_size_poster": 0.9609120521172638}, "26": {"fig_size": 99072, "fig_aspectRatio": 3.3488372093023258, "fig_size_poster": 0.9381107491856677}, "textRatio": 0.19946808510638298, "figRatio": 0.15478442409282797}, "27": {"xy": [1942, 1122, 616, 262], "panel_size": 161392, "panel_aspectRatio": 2.351145038167939, "category": "Discussion", "figures": 0, "textlen": 35, "fig_size": 0, "title": "Future Work", "textRatio": 0.09308510638297872, "figRatio": 0.0}}}