{"poster_size": 4478976, "doclen": 463, "figlen": 1073834, "section": {"1": {"xy": [713, 45, 1168, 97], "panel_size": 113296, "panel_aspectRatio": 12.041237113402062, "category": "Title", "figures": 0, "textlen": 0, "fig_size": 0, "title": "Prediction of Cellular Service Quality", "textRatio": 0.0, "figRatio": 0.0}, "2": {"xy": [4, 329, 722, 424], "panel_size": 306128, "panel_aspectRatio": 1.7028301886792452, "category": "Introduction", "figures": 0, "textlen": 73, "fig_size": 0, "title": "Introduction", "textRatio": 0.15766738660907129, "figRatio": 0.0}, "4": {"xy": [5, 765, 1132, 550], "panel_size": 622600, "panel_aspectRatio": 2.058181818181818, "category": "Method", "figures": 1, "textlen": 81, "fig_size": 318516, "title": "Dataset and Features", "6": {"fig_size": 318516, "fig_aspectRatio": 1.234251968503937, "fig_size_poster": 0.553886925795053}, "textRatio": 0.17494600431965443, "figRatio": 0.2966156780284476}, "7": {"xy": [736, 342, 1317, 403], "panel_size": 530751, "panel_aspectRatio": 3.267990074441687, "category": "Method", "figures": 4, "textlen": 60, "fig_size": 185909, "title": "Ordinary Least Squares Regression", "9": {"fig_size": 31878, "fig_aspectRatio": 3.2525252525252526, "fig_size_poster": 0.24449506454062261}, "12": {"fig_size": 63516, "fig_aspectRatio": 3.537313432835821, "fig_size_poster": 0.35990888382687924}, "14": {"fig_size": 28397, "fig_aspectRatio": 5.328767123287672, "fig_size_poster": 0.2953682611996963}, "15": {"fig_size": 62118, "fig_aspectRatio": 2.65359477124183, "fig_size_poster": 0.3082763857251329}, "textRatio": 0.12958963282937366, "figRatio": 0.17312638638746772}, "16": {"xy": [1148, 755, 903, 276], "panel_size": 249228, "panel_aspectRatio": 3.2717391304347827, "category": "Method", "figures": 4, "textlen": 25, "fig_size": 134159, "title": "Support Vector Regression", "18": {"fig_size": 35574, "fig_aspectRatio": 1.5, "fig_size_poster": 0.2558139534883721}, "19": {"fig_size": 32916, "fig_aspectRatio": 1.3525641025641026, "fig_size_poster": 0.2336655592469546}, "20": {"fig_size": 32342, "fig_aspectRatio": 1.3121019108280254, "fig_size_poster": 0.22812846068660023}, "21": {"fig_size": 33327, "fig_aspectRatio": 1.2857142857142858, "fig_size_poster": 0.2292358803986711}, "textRatio": 0.05399568034557235, "figRatio": 0.12493458020513412}, "23": {"xy": [1147, 1043, 890, 277], "panel_size": 246530, "panel_aspectRatio": 3.2129963898916967, "category": "Method", "figures": 1, "textlen": 44, "fig_size": 54607, "title": "Random Forest Regression", "25": {"fig_size": 54607, "fig_aspectRatio": 1.3251231527093597, "fig_size_poster": 0.302247191011236}, "textRatio": 0.09503239740820735, "figRatio": 0.050852366380651014}, "26": {"xy": [2064, 347, 505, 964], "panel_size": 486820, "panel_aspectRatio": 0.5238589211618258, "category": "Result", "figures": 9, "textlen": 0, "fig_size": 297987, "title": "Results", "27": {"fig_size": 30856, "fig_aspectRatio": 1.3355263157894737, "fig_size_poster": 0.401980198019802}, "28": {"fig_size": 29748, "fig_aspectRatio": 1.3581081081081081, "fig_size_poster": 0.39801980198019804}, "29": {"fig_size": 57408, "fig_aspectRatio": 1.3269230769230769, "fig_size_poster": 0.5465346534653466}, "30": {"fig_size": 26128, "fig_aspectRatio": 3.0869565217391304, "fig_size_poster": 0.5623762376237624}, "31": {"fig_size": 22000, "fig_aspectRatio": 3.4375, "fig_size_poster": 0.5445544554455446}, "32": {"fig_size": 21138, "fig_aspectRatio": 3.4743589743589745, "fig_size_poster": 0.5366336633663367}, "33": {"fig_size": 36573, "fig_aspectRatio": 1.311377245508982, "fig_size_poster": 0.43366336633663366}, "34": {"fig_size": 39468, "fig_aspectRatio": 1.6217948717948718, "fig_size_poster": 0.500990099009901}, "35": {"fig_size": 34668, "fig_aspectRatio": 1.3209876543209877, "fig_size_poster": 0.42376237623762375}, "textRatio": 0.0, "figRatio": 0.27749819804550796}, "36": {"xy": [7, 1328, 1504, 379], "panel_size": 570016, "panel_aspectRatio": 3.9683377308707124, "category": "Discussion", "figures": 1, "textlen": 130, "fig_size": 82656, "title": "Discussion", "38": {"fig_size": 82656, "fig_aspectRatio": 1.3015873015873016, "fig_size_poster": 0.21808510638297873}, "textRatio": 0.28077753779697623, "figRatio": 0.07697279095279158}, "40": {"xy": [1521, 1331, 516, 384], "panel_size": 198144, "panel_aspectRatio": 1.34375, "category": "Discussion", "figures": 0, "textlen": 50, "fig_size": 0, "title": "Future Work", "textRatio": 0.1079913606911447, "figRatio": 0.0}}}