{"poster_size": 484704, "doclen": 56, "figlen": 274802, "section": {"1": {"xy": [131, 7, 650, 50], "panel_size": 32500, "panel_aspectRatio": 13.0, "category": "Title", "figures": 0, "textlen": 0, "fig_size": 0, "title": "Predicting Student Earnings After College", "textRatio": 0.0, "figRatio": 0.0}, "3": {"xy": [10, 126, 342, 479], "panel_size": 163818, "panel_aspectRatio": 0.7139874739039666, "category": "Result", "figures": 6, "textlen": 56, "fig_size": 109437, "title": "", "4": {"fig_size": 22876, "fig_aspectRatio": 1.2932330827067668, "fig_size_poster": 0.5029239766081871}, "5": {"fig_size": 19630, "fig_aspectRatio": 1.1615384615384616, "fig_size_poster": 0.4415204678362573}, "7": {"fig_size": 17741, "fig_aspectRatio": 1.3893805309734513, "fig_size_poster": 0.4590643274853801}, "8": {"fig_size": 17360, "fig_aspectRatio": 1.3839285714285714, "fig_size_poster": 0.45321637426900585}, "10": {"fig_size": 15606, "fig_aspectRatio": 1.5, "fig_size_poster": 0.4473684210526316}, "11": {"fig_size": 16224, "fig_aspectRatio": 1.5, "fig_size_poster": 0.45614035087719296}, "textRatio": 1.0, "figRatio": 0.39823945968369956}, "13": {"xy": [355, 68, 411, 142], "panel_size": 58362, "panel_aspectRatio": 2.8943661971830985, "category": "Result", "figures": 2, "textlen": 0, "fig_size": 44988, "title": "", "14": {"fig_size": 27495, "fig_aspectRatio": 2.0085470085470085, "fig_size_poster": 0.5717761557177615}, "15": {"fig_size": 17493, "fig_aspectRatio": 1.2352941176470589, "fig_size_poster": 0.35766423357664234}, "textRatio": 0.0, "figRatio": 0.1637105989039381}, "16": {"xy": [401, 213, 368, 396], "panel_size": 145728, "panel_aspectRatio": 0.9292929292929293, "category": "Result", "figures": 6, "textlen": 0, "fig_size": 120377, "title": "", "17": {"fig_size": 21376, "fig_aspectRatio": 1.3046875, "fig_size_poster": 0.453804347826087}, "18": {"fig_size": 20538, "fig_aspectRatio": 1.2936507936507937, "fig_size_poster": 0.4429347826086957}, "19": {"fig_size": 17655, "fig_aspectRatio": 1.5420560747663552, "fig_size_poster": 0.4483695652173913}, "20": {"fig_size": 20336, "fig_aspectRatio": 1.3225806451612903, "fig_size_poster": 0.44565217391304346}, "21": {"fig_size": 21320, "fig_aspectRatio": 1.2615384615384615, "fig_size_poster": 0.44565217391304346}, "22": {"fig_size": 19152, "fig_aspectRatio": 1.4736842105263157, "fig_size_poster": 0.45652173913043476}, "textRatio": 0.0, "figRatio": 0.43804994141236236}}}