{"poster_size": 4478976, "doclen": 313, "figlen": 748629, "section": {"0": {"xy": [501, 32, 1588, 83], "panel_size": 131804, "panel_aspectRatio": 19.132530120481928, "category": "Title", "figures": 0, "textlen": 0, "fig_size": 0, "title": "Predicting and Identifying Hypertext in Wikipedia Articles", "textRatio": 0.0, "figRatio": 0.0}, "1": {"xy": [82, 256, 777, 450], "panel_size": 349650, "panel_aspectRatio": 1.7266666666666666, "category": "Introduction", "figures": 0, "textlen": 71, "fig_size": 0, "title": "Summary/Motivation", "textRatio": 0.2268370607028754, "figRatio": 0.0}, "3": {"xy": [84, 728, 777, 762], "panel_size": 592074, "panel_aspectRatio": 1.0196850393700787, "category": "Method", "figures": 0, "textlen": 127, "fig_size": 0, "title": "Data Collection", "textRatio": 0.4057507987220447, "figRatio": 0.0}, "9": {"xy": [904, 910, 773, 568], "panel_size": 439064, "panel_aspectRatio": 1.3609154929577465, "category": "Method", "figures": 1, "textlen": 4, "fig_size": 336330, "title": "Data Collection", "11": {"fig_size": 336330, "fig_aspectRatio": 1.3188118811881189, "fig_size_poster": 0.8615782664941786}, "textRatio": 0.012779552715654952, "figRatio": 0.4492612495642034}, "12": {"xy": [907, 252, 780, 405], "panel_size": 315900, "panel_aspectRatio": 1.9259259259259258, "category": "Method", "figures": 0, "textlen": 34, "fig_size": 0, "title": "Model Training", "textRatio": 0.10862619808306709, "figRatio": 0.0}, "14": {"xy": [908, 670, 773, 229], "panel_size": 177017, "panel_aspectRatio": 3.3755458515283845, "category": "Result", "figures": 0, "textlen": 19, "fig_size": 0, "title": "Results", "textRatio": 0.06070287539936102, "figRatio": 0.0}, "16": {"xy": [1720, 242, 798, 615], "panel_size": 490770, "panel_aspectRatio": 1.2975609756097561, "category": "Result", "figures": 1, "textlen": 10, "fig_size": 412299, "title": "Results", "18": {"fig_size": 412299, "fig_aspectRatio": 1.3679417122040072, "fig_size_poster": 0.9411027568922306}, "textRatio": 0.03194888178913738, "figRatio": 0.5507387504357967}, "19": {"xy": [1723, 873, 781, 590], "panel_size": 460790, "panel_aspectRatio": 1.323728813559322, "category": "Discussion", "figures": 0, "textlen": 48, "fig_size": 0, "title": "Discussion-Future Work", "textRatio": 0.15335463258785942, "figRatio": 0.0}}}