{"poster_size": 4478976, "doclen": 489, "figlen": 1544082, "section": {"1": {"xy": [356, 2, 1887, 145], "panel_size": 273615, "panel_aspectRatio": 13.013793103448275, "category": "Title", "figures": 0, "textlen": 0, "fig_size": 0, "title": "Automated mage\nColorization Using Deep Learning", "textRatio": 0.0, "figRatio": 0.0}, "3": {"xy": [19, 269, 848, 285], "panel_size": 241680, "panel_aspectRatio": 2.975438596491228, "category": "Introduction", "figures": 0, "textlen": 71, "fig_size": 0, "title": "INTRODUCTION", "textRatio": 0.14519427402862986, "figRatio": 0.0}, "5": {"xy": [8, 571, 861, 305], "panel_size": 262605, "panel_aspectRatio": 2.822950819672131, "category": "Introduction", "figures": 0, "textlen": 85, "fig_size": 0, "title": "DATASET", "textRatio": 0.1738241308793456, "figRatio": 0.0}, "7": {"xy": [878, 269, 1043, 613], "panel_size": 639359, "panel_aspectRatio": 1.701468189233279, "category": "Method", "figures": 3, "textlen": 103, "fig_size": 240944, "title": "OBJECTIVE FUNCTIONS", "9": {"fig_size": 22302, "fig_aspectRatio": 7.648148148148148, "fig_size_poster": 0.3959731543624161}, "11": {"fig_size": 95250, "fig_aspectRatio": 5.905511811023622, "fig_size_poster": 0.7190795781399808}, "12": {"fig_size": 123392, "fig_aspectRatio": 0.5311203319502075, "fig_size_poster": 0.24544582933844677}, "textRatio": 0.21063394683026584, "figRatio": 0.15604352618578546}, "13": {"xy": [19, 889, 1144, 824], "panel_size": 942656, "panel_aspectRatio": 1.3883495145631068, "category": "Method", "figures": 1, "textlen": 150, "fig_size": 476928, "title": "Model ARCHITECTURE", "15": {"fig_size": 476928, "fig_aspectRatio": 2.5555555555555554, "fig_size_poster": 0.965034965034965}, "textRatio": 0.3067484662576687, "figRatio": 0.3088747877379569}, "16": {"xy": [1182, 886, 837, 823], "panel_size": 688851, "panel_aspectRatio": 1.017010935601458, "category": "Result", "figures": 1, "textlen": 0, "fig_size": 568504, "title": "EXPERIMENT RESULT", "17": {"fig_size": 568504, "fig_aspectRatio": 1.1089385474860336, "fig_size_poster": 0.948626045400239}, "textRatio": 0.0, "figRatio": 0.36818251880405317}, "18": {"xy": [1934, 267, 642, 613], "panel_size": 393546, "panel_aspectRatio": 1.0473083197389885, "category": "Result", "figures": 1, "textlen": 22, "fig_size": 257706, "title": "EXPERIMENT RESULT(CONTINUED)", "20": {"fig_size": 257706, "fig_aspectRatio": 1.4820143884892085, "fig_size_poster": 0.9626168224299065}, "textRatio": 0.044989775051124746, "figRatio": 0.16689916727220447}, "21": {"xy": [2052, 897, 530, 373], "panel_size": 197690, "panel_aspectRatio": 1.420911528150134, "category": "Discussion", "figures": 0, "textlen": 58, "fig_size": 0, "title": "Conclusion", "textRatio": 0.11860940695296524, "figRatio": 0.0}}}