{"poster_size": 4478976, "doclen": 294, "figlen": 863634, "section": {"1": {"xy": [685, 61, 1233, 87], "panel_size": 107271, "panel_aspectRatio": 14.172413793103448, "category": "Title", "figures": 0, "textlen": 0, "fig_size": 0, "title": "Identification of Monolayer Material", "textRatio": 0.0, "figRatio": 0.0}, "2": {"xy": [82, 345, 775, 931], "panel_size": 721525, "panel_aspectRatio": 0.832438238453276, "category": "Introduction", "figures": 2, "textlen": 42, "fig_size": 317113, "title": "Abstract", "4": {"fig_size": 171000, "fig_aspectRatio": 0.7578947368421053, "fig_size_poster": 0.4645161290322581}, "5": {"fig_size": 146113, "fig_aspectRatio": 0.8820638820638821, "fig_size_poster": 0.4632258064516129}, "textRatio": 0.14285714285714285, "figRatio": 0.36718447861015197}, "6": {"xy": [78, 1283, 787, 395], "panel_size": 310865, "panel_aspectRatio": 1.9924050632911392, "category": "Method", "figures": 0, "textlen": 59, "fig_size": 0, "title": "Dataset", "textRatio": 0.20068027210884354, "figRatio": 0.0}, "8": {"xy": [907, 343, 775, 735], "panel_size": 569625, "panel_aspectRatio": 1.054421768707483, "category": "Method", "figures": 0, "textlen": 87, "fig_size": 0, "title": "Data Augmentation", "textRatio": 0.29591836734693877, "figRatio": 0.0}, "10": {"xy": [904, 1101, 783, 274], "panel_size": 214542, "panel_aspectRatio": 2.8576642335766422, "category": "Method", "figures": 0, "textlen": 41, "fig_size": 0, "title": "Benchmark Test - Logistic Regression", "textRatio": 0.13945578231292516, "figRatio": 0.0}, "12": {"xy": [904, 1398, 782, 273], "panel_size": 213486, "panel_aspectRatio": 2.8644688644688645, "category": "Method", "figures": 1, "textlen": 19, "fig_size": 57900, "title": "Convolutional Neural Network", "14": {"fig_size": 57900, "fig_aspectRatio": 10.293333333333333, "fig_size_poster": 0.9872122762148338}, "textRatio": 0.06462585034013606, "figRatio": 0.06704228874731658}, "15": {"xy": [1734, 343, 783, 846], "panel_size": 662418, "panel_aspectRatio": 0.925531914893617, "category": "Result", "figures": 4, "textlen": 0, "fig_size": 488621, "title": "Results", "16": {"fig_size": 203725, "fig_aspectRatio": 2.580071174377224, "fig_size_poster": 0.9259259259259259}, "17": {"fig_size": 205200, "fig_aspectRatio": 2.526315789473684, "fig_size_poster": 0.9195402298850575}, "18": {"fig_size": 43736, "fig_aspectRatio": 2.1690140845070425, "fig_size_poster": 0.3933588761174968}, "19": {"fig_size": 35960, "fig_aspectRatio": 1.710344827586207, "fig_size_poster": 0.3167305236270754}, "textRatio": 0.0, "figRatio": 0.5657732326425314}, "20": {"xy": [1729, 1211, 788, 456], "panel_size": 359328, "panel_aspectRatio": 1.7280701754385965, "category": "Discussion", "figures": 0, "textlen": 46, "fig_size": 0, "title": "Discussion & Future Work", "textRatio": 0.1564625850340136, "figRatio": 0.0}}}