{"poster_size": 4478976, "doclen": 142, "figlen": 1977098, "section": {"1": {"xy": [182, 35, 2172, 119], "panel_size": 258468, "panel_aspectRatio": 18.252100840336134, "category": "Title", "figures": 0, "textlen": 0, "fig_size": 0, "title": "Finite Mixture Models: Beyond the EM Algorithm", "textRatio": 0.0, "figRatio": 0.0}, "2": {"xy": [53, 266, 830, 489], "panel_size": 405870, "panel_aspectRatio": 1.6973415132924334, "category": "Introduction", "figures": 0, "textlen": 94, "fig_size": 0, "title": "Summary", "textRatio": 0.6619718309859155, "figRatio": 0.0}, "4": {"xy": [26, 757, 856, 200], "panel_size": 171200, "panel_aspectRatio": 4.28, "category": "Method", "figures": 1, "textlen": 0, "fig_size": 100674, "title": "Model", "5": {"fig_size": 100674, "fig_aspectRatio": 6.341269841269841, "fig_size_poster": 0.9334112149532711}, "textRatio": 0.0, "figRatio": 0.05092008590368308}, "6": {"xy": [56, 961, 797, 352], "panel_size": 280544, "panel_aspectRatio": 2.2642045454545454, "category": "Method", "figures": 0, "textlen": 27, "fig_size": 0, "title": "Approach", "textRatio": 0.19014084507042253, "figRatio": 0.0}, "11": {"xy": [892, 272, 839, 682], "panel_size": 572198, "panel_aspectRatio": 1.2302052785923754, "category": "Method", "figures": 4, "textlen": 0, "fig_size": 418173, "title": "Algorithms", "12": {"fig_size": 141960, "fig_aspectRatio": 4.285714285714286, "fig_size_poster": 0.929678188319428}, "13": {"fig_size": 180452, "fig_aspectRatio": 3.441048034934498, "fig_size_poster": 0.9392133492252682}, "14": {"fig_size": 40865, "fig_aspectRatio": 13.50909090909091, "fig_size_poster": 0.8855780691299165}, "15": {"fig_size": 54896, "fig_aspectRatio": 6.212765957446808, "fig_size_poster": 0.6960667461263409}, "textRatio": 0.0, "figRatio": 0.211508483646233}, "16": {"xy": [888, 950, 844, 479], "panel_size": 404276, "panel_aspectRatio": 1.7620041753653444, "category": "Method", "figures": 1, "textlen": 0, "fig_size": 329670, "title": "Second-Order Methods", "17": {"fig_size": 329670, "fig_aspectRatio": 2.0098765432098764, "fig_size_poster": 0.9644549763033176}, "textRatio": 0.0, "figRatio": 0.16674439001000457}, "19": {"xy": [33, 1314, 833, 156], "panel_size": 129948, "panel_aspectRatio": 5.339743589743589, "category": "Method", "figures": 1, "textlen": 0, "fig_size": 70209, "title": "Model Fitting Approaches", "20": {"fig_size": 70209, "fig_aspectRatio": 9.275862068965518, "fig_size_poster": 0.9687875150060024}, "textRatio": 0.0, "figRatio": 0.035511138041715684}, "21": {"xy": [20, 1470, 940, 249], "panel_size": 234060, "panel_aspectRatio": 3.7751004016064256, "category": "Method", "figures": 1, "textlen": 0, "fig_size": 220150, "title": "Model Fitting Approaches", "22": {"fig_size": 220150, "fig_aspectRatio": 3.8865546218487395, "fig_size_poster": 0.9840425531914894}, "textRatio": 0.0, "figRatio": 0.11135006964753391}, "23": {"xy": [969, 1439, 772, 270], "panel_size": 208440, "panel_aspectRatio": 2.859259259259259, "category": "Discussion", "figures": 0, "textlen": 21, "fig_size": 0, "title": "Future Steps", "textRatio": 0.14788732394366197, "figRatio": 0.0}, "25": {"xy": [1741, 255, 835, 1255], "panel_size": 1047925, "panel_aspectRatio": 0.6653386454183267, "category": "Result", "figures": 4, "textlen": 0, "fig_size": 838222, "title": "Results for SGD", "26": {"fig_size": 303534, "fig_aspectRatio": 2.124338624338624, "fig_size_poster": 0.9616766467065868}, "27": {"fig_size": 285012, "fig_aspectRatio": 2.151098901098901, "fig_size_poster": 0.9377245508982036}, "28": {"fig_size": 24056, "fig_aspectRatio": 6.258064516129032, "fig_size_poster": 0.46467065868263474}, "29": {"fig_size": 225620, "fig_aspectRatio": 2.682758620689655, "fig_size_poster": 0.9317365269461078}, "textRatio": 0.0, "figRatio": 0.4239658327508298}}}