{"poster_size": 4014656, "doclen": 237, "figlen": 1061851, "section": {"0": {"xy": [205, 27, 1979, 84], "panel_size": 166236, "panel_aspectRatio": 23.55952380952381, "category": "Title", "figures": 0, "textlen": 0, "fig_size": 0, "title": "CLASSIFICATION HIGH GRADE VS LOW GRADE GBM TUMORS", "textRatio": 0.0, "figRatio": 0.0}, "1": {"xy": [41, 197, 564, 396], "panel_size": 223344, "panel_aspectRatio": 1.4242424242424243, "category": "Introduction", "figures": 0, "textlen": 41, "fig_size": 0, "title": "PROBLEM", "textRatio": 0.1729957805907173, "figRatio": 0.0}, "3": {"xy": [34, 614, 562, 382], "panel_size": 214684, "panel_aspectRatio": 1.4712041884816753, "category": "Method", "figures": 0, "textlen": 44, "fig_size": 0, "title": "DATA SET AND FEATURES", "textRatio": 0.18565400843881857, "figRatio": 0.0}, "5": {"xy": [31, 1003, 572, 165], "panel_size": 94380, "panel_aspectRatio": 3.466666666666667, "category": "Method", "figures": 0, "textlen": 6, "fig_size": 0, "title": "MODELS USED", "textRatio": 0.02531645569620253, "figRatio": 0.0}, "7": {"xy": [35, 1181, 566, 247], "panel_size": 139802, "panel_aspectRatio": 2.291497975708502, "category": "Method", "figures": 0, "textlen": 25, "fig_size": 0, "title": "A FUTURE DIRECTION", "textRatio": 0.10548523206751055, "figRatio": 0.0}, "9": {"xy": [38, 1441, 554, 202], "panel_size": 111908, "panel_aspectRatio": 2.742574257425743, "category": "Method", "figures": 0, "textlen": 7, "fig_size": 0, "title": "SOurceCODE\n\n", "textRatio": 0.029535864978902954, "figRatio": 0.0}, "11": {"xy": [618, 195, 1732, 836], "panel_size": 1447952, "panel_aspectRatio": 2.0717703349282295, "category": "Result", "figures": 10, "textlen": 46, "fig_size": 738567, "title": "RESULTS", "12": {"fig_size": 61256, "fig_aspectRatio": 1.0040485829959513, "fig_size_poster": 0.14318706697459585}, "14": {"fig_size": 51075, "fig_aspectRatio": 0.9911894273127754, "fig_size_poster": 0.12990762124711316}, "16": {"fig_size": 74896, "fig_aspectRatio": 1.217741935483871, "fig_size_poster": 0.17436489607390301}, "17": {"fig_size": 73160, "fig_aspectRatio": 1.189516129032258, "fig_size_poster": 0.17032332563510394}, "21": {"fig_size": 82044, "fig_aspectRatio": 1.2325581395348837, "fig_size_poster": 0.1836027713625866}, "23": {"fig_size": 84639, "fig_aspectRatio": 1.1872659176029963, "fig_size_poster": 0.18302540415704388}, "25": {"fig_size": 79206, "fig_aspectRatio": 1.189922480620155, "fig_size_poster": 0.17725173210161663}, "27": {"fig_size": 79502, "fig_aspectRatio": 1.2322834645669292, "fig_size_poster": 0.18071593533487298}, "29": {"fig_size": 77142, "fig_aspectRatio": 1.1589147286821706, "fig_size_poster": 0.17263279445727484}, "31": {"fig_size": 75647, "fig_aspectRatio": 1.1818181818181819, "fig_size_poster": 0.17263279445727484}, "textRatio": 0.1940928270042194, "figRatio": 0.6955467386667245}, "34": {"xy": [615, 1039, 574, 615], "panel_size": 353010, "panel_aspectRatio": 0.9333333333333333, "category": "Discussion", "figures": 4, "textlen": 5, "fig_size": 207793, "title": "HISTOGRAMS", "35": {"fig_size": 51250, "fig_aspectRatio": 1.2195121951219512, "fig_size_poster": 0.4355400696864111}, "37": {"fig_size": 54704, "fig_aspectRatio": 1.2644230769230769, "fig_size_poster": 0.45818815331010454}, "39": {"fig_size": 51204, "fig_aspectRatio": 1.2303921568627452, "fig_size_poster": 0.4372822299651568}, "41": {"fig_size": 50635, "fig_aspectRatio": 1.2048780487804878, "fig_size_poster": 0.43031358885017423}, "textRatio": 0.02109704641350211, "figRatio": 0.19568941405150064}, "43": {"xy": [1202, 1047, 1148, 597], "panel_size": 685356, "panel_aspectRatio": 1.9229480737018425, "category": "Result", "figures": 2, "textlen": 63, "fig_size": 115491, "title": "VLIDATION OF THE MODEL", "45": {"fig_size": 57342, "fig_aspectRatio": 4.412280701754386, "fig_size_poster": 0.4381533101045296}, "47": {"fig_size": 58149, "fig_aspectRatio": 4.247863247863248, "fig_size_poster": 0.4329268292682927}, "textRatio": 0.26582278481012656, "figRatio": 0.10876384728177493}}}