{"poster_size": 2860620, "doclen": 281, "figlen": 1198042, "section": {"1": {"xy": [775, 24, 1053, 57], "panel_size": 60021, "panel_aspectRatio": 18.473684210526315, "category": "Title", "figures": 0, "textlen": 0, "fig_size": 0, "title": "Gradient Boosting Trees to Predict Store Sales", "textRatio": 0.0, "figRatio": 0.0}, "2": {"xy": [73, 192, 641, 673], "panel_size": 431393, "panel_aspectRatio": 0.9524517087667161, "category": "Introduction", "figures": 1, "textlen": 36, "fig_size": 221676, "title": "Goal", "5": {"fig_size": 221676, "fig_aspectRatio": 1.6730769230769231, "fig_size_poster": 0.9500780031201248}, "textRatio": 0.12811387900355872, "figRatio": 0.1850319104004701}, "6": {"xy": [65, 874, 652, 428], "panel_size": 279056, "panel_aspectRatio": 1.5233644859813085, "category": "Method", "figures": 2, "textlen": 17, "fig_size": 146534, "title": "Initial Models", "8": {"fig_size": 97920, "fig_aspectRatio": 1.5058823529411764, "fig_size_poster": 0.588957055214724}, "9": {"fig_size": 48614, "fig_aspectRatio": 0.9775784753363229, "fig_size_poster": 0.3343558282208589}, "textRatio": 0.060498220640569395, "figRatio": 0.12231123783640306}, "10": {"xy": [728, 186, 620, 1175], "panel_size": 728500, "panel_aspectRatio": 0.5276595744680851, "category": "Method", "figures": 2, "textlen": 197, "fig_size": 246080, "title": "Using Gradient Boosting Trees", "12": {"fig_size": 123552, "fig_aspectRatio": 2.6481481481481484, "fig_size_poster": 0.9225806451612903}, "14": {"fig_size": 122528, "fig_aspectRatio": 2.4419642857142856, "fig_size_poster": 0.882258064516129}, "textRatio": 0.701067615658363, "figRatio": 0.2054018139597777}, "16": {"xy": [1358, 184, 726, 1137], "panel_size": 825462, "panel_aspectRatio": 0.6385224274406333, "category": "Result", "figures": 2, "textlen": 31, "fig_size": 583752, "title": "Initial Results of GBM", "17": {"fig_size": 280488, "fig_aspectRatio": 1.7270471464019852, "fig_size_poster": 0.9586776859504132}, "19": {"fig_size": 303264, "fig_aspectRatio": 1.2839506172839505, "fig_size_poster": 0.859504132231405}, "textRatio": 0.1103202846975089, "figRatio": 0.4872550378033491}}}