{"poster_size": 9165312, "doclen": 151, "figlen": 2176232, "section": {"1": {"xy": [761, 90, 2202, 113], "panel_size": 248826, "panel_aspectRatio": 19.486725663716815, "category": "Title", "figures": 0, "textlen": 0, "fig_size": 0, "title": "Psychological predictors of stated and displayed preferences in online dating", "textRatio": 0.0, "figRatio": 0.0}, "2": {"xy": [56, 434, 2277, 665], "panel_size": 1514205, "panel_aspectRatio": 3.42406015037594, "category": "Introduction", "figures": 1, "textlen": 79, "fig_size": 123930, "title": "Introduction", "4": {"fig_size": 123930, "fig_aspectRatio": 1.7, "fig_size_poster": 0.2015810276679842}, "textRatio": 0.5231788079470199, "figRatio": 0.05694705343915538}, "6": {"xy": [61, 1120, 1204, 1281], "panel_size": 1542324, "panel_aspectRatio": 0.9398907103825137, "category": "Method", "figures": 2, "textlen": 4, "fig_size": 876444, "title": "Methods", "8": {"fig_size": 365970, "fig_aspectRatio": 3.360606060606061, "fig_size_poster": 0.9210963455149501}, "10": {"fig_size": 510474, "fig_aspectRatio": 1.5656742556917689, "fig_size_poster": 0.7425249169435216}, "textRatio": 0.026490066225165563, "figRatio": 0.4027346349102485}, "11": {"xy": [1282, 1116, 1053, 1292], "panel_size": 1360476, "panel_aspectRatio": 0.815015479876161, "category": "Result", "figures": 1, "textlen": 20, "fig_size": 688530, "title": "Results", "14": {"fig_size": 688530, "fig_aspectRatio": 1.1375321336760926, "fig_size_poster": 0.8404558404558404}, "textRatio": 0.13245033112582782, "figRatio": 0.31638630440136895}, "15": {"xy": [2348, 429, 1347, 1059], "panel_size": 1426473, "panel_aspectRatio": 1.271954674220963, "category": "Result", "figures": 1, "textlen": 6, "fig_size": 487328, "title": "Results (Continued)\n", "17": {"fig_size": 487328, "fig_aspectRatio": 1.2356687898089171, "fig_size_poster": 0.5760950259836675}, "textRatio": 0.039735099337748346, "figRatio": 0.2239320072492271}, "18": {"xy": [2352, 1505, 1330, 373], "panel_size": 496090, "panel_aspectRatio": 3.5656836461126007, "category": "Discussion", "figures": 0, "textlen": 34, "fig_size": 0, "title": "Conclusion\n", "textRatio": 0.2251655629139073, "figRatio": 0.0}, "20": {"xy": [2359, 1905, 1336, 207], "panel_size": 276552, "panel_aspectRatio": 6.454106280193237, "category": "Discussion", "figures": 0, "textlen": 8, "fig_size": 0, "title": "Future Directions\n", "textRatio": 0.052980132450331126, "figRatio": 0.0}}}