{"poster_size": 3110400, "doclen": 458, "figlen": 847869, "section": {"1": {"xy": [388, 21, 1399, 186], "panel_size": 260214, "panel_aspectRatio": 7.521505376344086, "category": "Title", "figures": 0, "textlen": 0, "fig_size": 0, "title": "Vowel formants predict place of articulation of following consonant in Kannada: Evidence for the autosegmental model of phonology", "textRatio": 0.0, "figRatio": 0.0}, "2": {"xy": [18, 296, 697, 796], "panel_size": 554812, "panel_aspectRatio": 0.8756281407035176, "category": "Introduction", "figures": 1, "textlen": 211, "fig_size": 70686, "title": "Introduction", "3": {"fig_size": 70686, "fig_aspectRatio": 4.4523809523809526, "fig_size_poster": 0.8048780487804879}, "textRatio": 0.4606986899563319, "figRatio": 0.08336901101467326}, "6": {"xy": [28, 1105, 688, 294], "panel_size": 202272, "panel_aspectRatio": 2.3401360544217686, "category": "Method", "figures": 1, "textlen": 63, "fig_size": 15925, "title": "Methods", "7": {"fig_size": 15925, "fig_aspectRatio": 13.0, "fig_size_poster": 0.6613372093023255}, "textRatio": 0.13755458515283842, "figRatio": 0.018782382655811215}, "9": {"xy": [735, 291, 704, 1113], "panel_size": 783552, "panel_aspectRatio": 0.6325247079964061, "category": "Method", "figures": 8, "textlen": 41, "fig_size": 490101, "title": "Methods", "10": {"fig_size": 98700, "fig_aspectRatio": 2.7925531914893615, "fig_size_poster": 0.7457386363636364}, "11": {"fig_size": 116900, "fig_aspectRatio": 3.817142857142857, "fig_size_poster": 0.9488636363636364}, "14": {"fig_size": 45353, "fig_aspectRatio": 1.0382775119617225, "fig_size_poster": 0.30823863636363635}, "15": {"fig_size": 46989, "fig_aspectRatio": 1.0966183574879227, "fig_size_poster": 0.3224431818181818}, "16": {"fig_size": 47670, "fig_aspectRatio": 1.0809523809523809, "fig_size_poster": 0.3224431818181818}, "17": {"fig_size": 42532, "fig_aspectRatio": 1.1071428571428572, "fig_size_poster": 0.30823863636363635}, "18": {"fig_size": 44325, "fig_aspectRatio": 1.1421319796954315, "fig_size_poster": 0.3196022727272727}, "19": {"fig_size": 47632, "fig_aspectRatio": 1.1009615384615385, "fig_size_poster": 0.3252840909090909}, "textRatio": 0.08951965065502183, "figRatio": 0.5780385885083663}, "21": {"xy": [1448, 311, 712, 721], "panel_size": 513352, "panel_aspectRatio": 0.9875173370319001, "category": "Result", "figures": 5, "textlen": 67, "fig_size": 271157, "title": "Results", "22": {"fig_size": 78315, "fig_aspectRatio": 1.5198237885462555, "fig_size_poster": 0.4845505617977528}, "23": {"fig_size": 74520, "fig_aspectRatio": 1.4086956521739131, "fig_size_poster": 0.4550561797752809}, "24": {"fig_size": 38016, "fig_aspectRatio": 1.2272727272727273, "fig_size_poster": 0.30337078651685395}, "25": {"fig_size": 40812, "fig_aspectRatio": 1.2737430167597765, "fig_size_poster": 0.3202247191011236}, "26": {"fig_size": 39494, "fig_aspectRatio": 1.1923076923076923, "fig_size_poster": 0.3047752808988764}, "textRatio": 0.1462882096069869, "figRatio": 0.31981001782114926}, "28": {"xy": [1457, 1044, 679, 224], "panel_size": 152096, "panel_aspectRatio": 3.03125, "category": "Discussion", "figures": 0, "textlen": 76, "fig_size": 0, "title": "Discussion", "textRatio": 0.16593886462882096, "figRatio": 0.0}}}