{"poster_size": 3110400, "doclen": 361, "figlen": 791456, "section": {"1": {"xy": [218, 30, 1734, 171], "panel_size": 296514, "panel_aspectRatio": 10.140350877192983, "category": "Title", "figures": 2, "textlen": 6, "fig_size": 82335, "title": "Embodied Music Meditation:\nA Real-time Interactive Audio-Visual System for Buddhist Mudras Exploration", "31": {"fig_size": 36630, "fig_aspectRatio": 1.3454545454545455, "fig_size_poster": 0.12802768166089964}, "32": {"fig_size": 45705, "fig_aspectRatio": 1.6787878787878787, "fig_size_poster": 0.15974625144175317}, "textRatio": 0.01662049861495845, "figRatio": 0.10402978813730643}, "2": {"xy": [174, 223, 595, 215], "panel_size": 127925, "panel_aspectRatio": 2.7674418604651163, "category": "Introduction", "figures": 0, "textlen": 42, "fig_size": 0, "title": "Motivation", "textRatio": 0.11634349030470914, "figRatio": 0.0}, "4": {"xy": [184, 440, 579, 673], "panel_size": 389667, "panel_aspectRatio": 0.8603268945022289, "category": "Introduction", "figures": 1, "textlen": 100, "fig_size": 145485, "title": "Problem Definition", "6": {"fig_size": 145485, "fig_aspectRatio": 2.0716981132075474, "fig_size_poster": 0.9481865284974094}, "textRatio": 0.2770083102493075, "figRatio": 0.18381944163667974}, "8": {"xy": [180, 1121, 592, 262], "panel_size": 155104, "panel_aspectRatio": 2.2595419847328246, "category": "Method", "figures": 0, "textlen": 39, "fig_size": 0, "title": "Model and Approaches\n", "textRatio": 0.10803324099722991, "figRatio": 0.0}, "10": {"xy": [783, 220, 585, 896], "panel_size": 524160, "panel_aspectRatio": 0.6529017857142857, "category": "Method", "figures": 2, "textlen": 67, "fig_size": 173140, "title": "Models and Approaches(cont')", "11": {"fig_size": 61586, "fig_aspectRatio": 2.2349397590361444, "fig_size_poster": 0.6341880341880342}, "14": {"fig_size": 111554, "fig_aspectRatio": 2.994818652849741, "fig_size_poster": 0.9880341880341881}, "textRatio": 0.18559556786703602, "figRatio": 0.21876137144705454}, "17": {"xy": [793, 1117, 587, 266], "panel_size": 156142, "panel_aspectRatio": 2.206766917293233, "category": "Result", "figures": 1, "textlen": 11, "fig_size": 72192, "title": "Experiment and Results", "19": {"fig_size": 72192, "fig_aspectRatio": 4.40625, "fig_size_poster": 0.9608177172061328}, "textRatio": 0.030470914127423823, "figRatio": 0.09121416730683701}, "21": {"xy": [1396, 218, 587, 363], "panel_size": 213081, "panel_aspectRatio": 1.6170798898071626, "category": "Result", "figures": 1, "textlen": 19, "fig_size": 115000, "title": "Experiment and Results(cont')", "23": {"fig_size": 115000, "fig_aspectRatio": 2.875, "fig_size_poster": 0.979557069846678}, "textRatio": 0.05263157894736842, "figRatio": 0.1453018234747099}, "25": {"xy": [1400, 587, 593, 797], "panel_size": 472621, "panel_aspectRatio": 0.7440401505646174, "category": "Discussion", "figures": 1, "textlen": 77, "fig_size": 203304, "title": "Analysis", "27": {"fig_size": 203304, "fig_aspectRatio": 1.3096446700507614, "fig_size_poster": 0.8701517706576728}, "textRatio": 0.21329639889196675, "figRatio": 0.2568734079974124}}}