{"poster_size": 6531840, "doclen": 436, "figlen": 1290307, "section": {"1": {"xy": [846, 78, 1357, 105], "panel_size": 142485, "panel_aspectRatio": 12.923809523809524, "category": "Title", "figures": 0, "textlen": 0, "fig_size": 0, "title": "Foreign Currency Exchange Rate Forecast", "textRatio": 0.0, "figRatio": 0.0}, "2": {"xy": [70, 358, 1019, 531], "panel_size": 541089, "panel_aspectRatio": 1.9190207156308852, "category": "Introduction", "figures": 0, "textlen": 125, "fig_size": 0, "title": "Introduction", "textRatio": 0.286697247706422, "figRatio": 0.0}, "4": {"xy": [67, 898, 1024, 717], "panel_size": 734208, "panel_aspectRatio": 1.4281729428172942, "category": "Introduction", "figures": 0, "textlen": 138, "fig_size": 0, "title": "Data", "textRatio": 0.3165137614678899, "figRatio": 0.0}, "6": {"xy": [71, 1622, 1025, 515], "panel_size": 527875, "panel_aspectRatio": 1.9902912621359223, "category": "Method", "figures": 0, "textlen": 33, "fig_size": 0, "title": "Approach/Methodology", "textRatio": 0.07568807339449542, "figRatio": 0.0}, "8": {"xy": [1128, 362, 902, 503], "panel_size": 453706, "panel_aspectRatio": 1.7932405566600398, "category": "Method", "figures": 0, "textlen": 52, "fig_size": 0, "title": "Experiment 1:Sign Prediction(Classification)", "textRatio": 0.11926605504587157, "figRatio": 0.0}, "10": {"xy": [1132, 875, 882, 617], "panel_size": 544194, "panel_aspectRatio": 1.4294975688816856, "category": "Method", "figures": 1, "textlen": 80, "fig_size": 68724, "title": "Experiment 2:Profit Simulator(Regression)", "11": {"fig_size": 68724, "fig_aspectRatio": 9.975903614457831, "fig_size_poster": 0.9387755102040817}, "textRatio": 0.1834862385321101, "figRatio": 0.053261743135548364}, "14": {"xy": [1138, 1508, 884, 617], "panel_size": 545428, "panel_aspectRatio": 1.432739059967585, "category": "Method", "figures": 1, "textlen": 0, "fig_size": 265895, "title": "Prediction", "15": {"fig_size": 265895, "fig_aspectRatio": 1.0764587525150906, "fig_size_poster": 0.6052036199095022}, "textRatio": 0.0, "figRatio": 0.2060711133086932}, "16": {"xy": [2068, 369, 879, 1425], "panel_size": 1252575, "panel_aspectRatio": 0.6168421052631579, "category": "Result", "figures": 3, "textlen": 0, "fig_size": 955688, "title": "Result and Discussion", "17": {"fig_size": 313226, "fig_aspectRatio": 1.9773869346733668, "fig_size_poster": 0.8953356086461889}, "18": {"fig_size": 315146, "fig_aspectRatio": 2.061381074168798, "fig_size_poster": 0.9169510807736063}, "19": {"fig_size": 327316, "fig_aspectRatio": 1.4630021141649048, "fig_size_poster": 0.7872582480091013}, "textRatio": 0.0, "figRatio": 0.7406671435557585}, "20": {"xy": [2064, 1816, 894, 308], "panel_size": 275352, "panel_aspectRatio": 2.9025974025974026, "category": "Discussion", "figures": 0, "textlen": 8, "fig_size": 0, "title": "Future Work", "textRatio": 0.01834862385321101, "figRatio": 0.0}}}