{"poster_size": 4478976, "doclen": 315, "figlen": 1075287, "section": {"1": {"xy": [812, 19, 951, 174], "panel_size": 165474, "panel_aspectRatio": 5.4655172413793105, "category": "Title", "figures": 0, "textlen": 6, "fig_size": 0, "title": "Music Recommendation Systems", "textRatio": 0.01904761904761905, "figRatio": 0.0}, "3": {"xy": [16, 221, 825, 296], "panel_size": 244200, "panel_aspectRatio": 2.7871621621621623, "category": "Introduction", "figures": 1, "textlen": 45, "fig_size": 5829, "title": "Recommending Music\n", "61": {"fig_size": 5829, "fig_aspectRatio": 1.2985074626865671, "fig_size_poster": 0.10545454545454545}, "textRatio": 0.14285714285714285, "figRatio": 0.00542087833294739}, "5": {"xy": [18, 537, 828, 608], "panel_size": 503424, "panel_aspectRatio": 1.361842105263158, "category": "Method", "figures": 3, "textlen": 76, "fig_size": 51693, "title": "Data", "7": {"fig_size": 12555, "fig_aspectRatio": 1.4516129032258065, "fig_size_poster": 0.16304347826086957}, "9": {"fig_size": 7038, "fig_aspectRatio": 1.4782608695652173, "fig_size_poster": 0.12318840579710146}, "13": {"fig_size": 32100, "fig_aspectRatio": 2.803738317757009, "fig_size_poster": 0.36231884057971014}, "textRatio": 0.24126984126984127, "figRatio": 0.04807367707412068}, "14": {"xy": [18, 1165, 820, 487], "panel_size": 399340, "panel_aspectRatio": 1.6837782340862424, "category": "Method", "figures": 5, "textlen": 33, "fig_size": 98422, "title": "Count to Rating\n", "19": {"fig_size": 20202, "fig_aspectRatio": 3.689189189189189, "fig_size_poster": 0.3329268292682927}, "21": {"fig_size": 14823, "fig_aspectRatio": 3.9836065573770494, "fig_size_poster": 0.29634146341463413}, "23": {"fig_size": 29808, "fig_aspectRatio": 4.54320987654321, "fig_size_poster": 0.44878048780487806}, "25": {"fig_size": 26068, "fig_aspectRatio": 4.5131578947368425, "fig_size_poster": 0.41829268292682925}, "29": {"fig_size": 7521, "fig_aspectRatio": 1.5797101449275361, "fig_size_poster": 0.1329268292682927}, "textRatio": 0.10476190476190476, "figRatio": 0.0915309122122745}, "26": {"xy": [857, 219, 881, 227], "panel_size": 199987, "panel_aspectRatio": 3.881057268722467, "category": "Method", "figures": 1, "textlen": 14, "fig_size": 4488, "title": "Collaborative filtering methods\n", "28": {"fig_size": 4488, "fig_aspectRatio": 0.9705882352941176, "fig_size_poster": 0.07491486946651532}, "textRatio": 0.044444444444444446, "figRatio": 0.004173769421559082}, "30": {"xy": [854, 473, 881, 541], "panel_size": 476621, "panel_aspectRatio": 1.6284658040665434, "category": "Method", "figures": 5, "textlen": 65, "fig_size": 91733, "title": "Neighborhood Model\n.", "34": {"fig_size": 20859, "fig_aspectRatio": 8.019607843137255, "fig_size_poster": 0.4642451759364359}, "35": {"fig_size": 24056, "fig_aspectRatio": 6.258064516129032, "fig_size_poster": 0.44040862656072643}, "38": {"fig_size": 20397, "fig_aspectRatio": 13.41025641025641, "fig_size_poster": 0.5936435868331441}, "39": {"fig_size": 21801, "fig_aspectRatio": 11.790697674418604, "fig_size_poster": 0.5754824063564131}, "43": {"fig_size": 4620, "fig_aspectRatio": 1.0606060606060606, "fig_size_poster": 0.07945516458569807}, "textRatio": 0.20634920634920634, "figRatio": 0.0853102474037164}, "41": {"xy": [857, 1042, 881, 615], "panel_size": 541815, "panel_aspectRatio": 1.4325203252032521, "category": "Method", "figures": 5, "textlen": 35, "fig_size": 204320, "title": "Latent Factor Model", "42": {"fig_size": 5538, "fig_aspectRatio": 1.0985915492957747, "fig_size_poster": 0.08853575482406356}, "45": {"fig_size": 26390, "fig_aspectRatio": 21.542857142857144, "fig_size_poster": 0.8558456299659478}, "46": {"fig_size": 93492, "fig_aspectRatio": 5.888888888888889, "fig_size_poster": 0.8422247446083996}, "49": {"fig_size": 36942, "fig_aspectRatio": 16.72340425531915, "fig_size_poster": 0.8921679909194098}, "50": {"fig_size": 41958, "fig_aspectRatio": 14.38888888888889, "fig_size_poster": 0.8819523269012486}, "textRatio": 0.1111111111111111, "figRatio": 0.19001438685671826}, "52": {"xy": [1753, 229, 827, 1055], "panel_size": 872485, "panel_aspectRatio": 0.7838862559241706, "category": "Result", "figures": 7, "textlen": 41, "fig_size": 618802, "title": "Results and visualization", "54": {"fig_size": 27816, "fig_aspectRatio": 19.263157894736842, "fig_size_poster": 0.8851269649334945}, "55": {"fig_size": 34470, "fig_aspectRatio": 17.022222222222222, "fig_size_poster": 0.9262394195888755}, "57": {"fig_size": 151248, "fig_aspectRatio": 1.1168478260869565, "fig_size_poster": 0.4969770253929867}, "58": {"fig_size": 139490, "fig_aspectRatio": 1.018918918918919, "fig_size_poster": 0.4558645707376058}, "59": {"fig_size": 121924, "fig_aspectRatio": 1.147239263803681, "fig_size_poster": 0.45223700120918986}, "60": {"fig_size": 137274, "fig_aspectRatio": 1.2305389221556886, "fig_size_poster": 0.4969770253929867}, "62": {"fig_size": 6580, "fig_aspectRatio": 1.3428571428571427, "fig_size_poster": 0.11366384522370013}, "textRatio": 0.13015873015873017, "figRatio": 0.5754761286986637}}}