{"poster_size": 8018220, "doclen": 319, "figlen": 2199906, "section": {"1": {"xy": [439, 118, 2538, 133], "panel_size": 337554, "panel_aspectRatio": 19.082706766917294, "category": "Title", "figures": 0, "textlen": 0, "fig_size": 0, "title": "Handwritten Digit Recognition via Unsupervised Learning", "textRatio": 0.0, "figRatio": 0.0}, "2": {"xy": [75, 436, 1061, 830], "panel_size": 880630, "panel_aspectRatio": 1.2783132530120482, "category": "Introduction", "figures": 1, "textlen": 115, "fig_size": 109568, "title": "Introduction", "4": {"fig_size": 109568, "fig_aspectRatio": 6.6875, "fig_size_poster": 0.8067860508953817}, "textRatio": 0.3605015673981191, "figRatio": 0.049805764428116475}, "5": {"xy": [49, 1282, 1100, 984], "panel_size": 1082400, "panel_aspectRatio": 1.1178861788617886, "category": "Method", "figures": 2, "textlen": 36, "fig_size": 533921, "title": "Improved K-Means", "7": {"fig_size": 287345, "fig_aspectRatio": 0.8875219683655536, "fig_size_poster": 0.4590909090909091}, "8": {"fig_size": 246576, "fig_aspectRatio": 0.884469696969697, "fig_size_poster": 0.42454545454545456}, "textRatio": 0.11285266457680251, "figRatio": 0.24270173361952738}, "9": {"xy": [1194, 425, 1014, 575], "panel_size": 583050, "panel_aspectRatio": 1.7634782608695652, "category": "Method", "figures": 1, "textlen": 10, "fig_size": 409190, "title": "", "10": {"fig_size": 409190, "fig_aspectRatio": 2.3759036144578314, "fig_size_poster": 0.9723865877712031}, "textRatio": 0.03134796238244514, "figRatio": 0.18600340196353843}, "12": {"xy": [1186, 1025, 994, 1003], "panel_size": 996982, "panel_aspectRatio": 0.9910269192422732, "category": "Method", "figures": 2, "textlen": 26, "fig_size": 681156, "title": "Sparse Autoencoder", "14": {"fig_size": 337644, "fig_aspectRatio": 0.6050870147255689, "fig_size_poster": 0.45472837022132795}, "15": {"fig_size": 343512, "fig_aspectRatio": 0.6376021798365122, "fig_size_poster": 0.4708249496981891}, "textRatio": 0.08150470219435736, "figRatio": 0.3096295932644395}, "16": {"xy": [1186, 2054, 996, 200], "panel_size": 199200, "panel_aspectRatio": 4.98, "category": "Method", "figures": 0, "textlen": 23, "fig_size": 0, "title": "Spiking Neural Networks", "textRatio": 0.07210031347962383, "figRatio": 0.0}, "18": {"xy": [2223, 395, 1098, 595], "panel_size": 653310, "panel_aspectRatio": 1.8453781512605043, "category": "Method", "figures": 2, "textlen": 22, "fig_size": 336567, "title": "", "20": {"fig_size": 141906, "fig_aspectRatio": 1.1388101983002832, "fig_size_poster": 0.366120218579235}, "21": {"fig_size": 194661, "fig_aspectRatio": 1.2997416020671835, "fig_size_poster": 0.4581056466302368}, "textRatio": 0.06896551724137931, "figRatio": 0.15299153691112258}, "22": {"xy": [2234, 1005, 1020, 777], "panel_size": 792540, "panel_aspectRatio": 1.3127413127413128, "category": "Result", "figures": 1, "textlen": 87, "fig_size": 129504, "title": "Result", "24": {"fig_size": 129504, "fig_aspectRatio": 2.8544600938967135, "fig_size_poster": 0.596078431372549}, "textRatio": 0.2727272727272727, "figRatio": 0.058867969813255656}}}