{"poster_size": 8036464, "doclen": 333, "figlen": 1938345, "section": {"0": {"xy": [500, 6, 2545, 96], "panel_size": 244320, "panel_aspectRatio": 26.510416666666668, "category": "Title", "figures": 0, "textlen": 0, "fig_size": 0, "title": "HYBRID DISTRIBUTIONAL AND DEFINITIONAL WORD VECTORS", "textRatio": 0.0, "figRatio": 0.0}, "1": {"xy": [50, 261, 1619, 1276], "panel_size": 2065844, "panel_aspectRatio": 1.2688087774294672, "category": "Introduction", "figures": 1, "textlen": 73, "fig_size": 1010160, "title": "OVERVIEW\n", "3": {"fig_size": 1010160, "fig_aspectRatio": 2.121739130434783, "fig_size_poster": 0.9042618900555899}, "textRatio": 0.21921921921921922, "figRatio": 0.5211456164924201}, "4": {"xy": [33, 1549, 819, 757], "panel_size": 619983, "panel_aspectRatio": 1.081902245706737, "category": "Method", "figures": 0, "textlen": 52, "fig_size": 0, "title": "Model\n", "textRatio": 0.15615615615615616, "figRatio": 0.0}, "8": {"xy": [867, 1552, 800, 745], "panel_size": 596000, "panel_aspectRatio": 1.0738255033557047, "category": "Method", "figures": 0, "textlen": 53, "fig_size": 0, "title": "TRAINING\n", "textRatio": 0.15915915915915915, "figRatio": 0.0}, "10": {"xy": [1690, 262, 1648, 990], "panel_size": 1631520, "panel_aspectRatio": 1.6646464646464647, "category": "Result", "figures": 2, "textlen": 83, "fig_size": 565381, "title": "RESULTS\n", "12": {"fig_size": 203806, "fig_aspectRatio": 6.220994475138122, "fig_size_poster": 0.683252427184466}, "15": {"fig_size": 361575, "fig_aspectRatio": 7.142222222222222, "fig_size_poster": 0.975121359223301}, "textRatio": 0.24924924924924924, "figRatio": 0.29168233725162446}, "16": {"xy": [1688, 1262, 1648, 700], "panel_size": 1153600, "panel_aspectRatio": 2.354285714285714, "category": "Result", "figures": 2, "textlen": 45, "fig_size": 362804, "title": "ANALYSIS\n", "18": {"fig_size": 212132, "fig_aspectRatio": 1.6187845303867403, "fig_size_poster": 0.35558252427184467}, "20": {"fig_size": 150672, "fig_aspectRatio": 1.7671232876712328, "fig_size_poster": 0.3131067961165049}, "textRatio": 0.13513513513513514, "figRatio": 0.18717204625595546}, "22": {"xy": [1693, 1985, 812, 316], "panel_size": 256592, "panel_aspectRatio": 2.569620253164557, "category": "Discussion", "figures": 0, "textlen": 27, "fig_size": 0, "title": "FUTURE WORK\n", "textRatio": 0.08108108108108109, "figRatio": 0.0}}}