{"poster_size": 4478976, "doclen": 396, "figlen": 879984, "section": {"1": {"xy": [660, 58, 1312, 94], "panel_size": 123328, "panel_aspectRatio": 13.957446808510639, "category": "Title", "figures": 0, "textlen": 0, "fig_size": 0, "title": "S 229 Final Project: Neural Style Transfer", "textRatio": 0.0, "figRatio": 0.0}, "2": {"xy": [28, 344, 618, 446], "panel_size": 275628, "panel_aspectRatio": 1.3856502242152466, "category": "Introduction", "figures": 0, "textlen": 82, "fig_size": 0, "title": "Introduction", "textRatio": 0.20707070707070707, "figRatio": 0.0}, "4": {"xy": [32, 828, 606, 872], "panel_size": 528432, "panel_aspectRatio": 0.694954128440367, "category": "Method", "figures": 1, "textlen": 91, "fig_size": 163552, "title": "Dataset and  Features", "6": {"fig_size": 163552, "fig_aspectRatio": 1.769736842105263, "fig_size_poster": 0.8877887788778878}, "textRatio": 0.2297979797979798, "figRatio": 0.18585792468953982}, "8": {"xy": [676, 352, 606, 938], "panel_size": 568428, "panel_aspectRatio": 0.6460554371002132, "category": "Method", "figures": 3, "textlen": 89, "fig_size": 158084, "title": "method", "10": {"fig_size": 20608, "fig_aspectRatio": 6.571428571428571, "fig_size_poster": 0.6072607260726073}, "12": {"fig_size": 35712, "fig_aspectRatio": 8.71875, "fig_size_poster": 0.9207920792079208}, "13": {"fig_size": 101764, "fig_aspectRatio": 2.3980582524271843, "fig_size_poster": 0.8151815181518152}, "textRatio": 0.22474747474747475, "figRatio": 0.17964417534864272}, "16": {"xy": [674, 1312, 602, 374], "panel_size": 225148, "panel_aspectRatio": 1.6096256684491979, "category": "Result", "figures": 3, "textlen": 0, "fig_size": 117128, "title": "Results", "17": {"fig_size": 38528, "fig_aspectRatio": 0.7678571428571429, "fig_size_poster": 0.2857142857142857}, "18": {"fig_size": 40320, "fig_aspectRatio": 0.8035714285714286, "fig_size_poster": 0.29900332225913623}, "19": {"fig_size": 38280, "fig_aspectRatio": 0.7909090909090909, "fig_size_poster": 0.28903654485049834}, "textRatio": 0.0, "figRatio": 0.1331024200440008}, "20": {"xy": [1320, 358, 604, 1322], "panel_size": 798488, "panel_aspectRatio": 0.4568835098335855, "category": "Result", "figures": 13, "textlen": 0, "fig_size": 441220, "title": "Results", "21": {"fig_size": 45240, "fig_aspectRatio": 1.858974358974359, "fig_size_poster": 0.48013245033112584}, "22": {"fig_size": 27456, "fig_aspectRatio": 1.1282051282051282, "fig_size_poster": 0.2913907284768212}, "23": {"fig_size": 26544, "fig_aspectRatio": 0.9404761904761905, "fig_size_poster": 0.26158940397350994}, "24": {"fig_size": 16060, "fig_aspectRatio": 1.3272727272727274, "fig_size_poster": 0.24172185430463577}, "25": {"fig_size": 21172, "fig_aspectRatio": 1.1791044776119404, "fig_size_poster": 0.26158940397350994}, "26": {"fig_size": 19908, "fig_aspectRatio": 1.253968253968254, "fig_size_poster": 0.26158940397350994}, "27": {"fig_size": 31160, "fig_aspectRatio": 1.1585365853658536, "fig_size_poster": 0.31456953642384106}, "28": {"fig_size": 22968, "fig_aspectRatio": 1.3181818181818181, "fig_size_poster": 0.28807947019867547}, "29": {"fig_size": 24192, "fig_aspectRatio": 1.5238095238095237, "fig_size_poster": 0.31788079470198677}, "30": {"fig_size": 79016, "fig_aspectRatio": 1.3949579831932772, "fig_size_poster": 0.5496688741721855}, "31": {"fig_size": 24576, "fig_aspectRatio": 1.5, "fig_size_poster": 0.31788079470198677}, "32": {"fig_size": 28224, "fig_aspectRatio": 1.3611111111111112, "fig_size_poster": 0.32450331125827814}, "33": {"fig_size": 74704, "fig_aspectRatio": 1.3879310344827587, "fig_size_poster": 0.5331125827814569}, "textRatio": 0.0, "figRatio": 0.5013954799178166}, "34": {"xy": [1954, 354, 604, 570], "panel_size": 344280, "panel_aspectRatio": 1.0596491228070175, "category": "Discussion", "figures": 0, "textlen": 96, "fig_size": 0, "title": "Discussion", "textRatio": 0.24242424242424243, "figRatio": 0.0}, "36": {"xy": [1962, 962, 592, 374], "panel_size": 221408, "panel_aspectRatio": 1.5828877005347595, "category": "Discussion", "figures": 0, "textlen": 38, "fig_size": 0, "title": "Future Work", "textRatio": 0.09595959595959595, "figRatio": 0.0}}}