{"poster_size": 3110400, "doclen": 497, "figlen": 1106942, "section": {"1": {"xy": [175, 72, 1079, 141], "panel_size": 152139, "panel_aspectRatio": 7.652482269503546, "category": "Title", "figures": 0, "textlen": 0, "fig_size": 0, "title": "Clustering Music by Genres Using Supervised and Unsupervised Algorithm", "textRatio": 0.0, "figRatio": 0.0}, "2": {"xy": [66, 321, 433, 235], "panel_size": 101755, "panel_aspectRatio": 1.8425531914893618, "category": "Introduction", "figures": 0, "textlen": 70, "fig_size": 0, "title": "OBJECTIVES", "textRatio": 0.14084507042253522, "figRatio": 0.0}, "3": {"xy": [65, 566, 434, 543], "panel_size": 235662, "panel_aspectRatio": 0.7992633517495396, "category": "Method", "figures": 1, "textlen": 95, "fig_size": 101992, "title": "DATA AND FEATURE SAMPLING", "13": {"fig_size": 101992, "fig_aspectRatio": 1.7131147540983607, "fig_size_poster": 0.9631336405529954}, "textRatio": 0.19114688128772636, "figRatio": 0.09213852216285948}, "4": {"xy": [65, 1121, 434, 944], "panel_size": 409696, "panel_aspectRatio": 0.4597457627118644, "category": "Method", "figures": 3, "textlen": 0, "fig_size": 362643, "title": "SUPERVISED LEARNING", "10": {"fig_size": 158152, "fig_aspectRatio": 1.1367292225201073, "fig_size_poster": 0.9769585253456221}, "11": {"fig_size": 75115, "fig_aspectRatio": 2.292817679558011, "fig_size_poster": 0.956221198156682}, "12": {"fig_size": 129376, "fig_aspectRatio": 1.337620578778135, "fig_size_poster": 0.9585253456221198}, "textRatio": 0.0, "figRatio": 0.32760795055206143}, "5": {"xy": [509, 333, 421, 1720], "panel_size": 724120, "panel_aspectRatio": 0.24476744186046512, "category": "Method", "figures": 4, "textlen": 102, "fig_size": 528739, "title": "UNSUPERVISED LEARNING", "15": {"fig_size": 107532, "fig_aspectRatio": 1.578544061302682, "fig_size_poster": 0.9786223277909739}, "16": {"fig_size": 116724, "fig_aspectRatio": 1.4471830985915493, "fig_size_poster": 0.9762470308788599}, "17": {"fig_size": 91273, "fig_aspectRatio": 1.8687782805429864, "fig_size_poster": 0.9809976247030879}, "18": {"fig_size": 213210, "fig_aspectRatio": 0.8038834951456311, "fig_size_poster": 0.9833729216152018}, "textRatio": 0.2052313883299799, "figRatio": 0.4776573659685873}, "6": {"xy": [948, 334, 450, 706], "panel_size": 317700, "panel_aspectRatio": 0.6373937677053825, "category": "Method", "figures": 1, "textlen": 134, "fig_size": 113568, "title": "DISTANCE BETWEEN GENRES", "21": {"fig_size": 113568, "fig_aspectRatio": 1.5238095238095237, "fig_size_poster": 0.9244444444444444}, "textRatio": 0.26961770623742454, "figRatio": 0.10259616131649174}, "7": {"xy": [963, 1047, 420, 424], "panel_size": 178080, "panel_aspectRatio": 0.9905660377358491, "category": "Result", "figures": 0, "textlen": 96, "fig_size": 0, "title": "CONCLUSION", "textRatio": 0.193158953722334, "figRatio": 0.0}}}