{"poster_size": 4478976, "doclen": 323, "figlen": 1861329, "section": {"1": {"xy": [489, 21, 1589, 72], "panel_size": 114408, "panel_aspectRatio": 22.069444444444443, "category": "Title", "figures": 0, "textlen": 0, "fig_size": 0, "title": "Machine Learning Methods for Climbing Route Classification", "textRatio": 0.0, "figRatio": 0.0}, "2": {"xy": [34, 245, 524, 569], "panel_size": 298156, "panel_aspectRatio": 0.9209138840070299, "category": "Introduction", "figures": 0, "textlen": 95, "fig_size": 0, "title": "Abstract", "textRatio": 0.29411764705882354, "figRatio": 0.0}, "4": {"xy": [30, 836, 524, 854], "panel_size": 447496, "panel_aspectRatio": 0.6135831381733021, "category": "Method", "figures": 2, "textlen": 58, "fig_size": 186682, "title": "Data", "5": {"fig_size": 94428, "fig_aspectRatio": 0.6304909560723514, "fig_size_poster": 0.46564885496183206}, "6": {"fig_size": 92254, "fig_aspectRatio": 0.6191709844559585, "fig_size_poster": 0.45610687022900764}, "textRatio": 0.17956656346749225, "figRatio": 0.1002950042684555}, "8": {"xy": [569, 247, 1443, 705], "panel_size": 1017315, "panel_aspectRatio": 2.046808510638298, "category": "Method", "figures": 1, "textlen": 0, "fig_size": 904451, "title": "Models", "9": {"fig_size": 904451, "fig_aspectRatio": 2.201248049921997, "fig_size_poster": 0.9778239778239778}, "textRatio": 0.0, "figRatio": 0.48591678311572}, "10": {"xy": [593, 958, 1415, 727], "panel_size": 1028705, "panel_aspectRatio": 1.9463548830811555, "category": "Result", "figures": 6, "textlen": 0, "fig_size": 770196, "title": "Results", "11": {"fig_size": 160008, "fig_aspectRatio": 3.1327433628318584, "fig_size_poster": 0.5003533568904593}, "12": {"fig_size": 163878, "fig_aspectRatio": 1.1230366492146597, "fig_size_poster": 0.30318021201413425}, "13": {"fig_size": 100232, "fig_aspectRatio": 0.7165775401069518, "fig_size_poster": 0.18939929328621907}, "14": {"fig_size": 108834, "fig_aspectRatio": 0.7780748663101604, "fig_size_poster": 0.20565371024734982}, "15": {"fig_size": 106684, "fig_aspectRatio": 0.8324022346368715, "fig_size_poster": 0.21060070671378092}, "16": {"fig_size": 130560, "fig_aspectRatio": 3.1372549019607843, "fig_size_poster": 0.45229681978798586}, "textRatio": 0.0, "figRatio": 0.4137882126158245}, "17": {"xy": [2026, 252, 550, 856], "panel_size": 470800, "panel_aspectRatio": 0.6425233644859814, "category": "Discussion", "figures": 0, "textlen": 145, "fig_size": 0, "title": "Discussion", "textRatio": 0.44891640866873067, "figRatio": 0.0}, "19": {"xy": [2036, 1112, 542, 307], "panel_size": 166394, "panel_aspectRatio": 1.765472312703583, "category": "Discussion", "figures": 0, "textlen": 25, "fig_size": 0, "title": "Future Work", "textRatio": 0.07739938080495357, "figRatio": 0.0}}}