{"poster_size": 4014656, "doclen": 603, "figlen": 1220770, "section": {"1": {"xy": [580, 36, 1362, 80], "panel_size": 108960, "panel_aspectRatio": 17.025, "category": "Title", "figures": 0, "textlen": 0, "fig_size": 0, "title": "ImprovinG YELP RESTAURANT RECOMMENDATIONS", "textRatio": 0.0, "figRatio": 0.0}, "2": {"xy": [27, 199, 779, 624], "panel_size": 486096, "panel_aspectRatio": 1.248397435897436, "category": "Introduction", "figures": 0, "textlen": 210, "fig_size": 0, "title": "BACKGROUND", "textRatio": 0.3482587064676617, "figRatio": 0.0}, "5": {"xy": [28, 834, 780, 779], "panel_size": 607620, "panel_aspectRatio": 1.0012836970474968, "category": "Method", "figures": 2, "textlen": 115, "fig_size": 161010, "title": "DATA & PREPROCESSING", "7": {"fig_size": 115260, "fig_aspectRatio": 0.9970588235294118, "fig_size_poster": 0.4346153846153846}, "8": {"fig_size": 45750, "fig_aspectRatio": 2.928, "fig_size_poster": 0.46923076923076923}, "textRatio": 0.19071310116086235, "figRatio": 0.13189216641955487}, "10": {"xy": [813, 199, 762, 581], "panel_size": 442722, "panel_aspectRatio": 1.3115318416523236, "category": "Method", "figures": 1, "textlen": 78, "fig_size": 146676, "title": "METHODS & MODELS (CONTINUED)", "12": {"fig_size": 146676, "fig_aspectRatio": 3.5245098039215685, "fig_size_poster": 0.9435695538057742}, "textRatio": 0.12935323383084577, "figRatio": 0.12015039688065729}, "13": {"xy": [820, 793, 759, 838], "panel_size": 636042, "panel_aspectRatio": 0.905727923627685, "category": "Result", "figures": 2, "textlen": 165, "fig_size": 230968, "title": "EXPERIMENTAL RESULTS", "16": {"fig_size": 115128, "fig_aspectRatio": 1.1826923076923077, "fig_size_poster": 0.48616600790513836}, "17": {"fig_size": 115840, "fig_aspectRatio": 4.525, "fig_size_poster": 0.9538866930171278}, "textRatio": 0.2736318407960199, "figRatio": 0.18919862054277217}, "19": {"xy": [1580, 199, 769, 1103], "panel_size": 848207, "panel_aspectRatio": 0.6971894832275612, "category": "Result", "figures": 2, "textlen": 35, "fig_size": 682116, "title": "RESULTS (CONTINUED)", "20": {"fig_size": 399296, "fig_aspectRatio": 1.349264705882353, "fig_size_poster": 0.9544863459037711}, "21": {"fig_size": 282820, "fig_aspectRatio": 1.8126582278481012, "fig_size_poster": 0.9310793237971391}, "textRatio": 0.05804311774461028, "figRatio": 0.5587588161570156}, "23": {"xy": [1593, 1305, 775, 325], "panel_size": 251875, "panel_aspectRatio": 2.3846153846153846, "category": "Discussion", "figures": 0, "textlen": 0, "fig_size": 0, "title": "CONCLUSIONS\nLDA models trained on reviews conditioned on star ratings generate topics that can accurately describe restaurants and users. k = 40 topics gives reasonably good performance, indicated by MSE of 1.3208.Future investigation should explore connection between LDA and word2vec.K means provides a valuable measure of predicting user preferences for estab-lishments with little error.\nGiven the much larger set of available establishments (dimensions) to those reviewed by any given user, this provides ample opportunity for accurate recommendations.", "textRatio": 0.0, "figRatio": 0.0}}}