{"poster_size": 3110400, "doclen": 725, "figlen": 675455, "section": {"1": {"xy": [443, 13, 1395, 68], "panel_size": 94860, "panel_aspectRatio": 20.514705882352942, "category": "Title", "figures": 0, "textlen": 0, "fig_size": 0, "title": "The Automated Travel Agent: Machine Learning for Hotel Cluster Recommendation", "textRatio": 0.0, "figRatio": 0.0}, "2": {"xy": [296, 191, 518, 297], "panel_size": 153846, "panel_aspectRatio": 1.7441077441077442, "category": "Introduction", "figures": 0, "textlen": 125, "fig_size": 0, "title": "Abstract", "textRatio": 0.1724137931034483, "figRatio": 0.0}, "4": {"xy": [293, 504, 519, 825], "panel_size": 428175, "panel_aspectRatio": 0.6290909090909091, "category": "Method", "figures": 2, "textlen": 136, "fig_size": 159390, "title": "Data and Features", "6": {"fig_size": 93600, "fig_aspectRatio": 1.3846153846153846, "fig_size_poster": 0.6936416184971098}, "9": {"fig_size": 65790, "fig_aspectRatio": 1.4232558139534883, "fig_size_poster": 0.5895953757225434}, "textRatio": 0.18758620689655173, "figRatio": 0.23597426919631953}, "11": {"xy": [818, 190, 517, 1144], "panel_size": 591448, "panel_aspectRatio": 0.4519230769230769, "category": "Method", "figures": 4, "textlen": 319, "fig_size": 157398, "title": "Methodology", "13": {"fig_size": 119952, "fig_aspectRatio": 2.1176470588235294, "fig_size_poster": 0.9748549323017408}, "23": {"fig_size": 12220, "fig_aspectRatio": 5.531914893617022, "fig_size_poster": 0.5029013539651838}, "25": {"fig_size": 10890, "fig_aspectRatio": 3.6, "fig_size_poster": 0.3829787234042553}, "27": {"fig_size": 14336, "fig_aspectRatio": 4.571428571428571, "fig_size_poster": 0.4951644100580271}, "textRatio": 0.44, "figRatio": 0.23302514601268776}, "29": {"xy": [1344, 192, 516, 274], "panel_size": 141384, "panel_aspectRatio": 1.8832116788321167, "category": "Method", "figures": 1, "textlen": 0, "fig_size": 130476, "title": "Methodology", "30": {"fig_size": 130476, "fig_aspectRatio": 1.900763358778626, "fig_size_poster": 0.9651162790697675}, "textRatio": 0.0, "figRatio": 0.1931675685278812}, "31": {"xy": [1342, 469, 514, 620], "panel_size": 318680, "panel_aspectRatio": 0.8290322580645161, "category": "Result", "figures": 2, "textlen": 60, "fig_size": 228191, "title": "Results", "32": {"fig_size": 140756, "fig_aspectRatio": 1.4837662337662338, "fig_size_poster": 0.8891050583657587}, "33": {"fig_size": 87435, "fig_aspectRatio": 1.2835249042145593, "fig_size_poster": 0.6517509727626459}, "textRatio": 0.08275862068965517, "figRatio": 0.3378330162631115}, "35": {"xy": [1339, 1093, 521, 238], "panel_size": 123998, "panel_aspectRatio": 2.189075630252101, "category": "Discussion", "figures": 0, "textlen": 85, "fig_size": 0, "title": "Discussion and Future Work", "textRatio": 0.11724137931034483, "figRatio": 0.0}}}