{"poster_size": 4478976, "doclen": 803, "figlen": 522528, "section": {"1": {"xy": [366, 47, 1874, 116], "panel_size": 217384, "panel_aspectRatio": 16.155172413793103, "category": "Title", "figures": 0, "textlen": 0, "fig_size": 0, "title": "Predicting Coral Reef Regimes from Human and Natural Influences", "textRatio": 0.0, "figRatio": 0.0}, "2": {"xy": [34, 337, 833, 388], "panel_size": 323204, "panel_aspectRatio": 2.1469072164948453, "category": "Introduction", "figures": 0, "textlen": 156, "fig_size": 0, "title": "I. Overview and Motivation", "textRatio": 0.19427148194271482, "figRatio": 0.0}, "4": {"xy": [33, 757, 835, 251], "panel_size": 209585, "panel_aspectRatio": 3.3266932270916336, "category": "Method", "figures": 0, "textlen": 82, "fig_size": 0, "title": "II. Data", "textRatio": 0.10211706102117062, "figRatio": 0.0}, "6": {"xy": [28, 1040, 843, 303], "panel_size": 255429, "panel_aspectRatio": 2.782178217821782, "category": "Method", "figures": 0, "textlen": 85, "fig_size": 0, "title": "III. Features", "textRatio": 0.10585305105853052, "figRatio": 0.0}, "8": {"xy": [33, 1381, 833, 311], "panel_size": 259063, "panel_aspectRatio": 2.6784565916398715, "category": "Method", "figures": 2, "textlen": 69, "fig_size": 21774, "title": "IV. Evaluation Metric: Micro-average of F1 Scores", "10": {"fig_size": 9044, "fig_aspectRatio": 1.9558823529411764, "fig_size_poster": 0.15966386554621848}, "11": {"fig_size": 12730, "fig_aspectRatio": 2.8358208955223883, "fig_size_poster": 0.22809123649459784}, "textRatio": 0.0859277708592777, "figRatio": 0.04167049421275032}, "12": {"xy": [881, 342, 839, 712], "panel_size": 597368, "panel_aspectRatio": 1.178370786516854, "category": "Method", "figures": 3, "textlen": 152, "fig_size": 88873, "title": "V. Models", "14": {"fig_size": 30800, "fig_aspectRatio": 6.285714285714286, "fig_size_poster": 0.5244338498212158}, "15": {"fig_size": 36608, "fig_aspectRatio": 3.3846153846153846, "fig_size_poster": 0.4195470798569726}, "16": {"fig_size": 21465, "fig_aspectRatio": 3.271604938271605, "fig_size_poster": 0.31585220500595945}, "textRatio": 0.18929016189290163, "figRatio": 0.17008275154632863}, "17": {"xy": [884, 1075, 375, 617], "panel_size": 231375, "panel_aspectRatio": 0.6077795786061588, "category": "Method", "figures": 2, "textlen": 7, "fig_size": 120336, "title": "VI. Error Analyses", "19": {"fig_size": 66976, "fig_aspectRatio": 1.5480769230769231, "fig_size_poster": 0.8586666666666667}, "20": {"fig_size": 53360, "fig_aspectRatio": 1.576086956521739, "fig_size_poster": 0.7733333333333333}, "textRatio": 0.008717310087173101, "figRatio": 0.23029579276134485}, "21": {"xy": [1269, 1076, 444, 616], "panel_size": 273504, "panel_aspectRatio": 0.7207792207792207, "category": "Result", "figures": 1, "textlen": 61, "fig_size": 102312, "title": "VII. Results", "23": {"fig_size": 102312, "fig_aspectRatio": 1.6111111111111112, "fig_size_poster": 0.9144144144144144}, "textRatio": 0.0759651307596513, "figRatio": 0.19580194745544735}, "25": {"xy": [1732, 337, 832, 681], "panel_size": 566592, "panel_aspectRatio": 1.2217327459618208, "category": "Discussion", "figures": 2, "textlen": 144, "fig_size": 189233, "title": "VIII. Discussion", "27": {"fig_size": 104855, "fig_aspectRatio": 1.0702875399361023, "fig_size_poster": 0.4026442307692308}, "29": {"fig_size": 84378, "fig_aspectRatio": 1.3943089430894309, "fig_size_poster": 0.41225961538461536}, "textRatio": 0.1793275217932752, "figRatio": 0.36214901402412886}, "30": {"xy": [1732, 1052, 856, 180], "panel_size": 154080, "panel_aspectRatio": 4.7555555555555555, "category": "Discussion", "figures": 0, "textlen": 47, "fig_size": 0, "title": "IX. Future next steps", "textRatio": 0.058530510585305104, "figRatio": 0.0}}}