{"poster_size": 7838208, "doclen": 237, "figlen": 1865940, "section": {"1": {"xy": [601, 52, 1840, 184], "panel_size": 338560, "panel_aspectRatio": 10.0, "category": "Title", "figures": 0, "textlen": 0, "fig_size": 0, "title": "CT-based Patient Triage of COVID-19: Radiomics Prediction of ICU Admission, Mechanical Ventilation, and Death of Patients", "textRatio": 0.0, "figRatio": 0.0}, "2": {"xy": [41, 576, 863, 590], "panel_size": 509170, "panel_aspectRatio": 1.4627118644067796, "category": "Introduction", "figures": 0, "textlen": 49, "fig_size": 0, "title": "Introduction", "textRatio": 0.20675105485232068, "figRatio": 0.0}, "3": {"xy": [39, 1174, 873, 1340], "panel_size": 1169820, "panel_aspectRatio": 0.6514925373134328, "category": "Introduction", "figures": 1, "textlen": 28, "fig_size": 596880, "title": "Data and Study Design", "12": {"fig_size": 596880, "fig_aspectRatio": 1.1513888888888888, "fig_size_poster": 0.9495990836197021}, "textRatio": 0.11814345991561181, "figRatio": 0.31988166822084313}, "4": {"xy": [1158, 595, 762, 333], "panel_size": 253746, "panel_aspectRatio": 2.2882882882882885, "category": "Introduction", "figures": 0, "textlen": 22, "fig_size": 0, "title": "Data and Study Design", "textRatio": 0.09282700421940929, "figRatio": 0.0}, "5": {"xy": [1147, 944, 776, 387], "panel_size": 300312, "panel_aspectRatio": 2.005167958656331, "category": "Method", "figures": 0, "textlen": 11, "fig_size": 0, "title": "Prediction Models", "textRatio": 0.046413502109704644, "figRatio": 0.0}, "7": {"xy": [1060, 1344, 949, 1197], "panel_size": 1135953, "panel_aspectRatio": 0.7928153717627402, "category": "Result", "figures": 2, "textlen": 18, "fig_size": 717135, "title": "Results", "17": {"fig_size": 197640, "fig_aspectRatio": 3.319672131147541, "fig_size_poster": 0.8535300316122234}, "19": {"fig_size": 519495, "fig_aspectRatio": 1.5076660988074957, "fig_size_poster": 0.9325605900948367}, "textRatio": 0.0759493670886076, "figRatio": 0.38432907810540534}, "8": {"xy": [2098, 595, 889, 925], "panel_size": 822325, "panel_aspectRatio": 0.961081081081081, "category": "Result", "figures": 1, "textlen": 20, "fig_size": 551925, "title": "Results", "21": {"fig_size": 551925, "fig_aspectRatio": 1.2331838565022422, "fig_size_poster": 0.9280089988751407}, "textRatio": 0.08438818565400844, "figRatio": 0.2957892536737516}, "9": {"xy": [2098, 1539, 895, 956], "panel_size": 855620, "panel_aspectRatio": 0.9361924686192469, "category": "Discussion", "figures": 0, "textlen": 89, "fig_size": 0, "title": "Conclusion", "textRatio": 0.3755274261603376, "figRatio": 0.0}}}