{"poster_size": 5842368, "doclen": 429, "figlen": 865882, "section": {"1": {"xy": [507, 108, 782, 405], "panel_size": 316710, "panel_aspectRatio": 1.9308641975308642, "category": "Title", "figures": 0, "textlen": 0, "fig_size": 0, "title": "Reviving our Infrastructure to Save Lives", "textRatio": 0.0, "figRatio": 0.0}, "2": {"xy": [5, 692, 581, 1581], "panel_size": 918561, "panel_aspectRatio": 0.3674889310562935, "category": "Introduction", "figures": 2, "textlen": 146, "fig_size": 227790, "title": "Introduction & Data", "4": {"fig_size": 131298, "fig_aspectRatio": 2.3375527426160336, "fig_size_poster": 0.9535283993115319}, "6": {"fig_size": 96492, "fig_aspectRatio": 3.261627906976744, "fig_size_poster": 0.9655765920826161}, "textRatio": 0.34032634032634035, "figRatio": 0.26307279744815115}, "8": {"xy": [663, 671, 668, 846], "panel_size": 565128, "panel_aspectRatio": 0.789598108747045, "category": "Method", "figures": 1, "textlen": 0, "fig_size": 462540, "title": "Decision Trees", "9": {"fig_size": 462540, "fig_aspectRatio": 0.7602564102564102, "fig_size_poster": 0.8877245508982036}, "textRatio": 0.0, "figRatio": 0.5341836416509409}, "10": {"xy": [661, 1576, 730, 818], "panel_size": 597140, "panel_aspectRatio": 0.8924205378973105, "category": "Method", "figures": 0, "textlen": 86, "fig_size": 0, "title": "Methods", "textRatio": 0.20046620046620048, "figRatio": 0.0}, "12": {"xy": [1398, 8, 617, 2393], "panel_size": 1476481, "panel_aspectRatio": 0.25783535311324696, "category": "Result", "figures": 1, "textlen": 197, "fig_size": 175552, "title": "Results & Conclusions", "14": {"fig_size": 175552, "fig_aspectRatio": 0.985781990521327, "fig_size_poster": 0.6742301458670988}, "textRatio": 0.4592074592074592, "figRatio": 0.20274356090090798}}}