{"poster_size": 4478976, "doclen": 413, "figlen": 1257037, "section": {"1": {"xy": [391, 25, 1788, 87], "panel_size": 155556, "panel_aspectRatio": 20.551724137931036, "category": "Title", "figures": 0, "textlen": 0, "fig_size": 0, "title": "Deep Learning for Object Classification in Retail Stores", "textRatio": 0.0, "figRatio": 0.0}, "2": {"xy": [17, 212, 839, 465], "panel_size": 390135, "panel_aspectRatio": 1.8043010752688171, "category": "Introduction", "figures": 0, "textlen": 74, "fig_size": 0, "title": "Introduction", "textRatio": 0.1791767554479419, "figRatio": 0.0}, "4": {"xy": [10, 704, 856, 1005], "panel_size": 860280, "panel_aspectRatio": 0.8517412935323383, "category": "Method", "figures": 2, "textlen": 83, "fig_size": 342058, "title": "Model", "6": {"fig_size": 186406, "fig_aspectRatio": 3.554585152838428, "fig_size_poster": 0.9509345794392523}, "8": {"fig_size": 155652, "fig_aspectRatio": 1.45565749235474, "fig_size_poster": 0.5560747663551402}, "textRatio": 0.2009685230024213, "figRatio": 0.2721145041872276}, "10": {"xy": [874, 218, 861, 465], "panel_size": 400365, "panel_aspectRatio": 1.8516129032258064, "category": "Method", "figures": 1, "textlen": 63, "fig_size": 125730, "title": "", "12": {"fig_size": 125730, "fig_aspectRatio": 1.9488188976377954, "fig_size_poster": 0.5749128919860628}, "textRatio": 0.15254237288135594, "figRatio": 0.10002092221629116}, "14": {"xy": [877, 687, 840, 988], "panel_size": 829920, "panel_aspectRatio": 0.8502024291497976, "category": "Result", "figures": 2, "textlen": 15, "fig_size": 673315, "title": "Result", "16": {"fig_size": 238090, "fig_aspectRatio": 2.831034482758621, "fig_size_poster": 0.9773809523809524}, "17": {"fig_size": 435225, "fig_aspectRatio": 1.579047619047619, "fig_size_poster": 0.986904761904762}, "textRatio": 0.03631961259079903, "figRatio": 0.5356365803075009}, "18": {"xy": [1745, 203, 841, 1150], "panel_size": 967150, "panel_aspectRatio": 0.731304347826087, "category": "Discussion", "figures": 1, "textlen": 178, "fig_size": 115934, "title": "Discussion", "20": {"fig_size": 115934, "fig_aspectRatio": 1.014792899408284, "fig_size_poster": 0.40784780023781214}, "textRatio": 0.43099273607748184, "figRatio": 0.09222799328898036}}}