{"poster_size": 4478976, "doclen": 663, "figlen": 1102992, "section": {"1": {"xy": [545, 83, 1763, 114], "panel_size": 200982, "panel_aspectRatio": 15.464912280701755, "category": "Title", "figures": 0, "textlen": 0, "fig_size": 0, "title": "Large-scale Protein Atlas Compartmentalization Analysis", "textRatio": 0.0, "figRatio": 0.0}, "2": {"xy": [33, 328, 637, 487], "panel_size": 310219, "panel_aspectRatio": 1.3080082135523614, "category": "Introduction", "figures": 0, "textlen": 121, "fig_size": 0, "title": "Introduction", "textRatio": 0.18250377073906485, "figRatio": 0.0}, "4": {"xy": [704, 326, 924, 529], "panel_size": 488796, "panel_aspectRatio": 1.7466918714555766, "category": "Method", "figures": 1, "textlen": 126, "fig_size": 149430, "title": "Dataset", "5": {"fig_size": 149430, "fig_aspectRatio": 5.170588235294118, "fig_size_poster": 0.9512987012987013}, "textRatio": 0.19004524886877827, "figRatio": 0.13547695722181122}, "8": {"xy": [31, 864, 642, 800], "panel_size": 513600, "panel_aspectRatio": 0.8025, "category": "Method", "figures": 1, "textlen": 85, "fig_size": 208861, "title": "Models", "9": {"fig_size": 208861, "fig_aspectRatio": 1.906344410876133, "fig_size_poster": 0.9828660436137072}, "textRatio": 0.1282051282051282, "figRatio": 0.18935858102325312}, "11": {"xy": [707, 865, 933, 802], "panel_size": 748266, "panel_aspectRatio": 1.1633416458852868, "category": "Result", "figures": 3, "textlen": 53, "fig_size": 531675, "title": "Results", "12": {"fig_size": 42364, "fig_aspectRatio": 1.3370786516853932, "fig_size_poster": 0.25509110396570206}, "13": {"fig_size": 148016, "fig_aspectRatio": 2.75, "fig_size_poster": 0.6838156484458735}, "14": {"fig_size": 341295, "fig_aspectRatio": 2.453083109919571, "fig_size_poster": 0.9807073954983923}, "textRatio": 0.07993966817496229, "figRatio": 0.48202978806736585}, "17": {"xy": [1643, 324, 940, 580], "panel_size": 545200, "panel_aspectRatio": 1.6206896551724137, "category": "Result", "figures": 1, "textlen": 81, "fig_size": 213026, "title": "Data Features", "18": {"fig_size": 213026, "fig_aspectRatio": 0.8320158102766798, "fig_size_poster": 0.4478723404255319}, "textRatio": 0.12217194570135746, "figRatio": 0.1931346736875698}, "20": {"xy": [1654, 907, 919, 694], "panel_size": 637786, "panel_aspectRatio": 1.324207492795389, "category": "Discussion", "figures": 0, "textlen": 197, "fig_size": 0, "title": "Analysis", "textRatio": 0.2971342383107089, "figRatio": 0.0}}}