{"poster_size": 6531840, "doclen": 354, "figlen": 2587953, "section": {"1": {"xy": [918, 63, 1220, 104], "panel_size": 126880, "panel_aspectRatio": 11.73076923076923, "category": "Title", "figures": 0, "textlen": 0, "fig_size": 0, "title": "MESH SAMPLING FOR FINITE ELEMENT METHOD", "textRatio": 0.0, "figRatio": 0.0}, "2": {"xy": [55, 328, 853, 483], "panel_size": 411999, "panel_aspectRatio": 1.7660455486542443, "category": "Introduction", "figures": 1, "textlen": 62, "fig_size": 17280, "title": "Introduction", "4": {"fig_size": 17280, "fig_aspectRatio": 5.925925925925926, "fig_size_poster": 0.37514654161781946}, "textRatio": 0.1751412429378531, "figRatio": 0.0066770918946364175}, "7": {"xy": [77, 820, 872, 1252], "panel_size": 1091744, "panel_aspectRatio": 0.6964856230031949, "category": "Method", "figures": 4, "textlen": 157, "fig_size": 213054, "title": "Method", "9": {"fig_size": 18963, "fig_aspectRatio": 4.777777777777778, "fig_size_poster": 0.3451834862385321}, "11": {"fig_size": 27436, "fig_aspectRatio": 4.75, "fig_size_poster": 0.4139908256880734}, "13": {"fig_size": 51935, "fig_aspectRatio": 7.188235294117647, "fig_size_poster": 0.7006880733944955}, "15": {"fig_size": 114720, "fig_aspectRatio": 4.48125, "fig_size_poster": 0.8222477064220184}, "textRatio": 0.4435028248587571, "figRatio": 0.08232529725230714}, "17": {"xy": [971, 343, 1015, 435], "panel_size": 441525, "panel_aspectRatio": 2.3333333333333335, "category": "Method", "figures": 2, "textlen": 0, "fig_size": 328436, "title": "Method", "18": {"fig_size": 66500, "fig_aspectRatio": 7.368421052631579, "fig_size_poster": 0.6896551724137931}, "19": {"fig_size": 261936, "fig_aspectRatio": 3.5404411764705883, "fig_size_poster": 0.948768472906404}, "textRatio": 0.0, "figRatio": 0.12690956906868092}, "20": {"xy": [982, 806, 1002, 1257], "panel_size": 1259514, "panel_aspectRatio": 0.7971360381861575, "category": "Method", "figures": 2, "textlen": 101, "fig_size": 809183, "title": "Applications", "22": {"fig_size": 275577, "fig_aspectRatio": 3.254295532646048, "fig_size_poster": 0.9451097804391217}, "23": {"fig_size": 533606, "fig_aspectRatio": 1.7199281867145422, "fig_size_poster": 0.9560878243512974}, "textRatio": 0.2853107344632768, "figRatio": 0.3126729890380544}, "24": {"xy": [2062, 339, 892, 1763], "panel_size": 1572596, "panel_aspectRatio": 0.5059557572319909, "category": "Result", "figures": 4, "textlen": 34, "fig_size": 1220000, "title": "Results", "25": {"fig_size": 296676, "fig_aspectRatio": 2.178861788617886, "fig_size_poster": 0.9013452914798207}, "26": {"fig_size": 596310, "fig_aspectRatio": 1.1664335664335663, "fig_size_poster": 0.9349775784753364}, "27": {"fig_size": 154836, "fig_aspectRatio": 1.0127877237851663, "fig_size_poster": 0.4439461883408072}, "28": {"fig_size": 172178, "fig_aspectRatio": 1.1091370558375635, "fig_size_poster": 0.4899103139013453}, "textRatio": 0.096045197740113, "figRatio": 0.4714150527463211}}}