{"poster_size": 4007920, "doclen": 625, "figlen": 1398154, "section": {"1": {"xy": [625, 51, 1156, 81], "panel_size": 93636, "panel_aspectRatio": 14.271604938271604, "category": "Title", "figures": 0, "textlen": 0, "fig_size": 0, "title": "Adversarial Attacks on Image Recognition", "textRatio": 0.0, "figRatio": 0.0}, "2": {"xy": [34, 248, 739, 225], "panel_size": 166275, "panel_aspectRatio": 3.2844444444444445, "category": "Introduction", "figures": 0, "textlen": 69, "fig_size": 0, "title": "Abstract", "textRatio": 0.1104, "figRatio": 0.0}, "4": {"xy": [38, 478, 737, 139], "panel_size": 102443, "panel_aspectRatio": 5.302158273381295, "category": "Introduction", "figures": 0, "textlen": 29, "fig_size": 0, "title": "Dataset", "textRatio": 0.0464, "figRatio": 0.0}, "6": {"xy": [31, 621, 746, 1050], "panel_size": 783300, "panel_aspectRatio": 0.7104761904761905, "category": "Method", "figures": 2, "textlen": 114, "fig_size": 376939, "title": "Methodology", "8": {"fig_size": 113774, "fig_aspectRatio": 4.282208588957055, "fig_size_poster": 0.935656836461126}, "11": {"fig_size": 263165, "fig_aspectRatio": 1.9753424657534246, "fig_size_poster": 0.9664879356568364}, "textRatio": 0.1824, "figRatio": 0.2695976265847682}, "12": {"xy": [807, 238, 758, 1425], "panel_size": 1080150, "panel_aspectRatio": 0.5319298245614035, "category": "Result", "figures": 3, "textlen": 150, "fig_size": 639815, "title": "Results", "14": {"fig_size": 262808, "fig_aspectRatio": 2.0166204986149583, "fig_size_poster": 0.9604221635883905}, "17": {"fig_size": 112385, "fig_aspectRatio": 3.93491124260355, "fig_size_poster": 0.8773087071240105}, "18": {"fig_size": 264622, "fig_aspectRatio": 2.0193370165745854, "fig_size_poster": 0.9643799472295514}, "textRatio": 0.24, "figRatio": 0.45761411117802475}, "19": {"xy": [1591, 232, 766, 698], "panel_size": 534668, "panel_aspectRatio": 1.0974212034383954, "category": "Result", "figures": 2, "textlen": 69, "fig_size": 381400, "title": "Results", "20": {"fig_size": 249840, "fig_aspectRatio": 2.07492795389049, "fig_size_poster": 0.9399477806788512}, "22": {"fig_size": 131560, "fig_aspectRatio": 3.885869565217391, "fig_size_poster": 0.933420365535248}, "textRatio": 0.1104, "figRatio": 0.27278826223720704}, "24": {"xy": [1591, 933, 770, 338], "panel_size": 260260, "panel_aspectRatio": 2.2781065088757395, "category": "Discussion", "figures": 0, "textlen": 136, "fig_size": 0, "title": "Discussion", "textRatio": 0.2176, "figRatio": 0.0}, "26": {"xy": [1598, 1275, 771, 213], "panel_size": 164223, "panel_aspectRatio": 3.619718309859155, "category": "Result", "figures": 0, "textlen": 58, "fig_size": 0, "title": "Future Work", "textRatio": 0.0928, "figRatio": 0.0}}}