{"poster_size": 4478976, "doclen": 709, "figlen": 847090, "section": {"1": {"xy": [856, 29, 1279, 168], "panel_size": 214872, "panel_aspectRatio": 7.613095238095238, "category": "Title", "figures": 0, "textlen": 0, "fig_size": 0, "title": "Applying Boosting Algorithm for Improving Diagnosis of Interstitial Lung Diseases", "textRatio": 0.0, "figRatio": 0.0}, "2": {"xy": [19, 285, 512, 775], "panel_size": 396800, "panel_aspectRatio": 0.6606451612903226, "category": "Introduction", "figures": 0, "textlen": 113, "fig_size": 0, "title": "Background", "textRatio": 0.15937940761636107, "figRatio": 0.0}, "4": {"xy": [19, 1077, 515, 633], "panel_size": 325995, "panel_aspectRatio": 0.8135860979462876, "category": "Introduction", "figures": 0, "textlen": 92, "fig_size": 0, "title": "DATA SOURCE", "textRatio": 0.12976022566995768, "figRatio": 0.0}, "6": {"xy": [549, 281, 1419, 739], "panel_size": 1048641, "panel_aspectRatio": 1.9201623815967523, "category": "Method", "figures": 3, "textlen": 158, "fig_size": 433471, "title": "IMAGE AND FEATURE EXTRACTION", "7": {"fig_size": 110903, "fig_aspectRatio": 1.8178137651821862, "fig_size_poster": 0.3164200140944327}, "8": {"fig_size": 72924, "fig_aspectRatio": 2.327683615819209, "fig_size_poster": 0.29034531360112753}, "9": {"fig_size": 249644, "fig_aspectRatio": 0.8075539568345323, "fig_size_poster": 0.3164200140944327}, "textRatio": 0.22284908321579688, "figRatio": 0.5117177631656613}, "14": {"xy": [553, 1031, 1409, 682], "panel_size": 960938, "panel_aspectRatio": 2.065982404692082, "category": "Method", "figures": 3, "textlen": 156, "fig_size": 413619, "title": "FEATURE SELECTION AND MODEL EXECUTION", "15": {"fig_size": 119625, "fig_aspectRatio": 1.5818181818181818, "fig_size_poster": 0.30872959545777146}, "16": {"fig_size": 150060, "fig_aspectRatio": 1.6131147540983606, "fig_size_poster": 0.34918381831085876}, "17": {"fig_size": 143934, "fig_aspectRatio": 1.6208053691275168, "fig_size_poster": 0.34279630943931866}, "textRatio": 0.22002820874471085, "figRatio": 0.48828223683433875}, "20": {"xy": [1989, 282, 589, 607], "panel_size": 357523, "panel_aspectRatio": 0.9703459637561779, "category": "Result", "figures": 0, "textlen": 104, "fig_size": 0, "title": "DISCUSSION", "textRatio": 0.1466854724964739, "figRatio": 0.0}, "22": {"xy": [1988, 905, 589, 531], "panel_size": 312759, "panel_aspectRatio": 1.1092278719397364, "category": "Discussion", "figures": 0, "textlen": 86, "fig_size": 0, "title": "FUTURE DIRECTIONS", "textRatio": 0.12129760225669958, "figRatio": 0.0}}}