{"poster_size": 4478976, "doclen": 1246, "figlen": 673533, "section": {"0": {"xy": [336, 67, 2152, 174], "panel_size": 374448, "panel_aspectRatio": 12.367816091954023, "category": "Title", "figures": 0, "textlen": 0, "fig_size": 0, "title": "Thank You, Next: Using NLP Techniques to Predict Song Skips on Spotify based on\nSequential User and Acoustic Data", "textRatio": 0.0, "figRatio": 0.0}, "1": {"xy": [32, 360, 603, 996], "panel_size": 600588, "panel_aspectRatio": 0.6054216867469879, "category": "Introduction", "figures": 1, "textlen": 211, "fig_size": 158950, "title": "Introduction", "3": {"fig_size": 158950, "fig_aspectRatio": 2.101818181818182, "fig_size_poster": 0.9585406301824212}, "textRatio": 0.16934189406099517, "figRatio": 0.23599437592515882}, "5": {"xy": [31, 1365, 596, 356], "panel_size": 212176, "panel_aspectRatio": 1.6741573033707866, "category": "Method", "figures": 0, "textlen": 126, "fig_size": 0, "title": "Accuracy\nMetric", "textRatio": 0.10112359550561797, "figRatio": 0.0}, "7": {"xy": [650, 343, 629, 1384], "panel_size": 870536, "panel_aspectRatio": 0.45447976878612717, "category": "Method", "figures": 3, "textlen": 287, "fig_size": 204252, "title": "Baseline 1: Gradient Boosted Trees", "9": {"fig_size": 18656, "fig_aspectRatio": 9.636363636363637, "fig_size_poster": 0.6740858505564388}, "11": {"fig_size": 47500, "fig_aspectRatio": 4.75, "fig_size_poster": 0.7551669316375199}, "12": {"fig_size": 138096, "fig_aspectRatio": 2.1746031746031744, "fig_size_poster": 0.8712241653418124}, "textRatio": 0.2303370786516854, "figRatio": 0.30325462894913835}, "15": {"xy": [1303, 336, 638, 1382], "panel_size": 881716, "panel_aspectRatio": 0.46164978292329956, "category": "Method", "figures": 3, "textlen": 305, "fig_size": 310331, "title": "Transformer - Traditional NLP Model", "17": {"fig_size": 201135, "fig_aspectRatio": 1.6898550724637682, "fig_size_poster": 0.9137931034482759}, "18": {"fig_size": 33420, "fig_aspectRatio": 9.283333333333333, "fig_size_poster": 0.8730407523510971}, "20": {"fig_size": 75776, "fig_aspectRatio": 4.625, "fig_size_poster": 0.9278996865203761}, "textRatio": 0.2447833065810594, "figRatio": 0.46075099512570283}, "21": {"xy": [1976, 363, 611, 935], "panel_size": 571285, "panel_aspectRatio": 0.653475935828877, "category": "Discussion", "figures": 0, "textlen": 317, "fig_size": 0, "title": "Discussion/Error Analysis", "textRatio": 0.25441412520064205, "figRatio": 0.0}}}