{"poster_size": 4478976, "doclen": 311, "figlen": 1110838, "section": {"1": {"xy": [399, 43, 1824, 82], "panel_size": 149568, "panel_aspectRatio": 22.24390243902439, "category": "Title", "figures": 0, "textlen": 0, "fig_size": 0, "title": "Diagnosing Type ll Diabetes based on Medical Records", "textRatio": 0.0, "figRatio": 0.0}, "2": {"xy": [36, 229, 683, 286], "panel_size": 195338, "panel_aspectRatio": 2.388111888111888, "category": "Introduction", "figures": 0, "textlen": 48, "fig_size": 0, "title": "MOTIVATION", "textRatio": 0.15434083601286175, "figRatio": 0.0}, "4": {"xy": [31, 532, 689, 1055], "panel_size": 726895, "panel_aspectRatio": 0.6530805687203791, "category": "Method", "figures": 1, "textlen": 98, "fig_size": 270816, "title": "Data", "7": {"fig_size": 270816, "fig_aspectRatio": 1.6674937965260546, "fig_size_poster": 0.9753265602322206}, "textRatio": 0.31511254019292606, "figRatio": 0.24379432464499773}, "8": {"xy": [745, 228, 729, 250], "panel_size": 182250, "panel_aspectRatio": 2.916, "category": "Method", "figures": 0, "textlen": 0, "fig_size": 0, "title": "Approach", "textRatio": 0.0, "figRatio": 0.0}, "9": {"xy": [746, 490, 734, 1095], "panel_size": 803730, "panel_aspectRatio": 0.6703196347031963, "category": "Method", "figures": 0, "textlen": 165, "fig_size": 0, "title": "Methods", "textRatio": 0.5305466237942122, "figRatio": 0.0}, "14": {"xy": [1513, 228, 1059, 961], "panel_size": 1017699, "panel_aspectRatio": 1.1019771071800208, "category": "Result", "figures": 3, "textlen": 0, "fig_size": 840022, "title": "Results", "15": {"fig_size": 212585, "fig_aspectRatio": 5.058536585365854, "fig_size_poster": 0.9792256846081209}, "16": {"fig_size": 274540, "fig_aspectRatio": 3.909433962264151, "fig_size_poster": 0.9782813975448537}, "17": {"fig_size": 352897, "fig_aspectRatio": 2.7381615598885793, "fig_size_poster": 0.9282341831916903}, "textRatio": 0.0, "figRatio": 0.7562056753550023}}}