{"poster_size": 4478976, "doclen": 403, "figlen": 974033, "section": {"1": {"xy": [23, 297, 817, 444], "panel_size": 362748, "panel_aspectRatio": 1.84009009009009, "category": "Introduction", "figures": 0, "textlen": 0, "fig_size": 0, "title": "Abstract\n", "textRatio": 0.0, "figRatio": 0.0}, "3": {"xy": [23, 761, 823, 966], "panel_size": 795018, "panel_aspectRatio": 0.8519668737060041, "category": "Method", "figures": 3, "textlen": 101, "fig_size": 127080, "title": "Data and Features\n", "5": {"fig_size": 78736, "fig_aspectRatio": 6.276785714285714, "fig_size_poster": 0.8541919805589308}, "9": {"fig_size": 13788, "fig_aspectRatio": 10.63888888888889, "fig_size_poster": 0.46537059538274606}, "11": {"fig_size": 34556, "fig_aspectRatio": 1.3006134969325154, "fig_size_poster": 0.25759416767922233}, "textRatio": 0.2506203473945409, "figRatio": 0.13046785889184453}, "12": {"xy": [860, 297, 926, 812], "panel_size": 751912, "panel_aspectRatio": 1.1403940886699508, "category": "Method", "figures": 3, "textlen": 91, "fig_size": 271405, "title": "Models\n", "14": {"fig_size": 140384, "fig_aspectRatio": 5.219512195121951, "fig_size_poster": 0.9244060475161987}, "16": {"fig_size": 115236, "fig_aspectRatio": 3.0618556701030926, "fig_size_poster": 0.6414686825053996}, "26": {"fig_size": 15785, "fig_aspectRatio": 2.6623376623376624, "fig_size_poster": 0.22138228941684665}, "textRatio": 0.22580645161290322, "figRatio": 0.27864045674017207}, "17": {"xy": [850, 1111, 940, 606], "panel_size": 569640, "panel_aspectRatio": 1.551155115511551, "category": "Result", "figures": 1, "textlen": 30, "fig_size": 372360, "title": "Results", "18": {"fig_size": 372360, "fig_aspectRatio": 1.967816091954023, "fig_size_poster": 0.9106382978723404}, "textRatio": 0.07444168734491315, "figRatio": 0.38228684243757655}, "19": {"xy": [1795, 296, 769, 383], "panel_size": 294527, "panel_aspectRatio": 2.0078328981723237, "category": "Result", "figures": 1, "textlen": 0, "fig_size": 203188, "title": "Results, cont.", "20": {"fig_size": 203188, "fig_aspectRatio": 2.0348101265822787, "fig_size_poster": 0.8361508452535761}, "textRatio": 0.0, "figRatio": 0.20860484193040688}, "21": {"xy": [1797, 681, 772, 511], "panel_size": 394492, "panel_aspectRatio": 1.5107632093933463, "category": "Discussion", "figures": 0, "textlen": 87, "fig_size": 0, "title": "Discussion\n", "textRatio": 0.21588089330024815, "figRatio": 0.0}, "23": {"xy": [1797, 1206, 760, 266], "panel_size": 202160, "panel_aspectRatio": 2.857142857142857, "category": "Discussion", "figures": 0, "textlen": 0, "fig_size": 0, "title": "Future Steps\nUse transfer learning to circumvent small sample size\nIncorporate demographic data into deep-learning models\nUse different parcellation methods for pre-processing data\nApply different models to condensed time-series data\nConsider different modes of preventing overfitting (regularization)", "textRatio": 0.0, "figRatio": 0.0}}}