{"poster_size": 3110400, "doclen": 219, "figlen": 1349701, "section": {"0": {"xy": [188, 37, 1060, 118], "panel_size": 125080, "panel_aspectRatio": 8.983050847457626, "category": "Title", "figures": 0, "textlen": 0, "fig_size": 0, "title": "Multi-person Pose Estimation using Depth andThermal Data Modalities", "textRatio": 0.0, "figRatio": 0.0}, "1": {"xy": [25, 238, 1404, 449], "panel_size": 630396, "panel_aspectRatio": 3.1269487750556793, "category": "Introduction", "figures": 1, "textlen": 107, "fig_size": 118140, "title": "Introduction", "3": {"fig_size": 118140, "fig_aspectRatio": 0.9217877094972067, "fig_size_poster": 0.23504273504273504}, "textRatio": 0.4885844748858447, "figRatio": 0.0875304974953712}, "5": {"xy": [23, 703, 1400, 577], "panel_size": 807800, "panel_aspectRatio": 2.4263431542461005, "category": "Method", "figures": 2, "textlen": 48, "fig_size": 526721, "title": "Methods", "6": {"fig_size": 195896, "fig_aspectRatio": 1.3856382978723405, "fig_size_poster": 0.37214285714285716}, "8": {"fig_size": 330825, "fig_aspectRatio": 2.057356608478803, "fig_size_poster": 0.5892857142857143}, "textRatio": 0.2191780821917808, "figRatio": 0.3902501368821687}, "11": {"xy": [20, 1287, 928, 866], "panel_size": 803648, "panel_aspectRatio": 1.071593533487298, "category": "Result", "figures": 2, "textlen": 0, "fig_size": 704840, "title": "Results", "12": {"fig_size": 292500, "fig_aspectRatio": 0.4807692307692308, "fig_size_poster": 0.4040948275862069}, "13": {"fig_size": 412340, "fig_aspectRatio": 0.6812339331619537, "fig_size_poster": 0.5711206896551724}, "textRatio": 0.0, "figRatio": 0.5222193656224601}, "14": {"xy": [959, 1289, 453, 402], "panel_size": 182106, "panel_aspectRatio": 1.126865671641791, "category": "Discussion", "figures": 0, "textlen": 64, "fig_size": 0, "title": "Acknowledgements", "textRatio": 0.2922374429223744, "figRatio": 0.0}}}