{"poster_size": 4478976, "doclen": 200, "figlen": 2215002, "section": {"1": {"xy": [761, 45, 1096, 86], "panel_size": 94256, "panel_aspectRatio": 12.744186046511627, "category": "Title", "figures": 0, "textlen": 0, "fig_size": 0, "title": "Deep Learning for ETF Price Prediction", "textRatio": 0.0, "figRatio": 0.0}, "2": {"xy": [23, 296, 486, 237], "panel_size": 115182, "panel_aspectRatio": 2.050632911392405, "category": "Introduction", "figures": 0, "textlen": 84, "fig_size": 0, "title": "Motivation", "textRatio": 0.42, "figRatio": 0.0}, "4": {"xy": [16, 540, 489, 667], "panel_size": 326163, "panel_aspectRatio": 0.7331334332833583, "category": "Method", "figures": 2, "textlen": 0, "fig_size": 289929, "title": "Data and Preprocessing", "5": {"fig_size": 71876, "fig_aspectRatio": 3.152317880794702, "fig_size_poster": 0.9734151329243353}, "6": {"fig_size": 218053, "fig_aspectRatio": 1.0260303687635575, "fig_size_poster": 0.967280163599182}, "textRatio": 0.0, "figRatio": 0.13089333553649163}, "7": {"xy": [7, 1213, 494, 456], "panel_size": 225264, "panel_aspectRatio": 1.0833333333333333, "category": "Result", "figures": 1, "textlen": 0, "fig_size": 170880, "title": "Price Change Prediction Results By\nCategory", "8": {"fig_size": 170880, "fig_aspectRatio": 1.1588541666666667, "fig_size_poster": 0.9008097165991903}, "textRatio": 0.0, "figRatio": 0.07714665720392126}, "9": {"xy": [503, 1218, 712, 400], "panel_size": 284800, "panel_aspectRatio": 1.78, "category": "Result", "figures": 2, "textlen": 14, "fig_size": 179965, "title": "Price Change Prediction Results By Date", "10": {"fig_size": 88640, "fig_aspectRatio": 1.1552346570397112, "fig_size_poster": 0.449438202247191}, "11": {"fig_size": 91325, "fig_aspectRatio": 1.1565836298932384, "fig_size_poster": 0.45646067415730335}, "textRatio": 0.07, "figRatio": 0.08124823363590643}, "13": {"xy": [520, 291, 719, 584], "panel_size": 419896, "panel_aspectRatio": 1.231164383561644, "category": "Method", "figures": 2, "textlen": 0, "fig_size": 335523, "title": "Models", "14": {"fig_size": 160888, "fig_aspectRatio": 2.8403361344537816, "fig_size_poster": 0.9401947148817803}, "15": {"fig_size": 174635, "fig_aspectRatio": 2.486792452830189, "fig_size_poster": 0.9165507649513213}, "textRatio": 0.0, "figRatio": 0.1514775155959227}, "16": {"xy": [514, 896, 717, 317], "panel_size": 227289, "panel_aspectRatio": 2.2618296529968456, "category": "Result", "figures": 1, "textlen": 0, "fig_size": 168756, "title": "Hyperparameter Tuning Results", "17": {"fig_size": 168756, "fig_aspectRatio": 2.7886178861788617, "fig_size_poster": 0.9567642956764296}, "textRatio": 0.0, "figRatio": 0.07618774159120398}, "18": {"xy": [1241, 283, 702, 848], "panel_size": 595296, "panel_aspectRatio": 0.8278301886792453, "category": "Result", "figures": 4, "textlen": 0, "fig_size": 442187, "title": "Price Change Prediction Results By Date", "19": {"fig_size": 155156, "fig_aspectRatio": 1.5537974683544304, "fig_size_poster": 0.6994301994301995}, "20": {"fig_size": 12284, "fig_aspectRatio": 8.972972972972974, "fig_size_poster": 0.47293447293447294}, "21": {"fig_size": 213426, "fig_aspectRatio": 1.9131736526946108, "fig_size_poster": 0.9102564102564102}, "22": {"fig_size": 61321, "fig_aspectRatio": 7.741573033707865, "fig_size_poster": 0.9814814814814815}, "textRatio": 0.0, "figRatio": 0.1996327768552805}, "23": {"xy": [1246, 1131, 705, 323], "panel_size": 227715, "panel_aspectRatio": 2.1826625386996903, "category": "Method", "figures": 2, "textlen": 0, "fig_size": 181026, "title": "Reinforcement Learning Architecture", "24": {"fig_size": 89370, "fig_aspectRatio": 1.2259259259259259, "fig_size_poster": 0.4695035460992908}, "25": {"fig_size": 91656, "fig_aspectRatio": 1.2761194029850746, "fig_size_poster": 0.4851063829787234}, "textRatio": 0.0, "figRatio": 0.08172723997540408}, "26": {"xy": [1969, 294, 599, 1119], "panel_size": 670281, "panel_aspectRatio": 0.5352993744414656, "category": "Result", "figures": 2, "textlen": 41, "fig_size": 446736, "title": "Reinforcement Learning Portfolio Management A gent", "27": {"fig_size": 183360, "fig_aspectRatio": 1.790625, "fig_size_poster": 0.9565943238731218}, "28": {"fig_size": 263376, "fig_aspectRatio": 1.1822033898305084, "fig_size_poster": 0.9315525876460768}, "textRatio": 0.205, "figRatio": 0.20168649960586943}, "31": {"xy": [1972, 1426, 620, 208], "panel_size": 128960, "panel_aspectRatio": 2.980769230769231, "category": "Discussion", "figures": 0, "textlen": 61, "fig_size": 0, "title": "Conclusion", "textRatio": 0.305, "figRatio": 0.0}}}