{"poster_size": 4478976, "doclen": 553, "figlen": 1787529, "section": {"0": {"xy": [512, 51, 1621, 159], "panel_size": 257739, "panel_aspectRatio": 10.19496855345912, "category": "Title", "figures": 0, "textlen": 0, "fig_size": 0, "title": "Models of Neuron Coding in Retinal Ganglion Cells and Clustering by Receptive Field", "textRatio": 0.0, "figRatio": 0.0}, "1": {"xy": [5, 280, 641, 720], "panel_size": 461520, "panel_aspectRatio": 0.8902777777777777, "category": "Introduction", "figures": 1, "textlen": 163, "fig_size": 143910, "title": "BACKGROUND", "3": {"fig_size": 143910, "fig_aspectRatio": 2.3780487804878048, "fig_size_poster": 0.9126365054602185}, "textRatio": 0.29475587703435807, "figRatio": 0.08050778476880655}, "4": {"xy": [15, 1013, 622, 615], "panel_size": 382530, "panel_aspectRatio": 1.0113821138211383, "category": "Introduction", "figures": 1, "textlen": 142, "fig_size": 116415, "title": "DATA AND FEATURES", "6": {"fig_size": 116415, "fig_aspectRatio": 3.0615384615384613, "fig_size_poster": 0.9598070739549839}, "textRatio": 0.25678119349005424, "figRatio": 0.06512621613411587}, "7": {"xy": [655, 286, 642, 932], "panel_size": 598344, "panel_aspectRatio": 0.6888412017167382, "category": "Method", "figures": 4, "textlen": 0, "fig_size": 478064, "title": "POISSON MODELS", "8": {"fig_size": 91050, "fig_aspectRatio": 4.046666666666667, "fig_size_poster": 0.9454828660436138}, "9": {"fig_size": 188805, "fig_aspectRatio": 2.003257328990228, "fig_size_poster": 0.9579439252336449}, "10": {"fig_size": 93936, "fig_aspectRatio": 4.065789473684211, "fig_size_poster": 0.9626168224299065}, "11": {"fig_size": 104273, "fig_aspectRatio": 3.6508875739644973, "fig_size_poster": 0.9610591900311527}, "textRatio": 0.0, "figRatio": 0.26744405265592897}, "12": {"xy": [649, 1226, 641, 424], "panel_size": 271784, "panel_aspectRatio": 1.5117924528301887, "category": "Method", "figures": 1, "textlen": 0, "fig_size": 211288, "title": "DEEP NETWORK", "13": {"fig_size": 211288, "fig_aspectRatio": 1.7959183673469388, "fig_size_poster": 0.9609984399375975}, "textRatio": 0.0, "figRatio": 0.1182011592539198}, "14": {"xy": [1303, 285, 632, 1019], "panel_size": 644008, "panel_aspectRatio": 0.620215897939156, "category": "Result", "figures": 1, "textlen": 0, "fig_size": 559650, "title": "CLUSTERING RESULTS", "15": {"fig_size": 559650, "fig_aspectRatio": 0.6758241758241759, "fig_size_poster": 0.9731012658227848}, "textRatio": 0.0, "figRatio": 0.3130858296564699}, "16": {"xy": [1949, 286, 628, 802], "panel_size": 503656, "panel_aspectRatio": 0.7830423940149626, "category": "Result", "figures": 1, "textlen": 120, "fig_size": 278202, "title": "REGRESSION RESULTS", "17": {"fig_size": 278202, "fig_aspectRatio": 1.2811158798283262, "fig_size_poster": 0.9506369426751592}, "textRatio": 0.21699819168173598, "figRatio": 0.15563495753075896}, "19": {"xy": [1946, 1097, 641, 361], "panel_size": 231401, "panel_aspectRatio": 1.7756232686980609, "category": "Discussion", "figures": 0, "textlen": 128, "fig_size": 0, "title": "FUTURE WORK", "textRatio": 0.2314647377938517, "figRatio": 0.0}}}