{"poster_size": 7962624, "doclen": 372, "figlen": 1692410, "section": {"1": {"xy": [544, 25, 2364, 282], "panel_size": 666648, "panel_aspectRatio": 8.382978723404255, "category": "Title", "figures": 0, "textlen": 0, "fig_size": 0, "title": "Ensemble Networks for Better Facial Recognition of Bearded Faces and Beyond", "textRatio": 0.0, "figRatio": 0.0}, "2": {"xy": [54, 336, 985, 817], "panel_size": 804745, "panel_aspectRatio": 1.2056303549571603, "category": "Introduction", "figures": 0, "textlen": 81, "fig_size": 0, "title": "Introduction\n", "textRatio": 0.21774193548387097, "figRatio": 0.0}, "4": {"xy": [51, 1163, 993, 1141], "panel_size": 1133013, "panel_aspectRatio": 0.8702892199824716, "category": "Method", "figures": 2, "textlen": 110, "fig_size": 158000, "title": "Data\n", "6": {"fig_size": 81952, "fig_aspectRatio": 2.1116751269035534, "fig_size_poster": 0.418932527693857}, "7": {"fig_size": 76048, "fig_aspectRatio": 1.9795918367346939, "fig_size_poster": 0.3907351460221551}, "textRatio": 0.2956989247311828, "figRatio": 0.09335799244863834}, "9": {"xy": [1102, 334, 1266, 1413], "panel_size": 1788858, "panel_aspectRatio": 0.8959660297239915, "category": "Result", "figures": 3, "textlen": 46, "fig_size": 952017, "title": "Results", "10": {"fig_size": 399425, "fig_aspectRatio": 3.7815384615384615, "fig_size_poster": 0.9707740916271722}, "12": {"fig_size": 215264, "fig_aspectRatio": 4.290178571428571, "fig_size_poster": 0.759083728278041}, "16": {"fig_size": 337328, "fig_aspectRatio": 1.5668103448275863, "fig_size_poster": 0.5742496050552922}, "textRatio": 0.12365591397849462, "figRatio": 0.5625214930188311}, "17": {"xy": [1102, 1759, 1281, 516], "panel_size": 660996, "panel_aspectRatio": 2.4825581395348837, "category": "Method", "figures": 0, "textlen": 67, "fig_size": 0, "title": "Method\n", "textRatio": 0.18010752688172044, "figRatio": 0.0}, "19": {"xy": [2412, 331, 995, 950], "panel_size": 945250, "panel_aspectRatio": 1.0473684210526315, "category": "Result", "figures": 2, "textlen": 6, "fig_size": 582393, "title": "Architecture\n", "21": {"fig_size": 160356, "fig_aspectRatio": 5.819277108433735, "fig_size_poster": 0.9708542713567839}, "23": {"fig_size": 422037, "fig_aspectRatio": 2.1700680272108843, "fig_size_poster": 0.9618090452261306}, "textRatio": 0.016129032258064516, "figRatio": 0.3441205145325305}, "24": {"xy": [2431, 1308, 993, 680], "panel_size": 675240, "panel_aspectRatio": 1.4602941176470587, "category": "Discussion", "figures": 0, "textlen": 62, "fig_size": 0, "title": "Future Work\n", "textRatio": 0.16666666666666666, "figRatio": 0.0}}}