{"poster_size": 777600, "doclen": 451, "figlen": 174973, "section": {"1": {"xy": [232, 9, 629, 90], "panel_size": 56610, "panel_aspectRatio": 6.988888888888889, "category": "Title", "figures": 0, "textlen": 0, "fig_size": 0, "title": "Applying Machine Learning Algorithms to Predict UFC Fight Outcomes", "textRatio": 0.0, "figRatio": 0.0}, "2": {"xy": [3, 159, 349, 130], "panel_size": 45370, "panel_aspectRatio": 2.6846153846153844, "category": "Introduction", "figures": 0, "textlen": 84, "fig_size": 0, "title": "Motivation", "textRatio": 0.18625277161862527, "figRatio": 0.0}, "4": {"xy": [10, 293, 337, 208], "panel_size": 70096, "panel_aspectRatio": 1.6201923076923077, "category": "Method", "figures": 0, "textlen": 172, "fig_size": 0, "title": "Data and Data Processing", "textRatio": 0.38137472283813745, "figRatio": 0.0}, "6": {"xy": [7, 508, 351, 197], "panel_size": 69147, "panel_aspectRatio": 1.781725888324873, "category": "Method", "figures": 1, "textlen": 42, "fig_size": 18425, "title": "Classification Models", "8": {"fig_size": 18425, "fig_aspectRatio": 6.090909090909091, "fig_size_poster": 0.9544159544159544}, "textRatio": 0.09312638580931264, "figRatio": 0.10530196087396342}, "9": {"xy": [365, 153, 360, 354], "panel_size": 127440, "panel_aspectRatio": 1.0169491525423728, "category": "Method", "figures": 1, "textlen": 0, "fig_size": 112880, "title": "Classification Models", "10": {"fig_size": 112880, "fig_aspectRatio": 1.0240963855421688, "fig_size_poster": 0.9444444444444444}, "textRatio": 0.0, "figRatio": 0.645128105479131}, "11": {"xy": [373, 510, 338, 194], "panel_size": 65572, "panel_aspectRatio": 1.7422680412371134, "category": "Result", "figures": 2, "textlen": 0, "fig_size": 43668, "title": "Prediction and Results", "12": {"fig_size": 23004, "fig_aspectRatio": 4.563380281690141, "fig_size_poster": 0.9585798816568047}, "13": {"fig_size": 20664, "fig_aspectRatio": 3.073170731707317, "fig_size_poster": 0.7455621301775148}, "textRatio": 0.0, "figRatio": 0.24956993364690552}, "14": {"xy": [734, 167, 334, 259], "panel_size": 86506, "panel_aspectRatio": 1.2895752895752897, "category": "Discussion", "figures": 0, "textlen": 81, "fig_size": 0, "title": "Discussion", "textRatio": 0.17960088691796008, "figRatio": 0.0}, "16": {"xy": [737, 431, 334, 114], "panel_size": 38076, "panel_aspectRatio": 2.9298245614035086, "category": "Discussion", "figures": 0, "textlen": 72, "fig_size": 0, "title": "Future", "textRatio": 0.15964523281596452, "figRatio": 0.0}}}