{"poster_size": 3110400, "doclen": 201, "figlen": 191554, "section": {"2": {"xy": [101, 42, 2005, 129], "panel_size": 258645, "panel_aspectRatio": 15.542635658914728, "category": "Title", "figures": 0, "textlen": 0, "fig_size": 0, "title": "Applying adversarial examples to neural language modeling\n", "textRatio": 0.0, "figRatio": 0.0}, "3": {"xy": [46, 243, 658, 640], "panel_size": 421120, "panel_aspectRatio": 1.028125, "category": "Introduction", "figures": 1, "textlen": 27, "fig_size": 135973, "title": "Overview of adversarial learning", "5": {"fig_size": 135973, "fig_aspectRatio": 2.6387665198237884, "fig_size_poster": 0.9103343465045592}, "textRatio": 0.13432835820895522, "figRatio": 0.7098416112427827}, "7": {"xy": [66, 904, 641, 493], "panel_size": 316013, "panel_aspectRatio": 1.3002028397565923, "category": "Method", "figures": 1, "textlen": 24, "fig_size": 55581, "title": "Our approach: apply to language models", "9": {"fig_size": 55581, "fig_aspectRatio": 5.907216494845361, "fig_size_poster": 0.8939157566302652}, "textRatio": 0.11940298507462686, "figRatio": 0.2901583887572173}, "10": {"xy": [754, 256, 661, 368], "panel_size": 243248, "panel_aspectRatio": 1.796195652173913, "category": "Result", "figures": 0, "textlen": 29, "fig_size": 0, "title": "Summary of results", "textRatio": 0.14427860696517414, "figRatio": 0.0}, "12": {"xy": [767, 652, 643, 708], "panel_size": 455244, "panel_aspectRatio": 0.9081920903954802, "category": "Method", "figures": 0, "textlen": 93, "fig_size": 0, "title": "Nearest neighbor visulatization of adversarial example", "textRatio": 0.4626865671641791, "figRatio": 0.0}, "14": {"xy": [1453, 257, 653, 505], "panel_size": 329765, "panel_aspectRatio": 1.293069306930693, "category": "Method", "figures": 0, "textlen": 11, "fig_size": 0, "title": "Petrurbation at word level", "textRatio": 0.05472636815920398, "figRatio": 0.0}, "16": {"xy": [1457, 766, 641, 214], "panel_size": 137174, "panel_aspectRatio": 2.9953271028037385, "category": "Method", "figures": 0, "textlen": 5, "fig_size": 0, "title": "NN of petrunation to pairwise word distances", "textRatio": 0.024875621890547265, "figRatio": 0.0}, "18": {"xy": [1471, 1001, 645, 259], "panel_size": 167055, "panel_aspectRatio": 2.4903474903474905, "category": "Method", "figures": 0, "textlen": 12, "fig_size": 0, "title": "Next steps", "textRatio": 0.05970149253731343, "figRatio": 0.0}}}