{"poster_size": 4478976, "doclen": 611, "figlen": 788560, "section": {"1": {"xy": [18, 23, 1093, 81], "panel_size": 88533, "panel_aspectRatio": 13.493827160493828, "category": "Title", "figures": 0, "textlen": 0, "fig_size": 0, "title": "Classification of Driver Distraction", "textRatio": 0.0, "figRatio": 0.0}, "2": {"xy": [14, 365, 834, 411], "panel_size": 342774, "panel_aspectRatio": 2.0291970802919708, "category": "Introduction", "figures": 0, "textlen": 87, "fig_size": 0, "title": "Summary", "textRatio": 0.14238952536824878, "figRatio": 0.0}, "4": {"xy": [22, 789, 829, 907], "panel_size": 751903, "panel_aspectRatio": 0.9140022050716649, "category": "Introduction", "figures": 1, "textlen": 198, "fig_size": 108537, "title": "Data", "6": {"fig_size": 108537, "fig_aspectRatio": 5.3076923076923075, "fig_size_poster": 0.9155609167671894}, "textRatio": 0.32405891980360063, "figRatio": 0.13763949477528659}, "8": {"xy": [859, 375, 870, 659], "panel_size": 573330, "panel_aspectRatio": 1.3201820940819424, "category": "Method", "figures": 4, "textlen": 56, "fig_size": 322522, "title": "Models", "10": {"fig_size": 71680, "fig_aspectRatio": 0.9142857142857143, "fig_size_poster": 0.2942528735632184}, "11": {"fig_size": 61410, "fig_aspectRatio": 0.8614232209737828, "fig_size_poster": 0.26436781609195403}, "14": {"fig_size": 87462, "fig_aspectRatio": 1.313953488372093, "fig_size_poster": 0.3896551724137931}, "16": {"fig_size": 101970, "fig_aspectRatio": 1.0679611650485437, "fig_size_poster": 0.3793103448275862}, "textRatio": 0.09165302782324058, "figRatio": 0.40900121740894796}, "17": {"xy": [866, 1060, 865, 650], "panel_size": 562250, "panel_aspectRatio": 1.3307692307692307, "category": "Result", "figures": 4, "textlen": 32, "fig_size": 357501, "title": "Results", "18": {"fig_size": 133722, "fig_aspectRatio": 1.4281045751633987, "fig_size_poster": 0.5052023121387283}, "20": {"fig_size": 27740, "fig_aspectRatio": 4.802631578947368, "fig_size_poster": 0.42196531791907516}, "21": {"fig_size": 97989, "fig_aspectRatio": 1.3745318352059925, "fig_size_poster": 0.42427745664739885}, "22": {"fig_size": 98050, "fig_aspectRatio": 1.3962264150943395, "fig_size_poster": 0.4277456647398844}, "textRatio": 0.05237315875613748, "figRatio": 0.45335928781576545}, "23": {"xy": [1751, 375, 823, 750], "panel_size": 617250, "panel_aspectRatio": 1.0973333333333333, "category": "Discussion", "figures": 0, "textlen": 209, "fig_size": 0, "title": "Discussion", "textRatio": 0.34206219312602293, "figRatio": 0.0}, "25": {"xy": [1757, 1132, 801, 259], "panel_size": 207459, "panel_aspectRatio": 3.0926640926640925, "category": "Discussion", "figures": 0, "textlen": 29, "fig_size": 0, "title": "Ongoing and Future Work", "textRatio": 0.04746317512274959, "figRatio": 0.0}}}