{"poster_size": 8957952, "doclen": 537, "figlen": 3054696, "section": {"1": {"xy": [858, 52, 1938, 206], "panel_size": 399228, "panel_aspectRatio": 9.407766990291263, "category": "Title", "figures": 0, "textlen": 0, "fig_size": 0, "title": "Gene selection to predict the cancer type fromgenome-scale CRISPR-Cas9 screens", "textRatio": 0.0, "figRatio": 0.0}, "2": {"xy": [13, 497, 1130, 2072], "panel_size": 2341360, "panel_aspectRatio": 0.5453667953667953, "category": "Introduction", "figures": 1, "textlen": 426, "fig_size": 373835, "title": "BACKGROUND AND SIGNIFICANCE", "4": {"fig_size": 373835, "fig_aspectRatio": 2.522077922077922, "fig_size_poster": 0.8592920353982301}, "textRatio": 0.7932960893854749, "figRatio": 0.12238042672658753}, "6": {"xy": [1151, 499, 1168, 2085], "panel_size": 2435280, "panel_aspectRatio": 0.5601918465227818, "category": "Method", "figures": 3, "textlen": 22, "fig_size": 1674557, "title": "APPLIED METHODS FOR GENE SELECTION", "7": {"fig_size": 613645, "fig_aspectRatio": 2.1439252336448598, "fig_size_poster": 0.9820205479452054}, "9": {"fig_size": 592204, "fig_aspectRatio": 1.5015923566878981, "fig_size_poster": 0.8073630136986302}, "11": {"fig_size": 468708, "fig_aspectRatio": 1.4839857651245552, "fig_size_poster": 0.714041095890411}, "textRatio": 0.040968342644320296, "figRatio": 0.54819104748885}, "12": {"xy": [2332, 503, 1123, 998], "panel_size": 1120754, "panel_aspectRatio": 1.125250501002004, "category": "Result", "figures": 1, "textlen": 0, "fig_size": 863460, "title": "PREDICTION ACCURACY OF DEEP LEARNING BASE DFEATURE SELECTION WITH RESPECT TOTHE NUMBER OF LAYERS AND NODES", "13": {"fig_size": 863460, "fig_aspectRatio": 1.3160493827160493, "fig_size_poster": 0.9492430988423864}, "textRatio": 0.0, "figRatio": 0.28266642572616063}, "14": {"xy": [2324, 1507, 1108, 813], "panel_size": 900804, "panel_aspectRatio": 1.3628536285362853, "category": "Discussion", "figures": 1, "textlen": 89, "fig_size": 142844, "title": "CONCLUSIONS AND FUTURE WORK", "16": {"fig_size": 142844, "fig_aspectRatio": 7.955223880597015, "fig_size_poster": 0.9620938628158845}, "textRatio": 0.16573556797020483, "figRatio": 0.04676210005840188}}}