{"poster_size": 3016800, "doclen": 649, "figlen": 542606, "section": {"1": {"xy": [386, 83, 1328, 79], "panel_size": 104912, "panel_aspectRatio": 16.810126582278482, "category": "Title", "figures": 0, "textlen": 0, "fig_size": 0, "title": "Predicting Median Income from Yelp Review Language", "textRatio": 0.0, "figRatio": 0.0}, "2": {"xy": [92, 262, 590, 558], "panel_size": 329220, "panel_aspectRatio": 1.0573476702508962, "category": "Introduction", "figures": 0, "textlen": 193, "fig_size": 0, "title": "Introduction", "textRatio": 0.29738058551617874, "figRatio": 0.0}, "3": {"xy": [708, 260, 1288, 561], "panel_size": 722568, "panel_aspectRatio": 2.2959001782531194, "category": "Method", "figures": 2, "textlen": 171, "fig_size": 232076, "title": "Approach", "7": {"fig_size": 25740, "fig_aspectRatio": 7.15, "fig_size_poster": 0.3330745341614907}, "9": {"fig_size": 206336, "fig_aspectRatio": 1.2704714640198511, "fig_size_poster": 0.39751552795031053}, "textRatio": 0.26348228043143296, "figRatio": 0.4277062914895891}, "4": {"xy": [89, 826, 1907, 491], "panel_size": 936337, "panel_aspectRatio": 3.883910386965377, "category": "Result", "figures": 2, "textlen": 285, "fig_size": 310530, "title": "Results & Analysis", "11": {"fig_size": 184800, "fig_aspectRatio": 1.5085714285714287, "fig_size_poster": 0.2768746722600944}, "14": {"fig_size": 125730, "fig_aspectRatio": 0.8661417322834646, "fig_size_poster": 0.17304667016255898}, "textRatio": 0.4391371340523883, "figRatio": 0.5722937085104108}}}