{"poster_size": 4478976, "doclen": 280, "figlen": 1147420, "section": {"1": {"xy": [497, 30, 1589, 193], "panel_size": 306677, "panel_aspectRatio": 8.233160621761659, "category": "Title", "figures": 0, "textlen": 0, "fig_size": 0, "title": "Control of Inverted Double Pendulum using Reinforcement Learning", "textRatio": 0.0, "figRatio": 0.0}, "2": {"xy": [26, 323, 661, 287], "panel_size": 189707, "panel_aspectRatio": 2.303135888501742, "category": "Introduction", "figures": 0, "textlen": 36, "fig_size": 0, "title": "Introduction", "textRatio": 0.12857142857142856, "figRatio": 0.0}, "4": {"xy": [37, 632, 639, 431], "panel_size": 275409, "panel_aspectRatio": 1.482598607888631, "category": "Introduction", "figures": 0, "textlen": 63, "fig_size": 0, "title": "Motivation", "textRatio": 0.225, "figRatio": 0.0}, "6": {"xy": [43, 1086, 648, 629], "panel_size": 407592, "panel_aspectRatio": 1.0302066772655007, "category": "Method", "figures": 1, "textlen": 51, "fig_size": 157274, "title": "Learning problem", "8": {"fig_size": 157274, "fig_aspectRatio": 2.273764258555133, "fig_size_poster": 0.9228395061728395}, "textRatio": 0.18214285714285713, "figRatio": 0.13706750797441217}, "9": {"xy": [708, 310, 613, 759], "panel_size": 465267, "panel_aspectRatio": 0.8076416337285902, "category": "Method", "figures": 2, "textlen": 0, "fig_size": 308923, "title": "Linear Q-learning", "10": {"fig_size": 75670, "fig_aspectRatio": 2.919254658385093, "fig_size_poster": 0.766721044045677}, "11": {"fig_size": 233253, "fig_aspectRatio": 1.0251572327044025, "fig_size_poster": 0.797716150081566}, "textRatio": 0.0, "figRatio": 0.2692327133917833}, "12": {"xy": [1345, 325, 596, 735], "panel_size": 438060, "panel_aspectRatio": 0.8108843537414966, "category": "Method", "figures": 2, "textlen": 0, "fig_size": 352890, "title": "Gaussian QAC", "13": {"fig_size": 82050, "fig_aspectRatio": 3.6466666666666665, "fig_size_poster": 0.9177852348993288}, "14": {"fig_size": 270840, "fig_aspectRatio": 1.1372950819672132, "fig_size_poster": 0.9312080536912751}, "textRatio": 0.0, "figRatio": 0.30755085321852504}, "15": {"xy": [710, 1075, 1224, 635], "panel_size": 777240, "panel_aspectRatio": 1.9275590551181103, "category": "Result", "figures": 1, "textlen": 43, "fig_size": 184423, "title": "Results: balancing", "17": {"fig_size": 184423, "fig_aspectRatio": 1.9067524115755627, "fig_size_poster": 0.48447712418300654}, "textRatio": 0.15357142857142858, "figRatio": 0.1607284167959422}, "19": {"xy": [1952, 332, 602, 543], "panel_size": 326886, "panel_aspectRatio": 1.1086556169429098, "category": "Result", "figures": 1, "textlen": 19, "fig_size": 143910, "title": "Results:swing-up", "21": {"fig_size": 143910, "fig_aspectRatio": 1.974074074074074, "fig_size_poster": 0.8853820598006644}, "textRatio": 0.06785714285714285, "figRatio": 0.1254205086193373}, "22": {"xy": [1987, 893, 569, 603], "panel_size": 343107, "panel_aspectRatio": 0.9436152570480929, "category": "Discussion", "figures": 0, "textlen": 68, "fig_size": 0, "title": "Conclusions", "textRatio": 0.24285714285714285, "figRatio": 0.0}}}