{"poster_size": 4478976, "doclen": 231, "figlen": 1464916, "section": {"1": {"xy": [215, 19, 2182, 219], "panel_size": 477858, "panel_aspectRatio": 9.963470319634704, "category": "Title", "figures": 0, "textlen": 7, "fig_size": 0, "title": "GENERATING DARK MATTER HALO CATALOGS FOR COSMOLOGICAL SIMULATIONS", "textRatio": 0.030303030303030304, "figRatio": 0.0}, "3": {"xy": [57, 252, 608, 439], "panel_size": 266912, "panel_aspectRatio": 1.3849658314350797, "category": "Introduction", "figures": 0, "textlen": 37, "fig_size": 0, "title": "SUMMARY\n", "textRatio": 0.16017316017316016, "figRatio": 0.0}, "5": {"xy": [52, 701, 610, 543], "panel_size": 331230, "panel_aspectRatio": 1.1233885819521179, "category": "Method", "figures": 1, "textlen": 25, "fig_size": 133032, "title": "DATA & HALO FEATURES", "7": {"fig_size": 133032, "fig_aspectRatio": 2.2904564315352696, "fig_size_poster": 0.9049180327868852}, "textRatio": 0.10822510822510822, "figRatio": 0.09081203290837153}, "9": {"xy": [10, 1265, 666, 456], "panel_size": 303696, "panel_aspectRatio": 1.4605263157894737, "category": "Result", "figures": 1, "textlen": 33, "fig_size": 79484, "title": "BASELINE RESULTS", "11": {"fig_size": 79484, "fig_aspectRatio": 5.169354838709677, "fig_size_poster": 0.9624624624624625}, "textRatio": 0.14285714285714285, "figRatio": 0.05425840116429884}, "13": {"xy": [697, 252, 1203, 695], "panel_size": 836085, "panel_aspectRatio": 1.7309352517985612, "category": "Method", "figures": 2, "textlen": 0, "fig_size": 707060, "title": "GENERATIVE ADVERSARIAL NETWORK", "14": {"fig_size": 462300, "fig_aspectRatio": 2.8606965174129355, "fig_size_poster": 0.9559434746467166}, "15": {"fig_size": 244760, "fig_aspectRatio": 5.497630331753554, "fig_size_poster": 0.9642560266001663}, "textRatio": 0.0, "figRatio": 0.482662487132368}, "16": {"xy": [700, 960, 593, 764], "panel_size": 453052, "panel_aspectRatio": 0.7761780104712042, "category": "Method", "figures": 3, "textlen": 28, "fig_size": 185827, "title": "MODEL", "20": {"fig_size": 140012, "fig_aspectRatio": 1.7359154929577465, "fig_size_poster": 0.8313659359190556}, "22": {"fig_size": 43395, "fig_aspectRatio": 1.593939393939394, "fig_size_poster": 0.44350758853288363}, "23": {"fig_size": 2420, "fig_aspectRatio": 0.8, "fig_size_poster": 0.07419898819561552}, "textRatio": 0.12121212121212122, "figRatio": 0.1268516420054119}, "25": {"xy": [1306, 959, 588, 766], "panel_size": 450408, "panel_aspectRatio": 0.7676240208877284, "category": "Introduction", "figures": 1, "textlen": 35, "fig_size": 141230, "title": "EVALUATION", "27": {"fig_size": 141230, "fig_aspectRatio": 1.6793103448275861, "fig_size_poster": 0.8282312925170068}, "textRatio": 0.15151515151515152, "figRatio": 0.09640825822094919}, "29": {"xy": [1922, 249, 663, 846], "panel_size": 560898, "panel_aspectRatio": 0.7836879432624113, "category": "Discussion", "figures": 1, "textlen": 44, "fig_size": 218283, "title": "DISCUSSION", "31": {"fig_size": 218283, "fig_aspectRatio": 1.5358090185676392, "fig_size_poster": 0.8733031674208145}, "textRatio": 0.19047619047619047, "figRatio": 0.14900717856860052}, "33": {"xy": [1927, 1106, 646, 385], "panel_size": 248710, "panel_aspectRatio": 1.6779220779220778, "category": "Introduction", "figures": 0, "textlen": 22, "fig_size": 0, "title": "FUTURE WORK", "textRatio": 0.09523809523809523, "figRatio": 0.0}}}