{"poster_size": 4478976, "doclen": 678, "figlen": 1466821, "section": {"0": {"xy": [229, 15, 981, 184], "panel_size": 180504, "panel_aspectRatio": 5.331521739130435, "category": "Title", "figures": 0, "textlen": 0, "fig_size": 0, "title": "Message in a Bottle", "textRatio": 0.0, "figRatio": 0.0}, "1": {"xy": [40, 211, 795, 672], "panel_size": 534240, "panel_aspectRatio": 1.1830357142857142, "category": "Introduction", "figures": 1, "textlen": 158, "fig_size": 92247, "title": "Introduction", "2": {"fig_size": 92247, "fig_aspectRatio": 0.917981072555205, "fig_size_poster": 0.3660377358490566}, "textRatio": 0.23303834808259588, "figRatio": 0.06288906417347448}, "5": {"xy": [40, 897, 800, 784], "panel_size": 627200, "panel_aspectRatio": 1.0204081632653061, "category": "Method", "figures": 2, "textlen": 155, "fig_size": 180858, "title": "Mutual Information Estimation", "6": {"fig_size": 42848, "fig_aspectRatio": 1.0097087378640777, "fig_size_poster": 0.26}, "7": {"fig_size": 138010, "fig_aspectRatio": 4.032432432432432, "fig_size_poster": 0.9325}, "textRatio": 0.22861356932153393, "figRatio": 0.1232992982783857}, "11": {"xy": [862, 207, 808, 903], "panel_size": 729624, "panel_aspectRatio": 0.8947951273532669, "category": "Method", "figures": 2, "textlen": 66, "fig_size": 423507, "title": "Information and Error", "12": {"fig_size": 209496, "fig_aspectRatio": 2.3122923588039868, "fig_size_poster": 0.8613861386138614}, "13": {"fig_size": 214011, "fig_aspectRatio": 2.362126245847176, "fig_size_poster": 0.879950495049505}, "textRatio": 0.09734513274336283, "figRatio": 0.288724391047033}, "16": {"xy": [856, 1121, 819, 565], "panel_size": 462735, "panel_aspectRatio": 1.4495575221238939, "category": "Method", "figures": 2, "textlen": 85, "fig_size": 216369, "title": "Bias vs Variance for IB", "17": {"fig_size": 135978, "fig_aspectRatio": 4.543352601156069, "fig_size_poster": 0.9597069597069597}, "18": {"fig_size": 80391, "fig_aspectRatio": 1.8056872037914693, "fig_size_poster": 0.4652014652014652}, "textRatio": 0.12536873156342182, "figRatio": 0.14750879623348725}, "21": {"xy": [1693, 201, 884, 620], "panel_size": 548080, "panel_aspectRatio": 1.4258064516129032, "category": "Method", "figures": 1, "textlen": 95, "fig_size": 276598, "title": "Generalization Gap vs Compression", "22": {"fig_size": 276598, "fig_aspectRatio": 2.6677018633540373, "fig_size_poster": 0.9717194570135747}, "textRatio": 0.140117994100295, "figRatio": 0.18856970277900303}, "24": {"xy": [1689, 836, 889, 617], "panel_size": 548513, "panel_aspectRatio": 1.440842787682334, "category": "Result", "figures": 1, "textlen": 90, "fig_size": 277242, "title": "Dynamic Batch Algorithm", "25": {"fig_size": 277242, "fig_aspectRatio": 2.6739130434782608, "fig_size_poster": 0.968503937007874}, "textRatio": 0.13274336283185842, "figRatio": 0.18900874748861654}, "27": {"xy": [1712, 1458, 811, 209], "panel_size": 169499, "panel_aspectRatio": 3.8803827751196174, "category": "Discussion", "figures": 0, "textlen": 29, "fig_size": 0, "title": "Future Work", "textRatio": 0.04277286135693215, "figRatio": 0.0}}}