{"poster_size": 3110400, "doclen": 457, "figlen": 1094331, "section": {"0": {"xy": [369, 27, 1437, 189], "panel_size": 271593, "panel_aspectRatio": 7.603174603174603, "category": "Title", "figures": 0, "textlen": 0, "fig_size": 0, "title": "Making Our Cities Safe rA Study of Neighborhood Crime Patterns", "textRatio": 0.0, "figRatio": 0.0}, "1": {"xy": [18, 241, 557, 469], "panel_size": 261233, "panel_aspectRatio": 1.187633262260128, "category": "Introduction", "figures": 0, "textlen": 97, "fig_size": 0, "title": "Introduction", "textRatio": 0.212253829321663, "figRatio": 0.0}, "3": {"xy": [18, 720, 560, 703], "panel_size": 393680, "panel_aspectRatio": 0.7965860597439545, "category": "Method", "figures": 1, "textlen": 48, "fig_size": 196880, "title": "Data", "4": {"fig_size": 196880, "fig_aspectRatio": 1.453804347826087, "fig_size_poster": 0.9553571428571429}, "textRatio": 0.1050328227571116, "figRatio": 0.17990900376577104}, "6": {"xy": [578, 240, 570, 1187], "panel_size": 676590, "panel_aspectRatio": 0.4802021903959562, "category": "Method", "figures": 3, "textlen": 99, "fig_size": 370960, "title": "Methodology", "7": {"fig_size": 141960, "fig_aspectRatio": 1.8107142857142857, "fig_size_poster": 0.8894736842105263}, "8": {"fig_size": 140500, "fig_aspectRatio": 1.7793594306049823, "fig_size_poster": 0.8771929824561403}, "9": {"fig_size": 88500, "fig_aspectRatio": 0.9833333333333333, "fig_size_poster": 0.5175438596491229}, "textRatio": 0.21663019693654267, "figRatio": 0.3389833606102724}, "13": {"xy": [1157, 240, 1002, 753], "panel_size": 754506, "panel_aspectRatio": 1.3306772908366533, "category": "Result", "figures": 2, "textlen": 84, "fig_size": 408694, "title": "Results", "14": {"fig_size": 237314, "fig_aspectRatio": 1.0788912579957357, "fig_size_poster": 0.5049900199600799}, "15": {"fig_size": 171380, "fig_aspectRatio": 0.8425720620842572, "fig_size_poster": 0.37924151696606784}, "textRatio": 0.1838074398249453, "figRatio": 0.3734647012649738}, "18": {"xy": [1168, 996, 967, 420], "panel_size": 406140, "panel_aspectRatio": 2.302380952380952, "category": "Discussion", "figures": 2, "textlen": 129, "fig_size": 117797, "title": "Further Work", "19": {"fig_size": 69915, "fig_aspectRatio": 1.2447257383966244, "fig_size_poster": 0.3050672182006205}, "20": {"fig_size": 47882, "fig_aspectRatio": 0.6617100371747212, "fig_size_poster": 0.18407445708376421}, "textRatio": 0.28227571115973743, "figRatio": 0.1076429343589828}}}