{"poster_size": 4478976, "doclen": 385, "figlen": 886662, "section": {"4": {"xy": [421, 59, 1763, 89], "panel_size": 156907, "panel_aspectRatio": 19.808988764044944, "category": "Title", "figures": 0, "textlen": 0, "fig_size": 0, "title": "Applying Machine Learning to the Board Game Pylos", "textRatio": 0.0, "figRatio": 0.0}, "5": {"xy": [31, 342, 772, 785], "panel_size": 606020, "panel_aspectRatio": 0.9834394904458599, "category": "Introduction", "figures": 2, "textlen": 103, "fig_size": 106727, "title": "Pylos", "7": {"fig_size": 54912, "fig_aspectRatio": 1.4895833333333333, "fig_size_poster": 0.3704663212435233}, "8": {"fig_size": 51815, "fig_aspectRatio": 1.1209302325581396, "fig_size_poster": 0.3121761658031088}, "textRatio": 0.2675324675324675, "figRatio": 0.12036943051579971}, "9": {"xy": [34, 1156, 773, 503], "panel_size": 388819, "panel_aspectRatio": 1.536779324055666, "category": "Method", "figures": 0, "textlen": 76, "fig_size": 0, "title": "Support Vector Machine", "textRatio": 0.1974025974025974, "figRatio": 0.0}, "11": {"xy": [827, 340, 762, 493], "panel_size": 375666, "panel_aspectRatio": 1.5456389452332657, "category": "Method", "figures": 1, "textlen": 45, "fig_size": 102672, "title": "Game representation", "13": {"fig_size": 102672, "fig_aspectRatio": 2.396135265700483, "fig_size_poster": 0.6509186351706037}, "textRatio": 0.11688311688311688, "figRatio": 0.1157960981749528}, "14": {"xy": [1605, 338, 946, 495], "panel_size": 468270, "panel_aspectRatio": 1.9111111111111112, "category": "Method", "figures": 0, "textlen": 60, "fig_size": 0, "title": "Player Simulations", "textRatio": 0.15584415584415584, "figRatio": 0.0}, "16": {"xy": [830, 855, 1727, 810], "panel_size": 1398870, "panel_aspectRatio": 2.1320987654320986, "category": "Result", "figures": 4, "textlen": 101, "fig_size": 677263, "title": "Results", "18": {"fig_size": 219263, "fig_aspectRatio": 1.8856304985337244, "fig_size_poster": 0.3723219455703532}, "19": {"fig_size": 163930, "fig_aspectRatio": 1.4349112426035502, "fig_size_poster": 0.280833815865663}, "20": {"fig_size": 116440, "fig_aspectRatio": 1.0823170731707317, "fig_size_poster": 0.20555877243775333}, "22": {"fig_size": 177630, "fig_aspectRatio": 1.8483870967741935, "fig_size_poster": 0.33178922987840187}, "textRatio": 0.2623376623376623, "figRatio": 0.7638344713092475}}}