{"poster_size": 3732480, "doclen": 248, "figlen": 1021569, "section": {"1": {"xy": [313, 20, 1549, 100], "panel_size": 154900, "panel_aspectRatio": 15.49, "category": "Title", "figures": 0, "textlen": 0, "fig_size": 0, "title": "Asynchronous Deep Q-Learning for Breakout", "textRatio": 0.0, "figRatio": 0.0}, "2": {"xy": [60, 240, 642, 622], "panel_size": 399324, "panel_aspectRatio": 1.0321543408360128, "category": "Introduction", "figures": 1, "textlen": 48, "fig_size": 146410, "title": "Introduction", "3": {"fig_size": 146410, "fig_aspectRatio": 2.5, "fig_size_poster": 0.942367601246106}, "textRatio": 0.1935483870967742, "figRatio": 0.14331875771484842}, "6": {"xy": [55, 889, 653, 778], "panel_size": 508034, "panel_aspectRatio": 0.8393316195372751, "category": "Method", "figures": 1, "textlen": 76, "fig_size": 78400, "title": "Deep Q-Network(DQN)", "7": {"fig_size": 78400, "fig_aspectRatio": 2.0408163265306123, "fig_size_poster": 0.6125574272588055}, "textRatio": 0.3064516129032258, "figRatio": 0.07674469370155124}, "10": {"xy": [757, 247, 644, 584], "panel_size": 376096, "panel_aspectRatio": 1.1027397260273972, "category": "Method", "figures": 1, "textlen": 10, "fig_size": 153510, "title": "methodology", "11": {"fig_size": 153510, "fig_aspectRatio": 1.2044817927170868, "fig_size_poster": 0.6677018633540373}, "textRatio": 0.04032258064516129, "figRatio": 0.15026885114955524}, "13": {"xy": [744, 860, 688, 807], "panel_size": 555216, "panel_aspectRatio": 0.8525402726146221, "category": "Result", "figures": 1, "textlen": 30, "fig_size": 360720, "title": "Results", "14": {"fig_size": 360720, "fig_aspectRatio": 1.237037037037037, "fig_size_poster": 0.9709302325581395}, "textRatio": 0.12096774193548387, "figRatio": 0.3531039019390761}, "16": {"xy": [1448, 242, 678, 549], "panel_size": 372222, "panel_aspectRatio": 1.2349726775956285, "category": "Result", "figures": 2, "textlen": 23, "fig_size": 173854, "title": "Results(cont.)", "17": {"fig_size": 107254, "fig_aspectRatio": 4.03680981595092, "fig_size_poster": 0.9705014749262537}, "18": {"fig_size": 66600, "fig_aspectRatio": 5.405405405405405, "fig_size_poster": 0.8849557522123894}, "textRatio": 0.09274193548387097, "figRatio": 0.17018331605598838}, "21": {"xy": [1460, 805, 648, 608], "panel_size": 393984, "panel_aspectRatio": 1.0657894736842106, "category": "Discussion", "figures": 1, "textlen": 42, "fig_size": 108675, "title": "Discussion", "22": {"fig_size": 108675, "fig_aspectRatio": 3.0423280423280423, "fig_size_poster": 0.8873456790123457}, "textRatio": 0.1693548387096774, "figRatio": 0.10638047943898063}, "24": {"xy": [1455, 1431, 665, 231], "panel_size": 153615, "panel_aspectRatio": 2.878787878787879, "category": "Discussion", "figures": 0, "textlen": 19, "fig_size": 0, "title": "Future Work", "textRatio": 0.07661290322580645, "figRatio": 0.0}}}