{"poster_size": 4478976, "doclen": 258, "figlen": 1659312, "section": {"1": {"xy": [781, 51, 1096, 78], "panel_size": 85488, "panel_aspectRatio": 14.051282051282051, "category": "Title", "figures": 0, "textlen": 0, "fig_size": 0, "title": "Insincere Question Classification on Quora", "textRatio": 0.0, "figRatio": 0.0}, "2": {"xy": [557, 221, 904, 1405], "panel_size": 1270120, "panel_aspectRatio": 0.6434163701067616, "category": "Method", "figures": 6, "textlen": 22, "fig_size": 938696, "title": "Models", "3": {"fig_size": 160560, "fig_aspectRatio": 3.2286995515695067, "fig_size_poster": 0.7964601769911505}, "4": {"fig_size": 105764, "fig_aspectRatio": 5.635036496350365, "fig_size_poster": 0.8539823008849557}, "5": {"fig_size": 99448, "fig_aspectRatio": 6.467741935483871, "fig_size_poster": 0.8871681415929203}, "6": {"fig_size": 178092, "fig_aspectRatio": 4.279411764705882, "fig_size_poster": 0.9657079646017699}, "7": {"fig_size": 160264, "fig_aspectRatio": 4.733695652173913, "fig_size_poster": 0.963495575221239}, "8": {"fig_size": 234568, "fig_aspectRatio": 3.241635687732342, "fig_size_poster": 0.9646017699115044}, "textRatio": 0.08527131782945736, "figRatio": 0.5657139826626939}, "10": {"xy": [1466, 202, 1088, 795], "panel_size": 864960, "panel_aspectRatio": 1.3685534591194968, "category": "Result", "figures": 1, "textlen": 0, "fig_size": 720616, "title": "Results", "11": {"fig_size": 720616, "fig_aspectRatio": 1.5769230769230769, "fig_size_poster": 0.9797794117647058}, "textRatio": 0.0, "figRatio": 0.43428601733730604}, "12": {"xy": [1464, 1025, 541, 651], "panel_size": 352191, "panel_aspectRatio": 0.8310291858678955, "category": "Discussion", "figures": 0, "textlen": 52, "fig_size": 0, "title": "Discussion", "textRatio": 0.20155038759689922, "figRatio": 0.0}, "14": {"xy": [2022, 1008, 519, 638], "panel_size": 331122, "panel_aspectRatio": 0.8134796238244514, "category": "Discussion", "figures": 0, "textlen": 63, "fig_size": 0, "title": "Future Work", "textRatio": 0.2441860465116279, "figRatio": 0.0}, "16": {"xy": [42, 219, 511, 539], "panel_size": 275429, "panel_aspectRatio": 0.948051948051948, "category": "Introduction", "figures": 0, "textlen": 51, "fig_size": 0, "title": "Introduction", "textRatio": 0.19767441860465115, "figRatio": 0.0}, "18": {"xy": [64, 762, 485, 373], "panel_size": 180905, "panel_aspectRatio": 1.3002680965147453, "category": "Method", "figures": 0, "textlen": 34, "fig_size": 0, "title": "Data", "textRatio": 0.13178294573643412, "figRatio": 0.0}, "20": {"xy": [53, 1154, 491, 428], "panel_size": 210148, "panel_aspectRatio": 1.147196261682243, "category": "Method", "figures": 0, "textlen": 36, "fig_size": 0, "title": "Features", "textRatio": 0.13953488372093023, "figRatio": 0.0}}}