{"poster_size": 3193344, "doclen": 347, "figlen": 864130, "section": {"0": {"xy": [343, 36, 1357, 80], "panel_size": 108560, "panel_aspectRatio": 16.9625, "category": "Title", "figures": 0, "textlen": 0, "fig_size": 0, "title": "FAD: Fairness through Adversarial Discrimination", "textRatio": 0.0, "figRatio": 0.0}, "1": {"xy": [20, 223, 656, 863], "panel_size": 566128, "panel_aspectRatio": 0.7601390498261877, "category": "Introduction", "figures": 1, "textlen": 103, "fig_size": 104580, "title": "Motivation\n", "3": {"fig_size": 104580, "fig_aspectRatio": 3.7951807228915664, "fig_size_poster": 0.9603658536585366}, "textRatio": 0.2968299711815562, "figRatio": 0.12102345711872056}, "6": {"xy": [8, 1097, 668, 467], "panel_size": 311956, "panel_aspectRatio": 1.430406852248394, "category": "Method", "figures": 1, "textlen": 50, "fig_size": 72240, "title": "Data + Features\n", "9": {"fig_size": 72240, "fig_aspectRatio": 5.758928571428571, "fig_size_poster": 0.9655688622754491}, "textRatio": 0.1440922190201729, "figRatio": 0.08359853262819252}, "10": {"xy": [681, 225, 658, 343], "panel_size": 225694, "panel_aspectRatio": 1.9183673469387754, "category": "Method", "figures": 1, "textlen": 39, "fig_size": 39396, "title": "Adversaria Model\n\n", "11": {"fig_size": 39396, "fig_aspectRatio": 8.776119402985074, "fig_size_poster": 0.8936170212765957}, "textRatio": 0.11239193083573487, "figRatio": 0.04559036256118871}, "16": {"xy": [678, 572, 661, 361], "panel_size": 238621, "panel_aspectRatio": 1.8310249307479225, "category": "Method", "figures": 2, "textlen": 68, "fig_size": 9412, "title": "Post-Processing\n", "19": {"fig_size": 4092, "fig_aspectRatio": 8.454545454545455, "fig_size_poster": 0.2813918305597579}, "21": {"fig_size": 5320, "fig_aspectRatio": 6.785714285714286, "fig_size_poster": 0.2874432677760968}, "textRatio": 0.19596541786743515, "figRatio": 0.01089187969402752}, "24": {"xy": [681, 944, 651, 382], "panel_size": 248682, "panel_aspectRatio": 1.7041884816753927, "category": "Result", "figures": 1, "textlen": 0, "fig_size": 186048, "title": "Results", "25": {"fig_size": 186048, "fig_aspectRatio": 2.2430555555555554, "fig_size_poster": 0.9923195084485407}, "textRatio": 0.0, "figRatio": 0.21530093851619547}, "26": {"xy": [1354, 225, 661, 1064], "panel_size": 703304, "panel_aspectRatio": 0.6212406015037594, "category": "Discussion", "figures": 2, "textlen": 54, "fig_size": 452454, "title": "Discussion", "28": {"fig_size": 191958, "fig_aspectRatio": 2.1471571906354514, "fig_size_poster": 0.9712556732223904}, "30": {"fig_size": 260496, "fig_aspectRatio": 1.6119402985074627, "fig_size_poster": 0.9803328290468987}, "textRatio": 0.15561959654178675, "figRatio": 0.5235948294816752}, "32": {"xy": [1354, 1298, 660, 263], "panel_size": 173580, "panel_aspectRatio": 2.5095057034220534, "category": "Discussion", "figures": 0, "textlen": 33, "fig_size": 0, "title": "Future Work\n", "textRatio": 0.09510086455331412, "figRatio": 0.0}}}