{"poster_size": 8957952, "doclen": 600, "figlen": 1012296, "section": {"1": {"xy": [675, 29, 2116, 124], "panel_size": 262384, "panel_aspectRatio": 17.06451612903226, "category": "Title", "figures": 0, "textlen": 0, "fig_size": 0, "title": "Weakly Supervised Classifiers with Adversarial Training", "textRatio": 0.0, "figRatio": 0.0}, "2": {"xy": [40, 393, 850, 663], "panel_size": 563550, "panel_aspectRatio": 1.2820512820512822, "category": "Introduction", "figures": 0, "textlen": 44, "fig_size": 0, "title": "Objective", "textRatio": 0.07333333333333333, "figRatio": 0.0}, "4": {"xy": [34, 1073, 865, 1331], "panel_size": 1151315, "panel_aspectRatio": 0.6498873027798647, "category": "Method", "figures": 2, "textlen": 131, "fig_size": 137012, "title": "Weakly Supervised Classifiers", "6": {"fig_size": 40172, "fig_aspectRatio": 5.831325301204819, "fig_size_poster": 0.5595375722543353}, "8": {"fig_size": 96840, "fig_aspectRatio": 6.725, "fig_size_poster": 0.9329479768786128}, "textRatio": 0.21833333333333332, "figRatio": 0.1353477638951453}, "10": {"xy": [918, 440, 976, 1060], "panel_size": 1034560, "panel_aspectRatio": 0.9207547169811321, "category": "Method", "figures": 2, "textlen": 117, "fig_size": 223652, "title": "Toy Dataset & Model", "12": {"fig_size": 111188, "fig_aspectRatio": 1.5714285714285714, "fig_size_poster": 0.42827868852459017}, "13": {"fig_size": 112464, "fig_aspectRatio": 1.6136363636363635, "fig_size_poster": 0.4364754098360656}, "textRatio": 0.195, "figRatio": 0.22093537858491982}, "15": {"xy": [926, 1512, 958, 986], "panel_size": 944588, "panel_aspectRatio": 0.9716024340770791, "category": "Method", "figures": 2, "textlen": 34, "fig_size": 520160, "title": "Performance & Correlational Effects", "17": {"fig_size": 298220, "fig_aspectRatio": 2.1783783783783783, "fig_size_poster": 0.8413361169102297}, "19": {"fig_size": 221940, "fig_aspectRatio": 2.9562043795620436, "fig_size_poster": 0.8455114822546973}, "textRatio": 0.056666666666666664, "figRatio": 0.5138418012122936}, "20": {"xy": [1905, 433, 769, 1877], "panel_size": 1443413, "panel_aspectRatio": 0.4096963239211508, "category": "Result", "figures": 3, "textlen": 179, "fig_size": 131472, "title": "Adversarial Strategies: Theory", "23": {"fig_size": 31900, "fig_aspectRatio": 12.76, "fig_size_poster": 0.8296488946684005}, "25": {"fig_size": 38500, "fig_aspectRatio": 7.857142857142857, "fig_size_poster": 0.7152145643693107}, "27": {"fig_size": 61072, "fig_aspectRatio": 7.886363636363637, "fig_size_poster": 0.9024707412223667}, "textRatio": 0.29833333333333334, "figRatio": 0.12987505630764123}, "28": {"xy": [2696, 446, 694, 960], "panel_size": 666240, "panel_aspectRatio": 0.7229166666666667, "category": "Result", "figures": 0, "textlen": 69, "fig_size": 0, "title": "Review & Future Work", "textRatio": 0.115, "figRatio": 0.0}, "31": {"xy": [2678, 1512, 748, 404], "panel_size": 302192, "panel_aspectRatio": 1.8514851485148516, "category": "Discussion", "figures": 0, "textlen": 26, "fig_size": 0, "title": "Acknowledgements", "textRatio": 0.043333333333333335, "figRatio": 0.0}}}