{"poster_size": 3110400, "doclen": 154, "figlen": 1054935, "section": {"1": {"xy": [325, 13, 1515, 85], "panel_size": 128775, "panel_aspectRatio": 17.823529411764707, "category": "Title", "figures": 0, "textlen": 0, "fig_size": 0, "title": "Modeling Malicious Network Packets with Generative Probabilistic", "textRatio": 0.0, "figRatio": 0.0}, "2": {"xy": [27, 296, 794, 541], "panel_size": 429554, "panel_aspectRatio": 1.4676524953789278, "category": "Method", "figures": 1, "textlen": 75, "fig_size": 72320, "title": "Motivation", "4": {"fig_size": 72320, "fig_aspectRatio": 1.415929203539823, "fig_size_poster": 0.40302267002518893}, "textRatio": 0.487012987012987, "figRatio": 0.06855398673851944}, "5": {"xy": [31, 863, 796, 540], "panel_size": 429840, "panel_aspectRatio": 1.474074074074074, "category": "Method", "figures": 1, "textlen": 79, "fig_size": 131227, "title": "NSL-KDD Dataset", "7": {"fig_size": 131227, "fig_aspectRatio": 0.6017130620985011, "fig_size_poster": 0.3530150753768844}, "textRatio": 0.512987012987013, "figRatio": 0.12439344604169925}, "8": {"xy": [951, 302, 1120, 537], "panel_size": 601440, "panel_aspectRatio": 2.085661080074488, "category": "Method", "figures": 2, "textlen": 0, "fig_size": 425808, "title": "Generative Adversary Models", "9": {"fig_size": 192432, "fig_aspectRatio": 0.9254385964912281, "fig_size_poster": 0.3767857142857143}, "10": {"fig_size": 233376, "fig_aspectRatio": 1.268065268065268, "fig_size_poster": 0.4857142857142857}, "textRatio": 0.0, "figRatio": 0.4036343471398712}, "11": {"xy": [851, 864, 1251, 530], "panel_size": 663030, "panel_aspectRatio": 2.360377358490566, "category": "Result", "figures": 1, "textlen": 0, "fig_size": 425580, "title": "Experimental Results", "12": {"fig_size": 425580, "fig_aspectRatio": 3.554913294797688, "fig_size_poster": 0.9832134292565947}, "textRatio": 0.0, "figRatio": 0.40341822007991013}}}