{"poster_size": 8030710, "doclen": 499, "figlen": 1802487, "section": {"1": {"xy": [357, 84, 1664, 104], "panel_size": 173056, "panel_aspectRatio": 16.0, "category": "Title", "figures": 0, "textlen": 0, "fig_size": 0, "title": "Seeing Beyond Seeing with Enhanced Deep Tracking", "textRatio": 0.0, "figRatio": 0.0}, "2": {"xy": [129, 494, 662, 672], "panel_size": 444864, "panel_aspectRatio": 0.9851190476190477, "category": "Introduction", "figures": 0, "textlen": 69, "fig_size": 0, "title": "Abstract", "textRatio": 0.13827655310621242, "figRatio": 0.0}, "4": {"xy": [115, 1233, 693, 1630], "panel_size": 1129590, "panel_aspectRatio": 0.4251533742331288, "category": "Introduction", "figures": 3, "textlen": 118, "fig_size": 469784, "title": "Introduction", "6": {"fig_size": 166050, "fig_aspectRatio": 2.2777777777777777, "fig_size_poster": 0.8874458874458875}, "8": {"fig_size": 56760, "fig_aspectRatio": 7.329545454545454, "fig_size_poster": 0.9307359307359307}, "10": {"fig_size": 246974, "fig_aspectRatio": 1.4479418886198547, "fig_size_poster": 0.862914862914863}, "textRatio": 0.23647294589178355, "figRatio": 0.2606310059379069}, "11": {"xy": [843, 490, 725, 990], "panel_size": 717750, "panel_aspectRatio": 0.7323232323232324, "category": "Method", "figures": 2, "textlen": 75, "fig_size": 225470, "title": "Deep Learning Model", "13": {"fig_size": 102845, "fig_aspectRatio": 1.0912052117263844, "fig_size_poster": 0.46206896551724136}, "14": {"fig_size": 122625, "fig_aspectRatio": 1.146788990825688, "fig_size_poster": 0.5172413793103449}, "textRatio": 0.15030060120240482, "figRatio": 0.12508828080313478}, "15": {"xy": [833, 1500, 730, 1363], "panel_size": 994990, "panel_aspectRatio": 0.5355832721936904, "category": "Method", "figures": 1, "textlen": 119, "fig_size": 311559, "title": "Dataset", "17": {"fig_size": 311559, "fig_aspectRatio": 1.5592841163310962, "fig_size_poster": 0.9547945205479452}, "textRatio": 0.23847695390781562, "figRatio": 0.1728495129229781}, "18": {"xy": [1578, 520, 710, 530], "panel_size": 376300, "panel_aspectRatio": 1.3396226415094339, "category": "Method", "figures": 2, "textlen": 0, "fig_size": 347639, "title": "Method", "20": {"fig_size": 169175, "fig_aspectRatio": 0.6633663366336634, "fig_size_poster": 0.47183098591549294}, "21": {"fig_size": 178464, "fig_aspectRatio": 0.6942800788954635, "fig_size_poster": 0.49577464788732395}, "textRatio": 0.0, "figRatio": 0.19286630083878553}, "22": {"xy": [1580, 1068, 715, 1365], "panel_size": 975975, "panel_aspectRatio": 0.5238095238095238, "category": "Result", "figures": 2, "textlen": 84, "fig_size": 448035, "title": "Results", "24": {"fig_size": 221235, "fig_aspectRatio": 0.5317829457364341, "fig_size_poster": 0.4797202797202797}, "25": {"fig_size": 226800, "fig_aspectRatio": 0.5401234567901234, "fig_size_poster": 0.48951048951048953}, "textRatio": 0.1683366733466934, "figRatio": 0.2485648994971947}, "26": {"xy": [1590, 2443, 678, 345], "panel_size": 233910, "panel_aspectRatio": 1.9652173913043478, "category": "Discussion", "figures": 0, "textlen": 34, "fig_size": 0, "title": "Further Work", "textRatio": 0.06813627254509018, "figRatio": 0.0}}}