{"poster_size": 7838208, "doclen": 341, "figlen": 1532659, "section": {"1": {"xy": [805, 189, 1422, 135], "panel_size": 191970, "panel_aspectRatio": 10.533333333333333, "category": "Title", "figures": 0, "textlen": 0, "fig_size": 0, "title": "Prediction of Rainfall in California", "textRatio": 0.0, "figRatio": 0.0}, "2": {"xy": [140, 478, 887, 672], "panel_size": 596064, "panel_aspectRatio": 1.3199404761904763, "category": "Introduction", "figures": 1, "textlen": 66, "fig_size": 123873, "title": "Background", "3": {"fig_size": 123873, "fig_aspectRatio": 5.025477707006369, "fig_size_poster": 0.8895152198421646}, "textRatio": 0.1935483870967742, "figRatio": 0.0808222833650538}, "5": {"xy": [153, 1163, 874, 326], "panel_size": 284924, "panel_aspectRatio": 2.6809815950920246, "category": "Introduction", "figures": 0, "textlen": 19, "fig_size": 0, "title": "Objectives", "textRatio": 0.05571847507331378, "figRatio": 0.0}, "7": {"xy": [131, 1504, 896, 874], "panel_size": 783104, "panel_aspectRatio": 1.0251716247139588, "category": "Method", "figures": 0, "textlen": 94, "fig_size": 0, "title": "Data", "textRatio": 0.2756598240469208, "figRatio": 0.0}, "9": {"xy": [1061, 474, 896, 1011], "panel_size": 905856, "panel_aspectRatio": 0.8862512363996043, "category": "Method", "figures": 1, "textlen": 43, "fig_size": 350000, "title": "Elastic Net Regression", "11": {"fig_size": 350000, "fig_aspectRatio": 1.4, "fig_size_poster": 0.78125}, "textRatio": 0.12609970674486803, "figRatio": 0.22836129889296966}, "12": {"xy": [1061, 1502, 913, 872], "panel_size": 796136, "panel_aspectRatio": 1.0470183486238531, "category": "Method", "figures": 1, "textlen": 29, "fig_size": 357318, "title": "Support Vector Regression", "14": {"fig_size": 357318, "fig_aspectRatio": 1.3791748526522594, "fig_size_poster": 0.768893756845564}, "textRatio": 0.08504398826979472, "figRatio": 0.23313600742239468}, "15": {"xy": [1992, 480, 900, 820], "panel_size": 738000, "panel_aspectRatio": 1.0975609756097562, "category": "Method", "figures": 1, "textlen": 20, "fig_size": 368740, "title": "Random Forest", "17": {"fig_size": 368740, "fig_aspectRatio": 1.3902912621359222, "fig_size_poster": 0.7955555555555556}, "textRatio": 0.05865102639296188, "figRatio": 0.24058841529655325}, "18": {"xy": [1998, 1313, 903, 1052], "panel_size": 949956, "panel_aspectRatio": 0.8583650190114068, "category": "Result", "figures": 1, "textlen": 70, "fig_size": 332728, "title": "Conclusions & Future Work", "19": {"fig_size": 332728, "fig_aspectRatio": 1.9043062200956937, "fig_size_poster": 0.8815060908084164}, "textRatio": 0.20527859237536658, "figRatio": 0.21709199502302862}}}