{"poster_size": 4478976, "doclen": 555, "figlen": 1059930, "section": {"1": {"xy": [487, 110, 1597, 137], "panel_size": 218789, "panel_aspectRatio": 11.656934306569344, "category": "Title", "figures": 0, "textlen": 0, "fig_size": 0, "title": "StockAgent: Application of RL from Lunar Lander to stock price", "textRatio": 0.0, "figRatio": 0.0}, "3": {"xy": [47, 408, 609, 348], "panel_size": 211932, "panel_aspectRatio": 1.75, "category": "Introduction", "figures": 0, "textlen": 60, "fig_size": 0, "title": "Problem Statement ", "textRatio": 0.10810810810810811, "figRatio": 0.0}, "6": {"xy": [43, 762, 600, 409], "panel_size": 245400, "panel_aspectRatio": 1.466992665036675, "category": "Introduction", "figures": 1, "textlen": 55, "fig_size": 83798, "title": "Data", "8": {"fig_size": 83798, "fig_aspectRatio": 4.0979020979020975, "fig_size_poster": 0.9766666666666667}, "textRatio": 0.0990990990990991, "figRatio": 0.0790599379204287}, "9": {"xy": [47, 1196, 604, 447], "panel_size": 269988, "panel_aspectRatio": 1.3512304250559284, "category": "Introduction", "figures": 0, "textlen": 124, "fig_size": 0, "title": "States. Actions. and Rewards ", "textRatio": 0.22342342342342342, "figRatio": 0.0}, "11": {"xy": [669, 456, 628, 1204], "panel_size": 756112, "panel_aspectRatio": 0.521594684385382, "category": "Introduction", "figures": 3, "textlen": 0, "fig_size": 634048, "title": "Introduction ", "12": {"fig_size": 214896, "fig_aspectRatio": 1.6308539944903582, "fig_size_poster": 0.9426751592356688}, "13": {"fig_size": 219696, "fig_aspectRatio": 1.622282608695652, "fig_size_poster": 0.9506369426751592}, "14": {"fig_size": 199456, "fig_aspectRatio": 1.4728260869565217, "fig_size_poster": 0.8630573248407644}, "textRatio": 0.0, "figRatio": 0.5981979942071646}, "15": {"xy": [1317, 439, 600, 530], "panel_size": 318000, "panel_aspectRatio": 1.1320754716981132, "category": "Method", "figures": 1, "textlen": 55, "fig_size": 97200, "title": "Model Parameters", "17": {"fig_size": 97200, "fig_aspectRatio": 3.0, "fig_size_poster": 0.9}, "textRatio": 0.0990990990990991, "figRatio": 0.0917041691432453}, "18": {"xy": [1312, 980, 609, 627], "panel_size": 381843, "panel_aspectRatio": 0.9712918660287081, "category": "Result", "figures": 2, "textlen": 29, "fig_size": 181384, "title": "Results for Stock Prediction ", "19": {"fig_size": 92400, "fig_aspectRatio": 2.31, "fig_size_poster": 0.7586206896551724}, "20": {"fig_size": 88984, "fig_aspectRatio": 2.316326530612245, "fig_size_poster": 0.7454844006568144}, "textRatio": 0.05225225225225225, "figRatio": 0.1711282820563622}, "23": {"xy": [1935, 412, 621, 278], "panel_size": 172638, "panel_aspectRatio": 2.2338129496402876, "category": "Result", "figures": 1, "textlen": 40, "fig_size": 63500, "title": "Loss Functions", "25": {"fig_size": 63500, "fig_aspectRatio": 4.064, "fig_size_poster": 0.8180354267310789}, "textRatio": 0.07207207207207207, "figRatio": 0.05990961667279915}, "27": {"xy": [1938, 701, 619, 620], "panel_size": 383780, "panel_aspectRatio": 0.9983870967741936, "category": "Discussion", "figures": 0, "textlen": 192, "fig_size": 0, "title": "Discussion/Future Directions ", "textRatio": 0.34594594594594597, "figRatio": 0.0}}}