{"poster_size": 4014656, "doclen": 205, "figlen": 1093513, "section": {"1": {"xy": [830, 12, 961, 131], "panel_size": 125891, "panel_aspectRatio": 7.33587786259542, "category": "Title", "figures": 0, "textlen": 0, "fig_size": 0, "title": "Predicting Bill Passage", "textRatio": 0.0, "figRatio": 0.0}, "2": {"xy": [37, 327, 752, 426], "panel_size": 320352, "panel_aspectRatio": 1.7652582159624413, "category": "Introduction", "figures": 0, "textlen": 51, "fig_size": 0, "title": "Abstract", "textRatio": 0.24878048780487805, "figRatio": 0.0}, "4": {"xy": [825, 327, 1527, 383], "panel_size": 584841, "panel_aspectRatio": 3.9869451697127936, "category": "Method", "figures": 0, "textlen": 79, "fig_size": 0, "title": "Approach", "textRatio": 0.3853658536585366, "figRatio": 0.0}, "6": {"xy": [825, 752, 1523, 495], "panel_size": 753885, "panel_aspectRatio": 3.076767676767677, "category": "Method", "figures": 3, "textlen": 0, "fig_size": 568806, "title": "Graphs", "7": {"fig_size": 189602, "fig_aspectRatio": 1.1502463054187193, "fig_size_poster": 0.3066316480630335}, "8": {"fig_size": 193256, "fig_aspectRatio": 1.1724137931034482, "fig_size_poster": 0.31254103742613265}, "9": {"fig_size": 185948, "fig_aspectRatio": 1.1280788177339902, "fig_size_poster": 0.30072225869993435}, "textRatio": 0.0, "figRatio": 0.5201639120888366}, "10": {"xy": [821, 1279, 1551, 353], "panel_size": 547503, "panel_aspectRatio": 4.393767705382436, "category": "Method", "figures": 0, "textlen": 75, "fig_size": 0, "title": "Analysis", "textRatio": 0.36585365853658536, "figRatio": 0.0}, "12": {"xy": [52, 776, 750, 897], "panel_size": 672750, "panel_aspectRatio": 0.8361204013377926, "category": "Result", "figures": 3, "textlen": 0, "fig_size": 524707, "title": "Results(k-fold % Error)", "13": {"fig_size": 175240, "fig_aspectRatio": 2.5923076923076924, "fig_size_poster": 0.8986666666666666}, "14": {"fig_size": 170595, "fig_aspectRatio": 2.623529411764706, "fig_size_poster": 0.892}, "15": {"fig_size": 178872, "fig_aspectRatio": 2.708171206225681, "fig_size_poster": 0.928}, "textRatio": 0.0, "figRatio": 0.4798360879111634}}}