{"poster_size": 4478976, "doclen": 359, "figlen": 1138482, "section": {"0": {"xy": [559, 30, 1482, 93], "panel_size": 137826, "panel_aspectRatio": 15.935483870967742, "category": "Title", "figures": 0, "textlen": 0, "fig_size": 0, "title": "Data-Driven Prediction of Band Gap of Materials", "textRatio": 0.0, "figRatio": 0.0}, "1": {"xy": [25, 268, 860, 468], "panel_size": 402480, "panel_aspectRatio": 1.8376068376068375, "category": "Introduction", "figures": 2, "textlen": 51, "fig_size": 67567, "title": "Motivation", "8": {"fig_size": 34645, "fig_aspectRatio": 0.824390243902439, "fig_size_poster": 0.19651162790697674}, "9": {"fig_size": 32922, "fig_aspectRatio": 0.9516129032258065, "fig_size_poster": 0.2058139534883721}, "textRatio": 0.14206128133704735, "figRatio": 0.05934832522604661}, "2": {"xy": [25, 749, 872, 974], "panel_size": 849328, "panel_aspectRatio": 0.8952772073921971, "category": "Introduction", "figures": 5, "textlen": 84, "fig_size": 266383, "title": "Data and Features", "12": {"fig_size": 56105, "fig_aspectRatio": 0.9346938775510204, "fig_size_poster": 0.2626146788990826}, "13": {"fig_size": 48396, "fig_aspectRatio": 0.9819819819819819, "fig_size_poster": 0.25}, "14": {"fig_size": 41552, "fig_aspectRatio": 0.9245283018867925, "fig_size_poster": 0.22477064220183487}, "16": {"fig_size": 39168, "fig_aspectRatio": 17.0, "fig_size_poster": 0.9357798165137615}, "19": {"fig_size": 81162, "fig_aspectRatio": 1.374485596707819, "fig_size_poster": 0.3830275229357798}, "textRatio": 0.233983286908078, "figRatio": 0.2339808622358544}, "3": {"xy": [903, 269, 872, 525], "panel_size": 457800, "panel_aspectRatio": 1.660952380952381, "category": "Method", "figures": 5, "textlen": 28, "fig_size": 169383, "title": "Linear Regression", "23": {"fig_size": 9205, "fig_aspectRatio": 7.514285714285714, "fig_size_poster": 0.30160550458715596}, "26": {"fig_size": 12375, "fig_aspectRatio": 11.363636363636363, "fig_size_poster": 0.43004587155963303}, "28": {"fig_size": 14630, "fig_aspectRatio": 10.131578947368421, "fig_size_poster": 0.4415137614678899}, "30": {"fig_size": 66348, "fig_aspectRatio": 1.2763157894736843, "fig_size_poster": 0.33371559633027525}, "31": {"fig_size": 66825, "fig_aspectRatio": 1.32, "fig_size_poster": 0.34059633027522934}, "textRatio": 0.07799442896935933, "figRatio": 0.14877969085150225}, "4": {"xy": [901, 805, 868, 916], "panel_size": 795088, "panel_aspectRatio": 0.9475982532751092, "category": "Method", "figures": 3, "textlen": 41, "fig_size": 474027, "title": "Random Forest and Ada Boosting", "33": {"fig_size": 102565, "fig_aspectRatio": 1.298932384341637, "fig_size_poster": 0.4205069124423963}, "34": {"fig_size": 100598, "fig_aspectRatio": 1.2740213523131672, "fig_size_poster": 0.41244239631336405}, "35": {"fig_size": 270864, "fig_aspectRatio": 2.580246913580247, "fig_size_poster": 0.9631336405529954}, "textRatio": 0.11420612813370473, "figRatio": 0.41636758420422987}, "5": {"xy": [1786, 271, 790, 490], "panel_size": 387100, "panel_aspectRatio": 1.6122448979591837, "category": "Method", "figures": 3, "textlen": 30, "fig_size": 161122, "title": "Neural Network", "37": {"fig_size": 28864, "fig_aspectRatio": 4.2926829268292686, "fig_size_poster": 0.44556962025316454}, "39": {"fig_size": 42746, "fig_aspectRatio": 2.3805970149253732, "fig_size_poster": 0.40379746835443037}, "40": {"fig_size": 89512, "fig_aspectRatio": 1.2462686567164178, "fig_size_poster": 0.42278481012658226}, "textRatio": 0.08356545961002786, "figRatio": 0.14152353748236687}, "6": {"xy": [1783, 767, 796, 449], "panel_size": 357404, "panel_aspectRatio": 1.7728285077951003, "category": "Result", "figures": 0, "textlen": 69, "fig_size": 0, "title": "Conclusion", "textRatio": 0.19220055710306408, "figRatio": 0.0}, "7": {"xy": [1781, 1221, 802, 319], "panel_size": 255838, "panel_aspectRatio": 2.5141065830721003, "category": "Discussion", "figures": 0, "textlen": 56, "fig_size": 0, "title": "Future Work", "textRatio": 0.15598885793871867, "figRatio": 0.0}}}