{"poster_size": 4478976, "doclen": 343, "figlen": 1610288, "section": {"1": {"xy": [403, 24, 1862, 138], "panel_size": 256956, "panel_aspectRatio": 13.492753623188406, "category": "Title", "figures": 0, "textlen": 0, "fig_size": 0, "title": "NBA Game Predictions based on Players' Chemistry", "textRatio": 0.0, "figRatio": 0.0}, "2": {"xy": [8, 339, 766, 771], "panel_size": 590586, "panel_aspectRatio": 0.993514915693904, "category": "Introduction", "figures": 1, "textlen": 88, "fig_size": 214084, "title": "Introduction", "4": {"fig_size": 214084, "fig_aspectRatio": 2.3946488294314383, "fig_size_poster": 0.9347258485639687}, "textRatio": 0.2565597667638484, "figRatio": 0.13294764663215525}, "5": {"xy": [27, 1118, 747, 568], "panel_size": 424296, "panel_aspectRatio": 1.3151408450704225, "category": "Method", "figures": 1, "textlen": 43, "fig_size": 171500, "title": "Dataset & Features", "7": {"fig_size": 171500, "fig_aspectRatio": 2.857142857142857, "fig_size_poster": 0.9370816599732262}, "textRatio": 0.12536443148688048, "figRatio": 0.10650268771797343}, "8": {"xy": [784, 339, 1774, 388], "panel_size": 688312, "panel_aspectRatio": 4.572164948453608, "category": "Method", "figures": 5, "textlen": 0, "fig_size": 488383, "title": "Methods", "9": {"fig_size": 38745, "fig_aspectRatio": 3.5142857142857142, "fig_size_poster": 0.2080045095828636}, "10": {"fig_size": 92880, "fig_aspectRatio": 3.13953488372093, "fig_size_poster": 0.3043968432919955}, "11": {"fig_size": 189213, "fig_aspectRatio": 6.03954802259887, "fig_size_poster": 0.6025930101465614}, "12": {"fig_size": 49840, "fig_aspectRatio": 15.892857142857142, "fig_size_poster": 0.5016910935738444}, "13": {"fig_size": 117705, "fig_aspectRatio": 10.676190476190476, "fig_size_poster": 0.6319052987598647}, "textRatio": 0.0, "figRatio": 0.3032892252814403}, "14": {"xy": [791, 742, 1772, 726], "panel_size": 1286472, "panel_aspectRatio": 2.440771349862259, "category": "Result", "figures": 10, "textlen": 137, "fig_size": 736321, "title": "Results and Discussion", "15": {"fig_size": 50838, "fig_aspectRatio": 4.126126126126126, "fig_size_poster": 0.2584650112866817}, "16": {"fig_size": 69384, "fig_aspectRatio": 1.2457627118644068, "fig_size_poster": 0.16591422121896163}, "17": {"fig_size": 73861, "fig_aspectRatio": 1.3605150214592274, "fig_size_poster": 0.1788939051918736}, "18": {"fig_size": 68150, "fig_aspectRatio": 1.2340425531914894, "fig_size_poster": 0.1636568848758465}, "19": {"fig_size": 73688, "fig_aspectRatio": 1.2377049180327868, "fig_size_poster": 0.17042889390519186}, "20": {"fig_size": 99045, "fig_aspectRatio": 2.183098591549296, "fig_size_poster": 0.26241534988713316}, "21": {"fig_size": 73377, "fig_aspectRatio": 0.942652329749104, "fig_size_poster": 0.14841986455981943}, "24": {"fig_size": 88900, "fig_aspectRatio": 2.902857142857143, "fig_size_poster": 0.2866817155756208}, "25": {"fig_size": 67203, "fig_aspectRatio": 3.9160305343511452, "fig_size_poster": 0.2895033860045147}, "27": {"fig_size": 71875, "fig_aspectRatio": 4.6, "fig_size_poster": 0.3244920993227991}, "textRatio": 0.39941690962099125, "figRatio": 0.457260440368431}, "28": {"xy": [796, 1496, 1739, 195], "panel_size": 339105, "panel_aspectRatio": 8.917948717948718, "category": "Discussion", "figures": 0, "textlen": 75, "fig_size": 0, "title": "future work", "textRatio": 0.21865889212827988, "figRatio": 0.0}}}