{"poster_size": 4478976, "doclen": 350, "figlen": 1027599, "section": {"1": {"xy": [755, 51, 1113, 110], "panel_size": 122430, "panel_aspectRatio": 10.118181818181819, "category": "Title", "figures": 0, "textlen": 0, "fig_size": 0, "title": "Fake Review Detection on Yelp", "textRatio": 0.0, "figRatio": 0.0}, "2": {"xy": [6, 319, 784, 364], "panel_size": 285376, "panel_aspectRatio": 2.1538461538461537, "category": "Introduction", "figures": 0, "textlen": 47, "fig_size": 0, "title": "PROBLEM DESCRIPTION", "textRatio": 0.13428571428571429, "figRatio": 0.0}, "4": {"xy": [5, 697, 785, 997], "panel_size": 782645, "panel_aspectRatio": 0.7873620862587764, "category": "Method", "figures": 1, "textlen": 102, "fig_size": 168291, "title": "DATA AND FEATURE EXTRACTION", "6": {"fig_size": 168291, "fig_aspectRatio": 2.291512915129151, "fig_size_poster": 0.7910828025477707}, "textRatio": 0.2914285714285714, "figRatio": 0.16377108191035608}, "8": {"xy": [802, 332, 756, 659], "panel_size": 498204, "panel_aspectRatio": 1.1471927162367224, "category": "Method", "figures": 4, "textlen": 0, "fig_size": 387808, "title": "3 .Feature Visualization (fake/non-fake reviews)", "9": {"fig_size": 99550, "fig_aspectRatio": 1.3163636363636364, "fig_size_poster": 0.47883597883597884}, "10": {"fig_size": 99899, "fig_aspectRatio": 1.2473498233215548, "fig_size_poster": 0.4669312169312169}, "11": {"fig_size": 92536, "fig_aspectRatio": 1.278810408921933, "fig_size_poster": 0.455026455026455}, "12": {"fig_size": 95823, "fig_aspectRatio": 1.2857142857142858, "fig_size_poster": 0.4642857142857143}, "textRatio": 0.0, "figRatio": 0.3773923485717678}, "13": {"xy": [813, 1008, 739, 679], "panel_size": 501781, "panel_aspectRatio": 1.0883652430044182, "category": "Method", "figures": 0, "textlen": 96, "fig_size": 0, "title": "MODEL SELECTION", "textRatio": 0.2742857142857143, "figRatio": 0.0}, "16": {"xy": [1584, 326, 994, 424], "panel_size": 421456, "panel_aspectRatio": 2.3443396226415096, "category": "Result", "figures": 1, "textlen": 0, "fig_size": 302703, "title": "RESULTS AND MODEL COMPARISON", "17": {"fig_size": 302703, "fig_aspectRatio": 2.9376947040498442, "fig_size_poster": 0.9486921529175051}, "textRatio": 0.0, "figRatio": 0.29457307763047647}, "18": {"xy": [1584, 764, 990, 338], "panel_size": 334620, "panel_aspectRatio": 2.9289940828402368, "category": "Result", "figures": 1, "textlen": 20, "fig_size": 168797, "title": "ABLATIVE ANALYSIS", "19": {"fig_size": 168797, "fig_aspectRatio": 5.268156424581005, "fig_size_poster": 0.9525252525252526}, "textRatio": 0.05714285714285714, "figRatio": 0.16426349188739967}, "21": {"xy": [1584, 1126, 990, 379], "panel_size": 375210, "panel_aspectRatio": 2.612137203166227, "category": "Discussion", "figures": 0, "textlen": 85, "fig_size": 0, "title": "DISCUSSION AND FUTURE WORK", "textRatio": 0.24285714285714285, "figRatio": 0.0}}}