{"poster_size": 4478976, "doclen": 385, "figlen": 760154, "section": {"1": {"xy": [666, 48, 1306, 93], "panel_size": 121458, "panel_aspectRatio": 14.043010752688172, "category": "Title", "figures": 0, "textlen": 0, "fig_size": 0, "title": "Neural Question Generation from SQuAD", "textRatio": 0.0, "figRatio": 0.0}, "2": {"xy": [52, 266, 811, 1435], "panel_size": 1163785, "panel_aspectRatio": 0.5651567944250872, "category": "Introduction", "figures": 0, "textlen": 196, "fig_size": 0, "title": "Introduction", "textRatio": 0.509090909090909, "figRatio": 0.0}, "5": {"xy": [891, 266, 812, 1438], "panel_size": 1167656, "panel_aspectRatio": 0.564673157162726, "category": "Method", "figures": 2, "textlen": 107, "fig_size": 389016, "title": "approaches", "7": {"fig_size": 173016, "fig_aspectRatio": 2.9300411522633745, "fig_size_poster": 0.8768472906403941}, "9": {"fig_size": 216000, "fig_aspectRatio": 2.4, "fig_size_poster": 0.8866995073891626}, "textRatio": 0.2779220779220779, "figRatio": 0.5117594592674642}, "10": {"xy": [1735, 267, 814, 923], "panel_size": 751322, "panel_aspectRatio": 0.8819068255687974, "category": "Result", "figures": 2, "textlen": 20, "fig_size": 371138, "title": "Results", "11": {"fig_size": 197580, "fig_aspectRatio": 1.4432432432432432, "fig_size_poster": 0.6560196560196561}, "12": {"fig_size": 173558, "fig_aspectRatio": 1.673913043478261, "fig_size_poster": 0.6621621621621622}, "textRatio": 0.05194805194805195, "figRatio": 0.48824054073253575}, "14": {"xy": [1736, 1196, 817, 497], "panel_size": 406049, "panel_aspectRatio": 1.6438631790744467, "category": "Discussion", "figures": 0, "textlen": 62, "fig_size": 0, "title": "Analysis and Remaining Work", "textRatio": 0.16103896103896104, "figRatio": 0.0}}}