{"poster_size": 518400, "doclen": 191, "figlen": 153676, "section": {"1": {"xy": [214, 23, 518, 40], "panel_size": 20720, "panel_aspectRatio": 12.95, "category": "Title", "figures": 0, "textlen": 0, "fig_size": 0, "title": "Predicting Musica lEras of Songs", "textRatio": 0.0, "figRatio": 0.0}, "2": {"xy": [14, 103, 273, 125], "panel_size": 34125, "panel_aspectRatio": 2.184, "category": "Introduction", "figures": 0, "textlen": 59, "fig_size": 0, "title": "Target Application", "textRatio": 0.3089005235602094, "figRatio": 0.0}, "5": {"xy": [12, 237, 279, 115], "panel_size": 32085, "panel_aspectRatio": 2.4260869565217393, "category": "Introduction", "figures": 0, "textlen": 33, "fig_size": 0, "title": "Dataset", "textRatio": 0.17277486910994763, "figRatio": 0.0}, "7": {"xy": [9, 360, 282, 149], "panel_size": 42018, "panel_aspectRatio": 1.8926174496644295, "category": "Introduction", "figures": 1, "textlen": 0, "fig_size": 22080, "title": "Project Workflow", "8": {"fig_size": 22080, "fig_aspectRatio": 2.608695652173913, "fig_size_poster": 0.851063829787234}, "textRatio": 0.0, "figRatio": 0.14367890887321377}, "9": {"xy": [296, 102, 329, 217], "panel_size": 71393, "panel_aspectRatio": 1.5161290322580645, "category": "Method", "figures": 1, "textlen": 26, "fig_size": 42294, "title": "Generalized Linear Model", "11": {"fig_size": 42294, "fig_aspectRatio": 2.3909774436090228, "fig_size_poster": 0.9665653495440729}, "textRatio": 0.13612565445026178, "figRatio": 0.27521538821937064}, "12": {"xy": [301, 325, 328, 207], "panel_size": 67896, "panel_aspectRatio": 1.5845410628019323, "category": "Method", "figures": 1, "textlen": 14, "fig_size": 47360, "title": "Random Forest", "14": {"fig_size": 47360, "fig_aspectRatio": 2.1621621621621623, "fig_size_poster": 0.975609756097561}, "textRatio": 0.07329842931937172, "figRatio": 0.3081808480179078}, "15": {"xy": [630, 102, 319, 242], "panel_size": 77198, "panel_aspectRatio": 1.3181818181818181, "category": "Method", "figures": 1, "textlen": 27, "fig_size": 41942, "title": "Gradient Boost Model", "17": {"fig_size": 41942, "fig_aspectRatio": 2.3358208955223883, "fig_size_poster": 0.9811912225705329}, "textRatio": 0.14136125654450263, "figRatio": 0.2729248548895078}, "18": {"xy": [636, 349, 316, 108], "panel_size": 34128, "panel_aspectRatio": 2.925925925925926, "category": "Result", "figures": 0, "textlen": 32, "fig_size": 0, "title": "Conclusion", "textRatio": 0.16753926701570682, "figRatio": 0.0}}}