{"poster_size": 3110400, "doclen": 329, "figlen": 487648, "section": {"1": {"xy": [608, 15, 926, 72], "panel_size": 66672, "panel_aspectRatio": 12.86111111111111, "category": "Title", "figures": 0, "textlen": 0, "fig_size": 0, "title": "Learning With High-Level Attributes", "textRatio": 0.0, "figRatio": 0.0}, "2": {"xy": [9, 219, 642, 514], "panel_size": 329988, "panel_aspectRatio": 1.2490272373540856, "category": "Introduction", "figures": 0, "textlen": 57, "fig_size": 0, "title": "Motivation\nCurrent human-machine workflow is ", "textRatio": 0.17325227963525835, "figRatio": 0.0}, "4": {"xy": [9, 738, 645, 390], "panel_size": 251550, "panel_aspectRatio": 1.6538461538461537, "category": "Method", "figures": 0, "textlen": 43, "fig_size": 0, "title": "Related Work\n", "textRatio": 0.13069908814589665, "figRatio": 0.0}, "6": {"xy": [14, 1142, 642, 282], "panel_size": 181044, "panel_aspectRatio": 2.276595744680851, "category": "Method", "figures": 0, "textlen": 43, "fig_size": 0, "title": "Dataset - CUB-200-2011", "textRatio": 0.13069908814589665, "figRatio": 0.0}, "8": {"xy": [652, 209, 720, 1231], "panel_size": 886320, "panel_aspectRatio": 0.5848903330625508, "category": "Method", "figures": 2, "textlen": 89, "fig_size": 227814, "title": "Methods\n", "11": {"fig_size": 97944, "fig_aspectRatio": 1.8354978354978355, "fig_size_poster": 0.5888888888888889}, "13": {"fig_size": 129870, "fig_aspectRatio": 0.8538461538461538, "fig_size_poster": 0.4625}, "textRatio": 0.270516717325228, "figRatio": 0.46716894153159655}, "16": {"xy": [1382, 218, 770, 636], "panel_size": 489720, "panel_aspectRatio": 1.2106918238993711, "category": "Result", "figures": 2, "textlen": 33, "fig_size": 259834, "title": "Results", "17": {"fig_size": 97270, "fig_aspectRatio": 4.823943661971831, "fig_size_poster": 0.8896103896103896}, "19": {"fig_size": 162564, "fig_aspectRatio": 1.174731182795699, "fig_size_poster": 0.5675324675324676}, "textRatio": 0.10030395136778116, "figRatio": 0.5328310584684034}, "20": {"xy": [1376, 870, 772, 421], "panel_size": 325012, "panel_aspectRatio": 1.833729216152019, "category": "Discussion", "figures": 0, "textlen": 64, "fig_size": 0, "title": "Conclusion\n\n", "textRatio": 0.1945288753799392, "figRatio": 0.0}}}