{"poster_size": 4478976, "doclen": 549, "figlen": 1003700, "section": {"1": {"xy": [241, 41, 2095, 91], "panel_size": 190645, "panel_aspectRatio": 23.021978021978022, "category": "Title", "figures": 0, "textlen": 0, "fig_size": 0, "title": "Determining NDMA Formation during Disinfection using Treatment Parameters", "textRatio": 0.0, "figRatio": 0.0}, "2": {"xy": [32, 265, 598, 432], "panel_size": 258336, "panel_aspectRatio": 1.3842592592592593, "category": "Introduction", "figures": 0, "textlen": 74, "fig_size": 0, "title": "Motivation", "textRatio": 0.13479052823315119, "figRatio": 0.0}, "4": {"xy": [41, 708, 591, 989], "panel_size": 584499, "panel_aspectRatio": 0.5975733063700708, "category": "Introduction", "figures": 1, "textlen": 117, "fig_size": 168498, "title": "Data", "5": {"fig_size": 168498, "fig_aspectRatio": 1.5195195195195195, "fig_size_poster": 0.856175972927242}, "textRatio": 0.21311475409836064, "figRatio": 0.16787685563415364}, "7": {"xy": [669, 254, 1239, 454], "panel_size": 562506, "panel_aspectRatio": 2.7290748898678414, "category": "Method", "figures": 2, "textlen": 52, "fig_size": 245595, "title": "Methodology", "8": {"fig_size": 137655, "fig_aspectRatio": 1.1565217391304348, "fig_size_poster": 0.3220338983050847}, "9": {"fig_size": 107940, "fig_aspectRatio": 5.507142857142857, "fig_size_poster": 0.6222760290556901}, "textRatio": 0.0947176684881603, "figRatio": 0.24468964830128526}, "11": {"xy": [667, 730, 1233, 956], "panel_size": 1178748, "panel_aspectRatio": 1.2897489539748954, "category": "Result", "figures": 5, "textlen": 126, "fig_size": 516557, "title": "Result and Discussion", "12": {"fig_size": 97971, "fig_aspectRatio": 1.1730103806228374, "fig_size_poster": 0.2749391727493917}, "13": {"fig_size": 93982, "fig_aspectRatio": 1.2518248175182483, "fig_size_poster": 0.2781832927818329}, "14": {"fig_size": 97384, "fig_aspectRatio": 1.1114864864864864, "fig_size_poster": 0.26682887266828875}, "16": {"fig_size": 57288, "fig_aspectRatio": 3.725806451612903, "fig_size_poster": 0.3746958637469586}, "18": {"fig_size": 169932, "fig_aspectRatio": 4.083333333333333, "fig_size_poster": 0.67558799675588}, "textRatio": 0.22950819672131148, "figRatio": 0.5146527846966225}, "19": {"xy": [1926, 260, 621, 504], "panel_size": 312984, "panel_aspectRatio": 1.2321428571428572, "category": "Discussion", "figures": 1, "textlen": 51, "fig_size": 73050, "title": "How Much will form?", "21": {"fig_size": 73050, "fig_aspectRatio": 3.2466666666666666, "fig_size_poster": 0.784219001610306}, "textRatio": 0.09289617486338798, "figRatio": 0.07278071136793862}, "22": {"xy": [1930, 775, 607, 643], "panel_size": 390301, "panel_aspectRatio": 0.9440124416796267, "category": "Discussion", "figures": 0, "textlen": 129, "fig_size": 0, "title": "Future work", "textRatio": 0.23497267759562843, "figRatio": 0.0}}}