{"poster_size": 3110400, "doclen": 491, "figlen": 584754, "section": {"1": {"xy": [527, 46, 1456, 94], "panel_size": 136864, "panel_aspectRatio": 15.48936170212766, "category": "Title", "figures": 0, "textlen": 0, "fig_size": 0, "title": "Music Composition with Machine Learning", "textRatio": 0.0, "figRatio": 0.0}, "2": {"xy": [33, 268, 502, 461], "panel_size": 231422, "panel_aspectRatio": 1.088937093275488, "category": "Introduction", "figures": 1, "textlen": 61, "fig_size": 70650, "title": "Predicting", "4": {"fig_size": 70650, "fig_aspectRatio": 2.8662420382165603, "fig_size_poster": 0.896414342629482}, "textRatio": 0.12423625254582485, "figRatio": 0.12082003714382458}, "5": {"xy": [565, 272, 1029, 449], "panel_size": 462021, "panel_aspectRatio": 2.291759465478842, "category": "Result", "figures": 3, "textlen": 0, "fig_size": 342604, "title": "Results", "6": {"fig_size": 155184, "fig_aspectRatio": 6.138364779874214, "fig_size_poster": 0.9484936831875608}, "7": {"fig_size": 146010, "fig_aspectRatio": 4.220430107526882, "fig_size_poster": 0.7628765792031098}, "8": {"fig_size": 41410, "fig_aspectRatio": 0.9853658536585366, "fig_size_poster": 0.19630709426627793}, "textRatio": 0.0, "figRatio": 0.5858942392869481}, "9": {"xy": [44, 733, 1575, 418], "panel_size": 658350, "panel_aspectRatio": 3.7679425837320575, "category": "Method", "figures": 3, "textlen": 158, "fig_size": 145424, "title": "Native Bayes", "10": {"fig_size": 18290, "fig_aspectRatio": 5.254237288135593, "fig_size_poster": 0.19682539682539682}, "11": {"fig_size": 62784, "fig_aspectRatio": 1.703125, "fig_size_poster": 0.20761904761904762}, "12": {"fig_size": 64350, "fig_aspectRatio": 1.271111111111111, "fig_size_poster": 0.18158730158730158}, "textRatio": 0.32179226069246436, "figRatio": 0.24869261262000772}, "18": {"xy": [30, 1153, 516, 250], "panel_size": 129000, "panel_aspectRatio": 2.064, "category": "Introduction", "figures": 1, "textlen": 25, "fig_size": 26076, "title": "Data", "19": {"fig_size": 26076, "fig_aspectRatio": 1.7235772357723578, "fig_size_poster": 0.4108527131782946}, "textRatio": 0.05091649694501019, "figRatio": 0.04459311094921967}, "22": {"xy": [559, 1157, 518, 246], "panel_size": 127428, "panel_aspectRatio": 2.105691056910569, "category": "Discussion", "figures": 0, "textlen": 72, "fig_size": 0, "title": "Discussion", "textRatio": 0.14663951120162932, "figRatio": 0.0}, "24": {"xy": [1096, 1151, 503, 258], "panel_size": 129774, "panel_aspectRatio": 1.949612403100775, "category": "Discussion", "figures": 0, "textlen": 45, "fig_size": 0, "title": "Future", "textRatio": 0.09164969450101833, "figRatio": 0.0}, "26": {"xy": [1617, 276, 513, 287], "panel_size": 147231, "panel_aspectRatio": 1.7874564459930313, "category": "Introduction", "figures": 0, "textlen": 38, "fig_size": 0, "title": "Features", "textRatio": 0.07739307535641547, "figRatio": 0.0}, "28": {"xy": [1621, 590, 502, 544], "panel_size": 273088, "panel_aspectRatio": 0.9227941176470589, "category": "Introduction", "figures": 0, "textlen": 92, "fig_size": 0, "title": "TL;DR", "textRatio": 0.18737270875763748, "figRatio": 0.0}}}