{"poster_size": 3877632, "doclen": 187, "figlen": 1768315, "section": {"0": {"xy": [574, 26, 1334, 135], "panel_size": 180090, "panel_aspectRatio": 9.881481481481481, "category": "Title", "figures": 0, "textlen": 0, "fig_size": 0, "title": "Learning hypernymy of distributed word vectors via a stacked LSTM network", "textRatio": 0.0, "figRatio": 0.0}, "1": {"xy": [21, 246, 732, 327], "panel_size": 239364, "panel_aspectRatio": 2.238532110091743, "category": "Method", "figures": 1, "textlen": 26, "fig_size": 65376, "title": "Hypernymy and Word Vectors", "3": {"fig_size": 65376, "fig_aspectRatio": 3.1527777777777777, "fig_size_poster": 0.6202185792349727}, "textRatio": 0.13903743315508021, "figRatio": 0.03697078857556487}, "4": {"xy": [16, 583, 751, 545], "panel_size": 409295, "panel_aspectRatio": 1.3779816513761467, "category": "Method", "figures": 2, "textlen": 94, "fig_size": 154540, "title": "LSTM Network Architecture", "6": {"fig_size": 86284, "fig_aspectRatio": 1.919811320754717, "fig_size_poster": 0.5419440745672437}, "7": {"fig_size": 68256, "fig_aspectRatio": 1.2151898734177216, "fig_size_poster": 0.38348868175765644}, "textRatio": 0.5026737967914439, "figRatio": 0.08739393151107128}, "9": {"xy": [20, 1138, 752, 428], "panel_size": 321856, "panel_aspectRatio": 1.7570093457943925, "category": "Introduction", "figures": 1, "textlen": 35, "fig_size": 135891, "title": "Data", "11": {"fig_size": 135891, "fig_aspectRatio": 3.804232804232804, "fig_size_poster": 0.9561170212765957}, "textRatio": 0.18716577540106952, "figRatio": 0.07684773357687968}, "12": {"xy": [777, 233, 905, 1333], "panel_size": 1206365, "panel_aspectRatio": 0.6789197299324832, "category": "Method", "figures": 9, "textlen": 32, "fig_size": 826543, "title": "Training and Hyperparameter Tuning", "15": {"fig_size": 57546, "fig_aspectRatio": 1.3429951690821256, "fig_size_poster": 0.30718232044198895}, "16": {"fig_size": 65490, "fig_aspectRatio": 1.3288288288288288, "fig_size_poster": 0.3259668508287293}, "17": {"fig_size": 63270, "fig_aspectRatio": 1.2837837837837838, "fig_size_poster": 0.3149171270718232}, "18": {"fig_size": 144837, "fig_aspectRatio": 4.953216374269005, "fig_size_poster": 0.9359116022099447}, "20": {"fig_size": 72270, "fig_aspectRatio": 8.922222222222222, "fig_size_poster": 0.887292817679558}, "21": {"fig_size": 97647, "fig_aspectRatio": 1.3494423791821561, "fig_size_poster": 0.4011049723756906}, "22": {"fig_size": 96921, "fig_aspectRatio": 1.3595505617977528, "fig_size_poster": 0.4011049723756906}, "23": {"fig_size": 120692, "fig_aspectRatio": 5.9020979020979025, "fig_size_poster": 0.932596685082873}, "24": {"fig_size": 107870, "fig_aspectRatio": 6.007462686567164, "fig_size_poster": 0.8895027624309392}, "textRatio": 0.1711229946524064, "figRatio": 0.46741841809858536}, "26": {"xy": [1692, 239, 755, 1116], "panel_size": 842580, "panel_aspectRatio": 0.6765232974910395, "category": "Result", "figures": 4, "textlen": 0, "fig_size": 585965, "title": "Stacked LSTM Results", "27": {"fig_size": 100828, "fig_aspectRatio": 1.3140794223826715, "fig_size_poster": 0.4821192052980132}, "28": {"fig_size": 78120, "fig_aspectRatio": 1.7714285714285714, "fig_size_poster": 0.49271523178807947}, "29": {"fig_size": 226256, "fig_aspectRatio": 1.76536312849162, "fig_size_poster": 0.8370860927152318}, "30": {"fig_size": 180761, "fig_aspectRatio": 1.5364431486880465, "fig_size_poster": 0.6980132450331126}, "textRatio": 0.0, "figRatio": 0.33136912823789877}}}