{"poster_size": 4478976, "doclen": 342, "figlen": 1969562, "section": {"1": {"xy": [770, 25, 1039, 86], "panel_size": 89354, "panel_aspectRatio": 12.081395348837209, "category": "Title", "figures": 0, "textlen": 0, "fig_size": 0, "title": "Language ldentification for Text Documents", "textRatio": 0.0, "figRatio": 0.0}, "2": {"xy": [13, 164, 828, 458], "panel_size": 379224, "panel_aspectRatio": 1.8078602620087336, "category": "Introduction", "figures": 1, "textlen": 46, "fig_size": 211854, "title": "Problem", "4": {"fig_size": 211854, "fig_aspectRatio": 1.3109452736318408, "fig_size_poster": 0.6364734299516909}, "textRatio": 0.13450292397660818, "figRatio": 0.10756401677124153}, "5": {"xy": [9, 647, 865, 485], "panel_size": 419525, "panel_aspectRatio": 1.7835051546391754, "category": "Method", "figures": 2, "textlen": 7, "fig_size": 288061, "title": "Data Visualization (t-SNE plots)", "6": {"fig_size": 145320, "fig_aspectRatio": 1.2138728323699421, "fig_size_poster": 0.48554913294797686}, "7": {"fig_size": 142741, "fig_aspectRatio": 1.171919770773639, "fig_size_poster": 0.4728323699421965}, "textRatio": 0.02046783625730994, "figRatio": 0.14625637578304213}, "9": {"xy": [15, 1136, 866, 524], "panel_size": 453784, "panel_aspectRatio": 1.6526717557251909, "category": "Result", "figures": 3, "textlen": 66, "fig_size": 295152, "title": "Baseline Results", "10": {"fig_size": 83316, "fig_aspectRatio": 1.8537735849056605, "fig_size_poster": 0.45381062355658197}, "11": {"fig_size": 85116, "fig_aspectRatio": 1.4065040650406504, "fig_size_poster": 0.3995381062355658}, "12": {"fig_size": 126720, "fig_aspectRatio": 1.2375, "fig_size_poster": 0.45727482678983833}, "textRatio": 0.19298245614035087, "figRatio": 0.14985666864003266}, "14": {"xy": [971, 349, 849, 296], "panel_size": 251304, "panel_aspectRatio": 2.8682432432432434, "category": "Method", "figures": 1, "textlen": 69, "fig_size": 69212, "title": "Recurrent Neural Networks(RNN)", "16": {"fig_size": 69212, "fig_aspectRatio": 3.3846153846153846, "fig_size_poster": 0.5700824499411072}, "textRatio": 0.20175438596491227, "figRatio": 0.035140807956286726}, "17": {"xy": [972, 666, 824, 803], "panel_size": 661672, "panel_aspectRatio": 1.0261519302615194, "category": "Method", "figures": 2, "textlen": 102, "fig_size": 441125, "title": "RNN training", "19": {"fig_size": 95381, "fig_aspectRatio": 1.4901185770750989, "fig_size_poster": 0.4575242718446602}, "20": {"fig_size": 345744, "fig_aspectRatio": 1.7777777777777777, "fig_size_poster": 0.9514563106796117}, "textRatio": 0.2982456140350877, "figRatio": 0.22397111642080827}, "21": {"xy": [1882, 166, 607, 456], "panel_size": 276792, "panel_aspectRatio": 1.331140350877193, "category": "Result", "figures": 2, "textlen": 0, "fig_size": 196603, "title": "Results", "22": {"fig_size": 50901, "fig_aspectRatio": 2.5602836879432624, "fig_size_poster": 0.5947281713344317}, "23": {"fig_size": 145702, "fig_aspectRatio": 2.106463878326996, "fig_size_poster": 0.9126853377265239}, "textRatio": 0.0, "figRatio": 0.09982067078873375}, "24": {"xy": [1889, 632, 700, 446], "panel_size": 312200, "panel_aspectRatio": 1.5695067264573992, "category": "Result", "figures": 3, "textlen": 0, "fig_size": 256434, "title": "Error analysis", "25": {"fig_size": 170640, "fig_aspectRatio": 1.0936708860759494, "fig_size_poster": 0.6171428571428571}, "26": {"fig_size": 42535, "fig_aspectRatio": 1.298342541436464, "fig_size_poster": 0.3357142857142857}, "27": {"fig_size": 43259, "fig_aspectRatio": 1.3204419889502763, "fig_size_poster": 0.3414285714285714}, "textRatio": 0.0, "figRatio": 0.13019849083197177}, "28": {"xy": [1873, 1105, 711, 599], "panel_size": 425889, "panel_aspectRatio": 1.1869782971619365, "category": "Result", "figures": 4, "textlen": 52, "fig_size": 211121, "title": "Failure modes in classifying the (bs, hr, sr) language group", "30": {"fig_size": 51143, "fig_aspectRatio": 1.2914572864321607, "fig_size_poster": 0.36146272855133615}, "31": {"fig_size": 53584, "fig_aspectRatio": 1.380710659898477, "fig_size_poster": 0.38255977496483823}, "32": {"fig_size": 52416, "fig_aspectRatio": 1.421875, "fig_size_poster": 0.38396624472573837}, "33": {"fig_size": 53978, "fig_aspectRatio": 1.3908629441624365, "fig_size_poster": 0.3853727144866385}, "textRatio": 0.15204678362573099, "figRatio": 0.10719185280788317}}}